           1           5           3
           1           6           7
           1           6           8
           1           6          16
           1          56          54
           2           1           5
           2           1           6
           2           1          56
           3          20          16
           3          20          21
           3          20          22
           3          23          24
           3          23          25
           3          23          26
           4           3           5
           4           3          20
           4           3          23
           5           1           6
           5           1          56
           5           3          20
           5           3          23
           6           1          56
           6           8           9
           6           8          10
           6          16          17
           6          16          18
           6          16          20
           7           6           8
           7           6          16
           8           6          16
           8          10          11
           8          10          12
           9           8          10
          10          12          13
          10          12          14
          10          12          15
          11          10          12
          13          12          14
          13          12          15
          14          12          15
          16          18          19
          16          20          21
          16          20          22
          17          16          18
          17          16          20
          18          16          20
          20           3          23
          20          22        1666
          21          20          22
          22        1666        1667
          22        1666        1670
          22        1666        1671
          23          26          27
          24          23          25
          24          23          26
          25          23          26
          28          32          30
          28          33          34
          28          33          35
          28          33          43
          28         153         151
          29          28          32
          29          28          33
          29          28         153
          30          54          43
          30          54          55
          30          54          56
          30          57          58
          30          57          59
          30          57          60
          31          30          32
          31          30          54
          31          30          57
          32          28          33
          32          28         153
          32          30          54
          32          30          57
          33          28         153
          33          35          36
          33          35          37
          33          43          44
          33          43          45
          33          43          54
          34          33          35
          34          33          43
          35          33          43
          35          37          38
          35          37          39
          36          35          37
          37          39          40
          37          39          41
          37          39          42
          38          37          39
          40          39          41
          40          39          42
          41          39          42
          43          45          46
          43          54          55
          43          54          56
          44          43          45
          44          43          54
          45          43          54
          45          46          47
          45          46          48
          45          46          50
          46          48          49
          46          48          62
          46          50          51
          46          50          52
          46          50          53
          47          46          48
          47          46          50
          48          46          50
          48          62          63
          48          62          64
          49          48          62
          51          50          52
          51          50          53
          52          50          53
          54          30          57
          55          54          56
          57          60          61
          58          57          59
          58          57          60
          59          57          60
          62          64          65
          62          64          66
          62          64          70
          63          62          64
          64          66          67
          64          66          68
          64          66          69
          64          70          71
          64          70          72
          65          64          66
          65          64          70
          66          64          70
          67          66          68
          67          66          69
          68          66          69
          70          72          73
          70          72          74
          71          70          72
          72          74          75
          72          74          76
          72          74          81
          73          72          74
          74          76          77
          74          76          78
          74          81          82
          74          81          83
          74          81          84
          75          74          76
          75          74          81
          76          74          81
          76          78          79
          76          78          80
          77          76          78
          79          78          80
          81          84          85
          81          84          86
          81          84          87
          82          81          83
          82          81          84
          83          81          84
          84          87          88
          84          87          89
          85          84          86
          85          84          87
          86          84          87
          87          89          90
          87          89          91
          88          87          89
          89          91          92
          89          91          93
          89          91         109
          90          89          91
          91          93          94
          91          93          95
          91          93          96
          91         109         110
          91         109         111
          92          91          93
          92          91         109
          93          91         109
          93          96          97
          93          96          98
          93          96          99
          94          93          95
          94          93          96
          95          93          96
          96          99         100
          96          99         101
          96          99         102
          97          96          98
          97          96          99
          98          96          99
          99         102         103
          99         102         104
          99         102         105
         100          99         101
         100          99         102
         101          99         102
         102         105         106
         102         105         107
         102         105         108
         103         102         104
         103         102         105
         104         102         105
         106         105         107
         106         105         108
         107         105         108
         109         111         112
         109         111         113
         110         109         111
         111         113         114
         111         113         115
         111         113         119
         112         111         113
         113         115         116
         113         115         117
         113         115         118
         113         119         120
         113         119         121
         114         113         115
         114         113         119
         115         113         119
         116         115         117
         116         115         118
         117         115         118
         119         121         122
         119         121         123
         120         119         121
         121         123         124
         121         123         125
         121         123         129
         122         121         123
         123         125         126
         123         125         127
         123         125         128
         123         129         130
         123         129         131
         124         123         125
         124         123         129
         125         123         129
         126         125         127
         126         125         128
         127         125         128
         130         129         131
         132         136         134
         132         137         138
         132         137         139
         132         137         147
         132         187         185
         133         132         136
         133         132         137
         133         132         187
         134         151         147
         134         151         152
         134         151         153
         134         154         155
         134         154         156
         134         154         157
         135         134         136
         135         134         151
         135         134         154
         136         132         137
         136         132         187
         136         134         151
         136         134         154
         137         132         187
         137         139         140
         137         139         141
         137         147         148
         137         147         149
         137         147         151
         138         137         139
         138         137         147
         139         137         147
         139         141         142
         139         141         143
         140         139         141
         141         143         144
         141         143         145
         141         143         146
         142         141         143
         144         143         145
         144         143         146
         145         143         146
         147         149         150
         147         151         152
         147         151         153
         148         147         149
         148         147         151
         149         147         151
         151         134         154
         152         151         153
         154         157         158
         155         154         156
         155         154         157
         156         154         157
         159         163         161
         159         164         165
         159         164         166
         159         164         174
         159         317         315
         160         159         163
         160         159         164
         160         159         317
         161         185         174
         161         185         186
         161         185         187
         161         188         189
         161         188         190
         161         188         191
         162         161         163
         162         161         185
         162         161         188
         163         159         164
         163         159         317
         163         161         185
         163         161         188
         164         159         317
         164         166         167
         164         166         168
         164         174         175
         164         174         176
         164         174         185
         165         164         166
         165         164         174
         166         164         174
         166         168         169
         166         168         170
         167         166         168
         168         170         171
         168         170         172
         168         170         173
         169         168         170
         171         170         172
         171         170         173
         172         170         173
         174         176         177
         174         185         186
         174         185         187
         175         174         176
         175         174         185
         176         174         185
         176         177         178
         176         177         179
         176         177         181
         177         179         180
         177         179         193
         177         181         182
         177         181         183
         177         181         184
         178         177         179
         178         177         181
         179         177         181
         179         193         194
         179         193         195
         180         179         193
         182         181         183
         182         181         184
         183         181         184
         185         161         188
         186         185         187
         188         191         192
         189         188         190
         189         188         191
         190         188         191
         193         195         196
         193         195         197
         193         195         201
         194         193         195
         195         197         198
         195         197         199
         195         197         200
         195         201         202
         195         201         203
         196         195         197
         196         195         201
         197         195         201
         198         197         199
         198         197         200
         199         197         200
         201         203         204
         201         203         205
         202         201         203
         203         205         206
         203         205         207
         203         205         212
         204         203         205
         205         207         208
         205         207         209
         205         212         213
         205         212         214
         205         212         215
         206         205         207
         206         205         212
         207         205         212
         207         209         210
         207         209         211
         208         207         209
         210         209         211
         212         215         216
         212         215         217
         212         215         218
         213         212         214
         213         212         215
         214         212         215
         215         218         219
         215         218         220
         216         215         217
         216         215         218
         217         215         218
         218         220         221
         218         220         222
         219         218         220
         220         222         223
         220         222         224
         220         222         238
         221         220         222
         222         224         225
         222         224         226
         222         224         227
         222         238         239
         222         238         275
         223         222         224
         223         222         238
         224         222         238
         224         227         228
         224         227         229
         224         227         230
         225         224         226
         225         224         227
         226         224         227
         227         230         231
         227         230         232
         227         230         233
         228         227         229
         228         227         230
         229         227         230
         230         233         234
         230         233         235
         230         233         236
         231         230         232
         231         230         233
         232         230         233
         233         236         237
         233         236         240
         234         233         235
         234         233         236
         235         233         236
         236         240         241
         236         240         242
         237         236         240
         238         275         276
         238         275         277
         239         238         275
         240         242         243
         240         242         244
         240         242         245
         241         240         242
         242         245         246
         242         245         247
         243         242         244
         243         242         245
         244         242         245
         245         247         248
         245         247         249
         246         245         247
         247         249         250
         247         249         251
         247         249         252
         248         247         249
         249         252         253
         249         252         254
         250         249         251
         250         249         252
         251         249         252
         252         254         255
         252         254         256
         253         252         254
         254         256         257
         254         256         258
         254         256         259
         255         254         256
         256         259         260
         256         259         261
         257         256         258
         257         256         259
         258         256         259
         259         261         262
         259         261         263
         260         259         261
         261         263         264
         261         263         265
         261         263         266
         262         261         263
         263         266         267
         263         266         268
         264         263         265
         264         263         266
         265         263         266
         266         268         269
         266         268         270
         267         266         268
         268         270         271
         268         270         272
         268         270         273
         269         268         270
         270         273         274
         270         273       11118
         271         270         272
         271         270         273
         272         270         273
         273       11118       11112
         273       11118       11119
         274         273       11118
         275         277         278
         275         277         279
         275         277         283
         276         275         277
         277         279         280
         277         279         281
         277         279         282
         277         283         284
         277         283         285
         278         277         279
         278         277         283
         279         277         283
         280         279         281
         280         279         282
         281         279         282
         283         285         286
         283         285         287
         284         283         285
         285         287         288
         285         287         289
         285         287         293
         286         285         287
         287         289         290
         287         289         291
         287         289         292
         287         293         294
         287         293         295
         288         287         289
         288         287         293
         289         287         293
         290         289         291
         290         289         292
         291         289         292
         294         293         295
         296         300         298
         296         301         302
         296         301         303
         296         301         311
         296         351         349
         297         296         300
         297         296         301
         297         296         351
         298         315         311
         298         315         316
         298         315         317
         298         318         319
         298         318         320
         298         318         321
         299         298         300
         299         298         315
         299         298         318
         300         296         301
         300         296         351
         300         298         315
         300         298         318
         301         296         351
         301         303         304
         301         303         305
         301         311         312
         301         311         313
         301         311         315
         302         301         303
         302         301         311
         303         301         311
         303         305         306
         303         305         307
         304         303         305
         305         307         308
         305         307         309
         305         307         310
         306         305         307
         308         307         309
         308         307         310
         309         307         310
         311         313         314
         311         315         316
         311         315         317
         312         311         313
         312         311         315
         313         311         315
         315         298         318
         316         315         317
         318         321         322
         319         318         320
         319         318         321
         320         318         321
         323         327         325
         323         328         329
         323         328         330
         323         328         338
         323         448         446
         324         323         327
         324         323         328
         324         323         448
         325         349         338
         325         349         350
         325         349         351
         325         352         353
         325         352         354
         325         352         355
         326         325         327
         326         325         349
         326         325         352
         327         323         328
         327         323         448
         327         325         349
         327         325         352
         328         323         448
         328         330         331
         328         330         332
         328         338         339
         328         338         340
         328         338         349
         329         328         330
         329         328         338
         330         328         338
         330         332         333
         330         332         334
         331         330         332
         332         334         335
         332         334         336
         332         334         337
         333         332         334
         335         334         336
         335         334         337
         336         334         337
         338         340         341
         338         349         350
         338         349         351
         339         338         340
         339         338         349
         340         338         349
         340         341         342
         340         341         343
         340         341         345
         341         343         344
         341         343         357
         341         345         346
         341         345         347
         341         345         348
         342         341         343
         342         341         345
         343         341         345
         343         357         358
         343         357         359
         344         343         357
         346         345         347
         346         345         348
         347         345         348
         349         325         352
         350         349         351
         352         355         356
         353         352         354
         353         352         355
         354         352         355
         357         359         360
         357         359         361
         357         359         365
         358         357         359
         359         361         362
         359         361         363
         359         361         364
         359         365         366
         359         365         367
         360         359         361
         360         359         365
         361         359         365
         362         361         363
         362         361         364
         363         361         364
         365         367         368
         365         367         369
         366         365         367
         367         369         370
         367         369         371
         367         369         376
         368         367         369
         369         371         372
         369         371         373
         369         376         377
         369         376         378
         369         376         379
         370         369         371
         370         369         376
         371         369         376
         371         373         374
         371         373         375
         372         371         373
         374         373         375
         376         379         380
         376         379         381
         376         379         382
         377         376         378
         377         376         379
         378         376         379
         379         382         383
         379         382         384
         380         379         381
         380         379         382
         381         379         382
         382         384         385
         382         384         386
         383         382         384
         384         386         387
         384         386         388
         384         386         404
         385         384         386
         386         388         389
         386         388         390
         386         388         391
         386         404         405
         386         404         406
         387         386         388
         387         386         404
         388         386         404
         388         391         392
         388         391         393
         388         391         394
         389         388         390
         389         388         391
         390         388         391
         391         394         395
         391         394         396
         391         394         397
         392         391         393
         392         391         394
         393         391         394
         394         397         398
         394         397         399
         394         397         400
         395         394         396
         395         394         397
         396         394         397
         397         400         401
         397         400         402
         397         400         403
         398         397         399
         398         397         400
         399         397         400
         401         400         402
         401         400         403
         402         400         403
         404         406         407
         404         406         408
         405         404         406
         406         408         409
         406         408         410
         406         408         414
         407         406         408
         408         410         411
         408         410         412
         408         410         413
         408         414         415
         408         414         416
         409         408         410
         409         408         414
         410         408         414
         411         410         412
         411         410         413
         412         410         413
         414         416         417
         414         416         418
         415         414         416
         416         418         419
         416         418         420
         416         418         424
         417         416         418
         418         420         421
         418         420         422
         418         420         423
         418         424         425
         418         424         426
         419         418         420
         419         418         424
         420         418         424
         421         420         422
         421         420         423
         422         420         423
         425         424         426
         427         431         429
         427         432         433
         427         432         434
         427         432         442
         427         482         480
         428         427         431
         428         427         432
         428         427         482
         429         446         442
         429         446         447
         429         446         448
         429         449         450
         429         449         451
         429         449         452
         430         429         431
         430         429         446
         430         429         449
         431         427         432
         431         427         482
         431         429         446
         431         429         449
         432         427         482
         432         434         435
         432         434         436
         432         442         443
         432         442         444
         432         442         446
         433         432         434
         433         432         442
         434         432         442
         434         436         437
         434         436         438
         435         434         436
         436         438         439
         436         438         440
         436         438         441
         437         436         438
         439         438         440
         439         438         441
         440         438         441
         442         444         445
         442         446         447
         442         446         448
         443         442         444
         443         442         446
         444         442         446
         446         429         449
         447         446         448
         449         452         453
         450         449         451
         450         449         452
         451         449         452
         454         458         456
         454         459         460
         454         459         461
         454         459         469
         454         568         566
         455         454         458
         455         454         459
         455         454         568
         456         480         469
         456         480         481
         456         480         482
         456         483         484
         456         483         485
         456         483         486
         457         456         458
         457         456         480
         457         456         483
         458         454         459
         458         454         568
         458         456         480
         458         456         483
         459         454         568
         459         461         462
         459         461         463
         459         469         470
         459         469         471
         459         469         480
         460         459         461
         460         459         469
         461         459         469
         461         463         464
         461         463         465
         462         461         463
         463         465         466
         463         465         467
         463         465         468
         464         463         465
         466         465         467
         466         465         468
         467         465         468
         469         471         472
         469         480         481
         469         480         482
         470         469         471
         470         469         480
         471         469         480
         471         472         473
         471         472         474
         471         472         476
         472         474         475
         472         474         488
         472         476         477
         472         476         478
         472         476         479
         473         472         474
         473         472         476
         474         472         476
         474         488         489
         474         488         490
         475         474         488
         477         476         478
         477         476         479
         478         476         479
         480         456         483
         481         480         482
         483         486         487
         484         483         485
         484         483         486
         485         483         486
         488         490         491
         488         490         492
         488         490         496
         489         488         490
         490         492         493
         490         492         494
         490         492         495
         490         496         497
         490         496         498
         491         490         492
         491         490         496
         492         490         496
         493         492         494
         493         492         495
         494         492         495
         496         498         499
         496         498         500
         497         496         498
         498         500         501
         498         500         502
         498         500         507
         499         498         500
         500         502         503
         500         502         504
         500         507         508
         500         507         509
         500         507         510
         501         500         502
         501         500         507
         502         500         507
         502         504         505
         502         504         506
         503         502         504
         505         504         506
         507         510         511
         507         510         512
         507         510         513
         508         507         509
         508         507         510
         509         507         510
         510         513         514
         510         513         515
         511         510         512
         511         510         513
         512         510         513
         513         515         516
         513         515         517
         514         513         515
         515         517         518
         515         517         519
         515         517         535
         516         515         517
         517         519         520
         517         519         521
         517         519         522
         517         535         536
         517         535         537
         518         517         519
         518         517         535
         519         517         535
         519         522         523
         519         522         524
         519         522         525
         520         519         521
         520         519         522
         521         519         522
         522         525         526
         522         525         527
         522         525         528
         523         522         524
         523         522         525
         524         522         525
         525         528         529
         525         528         530
         525         528         531
         526         525         527
         526         525         528
         527         525         528
         528         531         532
         528         531         533
         528         531         534
         529         528         530
         529         528         531
         530         528         531
         532         531         533
         532         531         534
         533         531         534
         535         537         538
         535         537         539
         536         535         537
         537         539         540
         537         539         541
         537         539         545
         538         537         539
         539         541         542
         539         541         543
         539         541         544
         539         545         546
         539         545       11392
         540         539         541
         540         539         545
         541         539         545
         542         541         543
         542         541         544
         543         541         544
         545       11392       11389
         545       11392       11393
         546         545       11392
         547         551         549
         547         552         553
         547         552         554
         547         552         562
         547         602         600
         548         547         551
         548         547         552
         548         547         602
         549         566         562
         549         566         567
         549         566         568
         549         569         570
         549         569         571
         549         569         572
         550         549         551
         550         549         566
         550         549         569
         551         547         552
         551         547         602
         551         549         566
         551         549         569
         552         547         602
         552         554         555
         552         554         556
         552         562         563
         552         562         564
         552         562         566
         553         552         554
         553         552         562
         554         552         562
         554         556         557
         554         556         558
         555         554         556
         556         558         559
         556         558         560
         556         558         561
         557         556         558
         559         558         560
         559         558         561
         560         558         561
         562         564         565
         562         566         567
         562         566         568
         563         562         564
         563         562         566
         564         562         566
         566         549         569
         567         566         568
         569         572         573
         570         569         571
         570         569         572
         571         569         572
         574         578         576
         574         579         580
         574         579         581
         574         579         589
         574         732         730
         575         574         578
         575         574         579
         575         574         732
         576         600         589
         576         600         601
         576         600         602
         576         603         604
         576         603         605
         576         603         606
         577         576         578
         577         576         600
         577         576         603
         578         574         579
         578         574         732
         578         576         600
         578         576         603
         579         574         732
         579         581         582
         579         581         583
         579         589         590
         579         589         591
         579         589         600
         580         579         581
         580         579         589
         581         579         589
         581         583         584
         581         583         585
         582         581         583
         583         585         586
         583         585         587
         583         585         588
         584         583         585
         586         585         587
         586         585         588
         587         585         588
         589         591         592
         589         600         601
         589         600         602
         590         589         591
         590         589         600
         591         589         600
         591         592         593
         591         592         594
         591         592         596
         592         594         595
         592         594         608
         592         596         597
         592         596         598
         592         596         599
         593         592         594
         593         592         596
         594         592         596
         594         608         609
         594         608         610
         595         594         608
         597         596         598
         597         596         599
         598         596         599
         600         576         603
         601         600         602
         603         606         607
         604         603         605
         604         603         606
         605         603         606
         608         610         611
         608         610         612
         608         610         616
         609         608         610
         610         612         613
         610         612         614
         610         612         615
         610         616         617
         610         616         618
         611         610         612
         611         610         616
         612         610         616
         613         612         614
         613         612         615
         614         612         615
         616         618         619
         616         618         620
         617         616         618
         618         620         621
         618         620         622
         618         620         627
         619         618         620
         620         622         623
         620         622         624
         620         627         628
         620         627         629
         620         627         630
         621         620         622
         621         620         627
         622         620         627
         622         624         625
         622         624         626
         623         622         624
         625         624         626
         627         630         631
         627         630         632
         627         630         633
         628         627         629
         628         627         630
         629         627         630
         630         633         634
         630         633         635
         631         630         632
         631         630         633
         632         630         633
         633         635         636
         633         635         637
         634         633         635
         635         637         638
         635         637         639
         635         637         653
         636         635         637
         637         639         640
         637         639         641
         637         639         642
         637         653         654
         637         653         690
         638         637         639
         638         637         653
         639         637         653
         639         642         643
         639         642         644
         639         642         645
         640         639         641
         640         639         642
         641         639         642
         642         645         646
         642         645         647
         642         645         648
         643         642         644
         643         642         645
         644         642         645
         645         648         649
         645         648         650
         645         648         651
         646         645         647
         646         645         648
         647         645         648
         648         651         652
         648         651         655
         649         648         650
         649         648         651
         650         648         651
         651         655         656
         651         655         657
         652         651         655
         653         690         691
         653         690         692
         654         653         690
         655         657         658
         655         657         659
         655         657         660
         656         655         657
         657         660         661
         657         660         662
         658         657         659
         658         657         660
         659         657         660
         660         662         663
         660         662         664
         661         660         662
         662         664         665
         662         664         666
         662         664         667
         663         662         664
         664         667         668
         664         667         669
         665         664         666
         665         664         667
         666         664         667
         667         669         670
         667         669         671
         668         667         669
         669         671         672
         669         671         673
         669         671         674
         670         669         671
         671         674         675
         671         674         676
         672         671         673
         672         671         674
         673         671         674
         674         676         677
         674         676         678
         675         674         676
         676         678         679
         676         678         680
         676         678         681
         677         676         678
         678         681         682
         678         681         683
         679         678         680
         679         678         681
         680         678         681
         681         683         684
         681         683         685
         682         681         683
         683         685         686
         683         685         687
         683         685         688
         684         683         685
         685         688         689
         685         688        2390
         686         685         687
         686         685         688
         687         685         688
         688        2390        2384
         688        2390        2391
         689         688        2390
         690         692         693
         690         692         694
         690         692         698
         691         690         692
         692         694         695
         692         694         696
         692         694         697
         692         698         699
         692         698         700
         693         692         694
         693         692         698
         694         692         698
         695         694         696
         695         694         697
         696         694         697
         698         700         701
         698         700         702
         699         698         700
         700         702         703
         700         702         704
         700         702         708
         701         700         702
         702         704         705
         702         704         706
         702         704         707
         702         708         709
         702         708         710
         703         702         704
         703         702         708
         704         702         708
         705         704         706
         705         704         707
         706         704         707
         709         708         710
         711         715         713
         711         716         717
         711         716         718
         711         716         726
         711         766         764
         712         711         715
         712         711         716
         712         711         766
         713         730         726
         713         730         731
         713         730         732
         713         733         734
         713         733         735
         713         733         736
         714         713         715
         714         713         730
         714         713         733
         715         711         716
         715         711         766
         715         713         730
         715         713         733
         716         711         766
         716         718         719
         716         718         720
         716         726         727
         716         726         728
         716         726         730
         717         716         718
         717         716         726
         718         716         726
         718         720         721
         718         720         722
         719         718         720
         720         722         723
         720         722         724
         720         722         725
         721         720         722
         723         722         724
         723         722         725
         724         722         725
         726         728         729
         726         730         731
         726         730         732
         727         726         728
         727         726         730
         728         726         730
         730         713         733
         731         730         732
         733         736         737
         734         733         735
         734         733         736
         735         733         736
         738         742         740
         738         743         744
         738         743         745
         738         743         753
         738         852         850
         739         738         742
         739         738         743
         739         738         852
         740         764         753
         740         764         765
         740         764         766
         740         767         768
         740         767         769
         740         767         770
         741         740         742
         741         740         764
         741         740         767
         742         738         743
         742         738         852
         742         740         764
         742         740         767
         743         738         852
         743         745         746
         743         745         747
         743         753         754
         743         753         755
         743         753         764
         744         743         745
         744         743         753
         745         743         753
         745         747         748
         745         747         749
         746         745         747
         747         749         750
         747         749         751
         747         749         752
         748         747         749
         750         749         751
         750         749         752
         751         749         752
         753         755         756
         753         764         765
         753         764         766
         754         753         755
         754         753         764
         755         753         764
         755         756         757
         755         756         758
         755         756         760
         756         758         759
         756         758         772
         756         760         761
         756         760         762
         756         760         763
         757         756         758
         757         756         760
         758         756         760
         758         772         773
         758         772         774
         759         758         772
         761         760         762
         761         760         763
         762         760         763
         764         740         767
         765         764         766
         767         770         771
         768         767         769
         768         767         770
         769         767         770
         772         774         775
         772         774         776
         772         774         780
         773         772         774
         774         776         777
         774         776         778
         774         776         779
         774         780         781
         774         780         782
         775         774         776
         775         774         780
         776         774         780
         777         776         778
         777         776         779
         778         776         779
         780         782         783
         780         782         784
         781         780         782
         782         784         785
         782         784         786
         782         784         791
         783         782         784
         784         786         787
         784         786         788
         784         791         792
         784         791         793
         784         791         794
         785         784         786
         785         784         791
         786         784         791
         786         788         789
         786         788         790
         787         786         788
         789         788         790
         791         794         795
         791         794         796
         791         794         797
         792         791         793
         792         791         794
         793         791         794
         794         797         798
         794         797         799
         795         794         796
         795         794         797
         796         794         797
         797         799         800
         797         799         801
         798         797         799
         799         801         802
         799         801         803
         799         801         819
         800         799         801
         801         803         804
         801         803         805
         801         803         806
         801         819         820
         801         819         821
         802         801         803
         802         801         819
         803         801         819
         803         806         807
         803         806         808
         803         806         809
         804         803         805
         804         803         806
         805         803         806
         806         809         810
         806         809         811
         806         809         812
         807         806         808
         807         806         809
         808         806         809
         809         812         813
         809         812         814
         809         812         815
         810         809         811
         810         809         812
         811         809         812
         812         815         816
         812         815         817
         812         815         818
         813         812         814
         813         812         815
         814         812         815
         816         815         817
         816         815         818
         817         815         818
         819         821         822
         819         821         823
         820         819         821
         821         823         824
         821         823         825
         821         823         829
         822         821         823
         823         825         826
         823         825         827
         823         825         828
         823         829         830
         823         829       11807
         824         823         825
         824         823         829
         825         823         829
         826         825         827
         826         825         828
         827         825         828
         829       11807       11804
         829       11807       11808
         830         829       11807
         831         835         833
         831         836         837
         831         836         838
         831         836         846
         831         886         884
         832         831         835
         832         831         836
         832         831         886
         833         850         846
         833         850         851
         833         850         852
         833         853         854
         833         853         855
         833         853         856
         834         833         835
         834         833         850
         834         833         853
         835         831         836
         835         831         886
         835         833         850
         835         833         853
         836         831         886
         836         838         839
         836         838         840
         836         846         847
         836         846         848
         836         846         850
         837         836         838
         837         836         846
         838         836         846
         838         840         841
         838         840         842
         839         838         840
         840         842         843
         840         842         844
         840         842         845
         841         840         842
         843         842         844
         843         842         845
         844         842         845
         846         848         849
         846         850         851
         846         850         852
         847         846         848
         847         846         850
         848         846         850
         850         833         853
         851         850         852
         853         856         857
         854         853         855
         854         853         856
         855         853         856
         858         862         860
         858         863         864
         858         863         865
         858         863         873
         858         983         981
         859         858         862
         859         858         863
         859         858         983
         860         884         873
         860         884         885
         860         884         886
         860         887         888
         860         887         889
         860         887         890
         861         860         862
         861         860         884
         861         860         887
         862         858         863
         862         858         983
         862         860         884
         862         860         887
         863         858         983
         863         865         866
         863         865         867
         863         873         874
         863         873         875
         863         873         884
         864         863         865
         864         863         873
         865         863         873
         865         867         868
         865         867         869
         866         865         867
         867         869         870
         867         869         871
         867         869         872
         868         867         869
         870         869         871
         870         869         872
         871         869         872
         873         875         876
         873         884         885
         873         884         886
         874         873         875
         874         873         884
         875         873         884
         875         876         877
         875         876         878
         875         876         880
         876         878         879
         876         878         892
         876         880         881
         876         880         882
         876         880         883
         877         876         878
         877         876         880
         878         876         880
         878         892         893
         878         892         894
         879         878         892
         881         880         882
         881         880         883
         882         880         883
         884         860         887
         885         884         886
         887         890         891
         888         887         889
         888         887         890
         889         887         890
         892         894         895
         892         894         896
         892         894         900
         893         892         894
         894         896         897
         894         896         898
         894         896         899
         894         900         901
         894         900         902
         895         894         896
         895         894         900
         896         894         900
         897         896         898
         897         896         899
         898         896         899
         900         902         903
         900         902         904
         901         900         902
         902         904         905
         902         904         906
         902         904         911
         903         902         904
         904         906         907
         904         906         908
         904         911         912
         904         911         913
         904         911         914
         905         904         906
         905         904         911
         906         904         911
         906         908         909
         906         908         910
         907         906         908
         909         908         910
         911         914         915
         911         914         916
         911         914         917
         912         911         913
         912         911         914
         913         911         914
         914         917         918
         914         917         919
         915         914         916
         915         914         917
         916         914         917
         917         919         920
         917         919         921
         918         917         919
         919         921         922
         919         921         923
         919         921         939
         920         919         921
         921         923         924
         921         923         925
         921         923         926
         921         939         940
         921         939         941
         922         921         923
         922         921         939
         923         921         939
         923         926         927
         923         926         928
         923         926         929
         924         923         925
         924         923         926
         925         923         926
         926         929         930
         926         929         931
         926         929         932
         927         926         928
         927         926         929
         928         926         929
         929         932         933
         929         932         934
         929         932         935
         930         929         931
         930         929         932
         931         929         932
         932         935         936
         932         935         937
         932         935         938
         933         932         934
         933         932         935
         934         932         935
         936         935         937
         936         935         938
         937         935         938
         939         941         942
         939         941         943
         940         939         941
         941         943         944
         941         943         945
         941         943         949
         942         941         943
         943         945         946
         943         945         947
         943         945         948
         943         949         950
         943         949         951
         944         943         945
         944         943         949
         945         943         949
         946         945         947
         946         945         948
         947         945         948
         949         951         952
         949         951         953
         950         949         951
         951         953         954
         951         953         955
         951         953         959
         952         951         953
         953         955         956
         953         955         957
         953         955         958
         953         959         960
         953         959         961
         954         953         955
         954         953         959
         955         953         959
         956         955         957
         956         955         958
         957         955         958
         960         959         961
         962         966         964
         962         967         968
         962         967         969
         962         967         977
         962        1017        1015
         963         962         966
         963         962         967
         963         962        1017
         964         981         977
         964         981         982
         964         981         983
         964         984         985
         964         984         986
         964         984         987
         965         964         966
         965         964         981
         965         964         984
         966         962         967
         966         962        1017
         966         964         981
         966         964         984
         967         962        1017
         967         969         970
         967         969         971
         967         977         978
         967         977         979
         967         977         981
         968         967         969
         968         967         977
         969         967         977
         969         971         972
         969         971         973
         970         969         971
         971         973         974
         971         973         975
         971         973         976
         972         971         973
         974         973         975
         974         973         976
         975         973         976
         977         979         980
         977         981         982
         977         981         983
         978         977         979
         978         977         981
         979         977         981
         981         964         984
         982         981         983
         984         987         988
         985         984         986
         985         984         987
         986         984         987
         989         993         991
         989         994         995
         989         994         996
         989         994        1004
         989        1103        1101
         990         989         993
         990         989         994
         990         989        1103
         991        1015        1004
         991        1015        1016
         991        1015        1017
         991        1018        1019
         991        1018        1020
         991        1018        1021
         992         991         993
         992         991        1015
         992         991        1018
         993         989         994
         993         989        1103
         993         991        1015
         993         991        1018
         994         989        1103
         994         996         997
         994         996         998
         994        1004        1005
         994        1004        1006
         994        1004        1015
         995         994         996
         995         994        1004
         996         994        1004
         996         998         999
         996         998        1000
         997         996         998
         998        1000        1001
         998        1000        1002
         998        1000        1003
         999         998        1000
        1001        1000        1002
        1001        1000        1003
        1002        1000        1003
        1004        1006        1007
        1004        1015        1016
        1004        1015        1017
        1005        1004        1006
        1005        1004        1015
        1006        1004        1015
        1006        1007        1008
        1006        1007        1009
        1006        1007        1011
        1007        1009        1010
        1007        1009        1023
        1007        1011        1012
        1007        1011        1013
        1007        1011        1014
        1008        1007        1009
        1008        1007        1011
        1009        1007        1011
        1009        1023        1024
        1009        1023        1025
        1010        1009        1023
        1012        1011        1013
        1012        1011        1014
        1013        1011        1014
        1015         991        1018
        1016        1015        1017
        1018        1021        1022
        1019        1018        1020
        1019        1018        1021
        1020        1018        1021
        1023        1025        1026
        1023        1025        1027
        1023        1025        1031
        1024        1023        1025
        1025        1027        1028
        1025        1027        1029
        1025        1027        1030
        1025        1031        1032
        1025        1031        1033
        1026        1025        1027
        1026        1025        1031
        1027        1025        1031
        1028        1027        1029
        1028        1027        1030
        1029        1027        1030
        1031        1033        1034
        1031        1033        1035
        1032        1031        1033
        1033        1035        1036
        1033        1035        1037
        1033        1035        1042
        1034        1033        1035
        1035        1037        1038
        1035        1037        1039
        1035        1042        1043
        1035        1042        1044
        1035        1042        1045
        1036        1035        1037
        1036        1035        1042
        1037        1035        1042
        1037        1039        1040
        1037        1039        1041
        1038        1037        1039
        1040        1039        1041
        1042        1045        1046
        1042        1045        1047
        1042        1045        1048
        1043        1042        1044
        1043        1042        1045
        1044        1042        1045
        1045        1048        1049
        1045        1048        1050
        1046        1045        1047
        1046        1045        1048
        1047        1045        1048
        1048        1050        1051
        1048        1050        1052
        1049        1048        1050
        1050        1052        1053
        1050        1052        1054
        1050        1052        1070
        1051        1050        1052
        1052        1054        1055
        1052        1054        1056
        1052        1054        1057
        1052        1070        1071
        1052        1070        1072
        1053        1052        1054
        1053        1052        1070
        1054        1052        1070
        1054        1057        1058
        1054        1057        1059
        1054        1057        1060
        1055        1054        1056
        1055        1054        1057
        1056        1054        1057
        1057        1060        1061
        1057        1060        1062
        1057        1060        1063
        1058        1057        1059
        1058        1057        1060
        1059        1057        1060
        1060        1063        1064
        1060        1063        1065
        1060        1063        1066
        1061        1060        1062
        1061        1060        1063
        1062        1060        1063
        1063        1066        1067
        1063        1066        1068
        1063        1066        1069
        1064        1063        1065
        1064        1063        1066
        1065        1063        1066
        1067        1066        1068
        1067        1066        1069
        1068        1066        1069
        1070        1072        1073
        1070        1072        1074
        1071        1070        1072
        1072        1074        1075
        1072        1074        1076
        1072        1074        1080
        1073        1072        1074
        1074        1076        1077
        1074        1076        1078
        1074        1076        1079
        1074        1080        1081
        1074        1080        2795
        1075        1074        1076
        1075        1074        1080
        1076        1074        1080
        1077        1076        1078
        1077        1076        1079
        1078        1076        1079
        1080        2795        2792
        1080        2795        2796
        1081        1080        2795
        1082        1086        1084
        1082        1087        1088
        1082        1087        1089
        1082        1087        1097
        1082        1137        1135
        1083        1082        1086
        1083        1082        1087
        1083        1082        1137
        1084        1101        1097
        1084        1101        1102
        1084        1101        1103
        1084        1104        1105
        1084        1104        1106
        1084        1104        1107
        1085        1084        1086
        1085        1084        1101
        1085        1084        1104
        1086        1082        1087
        1086        1082        1137
        1086        1084        1101
        1086        1084        1104
        1087        1082        1137
        1087        1089        1090
        1087        1089        1091
        1087        1097        1098
        1087        1097        1099
        1087        1097        1101
        1088        1087        1089
        1088        1087        1097
        1089        1087        1097
        1089        1091        1092
        1089        1091        1093
        1090        1089        1091
        1091        1093        1094
        1091        1093        1095
        1091        1093        1096
        1092        1091        1093
        1094        1093        1095
        1094        1093        1096
        1095        1093        1096
        1097        1099        1100
        1097        1101        1102
        1097        1101        1103
        1098        1097        1099
        1098        1097        1101
        1099        1097        1101
        1101        1084        1104
        1102        1101        1103
        1104        1107        1108
        1105        1104        1106
        1105        1104        1107
        1106        1104        1107
        1109        1113        1111
        1109        1114        1115
        1109        1114        1116
        1109        1114        1124
        1109        1234        1232
        1110        1109        1113
        1110        1109        1114
        1110        1109        1234
        1111        1135        1124
        1111        1135        1136
        1111        1135        1137
        1111        1138        1139
        1111        1138        1140
        1111        1138        1141
        1112        1111        1113
        1112        1111        1135
        1112        1111        1138
        1113        1109        1114
        1113        1109        1234
        1113        1111        1135
        1113        1111        1138
        1114        1109        1234
        1114        1116        1117
        1114        1116        1118
        1114        1124        1125
        1114        1124        1126
        1114        1124        1135
        1115        1114        1116
        1115        1114        1124
        1116        1114        1124
        1116        1118        1119
        1116        1118        1120
        1117        1116        1118
        1118        1120        1121
        1118        1120        1122
        1118        1120        1123
        1119        1118        1120
        1121        1120        1122
        1121        1120        1123
        1122        1120        1123
        1124        1126        1127
        1124        1135        1136
        1124        1135        1137
        1125        1124        1126
        1125        1124        1135
        1126        1124        1135
        1126        1127        1128
        1126        1127        1129
        1126        1127        1131
        1127        1129        1130
        1127        1129        1143
        1127        1131        1132
        1127        1131        1133
        1127        1131        1134
        1128        1127        1129
        1128        1127        1131
        1129        1127        1131
        1129        1143        1144
        1129        1143        1145
        1130        1129        1143
        1132        1131        1133
        1132        1131        1134
        1133        1131        1134
        1135        1111        1138
        1136        1135        1137
        1138        1141        1142
        1139        1138        1140
        1139        1138        1141
        1140        1138        1141
        1143        1145        1146
        1143        1145        1147
        1143        1145        1151
        1144        1143        1145
        1145        1147        1148
        1145        1147        1149
        1145        1147        1150
        1145        1151        1152
        1145        1151        1153
        1146        1145        1147
        1146        1145        1151
        1147        1145        1151
        1148        1147        1149
        1148        1147        1150
        1149        1147        1150
        1151        1153        1154
        1151        1153        1155
        1152        1151        1153
        1153        1155        1156
        1153        1155        1157
        1153        1155        1162
        1154        1153        1155
        1155        1157        1158
        1155        1157        1159
        1155        1162        1163
        1155        1162        1164
        1155        1162        1165
        1156        1155        1157
        1156        1155        1162
        1157        1155        1162
        1157        1159        1160
        1157        1159        1161
        1158        1157        1159
        1160        1159        1161
        1162        1165        1166
        1162        1165        1167
        1162        1165        1168
        1163        1162        1164
        1163        1162        1165
        1164        1162        1165
        1165        1168        1169
        1165        1168        1170
        1166        1165        1167
        1166        1165        1168
        1167        1165        1168
        1168        1170        1171
        1168        1170        1172
        1169        1168        1170
        1170        1172        1173
        1170        1172        1174
        1170        1172        1190
        1171        1170        1172
        1172        1174        1175
        1172        1174        1176
        1172        1174        1177
        1172        1190        1191
        1172        1190        1192
        1173        1172        1174
        1173        1172        1190
        1174        1172        1190
        1174        1177        1178
        1174        1177        1179
        1174        1177        1180
        1175        1174        1176
        1175        1174        1177
        1176        1174        1177
        1177        1180        1181
        1177        1180        1182
        1177        1180        1183
        1178        1177        1179
        1178        1177        1180
        1179        1177        1180
        1180        1183        1184
        1180        1183        1185
        1180        1183        1186
        1181        1180        1182
        1181        1180        1183
        1182        1180        1183
        1183        1186        1187
        1183        1186        1188
        1183        1186        1189
        1184        1183        1185
        1184        1183        1186
        1185        1183        1186
        1187        1186        1188
        1187        1186        1189
        1188        1186        1189
        1190        1192        1193
        1190        1192        1194
        1191        1190        1192
        1192        1194        1195
        1192        1194        1196
        1192        1194        1200
        1193        1192        1194
        1194        1196        1197
        1194        1196        1198
        1194        1196        1199
        1194        1200        1201
        1194        1200        1202
        1195        1194        1196
        1195        1194        1200
        1196        1194        1200
        1197        1196        1198
        1197        1196        1199
        1198        1196        1199
        1200        1202        1203
        1200        1202        1204
        1201        1200        1202
        1202        1204        1205
        1202        1204        1206
        1202        1204        1210
        1203        1202        1204
        1204        1206        1207
        1204        1206        1208
        1204        1206        1209
        1204        1210        1211
        1204        1210        1212
        1205        1204        1206
        1205        1204        1210
        1206        1204        1210
        1207        1206        1208
        1207        1206        1209
        1208        1206        1209
        1211        1210        1212
        1213        1217        1215
        1213        1218        1219
        1213        1218        1220
        1213        1218        1228
        1213        1268        1266
        1214        1213        1217
        1214        1213        1218
        1214        1213        1268
        1215        1232        1228
        1215        1232        1233
        1215        1232        1234
        1215        1235        1236
        1215        1235        1237
        1215        1235        1238
        1216        1215        1217
        1216        1215        1232
        1216        1215        1235
        1217        1213        1218
        1217        1213        1268
        1217        1215        1232
        1217        1215        1235
        1218        1213        1268
        1218        1220        1221
        1218        1220        1222
        1218        1228        1229
        1218        1228        1230
        1218        1228        1232
        1219        1218        1220
        1219        1218        1228
        1220        1218        1228
        1220        1222        1223
        1220        1222        1224
        1221        1220        1222
        1222        1224        1225
        1222        1224        1226
        1222        1224        1227
        1223        1222        1224
        1225        1224        1226
        1225        1224        1227
        1226        1224        1227
        1228        1230        1231
        1228        1232        1233
        1228        1232        1234
        1229        1228        1230
        1229        1228        1232
        1230        1228        1232
        1232        1215        1235
        1233        1232        1234
        1235        1238        1239
        1236        1235        1237
        1236        1235        1238
        1237        1235        1238
        1240        1244        1242
        1240        1245        1246
        1240        1245        1247
        1240        1245        1255
        1240        1365        1363
        1241        1240        1244
        1241        1240        1245
        1241        1240        1365
        1242        1266        1255
        1242        1266        1267
        1242        1266        1268
        1242        1269        1270
        1242        1269        1271
        1242        1269        1272
        1243        1242        1244
        1243        1242        1266
        1243        1242        1269
        1244        1240        1245
        1244        1240        1365
        1244        1242        1266
        1244        1242        1269
        1245        1240        1365
        1245        1247        1248
        1245        1247        1249
        1245        1255        1256
        1245        1255        1257
        1245        1255        1266
        1246        1245        1247
        1246        1245        1255
        1247        1245        1255
        1247        1249        1250
        1247        1249        1251
        1248        1247        1249
        1249        1251        1252
        1249        1251        1253
        1249        1251        1254
        1250        1249        1251
        1252        1251        1253
        1252        1251        1254
        1253        1251        1254
        1255        1257        1258
        1255        1266        1267
        1255        1266        1268
        1256        1255        1257
        1256        1255        1266
        1257        1255        1266
        1257        1258        1259
        1257        1258        1260
        1257        1258        1262
        1258        1260        1261
        1258        1260        1274
        1258        1262        1263
        1258        1262        1264
        1258        1262        1265
        1259        1258        1260
        1259        1258        1262
        1260        1258        1262
        1260        1274        1275
        1260        1274        1276
        1261        1260        1274
        1263        1262        1264
        1263        1262        1265
        1264        1262        1265
        1266        1242        1269
        1267        1266        1268
        1269        1272        1273
        1270        1269        1271
        1270        1269        1272
        1271        1269        1272
        1274        1276        1277
        1274        1276        1278
        1274        1276        1282
        1275        1274        1276
        1276        1278        1279
        1276        1278        1280
        1276        1278        1281
        1276        1282        1283
        1276        1282        1284
        1277        1276        1278
        1277        1276        1282
        1278        1276        1282
        1279        1278        1280
        1279        1278        1281
        1280        1278        1281
        1282        1284        1285
        1282        1284        1286
        1283        1282        1284
        1284        1286        1287
        1284        1286        1288
        1284        1286        1293
        1285        1284        1286
        1286        1288        1289
        1286        1288        1290
        1286        1293        1294
        1286        1293        1295
        1286        1293        1296
        1287        1286        1288
        1287        1286        1293
        1288        1286        1293
        1288        1290        1291
        1288        1290        1292
        1289        1288        1290
        1291        1290        1292
        1293        1296        1297
        1293        1296        1298
        1293        1296        1299
        1294        1293        1295
        1294        1293        1296
        1295        1293        1296
        1296        1299        1300
        1296        1299        1301
        1297        1296        1298
        1297        1296        1299
        1298        1296        1299
        1299        1301        1302
        1299        1301        1303
        1300        1299        1301
        1301        1303        1304
        1301        1303        1305
        1301        1303        1321
        1302        1301        1303
        1303        1305        1306
        1303        1305        1307
        1303        1305        1308
        1303        1321        1322
        1303        1321        1323
        1304        1303        1305
        1304        1303        1321
        1305        1303        1321
        1305        1308        1309
        1305        1308        1310
        1305        1308        1311
        1306        1305        1307
        1306        1305        1308
        1307        1305        1308
        1308        1311        1312
        1308        1311        1313
        1308        1311        1314
        1309        1308        1310
        1309        1308        1311
        1310        1308        1311
        1311        1314        1315
        1311        1314        1316
        1311        1314        1317
        1312        1311        1313
        1312        1311        1314
        1313        1311        1314
        1314        1317        1318
        1314        1317        1319
        1314        1317        1320
        1315        1314        1316
        1315        1314        1317
        1316        1314        1317
        1318        1317        1319
        1318        1317        1320
        1319        1317        1320
        1321        1323        1324
        1321        1323        1325
        1322        1321        1323
        1323        1325        1326
        1323        1325        1327
        1323        1325        1331
        1324        1323        1325
        1325        1327        1328
        1325        1327        1329
        1325        1327        1330
        1325        1331        1332
        1325        1331        1333
        1326        1325        1327
        1326        1325        1331
        1327        1325        1331
        1328        1327        1329
        1328        1327        1330
        1329        1327        1330
        1331        1333        1334
        1331        1333        1335
        1332        1331        1333
        1333        1335        1336
        1333        1335        1337
        1333        1335        1341
        1334        1333        1335
        1335        1337        1338
        1335        1337        1339
        1335        1337        1340
        1335        1341        1342
        1335        1341        1343
        1336        1335        1337
        1336        1335        1341
        1337        1335        1341
        1338        1337        1339
        1338        1337        1340
        1339        1337        1340
        1342        1341        1343
        1344        1348        1346
        1344        1349        1350
        1344        1349        1351
        1344        1349        1359
        1344        1399        1397
        1345        1344        1348
        1345        1344        1349
        1345        1344        1399
        1346        1363        1359
        1346        1363        1364
        1346        1363        1365
        1346        1366        1367
        1346        1366        1368
        1346        1366        1369
        1347        1346        1348
        1347        1346        1363
        1347        1346        1366
        1348        1344        1349
        1348        1344        1399
        1348        1346        1363
        1348        1346        1366
        1349        1344        1399
        1349        1351        1352
        1349        1351        1353
        1349        1359        1360
        1349        1359        1361
        1349        1359        1363
        1350        1349        1351
        1350        1349        1359
        1351        1349        1359
        1351        1353        1354
        1351        1353        1355
        1352        1351        1353
        1353        1355        1356
        1353        1355        1357
        1353        1355        1358
        1354        1353        1355
        1356        1355        1357
        1356        1355        1358
        1357        1355        1358
        1359        1361        1362
        1359        1363        1364
        1359        1363        1365
        1360        1359        1361
        1360        1359        1363
        1361        1359        1363
        1363        1346        1366
        1364        1363        1365
        1366        1369        1370
        1367        1366        1368
        1367        1366        1369
        1368        1366        1369
        1371        1375        1373
        1371        1376        1377
        1371        1376        1378
        1371        1376        1386
        1371        1496        1494
        1372        1371        1375
        1372        1371        1376
        1372        1371        1496
        1373        1397        1386
        1373        1397        1398
        1373        1397        1399
        1373        1400        1401
        1373        1400        1402
        1373        1400        1403
        1374        1373        1375
        1374        1373        1397
        1374        1373        1400
        1375        1371        1376
        1375        1371        1496
        1375        1373        1397
        1375        1373        1400
        1376        1371        1496
        1376        1378        1379
        1376        1378        1380
        1376        1386        1387
        1376        1386        1388
        1376        1386        1397
        1377        1376        1378
        1377        1376        1386
        1378        1376        1386
        1378        1380        1381
        1378        1380        1382
        1379        1378        1380
        1380        1382        1383
        1380        1382        1384
        1380        1382        1385
        1381        1380        1382
        1383        1382        1384
        1383        1382        1385
        1384        1382        1385
        1386        1388        1389
        1386        1397        1398
        1386        1397        1399
        1387        1386        1388
        1387        1386        1397
        1388        1386        1397
        1388        1389        1390
        1388        1389        1391
        1388        1389        1393
        1389        1391        1392
        1389        1391        1405
        1389        1393        1394
        1389        1393        1395
        1389        1393        1396
        1390        1389        1391
        1390        1389        1393
        1391        1389        1393
        1391        1405        1406
        1391        1405        1407
        1392        1391        1405
        1394        1393        1395
        1394        1393        1396
        1395        1393        1396
        1397        1373        1400
        1398        1397        1399
        1400        1403        1404
        1401        1400        1402
        1401        1400        1403
        1402        1400        1403
        1405        1407        1408
        1405        1407        1409
        1405        1407        1413
        1406        1405        1407
        1407        1409        1410
        1407        1409        1411
        1407        1409        1412
        1407        1413        1414
        1407        1413        1415
        1408        1407        1409
        1408        1407        1413
        1409        1407        1413
        1410        1409        1411
        1410        1409        1412
        1411        1409        1412
        1413        1415        1416
        1413        1415        1417
        1414        1413        1415
        1415        1417        1418
        1415        1417        1419
        1415        1417        1424
        1416        1415        1417
        1417        1419        1420
        1417        1419        1421
        1417        1424        1425
        1417        1424        1426
        1417        1424        1427
        1418        1417        1419
        1418        1417        1424
        1419        1417        1424
        1419        1421        1422
        1419        1421        1423
        1420        1419        1421
        1422        1421        1423
        1424        1427        1428
        1424        1427        1429
        1424        1427        1430
        1425        1424        1426
        1425        1424        1427
        1426        1424        1427
        1427        1430        1431
        1427        1430        1432
        1428        1427        1429
        1428        1427        1430
        1429        1427        1430
        1430        1432        1433
        1430        1432        1434
        1431        1430        1432
        1432        1434        1435
        1432        1434        1436
        1432        1434        1452
        1433        1432        1434
        1434        1436        1437
        1434        1436        1438
        1434        1436        1439
        1434        1452        1453
        1434        1452        1454
        1435        1434        1436
        1435        1434        1452
        1436        1434        1452
        1436        1439        1440
        1436        1439        1441
        1436        1439        1442
        1437        1436        1438
        1437        1436        1439
        1438        1436        1439
        1439        1442        1443
        1439        1442        1444
        1439        1442        1445
        1440        1439        1441
        1440        1439        1442
        1441        1439        1442
        1442        1445        1446
        1442        1445        1447
        1442        1445        1448
        1443        1442        1444
        1443        1442        1445
        1444        1442        1445
        1445        1448        1449
        1445        1448        1450
        1445        1448        1451
        1446        1445        1447
        1446        1445        1448
        1447        1445        1448
        1449        1448        1450
        1449        1448        1451
        1450        1448        1451
        1452        1454        1455
        1452        1454        1456
        1453        1452        1454
        1454        1456        1457
        1454        1456        1458
        1454        1456        1462
        1455        1454        1456
        1456        1458        1459
        1456        1458        1460
        1456        1458        1461
        1456        1462        1463
        1456        1462        1464
        1457        1456        1458
        1457        1456        1462
        1458        1456        1462
        1459        1458        1460
        1459        1458        1461
        1460        1458        1461
        1462        1464        1465
        1462        1464        1466
        1463        1462        1464
        1464        1466        1467
        1464        1466        1468
        1464        1466        1472
        1465        1464        1466
        1466        1468        1469
        1466        1468        1470
        1466        1468        1471
        1466        1472        1473
        1466        1472        1474
        1467        1466        1468
        1467        1466        1472
        1468        1466        1472
        1469        1468        1470
        1469        1468        1471
        1470        1468        1471
        1473        1472        1474
        1475        1479        1477
        1475        1480        1481
        1475        1480        1482
        1475        1480        1490
        1475        1530        1528
        1476        1475        1479
        1476        1475        1480
        1476        1475        1530
        1477        1494        1490
        1477        1494        1495
        1477        1494        1496
        1477        1497        1498
        1477        1497        1499
        1477        1497        1500
        1478        1477        1479
        1478        1477        1494
        1478        1477        1497
        1479        1475        1480
        1479        1475        1530
        1479        1477        1494
        1479        1477        1497
        1480        1475        1530
        1480        1482        1483
        1480        1482        1484
        1480        1490        1491
        1480        1490        1492
        1480        1490        1494
        1481        1480        1482
        1481        1480        1490
        1482        1480        1490
        1482        1484        1485
        1482        1484        1486
        1483        1482        1484
        1484        1486        1487
        1484        1486        1488
        1484        1486        1489
        1485        1484        1486
        1487        1486        1488
        1487        1486        1489
        1488        1486        1489
        1490        1492        1493
        1490        1494        1495
        1490        1494        1496
        1491        1490        1492
        1491        1490        1494
        1492        1490        1494
        1494        1477        1497
        1495        1494        1496
        1497        1500        1501
        1498        1497        1499
        1498        1497        1500
        1499        1497        1500
        1502        1506        1504
        1502        1507        1508
        1502        1507        1509
        1502        1507        1517
        1502        1660        1658
        1503        1502        1506
        1503        1502        1507
        1503        1502        1660
        1504        1528        1517
        1504        1528        1529
        1504        1528        1530
        1504        1531        1532
        1504        1531        1533
        1504        1531        1534
        1505        1504        1506
        1505        1504        1528
        1505        1504        1531
        1506        1502        1507
        1506        1502        1660
        1506        1504        1528
        1506        1504        1531
        1507        1502        1660
        1507        1509        1510
        1507        1509        1511
        1507        1517        1518
        1507        1517        1519
        1507        1517        1528
        1508        1507        1509
        1508        1507        1517
        1509        1507        1517
        1509        1511        1512
        1509        1511        1513
        1510        1509        1511
        1511        1513        1514
        1511        1513        1515
        1511        1513        1516
        1512        1511        1513
        1514        1513        1515
        1514        1513        1516
        1515        1513        1516
        1517        1519        1520
        1517        1528        1529
        1517        1528        1530
        1518        1517        1519
        1518        1517        1528
        1519        1517        1528
        1519        1520        1521
        1519        1520        1522
        1519        1520        1524
        1520        1522        1523
        1520        1522        1536
        1520        1524        1525
        1520        1524        1526
        1520        1524        1527
        1521        1520        1522
        1521        1520        1524
        1522        1520        1524
        1522        1536        1537
        1522        1536        1538
        1523        1522        1536
        1525        1524        1526
        1525        1524        1527
        1526        1524        1527
        1528        1504        1531
        1529        1528        1530
        1531        1534        1535
        1532        1531        1533
        1532        1531        1534
        1533        1531        1534
        1536        1538        1539
        1536        1538        1540
        1536        1538        1544
        1537        1536        1538
        1538        1540        1541
        1538        1540        1542
        1538        1540        1543
        1538        1544        1545
        1538        1544        1546
        1539        1538        1540
        1539        1538        1544
        1540        1538        1544
        1541        1540        1542
        1541        1540        1543
        1542        1540        1543
        1544        1546        1547
        1544        1546        1548
        1545        1544        1546
        1546        1548        1549
        1546        1548        1550
        1546        1548        1555
        1547        1546        1548
        1548        1550        1551
        1548        1550        1552
        1548        1555        1556
        1548        1555        1557
        1548        1555        1558
        1549        1548        1550
        1549        1548        1555
        1550        1548        1555
        1550        1552        1553
        1550        1552        1554
        1551        1550        1552
        1553        1552        1554
        1555        1558        1559
        1555        1558        1560
        1555        1558        1561
        1556        1555        1557
        1556        1555        1558
        1557        1555        1558
        1558        1561        1562
        1558        1561        1563
        1559        1558        1560
        1559        1558        1561
        1560        1558        1561
        1561        1563        1564
        1561        1563        1565
        1562        1561        1563
        1563        1565        1566
        1563        1565        1567
        1563        1565        1581
        1564        1563        1565
        1565        1567        1568
        1565        1567        1569
        1565        1567        1570
        1565        1581        1582
        1565        1581        1618
        1566        1565        1567
        1566        1565        1581
        1567        1565        1581
        1567        1570        1571
        1567        1570        1572
        1567        1570        1573
        1568        1567        1569
        1568        1567        1570
        1569        1567        1570
        1570        1573        1574
        1570        1573        1575
        1570        1573        1576
        1571        1570        1572
        1571        1570        1573
        1572        1570        1573
        1573        1576        1577
        1573        1576        1578
        1573        1576        1579
        1574        1573        1575
        1574        1573        1576
        1575        1573        1576
        1576        1579        1580
        1576        1579        1583
        1577        1576        1578
        1577        1576        1579
        1578        1576        1579
        1579        1583        1584
        1579        1583        1585
        1580        1579        1583
        1581        1618        1619
        1581        1618        1620
        1582        1581        1618
        1583        1585        1586
        1583        1585        1587
        1583        1585        1588
        1584        1583        1585
        1585        1588        1589
        1585        1588        1590
        1586        1585        1587
        1586        1585        1588
        1587        1585        1588
        1588        1590        1591
        1588        1590        1592
        1589        1588        1590
        1590        1592        1593
        1590        1592        1594
        1590        1592        1595
        1591        1590        1592
        1592        1595        1596
        1592        1595        1597
        1593        1592        1594
        1593        1592        1595
        1594        1592        1595
        1595        1597        1598
        1595        1597        1599
        1596        1595        1597
        1597        1599        1600
        1597        1599        1601
        1597        1599        1602
        1598        1597        1599
        1599        1602        1603
        1599        1602        1604
        1600        1599        1601
        1600        1599        1602
        1601        1599        1602
        1602        1604        1605
        1602        1604        1606
        1603        1602        1604
        1604        1606        1607
        1604        1606        1608
        1604        1606        1609
        1605        1604        1606
        1606        1609        1610
        1606        1609        1611
        1607        1606        1608
        1607        1606        1609
        1608        1606        1609
        1609        1611        1612
        1609        1611        1613
        1610        1609        1611
        1611        1613        1614
        1611        1613        1615
        1611        1613        1616
        1612        1611        1613
        1613        1616        1617
        1613        1616        3231
        1614        1613        1615
        1614        1613        1616
        1615        1613        1616
        1616        3231        3225
        1616        3231        3232
        1617        1616        3231
        1618        1620        1621
        1618        1620        1622
        1618        1620        1626
        1619        1618        1620
        1620        1622        1623
        1620        1622        1624
        1620        1622        1625
        1620        1626        1627
        1620        1626        1628
        1621        1620        1622
        1621        1620        1626
        1622        1620        1626
        1623        1622        1624
        1623        1622        1625
        1624        1622        1625
        1626        1628        1629
        1626        1628        1630
        1627        1626        1628
        1628        1630        1631
        1628        1630        1632
        1628        1630        1636
        1629        1628        1630
        1630        1632        1633
        1630        1632        1634
        1630        1632        1635
        1630        1636        1637
        1630        1636        1638
        1631        1630        1632
        1631        1630        1636
        1632        1630        1636
        1633        1632        1634
        1633        1632        1635
        1634        1632        1635
        1637        1636        1638
        1639        1643        1641
        1639        1644        1645
        1639        1644        1646
        1639        1644        1654
        1639        1694        1692
        1640        1639        1643
        1640        1639        1644
        1640        1639        1694
        1641        1658        1654
        1641        1658        1659
        1641        1658        1660
        1641        1661        1662
        1641        1661        1663
        1641        1661        1664
        1642        1641        1643
        1642        1641        1658
        1642        1641        1661
        1643        1639        1644
        1643        1639        1694
        1643        1641        1658
        1643        1641        1661
        1644        1639        1694
        1644        1646        1647
        1644        1646        1648
        1644        1654        1655
        1644        1654        1656
        1644        1654        1658
        1645        1644        1646
        1645        1644        1654
        1646        1644        1654
        1646        1648        1649
        1646        1648        1650
        1647        1646        1648
        1648        1650        1651
        1648        1650        1652
        1648        1650        1653
        1649        1648        1650
        1651        1650        1652
        1651        1650        1653
        1652        1650        1653
        1654        1656        1657
        1654        1658        1659
        1654        1658        1660
        1655        1654        1656
        1655        1654        1658
        1656        1654        1658
        1658        1641        1661
        1659        1658        1660
        1661        1664        1665
        1662        1661        1663
        1662        1661        1664
        1663        1661        1664
        1666        1670        1668
        1666        1671        1672
        1666        1671        1673
        1666        1671        1681
        1667        1666        1670
        1667        1666        1671
        1668        1692        1681
        1668        1692        1693
        1668        1692        1694
        1668        1695        1696
        1668        1695        1697
        1668        1695        1698
        1669        1668        1670
        1669        1668        1692
        1669        1668        1695
        1670        1666        1671
        1670        1668        1692
        1670        1668        1695
        1671        1673        1674
        1671        1673        1675
        1671        1681        1682
        1671        1681        1683
        1671        1681        1692
        1672        1671        1673
        1672        1671        1681
        1673        1671        1681
        1673        1675        1676
        1673        1675        1677
        1674        1673        1675
        1675        1677        1678
        1675        1677        1679
        1675        1677        1680
        1676        1675        1677
        1678        1677        1679
        1678        1677        1680
        1679        1677        1680
        1681        1683        1684
        1681        1692        1693
        1681        1692        1694
        1682        1681        1683
        1682        1681        1692
        1683        1681        1692
        1683        1684        1685
        1683        1684        1686
        1683        1684        1688
        1684        1686        1687
        1684        1686        1700
        1684        1688        1689
        1684        1688        1690
        1684        1688        1691
        1685        1684        1686
        1685        1684        1688
        1686        1684        1688
        1686        1700        1701
        1686        1700        1702
        1687        1686        1700
        1689        1688        1690
        1689        1688        1691
        1690        1688        1691
        1692        1668        1695
        1693        1692        1694
        1695        1698        1699
        1696        1695        1697
        1696        1695        1698
        1697        1695        1698
        1700        1702        1703
        1700        1702        1704
        1700        1702        1708
        1701        1700        1702
        1702        1704        1705
        1702        1704        1706
        1702        1704        1707
        1702        1708        1709
        1702        1708        1710
        1703        1702        1704
        1703        1702        1708
        1704        1702        1708
        1705        1704        1706
        1705        1704        1707
        1706        1704        1707
        1708        1710        1711
        1708        1710        1712
        1709        1708        1710
        1710        1712        1713
        1710        1712        1714
        1710        1712        1719
        1711        1710        1712
        1712        1714        1715
        1712        1714        1716
        1712        1719        1720
        1712        1719        1721
        1712        1719        1722
        1713        1712        1714
        1713        1712        1719
        1714        1712        1719
        1714        1716        1717
        1714        1716        1718
        1715        1714        1716
        1717        1716        1718
        1719        1722        1723
        1719        1722        1724
        1719        1722        1725
        1720        1719        1721
        1720        1719        1722
        1721        1719        1722
        1722        1725        1726
        1722        1725        1727
        1723        1722        1724
        1723        1722        1725
        1724        1722        1725
        1725        1727        1728
        1725        1727        1729
        1726        1725        1727
        1727        1729        1730
        1727        1729        1731
        1727        1729        1747
        1728        1727        1729
        1729        1731        1732
        1729        1731        1733
        1729        1731        1734
        1729        1747        1748
        1729        1747        1749
        1730        1729        1731
        1730        1729        1747
        1731        1729        1747
        1731        1734        1735
        1731        1734        1736
        1731        1734        1737
        1732        1731        1733
        1732        1731        1734
        1733        1731        1734
        1734        1737        1738
        1734        1737        1739
        1734        1737        1740
        1735        1734        1736
        1735        1734        1737
        1736        1734        1737
        1737        1740        1741
        1737        1740        1742
        1737        1740        1743
        1738        1737        1739
        1738        1737        1740
        1739        1737        1740
        1740        1743        1744
        1740        1743        1745
        1740        1743        1746
        1741        1740        1742
        1741        1740        1743
        1742        1740        1743
        1744        1743        1745
        1744        1743        1746
        1745        1743        1746
        1747        1749        1750
        1747        1749        1751
        1748        1747        1749
        1749        1751        1752
        1749        1751        1753
        1749        1751        1757
        1750        1749        1751
        1751        1753        1754
        1751        1753        1755
        1751        1753        1756
        1751        1757        1758
        1751        1757        1759
        1752        1751        1753
        1752        1751        1757
        1753        1751        1757
        1754        1753        1755
        1754        1753        1756
        1755        1753        1756
        1757        1759        1760
        1757        1759        1761
        1758        1757        1759
        1759        1761        1762
        1759        1761        1763
        1759        1761        1767
        1760        1759        1761
        1761        1763        1764
        1761        1763        1765
        1761        1763        1766
        1761        1767        1768
        1761        1767        1769
        1762        1761        1763
        1762        1761        1767
        1763        1761        1767
        1764        1763        1765
        1764        1763        1766
        1765        1763        1766
        1768        1767        1769
        1770        1774        1772
        1770        1775        1776
        1770        1775        1777
        1770        1775        1785
        1770        1825        1823
        1771        1770        1774
        1771        1770        1775
        1771        1770        1825
        1772        1789        1785
        1772        1789        1790
        1772        1789        1791
        1772        1792        1793
        1772        1792        1794
        1772        1792        1795
        1773        1772        1774
        1773        1772        1789
        1773        1772        1792
        1774        1770        1775
        1774        1770        1825
        1774        1772        1789
        1774        1772        1792
        1775        1770        1825
        1775        1777        1778
        1775        1777        1779
        1775        1785        1786
        1775        1785        1787
        1775        1785        1789
        1776        1775        1777
        1776        1775        1785
        1777        1775        1785
        1777        1779        1780
        1777        1779        1781
        1778        1777        1779
        1779        1781        1782
        1779        1781        1783
        1779        1781        1784
        1780        1779        1781
        1782        1781        1783
        1782        1781        1784
        1783        1781        1784
        1785        1787        1788
        1785        1789        1790
        1785        1789        1791
        1786        1785        1787
        1786        1785        1789
        1787        1785        1789
        1789        1772        1792
        1789        1791        3426
        1790        1789        1791
        1791        3426        3427
        1791        3426        3430
        1791        3426        3431
        1792        1795        1796
        1793        1792        1794
        1793        1792        1795
        1794        1792        1795
        1797        1801        1799
        1797        1802        1803
        1797        1802        1804
        1797        1802        1812
        1797        1922        1920
        1798        1797        1801
        1798        1797        1802
        1798        1797        1922
        1799        1823        1812
        1799        1823        1824
        1799        1823        1825
        1799        1826        1827
        1799        1826        1828
        1799        1826        1829
        1800        1799        1801
        1800        1799        1823
        1800        1799        1826
        1801        1797        1802
        1801        1797        1922
        1801        1799        1823
        1801        1799        1826
        1802        1797        1922
        1802        1804        1805
        1802        1804        1806
        1802        1812        1813
        1802        1812        1814
        1802        1812        1823
        1803        1802        1804
        1803        1802        1812
        1804        1802        1812
        1804        1806        1807
        1804        1806        1808
        1805        1804        1806
        1806        1808        1809
        1806        1808        1810
        1806        1808        1811
        1807        1806        1808
        1809        1808        1810
        1809        1808        1811
        1810        1808        1811
        1812        1814        1815
        1812        1823        1824
        1812        1823        1825
        1813        1812        1814
        1813        1812        1823
        1814        1812        1823
        1814        1815        1816
        1814        1815        1817
        1814        1815        1819
        1815        1817        1818
        1815        1817        1831
        1815        1819        1820
        1815        1819        1821
        1815        1819        1822
        1816        1815        1817
        1816        1815        1819
        1817        1815        1819
        1817        1831        1832
        1817        1831        1833
        1818        1817        1831
        1820        1819        1821
        1820        1819        1822
        1821        1819        1822
        1823        1799        1826
        1824        1823        1825
        1826        1829        1830
        1827        1826        1828
        1827        1826        1829
        1828        1826        1829
        1831        1833        1834
        1831        1833        1835
        1831        1833        1839
        1832        1831        1833
        1833        1835        1836
        1833        1835        1837
        1833        1835        1838
        1833        1839        1840
        1833        1839        1841
        1834        1833        1835
        1834        1833        1839
        1835        1833        1839
        1836        1835        1837
        1836        1835        1838
        1837        1835        1838
        1839        1841        1842
        1839        1841        1843
        1840        1839        1841
        1841        1843        1844
        1841        1843        1845
        1841        1843        1850
        1842        1841        1843
        1843        1845        1846
        1843        1845        1847
        1843        1850        1851
        1843        1850        1852
        1843        1850        1853
        1844        1843        1845
        1844        1843        1850
        1845        1843        1850
        1845        1847        1848
        1845        1847        1849
        1846        1845        1847
        1848        1847        1849
        1850        1853        1854
        1850        1853        1855
        1850        1853        1856
        1851        1850        1852
        1851        1850        1853
        1852        1850        1853
        1853        1856        1857
        1853        1856        1858
        1854        1853        1855
        1854        1853        1856
        1855        1853        1856
        1856        1858        1859
        1856        1858        1860
        1857        1856        1858
        1858        1860        1861
        1858        1860        1862
        1858        1860        1878
        1859        1858        1860
        1860        1862        1863
        1860        1862        1864
        1860        1862        1865
        1860        1878        1879
        1860        1878        1880
        1861        1860        1862
        1861        1860        1878
        1862        1860        1878
        1862        1865        1866
        1862        1865        1867
        1862        1865        1868
        1863        1862        1864
        1863        1862        1865
        1864        1862        1865
        1865        1868        1869
        1865        1868        1870
        1865        1868        1871
        1866        1865        1867
        1866        1865        1868
        1867        1865        1868
        1868        1871        1872
        1868        1871        1873
        1868        1871        1874
        1869        1868        1870
        1869        1868        1871
        1870        1868        1871
        1871        1874        1875
        1871        1874        1876
        1871        1874        1877
        1872        1871        1873
        1872        1871        1874
        1873        1871        1874
        1875        1874        1876
        1875        1874        1877
        1876        1874        1877
        1878        1880        1881
        1878        1880        1882
        1879        1878        1880
        1880        1882        1883
        1880        1882        1884
        1880        1882        1888
        1881        1880        1882
        1882        1884        1885
        1882        1884        1886
        1882        1884        1887
        1882        1888        1889
        1882        1888        1890
        1883        1882        1884
        1883        1882        1888
        1884        1882        1888
        1885        1884        1886
        1885        1884        1887
        1886        1884        1887
        1888        1890        1891
        1888        1890        1892
        1889        1888        1890
        1890        1892        1893
        1890        1892        1894
        1890        1892        1898
        1891        1890        1892
        1892        1894        1895
        1892        1894        1896
        1892        1894        1897
        1892        1898        1899
        1892        1898        1900
        1893        1892        1894
        1893        1892        1898
        1894        1892        1898
        1895        1894        1896
        1895        1894        1897
        1896        1894        1897
        1899        1898        1900
        1901        1905        1903
        1901        1906        1907
        1901        1906        1908
        1901        1906        1916
        1901        1956        1954
        1902        1901        1905
        1902        1901        1906
        1902        1901        1956
        1903        1920        1916
        1903        1920        1921
        1903        1920        1922
        1903        1923        1924
        1903        1923        1925
        1903        1923        1926
        1904        1903        1905
        1904        1903        1920
        1904        1903        1923
        1905        1901        1906
        1905        1901        1956
        1905        1903        1920
        1905        1903        1923
        1906        1901        1956
        1906        1908        1909
        1906        1908        1910
        1906        1916        1917
        1906        1916        1918
        1906        1916        1920
        1907        1906        1908
        1907        1906        1916
        1908        1906        1916
        1908        1910        1911
        1908        1910        1912
        1909        1908        1910
        1910        1912        1913
        1910        1912        1914
        1910        1912        1915
        1911        1910        1912
        1913        1912        1914
        1913        1912        1915
        1914        1912        1915
        1916        1918        1919
        1916        1920        1921
        1916        1920        1922
        1917        1916        1918
        1917        1916        1920
        1918        1916        1920
        1920        1903        1923
        1921        1920        1922
        1923        1926        1927
        1924        1923        1925
        1924        1923        1926
        1925        1923        1926
        1928        1932        1930
        1928        1933        1934
        1928        1933        1935
        1928        1933        1943
        1928        2042        2040
        1929        1928        1932
        1929        1928        1933
        1929        1928        2042
        1930        1954        1943
        1930        1954        1955
        1930        1954        1956
        1930        1957        1958
        1930        1957        1959
        1930        1957        1960
        1931        1930        1932
        1931        1930        1954
        1931        1930        1957
        1932        1928        1933
        1932        1928        2042
        1932        1930        1954
        1932        1930        1957
        1933        1928        2042
        1933        1935        1936
        1933        1935        1937
        1933        1943        1944
        1933        1943        1945
        1933        1943        1954
        1934        1933        1935
        1934        1933        1943
        1935        1933        1943
        1935        1937        1938
        1935        1937        1939
        1936        1935        1937
        1937        1939        1940
        1937        1939        1941
        1937        1939        1942
        1938        1937        1939
        1940        1939        1941
        1940        1939        1942
        1941        1939        1942
        1943        1945        1946
        1943        1954        1955
        1943        1954        1956
        1944        1943        1945
        1944        1943        1954
        1945        1943        1954
        1945        1946        1947
        1945        1946        1948
        1945        1946        1950
        1946        1948        1949
        1946        1948        1962
        1946        1950        1951
        1946        1950        1952
        1946        1950        1953
        1947        1946        1948
        1947        1946        1950
        1948        1946        1950
        1948        1962        1963
        1948        1962        1964
        1949        1948        1962
        1951        1950        1952
        1951        1950        1953
        1952        1950        1953
        1954        1930        1957
        1955        1954        1956
        1957        1960        1961
        1958        1957        1959
        1958        1957        1960
        1959        1957        1960
        1962        1964        1965
        1962        1964        1966
        1962        1964        1970
        1963        1962        1964
        1964        1966        1967
        1964        1966        1968
        1964        1966        1969
        1964        1970        1971
        1964        1970        1972
        1965        1964        1966
        1965        1964        1970
        1966        1964        1970
        1967        1966        1968
        1967        1966        1969
        1968        1966        1969
        1970        1972        1973
        1970        1972        1974
        1971        1970        1972
        1972        1974        1975
        1972        1974        1976
        1972        1974        1981
        1973        1972        1974
        1974        1976        1977
        1974        1976        1978
        1974        1981        1982
        1974        1981        1983
        1974        1981        1984
        1975        1974        1976
        1975        1974        1981
        1976        1974        1981
        1976        1978        1979
        1976        1978        1980
        1977        1976        1978
        1979        1978        1980
        1981        1984        1985
        1981        1984        1986
        1981        1984        1987
        1982        1981        1983
        1982        1981        1984
        1983        1981        1984
        1984        1987        1988
        1984        1987        1989
        1985        1984        1986
        1985        1984        1987
        1986        1984        1987
        1987        1989        1990
        1987        1989        1991
        1988        1987        1989
        1989        1991        1992
        1989        1991        1993
        1989        1991        2009
        1990        1989        1991
        1991        1993        1994
        1991        1993        1995
        1991        1993        1996
        1991        2009        2010
        1991        2009        2011
        1992        1991        1993
        1992        1991        2009
        1993        1991        2009
        1993        1996        1997
        1993        1996        1998
        1993        1996        1999
        1994        1993        1995
        1994        1993        1996
        1995        1993        1996
        1996        1999        2000
        1996        1999        2001
        1996        1999        2002
        1997        1996        1998
        1997        1996        1999
        1998        1996        1999
        1999        2002        2003
        1999        2002        2004
        1999        2002        2005
        2000        1999        2001
        2000        1999        2002
        2001        1999        2002
        2002        2005        2006
        2002        2005        2007
        2002        2005        2008
        2003        2002        2004
        2003        2002        2005
        2004        2002        2005
        2006        2005        2007
        2006        2005        2008
        2007        2005        2008
        2009        2011        2012
        2009        2011        2013
        2010        2009        2011
        2011        2013        2014
        2011        2013        2015
        2011        2013        2019
        2012        2011        2013
        2013        2015        2016
        2013        2015        2017
        2013        2015        2018
        2013        2019        2020
        2013        2019        3922
        2014        2013        2015
        2014        2013        2019
        2015        2013        2019
        2016        2015        2017
        2016        2015        2018
        2017        2015        2018
        2019        3922        3919
        2019        3922        3923
        2020        2019        3922
        2021        2025        2023
        2021        2026        2027
        2021        2026        2028
        2021        2026        2036
        2021        2076        2074
        2022        2021        2025
        2022        2021        2026
        2022        2021        2076
        2023        2040        2036
        2023        2040        2041
        2023        2040        2042
        2023        2043        2044
        2023        2043        2045
        2023        2043        2046
        2024        2023        2025
        2024        2023        2040
        2024        2023        2043
        2025        2021        2026
        2025        2021        2076
        2025        2023        2040
        2025        2023        2043
        2026        2021        2076
        2026        2028        2029
        2026        2028        2030
        2026        2036        2037
        2026        2036        2038
        2026        2036        2040
        2027        2026        2028
        2027        2026        2036
        2028        2026        2036
        2028        2030        2031
        2028        2030        2032
        2029        2028        2030
        2030        2032        2033
        2030        2032        2034
        2030        2032        2035
        2031        2030        2032
        2033        2032        2034
        2033        2032        2035
        2034        2032        2035
        2036        2038        2039
        2036        2040        2041
        2036        2040        2042
        2037        2036        2038
        2037        2036        2040
        2038        2036        2040
        2040        2023        2043
        2041        2040        2042
        2043        2046        2047
        2044        2043        2045
        2044        2043        2046
        2045        2043        2046
        2048        2052        2050
        2048        2053        2054
        2048        2053        2055
        2048        2053        2063
        2048        2162        2160
        2049        2048        2052
        2049        2048        2053
        2049        2048        2162
        2050        2074        2063
        2050        2074        2075
        2050        2074        2076
        2050        2077        2078
        2050        2077        2079
        2050        2077        2080
        2051        2050        2052
        2051        2050        2074
        2051        2050        2077
        2052        2048        2053
        2052        2048        2162
        2052        2050        2074
        2052        2050        2077
        2053        2048        2162
        2053        2055        2056
        2053        2055        2057
        2053        2063        2064
        2053        2063        2065
        2053        2063        2074
        2054        2053        2055
        2054        2053        2063
        2055        2053        2063
        2055        2057        2058
        2055        2057        2059
        2056        2055        2057
        2057        2059        2060
        2057        2059        2061
        2057        2059        2062
        2058        2057        2059
        2060        2059        2061
        2060        2059        2062
        2061        2059        2062
        2063        2065        2066
        2063        2074        2075
        2063        2074        2076
        2064        2063        2065
        2064        2063        2074
        2065        2063        2074
        2065        2066        2067
        2065        2066        2068
        2065        2066        2070
        2066        2068        2069
        2066        2068        2082
        2066        2070        2071
        2066        2070        2072
        2066        2070        2073
        2067        2066        2068
        2067        2066        2070
        2068        2066        2070
        2068        2082        2083
        2068        2082        2084
        2069        2068        2082
        2071        2070        2072
        2071        2070        2073
        2072        2070        2073
        2074        2050        2077
        2075        2074        2076
        2077        2080        2081
        2078        2077        2079
        2078        2077        2080
        2079        2077        2080
        2082        2084        2085
        2082        2084        2086
        2082        2084        2090
        2083        2082        2084
        2084        2086        2087
        2084        2086        2088
        2084        2086        2089
        2084        2090        2091
        2084        2090        2092
        2085        2084        2086
        2085        2084        2090
        2086        2084        2090
        2087        2086        2088
        2087        2086        2089
        2088        2086        2089
        2090        2092        2093
        2090        2092        2094
        2091        2090        2092
        2092        2094        2095
        2092        2094        2096
        2092        2094        2101
        2093        2092        2094
        2094        2096        2097
        2094        2096        2098
        2094        2101        2102
        2094        2101        2103
        2094        2101        2104
        2095        2094        2096
        2095        2094        2101
        2096        2094        2101
        2096        2098        2099
        2096        2098        2100
        2097        2096        2098
        2099        2098        2100
        2101        2104        2105
        2101        2104        2106
        2101        2104        2107
        2102        2101        2103
        2102        2101        2104
        2103        2101        2104
        2104        2107        2108
        2104        2107        2109
        2105        2104        2106
        2105        2104        2107
        2106        2104        2107
        2107        2109        2110
        2107        2109        2111
        2108        2107        2109
        2109        2111        2112
        2109        2111        2113
        2109        2111        2129
        2110        2109        2111
        2111        2113        2114
        2111        2113        2115
        2111        2113        2116
        2111        2129        2130
        2111        2129        2131
        2112        2111        2113
        2112        2111        2129
        2113        2111        2129
        2113        2116        2117
        2113        2116        2118
        2113        2116        2119
        2114        2113        2115
        2114        2113        2116
        2115        2113        2116
        2116        2119        2120
        2116        2119        2121
        2116        2119        2122
        2117        2116        2118
        2117        2116        2119
        2118        2116        2119
        2119        2122        2123
        2119        2122        2124
        2119        2122        2125
        2120        2119        2121
        2120        2119        2122
        2121        2119        2122
        2122        2125        2126
        2122        2125        2127
        2122        2125        2128
        2123        2122        2124
        2123        2122        2125
        2124        2122        2125
        2126        2125        2127
        2126        2125        2128
        2127        2125        2128
        2129        2131        2132
        2129        2131        2133
        2130        2129        2131
        2131        2133        2134
        2131        2133        2135
        2131        2133        2139
        2132        2131        2133
        2133        2135        2136
        2133        2135        2137
        2133        2135        2138
        2133        2139        2140
        2133        2139        4086
        2134        2133        2135
        2134        2133        2139
        2135        2133        2139
        2136        2135        2137
        2136        2135        2138
        2137        2135        2138
        2139        4086        4083
        2139        4086        4087
        2140        2139        4086
        2141        2145        2143
        2141        2146        2147
        2141        2146        2148
        2141        2146        2156
        2141        2196        2194
        2142        2141        2145
        2142        2141        2146
        2142        2141        2196
        2143        2160        2156
        2143        2160        2161
        2143        2160        2162
        2143        2163        2164
        2143        2163        2165
        2143        2163        2166
        2144        2143        2145
        2144        2143        2160
        2144        2143        2163
        2145        2141        2146
        2145        2141        2196
        2145        2143        2160
        2145        2143        2163
        2146        2141        2196
        2146        2148        2149
        2146        2148        2150
        2146        2156        2157
        2146        2156        2158
        2146        2156        2160
        2147        2146        2148
        2147        2146        2156
        2148        2146        2156
        2148        2150        2151
        2148        2150        2152
        2149        2148        2150
        2150        2152        2153
        2150        2152        2154
        2150        2152        2155
        2151        2150        2152
        2153        2152        2154
        2153        2152        2155
        2154        2152        2155
        2156        2158        2159
        2156        2160        2161
        2156        2160        2162
        2157        2156        2158
        2157        2156        2160
        2158        2156        2160
        2160        2143        2163
        2161        2160        2162
        2163        2166        2167
        2164        2163        2165
        2164        2163        2166
        2165        2163        2166
        2168        2172        2170
        2168        2173        2174
        2168        2173        2175
        2168        2173        2183
        2168        2293        2291
        2169        2168        2172
        2169        2168        2173
        2169        2168        2293
        2170        2194        2183
        2170        2194        2195
        2170        2194        2196
        2170        2197        2198
        2170        2197        2199
        2170        2197        2200
        2171        2170        2172
        2171        2170        2194
        2171        2170        2197
        2172        2168        2173
        2172        2168        2293
        2172        2170        2194
        2172        2170        2197
        2173        2168        2293
        2173        2175        2176
        2173        2175        2177
        2173        2183        2184
        2173        2183        2185
        2173        2183        2194
        2174        2173        2175
        2174        2173        2183
        2175        2173        2183
        2175        2177        2178
        2175        2177        2179
        2176        2175        2177
        2177        2179        2180
        2177        2179        2181
        2177        2179        2182
        2178        2177        2179
        2180        2179        2181
        2180        2179        2182
        2181        2179        2182
        2183        2185        2186
        2183        2194        2195
        2183        2194        2196
        2184        2183        2185
        2184        2183        2194
        2185        2183        2194
        2185        2186        2187
        2185        2186        2188
        2185        2186        2190
        2186        2188        2189
        2186        2188        2202
        2186        2190        2191
        2186        2190        2192
        2186        2190        2193
        2187        2186        2188
        2187        2186        2190
        2188        2186        2190
        2188        2202        2203
        2188        2202        2204
        2189        2188        2202
        2191        2190        2192
        2191        2190        2193
        2192        2190        2193
        2194        2170        2197
        2195        2194        2196
        2197        2200        2201
        2198        2197        2199
        2198        2197        2200
        2199        2197        2200
        2202        2204        2205
        2202        2204        2206
        2202        2204        2210
        2203        2202        2204
        2204        2206        2207
        2204        2206        2208
        2204        2206        2209
        2204        2210        2211
        2204        2210        2212
        2205        2204        2206
        2205        2204        2210
        2206        2204        2210
        2207        2206        2208
        2207        2206        2209
        2208        2206        2209
        2210        2212        2213
        2210        2212        2214
        2211        2210        2212
        2212        2214        2215
        2212        2214        2216
        2212        2214        2221
        2213        2212        2214
        2214        2216        2217
        2214        2216        2218
        2214        2221        2222
        2214        2221        2223
        2214        2221        2224
        2215        2214        2216
        2215        2214        2221
        2216        2214        2221
        2216        2218        2219
        2216        2218        2220
        2217        2216        2218
        2219        2218        2220
        2221        2224        2225
        2221        2224        2226
        2221        2224        2227
        2222        2221        2223
        2222        2221        2224
        2223        2221        2224
        2224        2227        2228
        2224        2227        2229
        2225        2224        2226
        2225        2224        2227
        2226        2224        2227
        2227        2229        2230
        2227        2229        2231
        2228        2227        2229
        2229        2231        2232
        2229        2231        2233
        2229        2231        2249
        2230        2229        2231
        2231        2233        2234
        2231        2233        2235
        2231        2233        2236
        2231        2249        2250
        2231        2249        2251
        2232        2231        2233
        2232        2231        2249
        2233        2231        2249
        2233        2236        2237
        2233        2236        2238
        2233        2236        2239
        2234        2233        2235
        2234        2233        2236
        2235        2233        2236
        2236        2239        2240
        2236        2239        2241
        2236        2239        2242
        2237        2236        2238
        2237        2236        2239
        2238        2236        2239
        2239        2242        2243
        2239        2242        2244
        2239        2242        2245
        2240        2239        2241
        2240        2239        2242
        2241        2239        2242
        2242        2245        2246
        2242        2245        2247
        2242        2245        2248
        2243        2242        2244
        2243        2242        2245
        2244        2242        2245
        2246        2245        2247
        2246        2245        2248
        2247        2245        2248
        2249        2251        2252
        2249        2251        2253
        2250        2249        2251
        2251        2253        2254
        2251        2253        2255
        2251        2253        2259
        2252        2251        2253
        2253        2255        2256
        2253        2255        2257
        2253        2255        2258
        2253        2259        2260
        2253        2259        2261
        2254        2253        2255
        2254        2253        2259
        2255        2253        2259
        2256        2255        2257
        2256        2255        2258
        2257        2255        2258
        2259        2261        2262
        2259        2261        2263
        2260        2259        2261
        2261        2263        2264
        2261        2263        2265
        2261        2263        2269
        2262        2261        2263
        2263        2265        2266
        2263        2265        2267
        2263        2265        2268
        2263        2269        2270
        2263        2269        2271
        2264        2263        2265
        2264        2263        2269
        2265        2263        2269
        2266        2265        2267
        2266        2265        2268
        2267        2265        2268
        2270        2269        2271
        2272        2276        2274
        2272        2277        2278
        2272        2277        2279
        2272        2277        2287
        2272        2327        2325
        2273        2272        2276
        2273        2272        2277
        2273        2272        2327
        2274        2291        2287
        2274        2291        2292
        2274        2291        2293
        2274        2294        2295
        2274        2294        2296
        2274        2294        2297
        2275        2274        2276
        2275        2274        2291
        2275        2274        2294
        2276        2272        2277
        2276        2272        2327
        2276        2274        2291
        2276        2274        2294
        2277        2272        2327
        2277        2279        2280
        2277        2279        2281
        2277        2287        2288
        2277        2287        2289
        2277        2287        2291
        2278        2277        2279
        2278        2277        2287
        2279        2277        2287
        2279        2281        2282
        2279        2281        2283
        2280        2279        2281
        2281        2283        2284
        2281        2283        2285
        2281        2283        2286
        2282        2281        2283
        2284        2283        2285
        2284        2283        2286
        2285        2283        2286
        2287        2289        2290
        2287        2291        2292
        2287        2291        2293
        2288        2287        2289
        2288        2287        2291
        2289        2287        2291
        2291        2274        2294
        2292        2291        2293
        2294        2297        2298
        2295        2294        2296
        2295        2294        2297
        2296        2294        2297
        2299        2303        2301
        2299        2304        2305
        2299        2304        2306
        2299        2304        2314
        2299        2413        2411
        2300        2299        2303
        2300        2299        2304
        2300        2299        2413
        2301        2325        2314
        2301        2325        2326
        2301        2325        2327
        2301        2328        2329
        2301        2328        2330
        2301        2328        2331
        2302        2301        2303
        2302        2301        2325
        2302        2301        2328
        2303        2299        2304
        2303        2299        2413
        2303        2301        2325
        2303        2301        2328
        2304        2299        2413
        2304        2306        2307
        2304        2306        2308
        2304        2314        2315
        2304        2314        2316
        2304        2314        2325
        2305        2304        2306
        2305        2304        2314
        2306        2304        2314
        2306        2308        2309
        2306        2308        2310
        2307        2306        2308
        2308        2310        2311
        2308        2310        2312
        2308        2310        2313
        2309        2308        2310
        2311        2310        2312
        2311        2310        2313
        2312        2310        2313
        2314        2316        2317
        2314        2325        2326
        2314        2325        2327
        2315        2314        2316
        2315        2314        2325
        2316        2314        2325
        2316        2317        2318
        2316        2317        2319
        2316        2317        2321
        2317        2319        2320
        2317        2319        2333
        2317        2321        2322
        2317        2321        2323
        2317        2321        2324
        2318        2317        2319
        2318        2317        2321
        2319        2317        2321
        2319        2333        2334
        2319        2333        2335
        2320        2319        2333
        2322        2321        2323
        2322        2321        2324
        2323        2321        2324
        2325        2301        2328
        2326        2325        2327
        2328        2331        2332
        2329        2328        2330
        2329        2328        2331
        2330        2328        2331
        2333        2335        2336
        2333        2335        2337
        2333        2335        2341
        2334        2333        2335
        2335        2337        2338
        2335        2337        2339
        2335        2337        2340
        2335        2341        2342
        2335        2341        2343
        2336        2335        2337
        2336        2335        2341
        2337        2335        2341
        2338        2337        2339
        2338        2337        2340
        2339        2337        2340
        2341        2343        2344
        2341        2343        2345
        2342        2341        2343
        2343        2345        2346
        2343        2345        2347
        2343        2345        2352
        2344        2343        2345
        2345        2347        2348
        2345        2347        2349
        2345        2352        2353
        2345        2352        2354
        2345        2352        2355
        2346        2345        2347
        2346        2345        2352
        2347        2345        2352
        2347        2349        2350
        2347        2349        2351
        2348        2347        2349
        2350        2349        2351
        2352        2355        2356
        2352        2355        2357
        2352        2355        2358
        2353        2352        2354
        2353        2352        2355
        2354        2352        2355
        2355        2358        2359
        2355        2358        2360
        2356        2355        2357
        2356        2355        2358
        2357        2355        2358
        2358        2360        2361
        2358        2360        2362
        2359        2358        2360
        2360        2362        2363
        2360        2362        2364
        2360        2362        2380
        2361        2360        2362
        2362        2364        2365
        2362        2364        2366
        2362        2364        2367
        2362        2380        2381
        2362        2380        2382
        2363        2362        2364
        2363        2362        2380
        2364        2362        2380
        2364        2367        2368
        2364        2367        2369
        2364        2367        2370
        2365        2364        2366
        2365        2364        2367
        2366        2364        2367
        2367        2370        2371
        2367        2370        2372
        2367        2370        2373
        2368        2367        2369
        2368        2367        2370
        2369        2367        2370
        2370        2373        2374
        2370        2373        2375
        2370        2373        2376
        2371        2370        2372
        2371        2370        2373
        2372        2370        2373
        2373        2376        2377
        2373        2376        2378
        2373        2376        2379
        2374        2373        2375
        2374        2373        2376
        2375        2373        2376
        2377        2376        2378
        2377        2376        2379
        2378        2376        2379
        2380        2382        2383
        2380        2382        2384
        2381        2380        2382
        2382        2384        2385
        2382        2384        2386
        2382        2384        2390
        2383        2382        2384
        2384        2386        2387
        2384        2386        2388
        2384        2386        2389
        2384        2390        2391
        2385        2384        2386
        2385        2384        2390
        2386        2384        2390
        2387        2386        2388
        2387        2386        2389
        2388        2386        2389
        2392        2396        2394
        2392        2397        2398
        2392        2397        2399
        2392        2397        2407
        2392        2447        2445
        2393        2392        2396
        2393        2392        2397
        2393        2392        2447
        2394        2411        2407
        2394        2411        2412
        2394        2411        2413
        2394        2414        2415
        2394        2414        2416
        2394        2414        2417
        2395        2394        2396
        2395        2394        2411
        2395        2394        2414
        2396        2392        2397
        2396        2392        2447
        2396        2394        2411
        2396        2394        2414
        2397        2392        2447
        2397        2399        2400
        2397        2399        2401
        2397        2407        2408
        2397        2407        2409
        2397        2407        2411
        2398        2397        2399
        2398        2397        2407
        2399        2397        2407
        2399        2401        2402
        2399        2401        2403
        2400        2399        2401
        2401        2403        2404
        2401        2403        2405
        2401        2403        2406
        2402        2401        2403
        2404        2403        2405
        2404        2403        2406
        2405        2403        2406
        2407        2409        2410
        2407        2411        2412
        2407        2411        2413
        2408        2407        2409
        2408        2407        2411
        2409        2407        2411
        2411        2394        2414
        2412        2411        2413
        2414        2417        2418
        2415        2414        2416
        2415        2414        2417
        2416        2414        2417
        2419        2423        2421
        2419        2424        2425
        2419        2424        2426
        2419        2424        2434
        2419        2544        2542
        2420        2419        2423
        2420        2419        2424
        2420        2419        2544
        2421        2445        2434
        2421        2445        2446
        2421        2445        2447
        2421        2448        2449
        2421        2448        2450
        2421        2448        2451
        2422        2421        2423
        2422        2421        2445
        2422        2421        2448
        2423        2419        2424
        2423        2419        2544
        2423        2421        2445
        2423        2421        2448
        2424        2419        2544
        2424        2426        2427
        2424        2426        2428
        2424        2434        2435
        2424        2434        2436
        2424        2434        2445
        2425        2424        2426
        2425        2424        2434
        2426        2424        2434
        2426        2428        2429
        2426        2428        2430
        2427        2426        2428
        2428        2430        2431
        2428        2430        2432
        2428        2430        2433
        2429        2428        2430
        2431        2430        2432
        2431        2430        2433
        2432        2430        2433
        2434        2436        2437
        2434        2445        2446
        2434        2445        2447
        2435        2434        2436
        2435        2434        2445
        2436        2434        2445
        2436        2437        2438
        2436        2437        2439
        2436        2437        2441
        2437        2439        2440
        2437        2439        2453
        2437        2441        2442
        2437        2441        2443
        2437        2441        2444
        2438        2437        2439
        2438        2437        2441
        2439        2437        2441
        2439        2453        2454
        2439        2453        2455
        2440        2439        2453
        2442        2441        2443
        2442        2441        2444
        2443        2441        2444
        2445        2421        2448
        2446        2445        2447
        2448        2451        2452
        2449        2448        2450
        2449        2448        2451
        2450        2448        2451
        2453        2455        2456
        2453        2455        2457
        2453        2455        2461
        2454        2453        2455
        2455        2457        2458
        2455        2457        2459
        2455        2457        2460
        2455        2461        2462
        2455        2461        2463
        2456        2455        2457
        2456        2455        2461
        2457        2455        2461
        2458        2457        2459
        2458        2457        2460
        2459        2457        2460
        2461        2463        2464
        2461        2463        2465
        2462        2461        2463
        2463        2465        2466
        2463        2465        2467
        2463        2465        2472
        2464        2463        2465
        2465        2467        2468
        2465        2467        2469
        2465        2472        2473
        2465        2472        2474
        2465        2472        2475
        2466        2465        2467
        2466        2465        2472
        2467        2465        2472
        2467        2469        2470
        2467        2469        2471
        2468        2467        2469
        2470        2469        2471
        2472        2475        2476
        2472        2475        2477
        2472        2475        2478
        2473        2472        2474
        2473        2472        2475
        2474        2472        2475
        2475        2478        2479
        2475        2478        2480
        2476        2475        2477
        2476        2475        2478
        2477        2475        2478
        2478        2480        2481
        2478        2480        2482
        2479        2478        2480
        2480        2482        2483
        2480        2482        2484
        2480        2482        2500
        2481        2480        2482
        2482        2484        2485
        2482        2484        2486
        2482        2484        2487
        2482        2500        2501
        2482        2500        2502
        2483        2482        2484
        2483        2482        2500
        2484        2482        2500
        2484        2487        2488
        2484        2487        2489
        2484        2487        2490
        2485        2484        2486
        2485        2484        2487
        2486        2484        2487
        2487        2490        2491
        2487        2490        2492
        2487        2490        2493
        2488        2487        2489
        2488        2487        2490
        2489        2487        2490
        2490        2493        2494
        2490        2493        2495
        2490        2493        2496
        2491        2490        2492
        2491        2490        2493
        2492        2490        2493
        2493        2496        2497
        2493        2496        2498
        2493        2496        2499
        2494        2493        2495
        2494        2493        2496
        2495        2493        2496
        2497        2496        2498
        2497        2496        2499
        2498        2496        2499
        2500        2502        2503
        2500        2502        2504
        2501        2500        2502
        2502        2504        2505
        2502        2504        2506
        2502        2504        2510
        2503        2502        2504
        2504        2506        2507
        2504        2506        2508
        2504        2506        2509
        2504        2510        2511
        2504        2510        2512
        2505        2504        2506
        2505        2504        2510
        2506        2504        2510
        2507        2506        2508
        2507        2506        2509
        2508        2506        2509
        2510        2512        2513
        2510        2512        2514
        2511        2510        2512
        2512        2514        2515
        2512        2514        2516
        2512        2514        2520
        2513        2512        2514
        2514        2516        2517
        2514        2516        2518
        2514        2516        2519
        2514        2520        2521
        2514        2520        2522
        2515        2514        2516
        2515        2514        2520
        2516        2514        2520
        2517        2516        2518
        2517        2516        2519
        2518        2516        2519
        2521        2520        2522
        2523        2527        2525
        2523        2528        2529
        2523        2528        2530
        2523        2528        2538
        2523        2578        2576
        2524        2523        2527
        2524        2523        2528
        2524        2523        2578
        2525        2542        2538
        2525        2542        2543
        2525        2542        2544
        2525        2545        2546
        2525        2545        2547
        2525        2545        2548
        2526        2525        2527
        2526        2525        2542
        2526        2525        2545
        2527        2523        2528
        2527        2523        2578
        2527        2525        2542
        2527        2525        2545
        2528        2523        2578
        2528        2530        2531
        2528        2530        2532
        2528        2538        2539
        2528        2538        2540
        2528        2538        2542
        2529        2528        2530
        2529        2528        2538
        2530        2528        2538
        2530        2532        2533
        2530        2532        2534
        2531        2530        2532
        2532        2534        2535
        2532        2534        2536
        2532        2534        2537
        2533        2532        2534
        2535        2534        2536
        2535        2534        2537
        2536        2534        2537
        2538        2540        2541
        2538        2542        2543
        2538        2542        2544
        2539        2538        2540
        2539        2538        2542
        2540        2538        2542
        2542        2525        2545
        2543        2542        2544
        2545        2548        2549
        2546        2545        2547
        2546        2545        2548
        2547        2545        2548
        2550        2554        2552
        2550        2555        2556
        2550        2555        2557
        2550        2555        2565
        2550        2675        2673
        2551        2550        2554
        2551        2550        2555
        2551        2550        2675
        2552        2576        2565
        2552        2576        2577
        2552        2576        2578
        2552        2579        2580
        2552        2579        2581
        2552        2579        2582
        2553        2552        2554
        2553        2552        2576
        2553        2552        2579
        2554        2550        2555
        2554        2550        2675
        2554        2552        2576
        2554        2552        2579
        2555        2550        2675
        2555        2557        2558
        2555        2557        2559
        2555        2565        2566
        2555        2565        2567
        2555        2565        2576
        2556        2555        2557
        2556        2555        2565
        2557        2555        2565
        2557        2559        2560
        2557        2559        2561
        2558        2557        2559
        2559        2561        2562
        2559        2561        2563
        2559        2561        2564
        2560        2559        2561
        2562        2561        2563
        2562        2561        2564
        2563        2561        2564
        2565        2567        2568
        2565        2576        2577
        2565        2576        2578
        2566        2565        2567
        2566        2565        2576
        2567        2565        2576
        2567        2568        2569
        2567        2568        2570
        2567        2568        2572
        2568        2570        2571
        2568        2570        2584
        2568        2572        2573
        2568        2572        2574
        2568        2572        2575
        2569        2568        2570
        2569        2568        2572
        2570        2568        2572
        2570        2584        2585
        2570        2584        2586
        2571        2570        2584
        2573        2572        2574
        2573        2572        2575
        2574        2572        2575
        2576        2552        2579
        2577        2576        2578
        2579        2582        2583
        2580        2579        2581
        2580        2579        2582
        2581        2579        2582
        2584        2586        2587
        2584        2586        2588
        2584        2586        2592
        2585        2584        2586
        2586        2588        2589
        2586        2588        2590
        2586        2588        2591
        2586        2592        2593
        2586        2592        2594
        2587        2586        2588
        2587        2586        2592
        2588        2586        2592
        2589        2588        2590
        2589        2588        2591
        2590        2588        2591
        2592        2594        2595
        2592        2594        2596
        2593        2592        2594
        2594        2596        2597
        2594        2596        2598
        2594        2596        2603
        2595        2594        2596
        2596        2598        2599
        2596        2598        2600
        2596        2603        2604
        2596        2603        2605
        2596        2603        2606
        2597        2596        2598
        2597        2596        2603
        2598        2596        2603
        2598        2600        2601
        2598        2600        2602
        2599        2598        2600
        2601        2600        2602
        2603        2606        2607
        2603        2606        2608
        2603        2606        2609
        2604        2603        2605
        2604        2603        2606
        2605        2603        2606
        2606        2609        2610
        2606        2609        2611
        2607        2606        2608
        2607        2606        2609
        2608        2606        2609
        2609        2611        2612
        2609        2611        2613
        2610        2609        2611
        2611        2613        2614
        2611        2613        2615
        2611        2613        2631
        2612        2611        2613
        2613        2615        2616
        2613        2615        2617
        2613        2615        2618
        2613        2631        2632
        2613        2631        2633
        2614        2613        2615
        2614        2613        2631
        2615        2613        2631
        2615        2618        2619
        2615        2618        2620
        2615        2618        2621
        2616        2615        2617
        2616        2615        2618
        2617        2615        2618
        2618        2621        2622
        2618        2621        2623
        2618        2621        2624
        2619        2618        2620
        2619        2618        2621
        2620        2618        2621
        2621        2624        2625
        2621        2624        2626
        2621        2624        2627
        2622        2621        2623
        2622        2621        2624
        2623        2621        2624
        2624        2627        2628
        2624        2627        2629
        2624        2627        2630
        2625        2624        2626
        2625        2624        2627
        2626        2624        2627
        2628        2627        2629
        2628        2627        2630
        2629        2627        2630
        2631        2633        2634
        2631        2633        2635
        2632        2631        2633
        2633        2635        2636
        2633        2635        2637
        2633        2635        2641
        2634        2633        2635
        2635        2637        2638
        2635        2637        2639
        2635        2637        2640
        2635        2641        2642
        2635        2641        2643
        2636        2635        2637
        2636        2635        2641
        2637        2635        2641
        2638        2637        2639
        2638        2637        2640
        2639        2637        2640
        2641        2643        2644
        2641        2643        2645
        2642        2641        2643
        2643        2645        2646
        2643        2645        2647
        2643        2645        2651
        2644        2643        2645
        2645        2647        2648
        2645        2647        2649
        2645        2647        2650
        2645        2651        2652
        2645        2651        2653
        2646        2645        2647
        2646        2645        2651
        2647        2645        2651
        2648        2647        2649
        2648        2647        2650
        2649        2647        2650
        2652        2651        2653
        2654        2658        2656
        2654        2659        2660
        2654        2659        2661
        2654        2659        2669
        2654        2709        2707
        2655        2654        2658
        2655        2654        2659
        2655        2654        2709
        2656        2673        2669
        2656        2673        2674
        2656        2673        2675
        2656        2676        2677
        2656        2676        2678
        2656        2676        2679
        2657        2656        2658
        2657        2656        2673
        2657        2656        2676
        2658        2654        2659
        2658        2654        2709
        2658        2656        2673
        2658        2656        2676
        2659        2654        2709
        2659        2661        2662
        2659        2661        2663
        2659        2669        2670
        2659        2669        2671
        2659        2669        2673
        2660        2659        2661
        2660        2659        2669
        2661        2659        2669
        2661        2663        2664
        2661        2663        2665
        2662        2661        2663
        2663        2665        2666
        2663        2665        2667
        2663        2665        2668
        2664        2663        2665
        2666        2665        2667
        2666        2665        2668
        2667        2665        2668
        2669        2671        2672
        2669        2673        2674
        2669        2673        2675
        2670        2669        2671
        2670        2669        2673
        2671        2669        2673
        2673        2656        2676
        2674        2673        2675
        2676        2679        2680
        2677        2676        2678
        2677        2676        2679
        2678        2676        2679
        2681        2685        2683
        2681        2686        2687
        2681        2686        2688
        2681        2686        2696
        2681        2839        2837
        2682        2681        2685
        2682        2681        2686
        2682        2681        2839
        2683        2707        2696
        2683        2707        2708
        2683        2707        2709
        2683        2710        2711
        2683        2710        2712
        2683        2710        2713
        2684        2683        2685
        2684        2683        2707
        2684        2683        2710
        2685        2681        2686
        2685        2681        2839
        2685        2683        2707
        2685        2683        2710
        2686        2681        2839
        2686        2688        2689
        2686        2688        2690
        2686        2696        2697
        2686        2696        2698
        2686        2696        2707
        2687        2686        2688
        2687        2686        2696
        2688        2686        2696
        2688        2690        2691
        2688        2690        2692
        2689        2688        2690
        2690        2692        2693
        2690        2692        2694
        2690        2692        2695
        2691        2690        2692
        2693        2692        2694
        2693        2692        2695
        2694        2692        2695
        2696        2698        2699
        2696        2707        2708
        2696        2707        2709
        2697        2696        2698
        2697        2696        2707
        2698        2696        2707
        2698        2699        2700
        2698        2699        2701
        2698        2699        2703
        2699        2701        2702
        2699        2701        2715
        2699        2703        2704
        2699        2703        2705
        2699        2703        2706
        2700        2699        2701
        2700        2699        2703
        2701        2699        2703
        2701        2715        2716
        2701        2715        2717
        2702        2701        2715
        2704        2703        2705
        2704        2703        2706
        2705        2703        2706
        2707        2683        2710
        2708        2707        2709
        2710        2713        2714
        2711        2710        2712
        2711        2710        2713
        2712        2710        2713
        2715        2717        2718
        2715        2717        2719
        2715        2717        2723
        2716        2715        2717
        2717        2719        2720
        2717        2719        2721
        2717        2719        2722
        2717        2723        2724
        2717        2723        2725
        2718        2717        2719
        2718        2717        2723
        2719        2717        2723
        2720        2719        2721
        2720        2719        2722
        2721        2719        2722
        2723        2725        2726
        2723        2725        2727
        2724        2723        2725
        2725        2727        2728
        2725        2727        2729
        2725        2727        2734
        2726        2725        2727
        2727        2729        2730
        2727        2729        2731
        2727        2734        2735
        2727        2734        2736
        2727        2734        2737
        2728        2727        2729
        2728        2727        2734
        2729        2727        2734
        2729        2731        2732
        2729        2731        2733
        2730        2729        2731
        2732        2731        2733
        2734        2737        2738
        2734        2737        2739
        2734        2737        2740
        2735        2734        2736
        2735        2734        2737
        2736        2734        2737
        2737        2740        2741
        2737        2740        2742
        2738        2737        2739
        2738        2737        2740
        2739        2737        2740
        2740        2742        2743
        2740        2742        2744
        2741        2740        2742
        2742        2744        2745
        2742        2744        2746
        2742        2744        2760
        2743        2742        2744
        2744        2746        2747
        2744        2746        2748
        2744        2746        2749
        2744        2760        2761
        2744        2760        2797
        2745        2744        2746
        2745        2744        2760
        2746        2744        2760
        2746        2749        2750
        2746        2749        2751
        2746        2749        2752
        2747        2746        2748
        2747        2746        2749
        2748        2746        2749
        2749        2752        2753
        2749        2752        2754
        2749        2752        2755
        2750        2749        2751
        2750        2749        2752
        2751        2749        2752
        2752        2755        2756
        2752        2755        2757
        2752        2755        2758
        2753        2752        2754
        2753        2752        2755
        2754        2752        2755
        2755        2758        2759
        2755        2758        2762
        2756        2755        2757
        2756        2755        2758
        2757        2755        2758
        2758        2762        2763
        2758        2762        2764
        2759        2758        2762
        2760        2797        2798
        2760        2797        2799
        2761        2760        2797
        2762        2764        2765
        2762        2764        2766
        2762        2764        2767
        2763        2762        2764
        2764        2767        2768
        2764        2767        2769
        2765        2764        2766
        2765        2764        2767
        2766        2764        2767
        2767        2769        2770
        2767        2769        2771
        2768        2767        2769
        2769        2771        2772
        2769        2771        2773
        2769        2771        2774
        2770        2769        2771
        2771        2774        2775
        2771        2774        2776
        2772        2771        2773
        2772        2771        2774
        2773        2771        2774
        2774        2776        2777
        2774        2776        2778
        2775        2774        2776
        2776        2778        2779
        2776        2778        2780
        2776        2778        2781
        2777        2776        2778
        2778        2781        2782
        2778        2781        2783
        2779        2778        2780
        2779        2778        2781
        2780        2778        2781
        2781        2783        2784
        2781        2783        2785
        2782        2781        2783
        2783        2785        2786
        2783        2785        2787
        2783        2785        2788
        2784        2783        2785
        2785        2788        2789
        2785        2788        2790
        2786        2785        2787
        2786        2785        2788
        2787        2785        2788
        2788        2790        2791
        2788        2790        2792
        2789        2788        2790
        2790        2792        2793
        2790        2792        2794
        2790        2792        2795
        2791        2790        2792
        2792        2795        2796
        2793        2792        2794
        2793        2792        2795
        2794        2792        2795
        2797        2799        2800
        2797        2799        2801
        2797        2799        2805
        2798        2797        2799
        2799        2801        2802
        2799        2801        2803
        2799        2801        2804
        2799        2805        2806
        2799        2805        2807
        2800        2799        2801
        2800        2799        2805
        2801        2799        2805
        2802        2801        2803
        2802        2801        2804
        2803        2801        2804
        2805        2807        2808
        2805        2807        2809
        2806        2805        2807
        2807        2809        2810
        2807        2809        2811
        2807        2809        2815
        2808        2807        2809
        2809        2811        2812
        2809        2811        2813
        2809        2811        2814
        2809        2815        2816
        2809        2815        2817
        2810        2809        2811
        2810        2809        2815
        2811        2809        2815
        2812        2811        2813
        2812        2811        2814
        2813        2811        2814
        2816        2815        2817
        2818        2822        2820
        2818        2823        2824
        2818        2823        2825
        2818        2823        2833
        2818        2873        2871
        2819        2818        2822
        2819        2818        2823
        2819        2818        2873
        2820        2837        2833
        2820        2837        2838
        2820        2837        2839
        2820        2840        2841
        2820        2840        2842
        2820        2840        2843
        2821        2820        2822
        2821        2820        2837
        2821        2820        2840
        2822        2818        2823
        2822        2818        2873
        2822        2820        2837
        2822        2820        2840
        2823        2818        2873
        2823        2825        2826
        2823        2825        2827
        2823        2833        2834
        2823        2833        2835
        2823        2833        2837
        2824        2823        2825
        2824        2823        2833
        2825        2823        2833
        2825        2827        2828
        2825        2827        2829
        2826        2825        2827
        2827        2829        2830
        2827        2829        2831
        2827        2829        2832
        2828        2827        2829
        2830        2829        2831
        2830        2829        2832
        2831        2829        2832
        2833        2835        2836
        2833        2837        2838
        2833        2837        2839
        2834        2833        2835
        2834        2833        2837
        2835        2833        2837
        2837        2820        2840
        2838        2837        2839
        2840        2843        2844
        2841        2840        2842
        2841        2840        2843
        2842        2840        2843
        2845        2849        2847
        2845        2850        2851
        2845        2850        2852
        2845        2850        2860
        2845        2970        2968
        2846        2845        2849
        2846        2845        2850
        2846        2845        2970
        2847        2871        2860
        2847        2871        2872
        2847        2871        2873
        2847        2874        2875
        2847        2874        2876
        2847        2874        2877
        2848        2847        2849
        2848        2847        2871
        2848        2847        2874
        2849        2845        2850
        2849        2845        2970
        2849        2847        2871
        2849        2847        2874
        2850        2845        2970
        2850        2852        2853
        2850        2852        2854
        2850        2860        2861
        2850        2860        2862
        2850        2860        2871
        2851        2850        2852
        2851        2850        2860
        2852        2850        2860
        2852        2854        2855
        2852        2854        2856
        2853        2852        2854
        2854        2856        2857
        2854        2856        2858
        2854        2856        2859
        2855        2854        2856
        2857        2856        2858
        2857        2856        2859
        2858        2856        2859
        2860        2862        2863
        2860        2871        2872
        2860        2871        2873
        2861        2860        2862
        2861        2860        2871
        2862        2860        2871
        2862        2863        2864
        2862        2863        2865
        2862        2863        2867
        2863        2865        2866
        2863        2865        2879
        2863        2867        2868
        2863        2867        2869
        2863        2867        2870
        2864        2863        2865
        2864        2863        2867
        2865        2863        2867
        2865        2879        2880
        2865        2879        2881
        2866        2865        2879
        2868        2867        2869
        2868        2867        2870
        2869        2867        2870
        2871        2847        2874
        2872        2871        2873
        2874        2877        2878
        2875        2874        2876
        2875        2874        2877
        2876        2874        2877
        2879        2881        2882
        2879        2881        2883
        2879        2881        2887
        2880        2879        2881
        2881        2883        2884
        2881        2883        2885
        2881        2883        2886
        2881        2887        2888
        2881        2887        2889
        2882        2881        2883
        2882        2881        2887
        2883        2881        2887
        2884        2883        2885
        2884        2883        2886
        2885        2883        2886
        2887        2889        2890
        2887        2889        2891
        2888        2887        2889
        2889        2891        2892
        2889        2891        2893
        2889        2891        2898
        2890        2889        2891
        2891        2893        2894
        2891        2893        2895
        2891        2898        2899
        2891        2898        2900
        2891        2898        2901
        2892        2891        2893
        2892        2891        2898
        2893        2891        2898
        2893        2895        2896
        2893        2895        2897
        2894        2893        2895
        2896        2895        2897
        2898        2901        2902
        2898        2901        2903
        2898        2901        2904
        2899        2898        2900
        2899        2898        2901
        2900        2898        2901
        2901        2904        2905
        2901        2904        2906
        2902        2901        2903
        2902        2901        2904
        2903        2901        2904
        2904        2906        2907
        2904        2906        2908
        2905        2904        2906
        2906        2908        2909
        2906        2908        2910
        2906        2908        2926
        2907        2906        2908
        2908        2910        2911
        2908        2910        2912
        2908        2910        2913
        2908        2926        2927
        2908        2926        2928
        2909        2908        2910
        2909        2908        2926
        2910        2908        2926
        2910        2913        2914
        2910        2913        2915
        2910        2913        2916
        2911        2910        2912
        2911        2910        2913
        2912        2910        2913
        2913        2916        2917
        2913        2916        2918
        2913        2916        2919
        2914        2913        2915
        2914        2913        2916
        2915        2913        2916
        2916        2919        2920
        2916        2919        2921
        2916        2919        2922
        2917        2916        2918
        2917        2916        2919
        2918        2916        2919
        2919        2922        2923
        2919        2922        2924
        2919        2922        2925
        2920        2919        2921
        2920        2919        2922
        2921        2919        2922
        2923        2922        2924
        2923        2922        2925
        2924        2922        2925
        2926        2928        2929
        2926        2928        2930
        2927        2926        2928
        2928        2930        2931
        2928        2930        2932
        2928        2930        2936
        2929        2928        2930
        2930        2932        2933
        2930        2932        2934
        2930        2932        2935
        2930        2936        2937
        2930        2936        2938
        2931        2930        2932
        2931        2930        2936
        2932        2930        2936
        2933        2932        2934
        2933        2932        2935
        2934        2932        2935
        2936        2938        2939
        2936        2938        2940
        2937        2936        2938
        2938        2940        2941
        2938        2940        2942
        2938        2940        2946
        2939        2938        2940
        2940        2942        2943
        2940        2942        2944
        2940        2942        2945
        2940        2946        2947
        2940        2946        2948
        2941        2940        2942
        2941        2940        2946
        2942        2940        2946
        2943        2942        2944
        2943        2942        2945
        2944        2942        2945
        2947        2946        2948
        2949        2953        2951
        2949        2954        2955
        2949        2954        2956
        2949        2954        2964
        2949        3004        3002
        2950        2949        2953
        2950        2949        2954
        2950        2949        3004
        2951        2968        2964
        2951        2968        2969
        2951        2968        2970
        2951        2971        2972
        2951        2971        2973
        2951        2971        2974
        2952        2951        2953
        2952        2951        2968
        2952        2951        2971
        2953        2949        2954
        2953        2949        3004
        2953        2951        2968
        2953        2951        2971
        2954        2949        3004
        2954        2956        2957
        2954        2956        2958
        2954        2964        2965
        2954        2964        2966
        2954        2964        2968
        2955        2954        2956
        2955        2954        2964
        2956        2954        2964
        2956        2958        2959
        2956        2958        2960
        2957        2956        2958
        2958        2960        2961
        2958        2960        2962
        2958        2960        2963
        2959        2958        2960
        2961        2960        2962
        2961        2960        2963
        2962        2960        2963
        2964        2966        2967
        2964        2968        2969
        2964        2968        2970
        2965        2964        2966
        2965        2964        2968
        2966        2964        2968
        2968        2951        2971
        2969        2968        2970
        2971        2974        2975
        2972        2971        2973
        2972        2971        2974
        2973        2971        2974
        2976        2980        2978
        2976        2981        2982
        2976        2981        2983
        2976        2981        2991
        2976        3134        3132
        2977        2976        2980
        2977        2976        2981
        2977        2976        3134
        2978        3002        2991
        2978        3002        3003
        2978        3002        3004
        2978        3005        3006
        2978        3005        3007
        2978        3005        3008
        2979        2978        2980
        2979        2978        3002
        2979        2978        3005
        2980        2976        2981
        2980        2976        3134
        2980        2978        3002
        2980        2978        3005
        2981        2976        3134
        2981        2983        2984
        2981        2983        2985
        2981        2991        2992
        2981        2991        2993
        2981        2991        3002
        2982        2981        2983
        2982        2981        2991
        2983        2981        2991
        2983        2985        2986
        2983        2985        2987
        2984        2983        2985
        2985        2987        2988
        2985        2987        2989
        2985        2987        2990
        2986        2985        2987
        2988        2987        2989
        2988        2987        2990
        2989        2987        2990
        2991        2993        2994
        2991        3002        3003
        2991        3002        3004
        2992        2991        2993
        2992        2991        3002
        2993        2991        3002
        2993        2994        2995
        2993        2994        2996
        2993        2994        2998
        2994        2996        2997
        2994        2996        3010
        2994        2998        2999
        2994        2998        3000
        2994        2998        3001
        2995        2994        2996
        2995        2994        2998
        2996        2994        2998
        2996        3010        3011
        2996        3010        3012
        2997        2996        3010
        2999        2998        3000
        2999        2998        3001
        3000        2998        3001
        3002        2978        3005
        3003        3002        3004
        3005        3008        3009
        3006        3005        3007
        3006        3005        3008
        3007        3005        3008
        3010        3012        3013
        3010        3012        3014
        3010        3012        3018
        3011        3010        3012
        3012        3014        3015
        3012        3014        3016
        3012        3014        3017
        3012        3018        3019
        3012        3018        3020
        3013        3012        3014
        3013        3012        3018
        3014        3012        3018
        3015        3014        3016
        3015        3014        3017
        3016        3014        3017
        3018        3020        3021
        3018        3020        3022
        3019        3018        3020
        3020        3022        3023
        3020        3022        3024
        3020        3022        3029
        3021        3020        3022
        3022        3024        3025
        3022        3024        3026
        3022        3029        3030
        3022        3029        3031
        3022        3029        3032
        3023        3022        3024
        3023        3022        3029
        3024        3022        3029
        3024        3026        3027
        3024        3026        3028
        3025        3024        3026
        3027        3026        3028
        3029        3032        3033
        3029        3032        3034
        3029        3032        3035
        3030        3029        3031
        3030        3029        3032
        3031        3029        3032
        3032        3035        3036
        3032        3035        3037
        3033        3032        3034
        3033        3032        3035
        3034        3032        3035
        3035        3037        3038
        3035        3037        3039
        3036        3035        3037
        3037        3039        3040
        3037        3039        3041
        3037        3039        3055
        3038        3037        3039
        3039        3041        3042
        3039        3041        3043
        3039        3041        3044
        3039        3055        3056
        3039        3055        3092
        3040        3039        3041
        3040        3039        3055
        3041        3039        3055
        3041        3044        3045
        3041        3044        3046
        3041        3044        3047
        3042        3041        3043
        3042        3041        3044
        3043        3041        3044
        3044        3047        3048
        3044        3047        3049
        3044        3047        3050
        3045        3044        3046
        3045        3044        3047
        3046        3044        3047
        3047        3050        3051
        3047        3050        3052
        3047        3050        3053
        3048        3047        3049
        3048        3047        3050
        3049        3047        3050
        3050        3053        3054
        3050        3053        3057
        3051        3050        3052
        3051        3050        3053
        3052        3050        3053
        3053        3057        3058
        3053        3057        3059
        3054        3053        3057
        3055        3092        3093
        3055        3092        3094
        3056        3055        3092
        3057        3059        3060
        3057        3059        3061
        3057        3059        3062
        3058        3057        3059
        3059        3062        3063
        3059        3062        3064
        3060        3059        3061
        3060        3059        3062
        3061        3059        3062
        3062        3064        3065
        3062        3064        3066
        3063        3062        3064
        3064        3066        3067
        3064        3066        3068
        3064        3066        3069
        3065        3064        3066
        3066        3069        3070
        3066        3069        3071
        3067        3066        3068
        3067        3066        3069
        3068        3066        3069
        3069        3071        3072
        3069        3071        3073
        3070        3069        3071
        3071        3073        3074
        3071        3073        3075
        3071        3073        3076
        3072        3071        3073
        3073        3076        3077
        3073        3076        3078
        3074        3073        3075
        3074        3073        3076
        3075        3073        3076
        3076        3078        3079
        3076        3078        3080
        3077        3076        3078
        3078        3080        3081
        3078        3080        3082
        3078        3080        3083
        3079        3078        3080
        3080        3083        3084
        3080        3083        3085
        3081        3080        3082
        3081        3080        3083
        3082        3080        3083
        3083        3085        3086
        3083        3085        3087
        3084        3083        3085
        3085        3087        3088
        3085        3087        3089
        3085        3087        3090
        3086        3085        3087
        3087        3090        3091
        3087        3090        4930
        3088        3087        3089
        3088        3087        3090
        3089        3087        3090
        3090        4930        4924
        3090        4930        4931
        3091        3090        4930
        3092        3094        3095
        3092        3094        3096
        3092        3094        3100
        3093        3092        3094
        3094        3096        3097
        3094        3096        3098
        3094        3096        3099
        3094        3100        3101
        3094        3100        3102
        3095        3094        3096
        3095        3094        3100
        3096        3094        3100
        3097        3096        3098
        3097        3096        3099
        3098        3096        3099
        3100        3102        3103
        3100        3102        3104
        3101        3100        3102
        3102        3104        3105
        3102        3104        3106
        3102        3104        3110
        3103        3102        3104
        3104        3106        3107
        3104        3106        3108
        3104        3106        3109
        3104        3110        3111
        3104        3110        3112
        3105        3104        3106
        3105        3104        3110
        3106        3104        3110
        3107        3106        3108
        3107        3106        3109
        3108        3106        3109
        3111        3110        3112
        3113        3117        3115
        3113        3118        3119
        3113        3118        3120
        3113        3118        3128
        3113        3168        3166
        3114        3113        3117
        3114        3113        3118
        3114        3113        3168
        3115        3132        3128
        3115        3132        3133
        3115        3132        3134
        3115        3135        3136
        3115        3135        3137
        3115        3135        3138
        3116        3115        3117
        3116        3115        3132
        3116        3115        3135
        3117        3113        3118
        3117        3113        3168
        3117        3115        3132
        3117        3115        3135
        3118        3113        3168
        3118        3120        3121
        3118        3120        3122
        3118        3128        3129
        3118        3128        3130
        3118        3128        3132
        3119        3118        3120
        3119        3118        3128
        3120        3118        3128
        3120        3122        3123
        3120        3122        3124
        3121        3120        3122
        3122        3124        3125
        3122        3124        3126
        3122        3124        3127
        3123        3122        3124
        3125        3124        3126
        3125        3124        3127
        3126        3124        3127
        3128        3130        3131
        3128        3132        3133
        3128        3132        3134
        3129        3128        3130
        3129        3128        3132
        3130        3128        3132
        3132        3115        3135
        3133        3132        3134
        3135        3138        3139
        3136        3135        3137
        3136        3135        3138
        3137        3135        3138
        3140        3144        3142
        3140        3145        3146
        3140        3145        3147
        3140        3145        3155
        3140        3254        3252
        3141        3140        3144
        3141        3140        3145
        3141        3140        3254
        3142        3166        3155
        3142        3166        3167
        3142        3166        3168
        3142        3169        3170
        3142        3169        3171
        3142        3169        3172
        3143        3142        3144
        3143        3142        3166
        3143        3142        3169
        3144        3140        3145
        3144        3140        3254
        3144        3142        3166
        3144        3142        3169
        3145        3140        3254
        3145        3147        3148
        3145        3147        3149
        3145        3155        3156
        3145        3155        3157
        3145        3155        3166
        3146        3145        3147
        3146        3145        3155
        3147        3145        3155
        3147        3149        3150
        3147        3149        3151
        3148        3147        3149
        3149        3151        3152
        3149        3151        3153
        3149        3151        3154
        3150        3149        3151
        3152        3151        3153
        3152        3151        3154
        3153        3151        3154
        3155        3157        3158
        3155        3166        3167
        3155        3166        3168
        3156        3155        3157
        3156        3155        3166
        3157        3155        3166
        3157        3158        3159
        3157        3158        3160
        3157        3158        3162
        3158        3160        3161
        3158        3160        3174
        3158        3162        3163
        3158        3162        3164
        3158        3162        3165
        3159        3158        3160
        3159        3158        3162
        3160        3158        3162
        3160        3174        3175
        3160        3174        3176
        3161        3160        3174
        3163        3162        3164
        3163        3162        3165
        3164        3162        3165
        3166        3142        3169
        3167        3166        3168
        3169        3172        3173
        3170        3169        3171
        3170        3169        3172
        3171        3169        3172
        3174        3176        3177
        3174        3176        3178
        3174        3176        3182
        3175        3174        3176
        3176        3178        3179
        3176        3178        3180
        3176        3178        3181
        3176        3182        3183
        3176        3182        3184
        3177        3176        3178
        3177        3176        3182
        3178        3176        3182
        3179        3178        3180
        3179        3178        3181
        3180        3178        3181
        3182        3184        3185
        3182        3184        3186
        3183        3182        3184
        3184        3186        3187
        3184        3186        3188
        3184        3186        3193
        3185        3184        3186
        3186        3188        3189
        3186        3188        3190
        3186        3193        3194
        3186        3193        3195
        3186        3193        3196
        3187        3186        3188
        3187        3186        3193
        3188        3186        3193
        3188        3190        3191
        3188        3190        3192
        3189        3188        3190
        3191        3190        3192
        3193        3196        3197
        3193        3196        3198
        3193        3196        3199
        3194        3193        3195
        3194        3193        3196
        3195        3193        3196
        3196        3199        3200
        3196        3199        3201
        3197        3196        3198
        3197        3196        3199
        3198        3196        3199
        3199        3201        3202
        3199        3201        3203
        3200        3199        3201
        3201        3203        3204
        3201        3203        3205
        3201        3203        3221
        3202        3201        3203
        3203        3205        3206
        3203        3205        3207
        3203        3205        3208
        3203        3221        3222
        3203        3221        3223
        3204        3203        3205
        3204        3203        3221
        3205        3203        3221
        3205        3208        3209
        3205        3208        3210
        3205        3208        3211
        3206        3205        3207
        3206        3205        3208
        3207        3205        3208
        3208        3211        3212
        3208        3211        3213
        3208        3211        3214
        3209        3208        3210
        3209        3208        3211
        3210        3208        3211
        3211        3214        3215
        3211        3214        3216
        3211        3214        3217
        3212        3211        3213
        3212        3211        3214
        3213        3211        3214
        3214        3217        3218
        3214        3217        3219
        3214        3217        3220
        3215        3214        3216
        3215        3214        3217
        3216        3214        3217
        3218        3217        3219
        3218        3217        3220
        3219        3217        3220
        3221        3223        3224
        3221        3223        3225
        3222        3221        3223
        3223        3225        3226
        3223        3225        3227
        3223        3225        3231
        3224        3223        3225
        3225        3227        3228
        3225        3227        3229
        3225        3227        3230
        3225        3231        3232
        3226        3225        3227
        3226        3225        3231
        3227        3225        3231
        3228        3227        3229
        3228        3227        3230
        3229        3227        3230
        3233        3237        3235
        3233        3238        3239
        3233        3238        3240
        3233        3238        3248
        3233        3288        3286
        3234        3233        3237
        3234        3233        3238
        3234        3233        3288
        3235        3252        3248
        3235        3252        3253
        3235        3252        3254
        3235        3255        3256
        3235        3255        3257
        3235        3255        3258
        3236        3235        3237
        3236        3235        3252
        3236        3235        3255
        3237        3233        3238
        3237        3233        3288
        3237        3235        3252
        3237        3235        3255
        3238        3233        3288
        3238        3240        3241
        3238        3240        3242
        3238        3248        3249
        3238        3248        3250
        3238        3248        3252
        3239        3238        3240
        3239        3238        3248
        3240        3238        3248
        3240        3242        3243
        3240        3242        3244
        3241        3240        3242
        3242        3244        3245
        3242        3244        3246
        3242        3244        3247
        3243        3242        3244
        3245        3244        3246
        3245        3244        3247
        3246        3244        3247
        3248        3250        3251
        3248        3252        3253
        3248        3252        3254
        3249        3248        3250
        3249        3248        3252
        3250        3248        3252
        3252        3235        3255
        3253        3252        3254
        3255        3258        3259
        3256        3255        3257
        3256        3255        3258
        3257        3255        3258
        3260        3264        3262
        3260        3265        3266
        3260        3265        3267
        3260        3265        3275
        3260        3420        3418
        3261        3260        3264
        3261        3260        3265
        3261        3260        3420
        3262        3286        3275
        3262        3286        3287
        3262        3286        3288
        3262        3289        3290
        3262        3289        3291
        3262        3289        3292
        3263        3262        3264
        3263        3262        3286
        3263        3262        3289
        3264        3260        3265
        3264        3260        3420
        3264        3262        3286
        3264        3262        3289
        3265        3260        3420
        3265        3267        3268
        3265        3267        3269
        3265        3275        3276
        3265        3275        3277
        3265        3275        3286
        3266        3265        3267
        3266        3265        3275
        3267        3265        3275
        3267        3269        3270
        3267        3269        3271
        3268        3267        3269
        3269        3271        3272
        3269        3271        3273
        3269        3271        3274
        3270        3269        3271
        3272        3271        3273
        3272        3271        3274
        3273        3271        3274
        3275        3277        3278
        3275        3286        3287
        3275        3286        3288
        3276        3275        3277
        3276        3275        3286
        3277        3275        3286
        3277        3278        3279
        3277        3278        3280
        3277        3278        3282
        3278        3280        3281
        3278        3280        3294
        3278        3282        3283
        3278        3282        3284
        3278        3282        3285
        3279        3278        3280
        3279        3278        3282
        3280        3278        3282
        3280        3294        3295
        3280        3294        3296
        3281        3280        3294
        3283        3282        3284
        3283        3282        3285
        3284        3282        3285
        3286        3262        3289
        3287        3286        3288
        3289        3292        3293
        3290        3289        3291
        3290        3289        3292
        3291        3289        3292
        3294        3296        3297
        3294        3296        3298
        3294        3296        3302
        3295        3294        3296
        3296        3298        3299
        3296        3298        3300
        3296        3298        3301
        3296        3302        3303
        3296        3302        3304
        3297        3296        3298
        3297        3296        3302
        3298        3296        3302
        3299        3298        3300
        3299        3298        3301
        3300        3298        3301
        3302        3304        3305
        3302        3304        3306
        3303        3302        3304
        3304        3306        3307
        3304        3306        3308
        3304        3306        3313
        3305        3304        3306
        3306        3308        3309
        3306        3308        3310
        3306        3313        3314
        3306        3313        3315
        3306        3313        3316
        3307        3306        3308
        3307        3306        3313
        3308        3306        3313
        3308        3310        3311
        3308        3310        3312
        3309        3308        3310
        3311        3310        3312
        3313        3316        3317
        3313        3316        3318
        3313        3316        3319
        3314        3313        3315
        3314        3313        3316
        3315        3313        3316
        3316        3319        3320
        3316        3319        3321
        3317        3316        3318
        3317        3316        3319
        3318        3316        3319
        3319        3321        3322
        3319        3321        3323
        3320        3319        3321
        3321        3323        3324
        3321        3323        3325
        3321        3323        3339
        3322        3321        3323
        3323        3325        3326
        3323        3325        3327
        3323        3325        3328
        3323        3339        3340
        3323        3339        3378
        3324        3323        3325
        3324        3323        3339
        3325        3323        3339
        3325        3328        3329
        3325        3328        3330
        3325        3328        3331
        3326        3325        3327
        3326        3325        3328
        3327        3325        3328
        3328        3331        3332
        3328        3331        3333
        3328        3331        3334
        3329        3328        3330
        3329        3328        3331
        3330        3328        3331
        3331        3334        3335
        3331        3334        3336
        3331        3334        3337
        3332        3331        3333
        3332        3331        3334
        3333        3331        3334
        3334        3337        3338
        3334        3337        3341
        3335        3334        3336
        3335        3334        3337
        3336        3334        3337
        3337        3341        3342
        3337        3341        3343
        3338        3337        3341
        3339        3378        3379
        3339        3378        3380
        3340        3339        3378
        3341        3343        3344
        3341        3343        3345
        3341        3343        3346
        3342        3341        3343
        3343        3346        3347
        3343        3346        3348
        3344        3343        3345
        3344        3343        3346
        3345        3343        3346
        3346        3348        3349
        3346        3348        3350
        3347        3346        3348
        3348        3350        3351
        3348        3350        3352
        3348        3350        3353
        3349        3348        3350
        3350        3353        3354
        3350        3353        3355
        3351        3350        3352
        3351        3350        3353
        3352        3350        3353
        3353        3355        3356
        3353        3355        3357
        3354        3353        3355
        3355        3357        3358
        3355        3357        3359
        3355        3357        3360
        3356        3355        3357
        3357        3360        3361
        3357        3360        3362
        3358        3357        3359
        3358        3357        3360
        3359        3357        3360
        3360        3362        3363
        3360        3362        3364
        3361        3360        3362
        3362        3364        3365
        3362        3364        3366
        3362        3364        3367
        3363        3362        3364
        3364        3367        3368
        3364        3367        3369
        3365        3364        3366
        3365        3364        3367
        3366        3364        3367
        3367        3369        3370
        3367        3369        3371
        3368        3367        3369
        3369        3371        3372
        3369        3371        3373
        3369        3371        3374
        3370        3369        3371
        3371        3374        3375
        3371        3374        3376
        3371        3374        3377
        3372        3371        3373
        3372        3371        3374
        3373        3371        3374
        3375        3374        3376
        3375        3374        3377
        3376        3374        3377
        3378        3380        3381
        3378        3380        3382
        3378        3380        3386
        3379        3378        3380
        3380        3382        3383
        3380        3382        3384
        3380        3382        3385
        3380        3386        3387
        3380        3386        3388
        3381        3380        3382
        3381        3380        3386
        3382        3380        3386
        3383        3382        3384
        3383        3382        3385
        3384        3382        3385
        3386        3388        3389
        3386        3388        3390
        3387        3386        3388
        3388        3390        3391
        3388        3390        3392
        3388        3390        3396
        3389        3388        3390
        3390        3392        3393
        3390        3392        3394
        3390        3392        3395
        3390        3396        3397
        3390        3396        3398
        3391        3390        3392
        3391        3390        3396
        3392        3390        3396
        3393        3392        3394
        3393        3392        3395
        3394        3392        3395
        3397        3396        3398
        3399        3403        3401
        3399        3404        3405
        3399        3404        3406
        3399        3404        3414
        3399        3454        3452
        3400        3399        3403
        3400        3399        3404
        3400        3399        3454
        3401        3418        3414
        3401        3418        3419
        3401        3418        3420
        3401        3421        3422
        3401        3421        3423
        3401        3421        3424
        3402        3401        3403
        3402        3401        3418
        3402        3401        3421
        3403        3399        3404
        3403        3399        3454
        3403        3401        3418
        3403        3401        3421
        3404        3399        3454
        3404        3406        3407
        3404        3406        3408
        3404        3414        3415
        3404        3414        3416
        3404        3414        3418
        3405        3404        3406
        3405        3404        3414
        3406        3404        3414
        3406        3408        3409
        3406        3408        3410
        3407        3406        3408
        3408        3410        3411
        3408        3410        3412
        3408        3410        3413
        3409        3408        3410
        3411        3410        3412
        3411        3410        3413
        3412        3410        3413
        3414        3416        3417
        3414        3418        3419
        3414        3418        3420
        3415        3414        3416
        3415        3414        3418
        3416        3414        3418
        3418        3401        3421
        3419        3418        3420
        3421        3424        3425
        3422        3421        3423
        3422        3421        3424
        3423        3421        3424
        3426        3430        3428
        3426        3431        3432
        3426        3431        3433
        3426        3431        3441
        3427        3426        3430
        3427        3426        3431
        3428        3452        3441
        3428        3452        3453
        3428        3452        3454
        3428        3455        3456
        3428        3455        3457
        3428        3455        3458
        3429        3428        3430
        3429        3428        3452
        3429        3428        3455
        3430        3426        3431
        3430        3428        3452
        3430        3428        3455
        3431        3433        3434
        3431        3433        3435
        3431        3441        3442
        3431        3441        3443
        3431        3441        3452
        3432        3431        3433
        3432        3431        3441
        3433        3431        3441
        3433        3435        3436
        3433        3435        3437
        3434        3433        3435
        3435        3437        3438
        3435        3437        3439
        3435        3437        3440
        3436        3435        3437
        3438        3437        3439
        3438        3437        3440
        3439        3437        3440
        3441        3443        3444
        3441        3452        3453
        3441        3452        3454
        3442        3441        3443
        3442        3441        3452
        3443        3441        3452
        3443        3444        3445
        3443        3444        3446
        3443        3444        3448
        3444        3446        3447
        3444        3446        3460
        3444        3448        3449
        3444        3448        3450
        3444        3448        3451
        3445        3444        3446
        3445        3444        3448
        3446        3444        3448
        3446        3460        3461
        3446        3460        3462
        3447        3446        3460
        3449        3448        3450
        3449        3448        3451
        3450        3448        3451
        3452        3428        3455
        3453        3452        3454
        3455        3458        3459
        3456        3455        3457
        3456        3455        3458
        3457        3455        3458
        3460        3462        3463
        3460        3462        3464
        3460        3462        3468
        3461        3460        3462
        3462        3464        3465
        3462        3464        3466
        3462        3464        3467
        3462        3468        3469
        3462        3468        3470
        3463        3462        3464
        3463        3462        3468
        3464        3462        3468
        3465        3464        3466
        3465        3464        3467
        3466        3464        3467
        3468        3470        3471
        3468        3470        3472
        3469        3468        3470
        3470        3472        3473
        3470        3472        3474
        3470        3472        3479
        3471        3470        3472
        3472        3474        3475
        3472        3474        3476
        3472        3479        3480
        3472        3479        3481
        3472        3479        3482
        3473        3472        3474
        3473        3472        3479
        3474        3472        3479
        3474        3476        3477
        3474        3476        3478
        3475        3474        3476
        3477        3476        3478
        3479        3482        3483
        3479        3482        3484
        3479        3482        3485
        3480        3479        3481
        3480        3479        3482
        3481        3479        3482
        3482        3485        3486
        3482        3485        3487
        3483        3482        3484
        3483        3482        3485
        3484        3482        3485
        3485        3487        3488
        3485        3487        3489
        3486        3485        3487
        3487        3489        3490
        3487        3489        3491
        3487        3489        3507
        3488        3487        3489
        3489        3491        3492
        3489        3491        3493
        3489        3491        3494
        3489        3507        3508
        3489        3507        3509
        3490        3489        3491
        3490        3489        3507
        3491        3489        3507
        3491        3494        3495
        3491        3494        3496
        3491        3494        3497
        3492        3491        3493
        3492        3491        3494
        3493        3491        3494
        3494        3497        3498
        3494        3497        3499
        3494        3497        3500
        3495        3494        3496
        3495        3494        3497
        3496        3494        3497
        3497        3500        3501
        3497        3500        3502
        3497        3500        3503
        3498        3497        3499
        3498        3497        3500
        3499        3497        3500
        3500        3503        3504
        3500        3503        3505
        3500        3503        3506
        3501        3500        3502
        3501        3500        3503
        3502        3500        3503
        3504        3503        3505
        3504        3503        3506
        3505        3503        3506
        3507        3509        3510
        3507        3509        3511
        3508        3507        3509
        3509        3511        3512
        3509        3511        3513
        3509        3511        3517
        3510        3509        3511
        3511        3513        3514
        3511        3513        3515
        3511        3513        3516
        3511        3517        3518
        3511        3517        3519
        3512        3511        3513
        3512        3511        3517
        3513        3511        3517
        3514        3513        3515
        3514        3513        3516
        3515        3513        3516
        3517        3519        3520
        3517        3519        3521
        3518        3517        3519
        3519        3521        3522
        3519        3521        3523
        3519        3521        3527
        3520        3519        3521
        3521        3523        3524
        3521        3523        3525
        3521        3523        3526
        3521        3527        3528
        3521        3527        3529
        3522        3521        3523
        3522        3521        3527
        3523        3521        3527
        3524        3523        3525
        3524        3523        3526
        3525        3523        3526
        3528        3527        3529
        3530        3534        3532
        3530        3535        3536
        3530        3535        3537
        3530        3535        3545
        3530        3585        3583
        3531        3530        3534
        3531        3530        3535
        3531        3530        3585
        3532        3549        3545
        3532        3549        3550
        3532        3549        3551
        3532        3552        3553
        3532        3552        3554
        3532        3552        3555
        3533        3532        3534
        3533        3532        3549
        3533        3532        3552
        3534        3530        3535
        3534        3530        3585
        3534        3532        3549
        3534        3532        3552
        3535        3530        3585
        3535        3537        3538
        3535        3537        3539
        3535        3545        3546
        3535        3545        3547
        3535        3545        3549
        3536        3535        3537
        3536        3535        3545
        3537        3535        3545
        3537        3539        3540
        3537        3539        3541
        3538        3537        3539
        3539        3541        3542
        3539        3541        3543
        3539        3541        3544
        3540        3539        3541
        3542        3541        3543
        3542        3541        3544
        3543        3541        3544
        3545        3547        3548
        3545        3549        3550
        3545        3549        3551
        3546        3545        3547
        3546        3545        3549
        3547        3545        3549
        3549        3532        3552
        3549        3551        5210
        3550        3549        3551
        3551        5210        5211
        3551        5210        5214
        3551        5210        5215
        3552        3555        3556
        3553        3552        3554
        3553        3552        3555
        3554        3552        3555
        3557        3561        3559
        3557        3562        3563
        3557        3562        3564
        3557        3562        3572
        3557        3682        3680
        3558        3557        3561
        3558        3557        3562
        3558        3557        3682
        3559        3583        3572
        3559        3583        3584
        3559        3583        3585
        3559        3586        3587
        3559        3586        3588
        3559        3586        3589
        3560        3559        3561
        3560        3559        3583
        3560        3559        3586
        3561        3557        3562
        3561        3557        3682
        3561        3559        3583
        3561        3559        3586
        3562        3557        3682
        3562        3564        3565
        3562        3564        3566
        3562        3572        3573
        3562        3572        3574
        3562        3572        3583
        3563        3562        3564
        3563        3562        3572
        3564        3562        3572
        3564        3566        3567
        3564        3566        3568
        3565        3564        3566
        3566        3568        3569
        3566        3568        3570
        3566        3568        3571
        3567        3566        3568
        3569        3568        3570
        3569        3568        3571
        3570        3568        3571
        3572        3574        3575
        3572        3583        3584
        3572        3583        3585
        3573        3572        3574
        3573        3572        3583
        3574        3572        3583
        3574        3575        3576
        3574        3575        3577
        3574        3575        3579
        3575        3577        3578
        3575        3577        3591
        3575        3579        3580
        3575        3579        3581
        3575        3579        3582
        3576        3575        3577
        3576        3575        3579
        3577        3575        3579
        3577        3591        3592
        3577        3591        3593
        3578        3577        3591
        3580        3579        3581
        3580        3579        3582
        3581        3579        3582
        3583        3559        3586
        3584        3583        3585
        3586        3589        3590
        3587        3586        3588
        3587        3586        3589
        3588        3586        3589
        3591        3593        3594
        3591        3593        3595
        3591        3593        3599
        3592        3591        3593
        3593        3595        3596
        3593        3595        3597
        3593        3595        3598
        3593        3599        3600
        3593        3599        3601
        3594        3593        3595
        3594        3593        3599
        3595        3593        3599
        3596        3595        3597
        3596        3595        3598
        3597        3595        3598
        3599        3601        3602
        3599        3601        3603
        3600        3599        3601
        3601        3603        3604
        3601        3603        3605
        3601        3603        3610
        3602        3601        3603
        3603        3605        3606
        3603        3605        3607
        3603        3610        3611
        3603        3610        3612
        3603        3610        3613
        3604        3603        3605
        3604        3603        3610
        3605        3603        3610
        3605        3607        3608
        3605        3607        3609
        3606        3605        3607
        3608        3607        3609
        3610        3613        3614
        3610        3613        3615
        3610        3613        3616
        3611        3610        3612
        3611        3610        3613
        3612        3610        3613
        3613        3616        3617
        3613        3616        3618
        3614        3613        3615
        3614        3613        3616
        3615        3613        3616
        3616        3618        3619
        3616        3618        3620
        3617        3616        3618
        3618        3620        3621
        3618        3620        3622
        3618        3620        3638
        3619        3618        3620
        3620        3622        3623
        3620        3622        3624
        3620        3622        3625
        3620        3638        3639
        3620        3638        3640
        3621        3620        3622
        3621        3620        3638
        3622        3620        3638
        3622        3625        3626
        3622        3625        3627
        3622        3625        3628
        3623        3622        3624
        3623        3622        3625
        3624        3622        3625
        3625        3628        3629
        3625        3628        3630
        3625        3628        3631
        3626        3625        3627
        3626        3625        3628
        3627        3625        3628
        3628        3631        3632
        3628        3631        3633
        3628        3631        3634
        3629        3628        3630
        3629        3628        3631
        3630        3628        3631
        3631        3634        3635
        3631        3634        3636
        3631        3634        3637
        3632        3631        3633
        3632        3631        3634
        3633        3631        3634
        3635        3634        3636
        3635        3634        3637
        3636        3634        3637
        3638        3640        3641
        3638        3640        3642
        3639        3638        3640
        3640        3642        3643
        3640        3642        3644
        3640        3642        3648
        3641        3640        3642
        3642        3644        3645
        3642        3644        3646
        3642        3644        3647
        3642        3648        3649
        3642        3648        3650
        3643        3642        3644
        3643        3642        3648
        3644        3642        3648
        3645        3644        3646
        3645        3644        3647
        3646        3644        3647
        3648        3650        3651
        3648        3650        3652
        3649        3648        3650
        3650        3652        3653
        3650        3652        3654
        3650        3652        3658
        3651        3650        3652
        3652        3654        3655
        3652        3654        3656
        3652        3654        3657
        3652        3658        3659
        3652        3658        3660
        3653        3652        3654
        3653        3652        3658
        3654        3652        3658
        3655        3654        3656
        3655        3654        3657
        3656        3654        3657
        3659        3658        3660
        3661        3665        3663
        3661        3666        3667
        3661        3666        3668
        3661        3666        3676
        3661        3716        3714
        3662        3661        3665
        3662        3661        3666
        3662        3661        3716
        3663        3680        3676
        3663        3680        3681
        3663        3680        3682
        3663        3683        3684
        3663        3683        3685
        3663        3683        3686
        3664        3663        3665
        3664        3663        3680
        3664        3663        3683
        3665        3661        3666
        3665        3661        3716
        3665        3663        3680
        3665        3663        3683
        3666        3661        3716
        3666        3668        3669
        3666        3668        3670
        3666        3676        3677
        3666        3676        3678
        3666        3676        3680
        3667        3666        3668
        3667        3666        3676
        3668        3666        3676
        3668        3670        3671
        3668        3670        3672
        3669        3668        3670
        3670        3672        3673
        3670        3672        3674
        3670        3672        3675
        3671        3670        3672
        3673        3672        3674
        3673        3672        3675
        3674        3672        3675
        3676        3678        3679
        3676        3680        3681
        3676        3680        3682
        3677        3676        3678
        3677        3676        3680
        3678        3676        3680
        3680        3663        3683
        3681        3680        3682
        3683        3686        3687
        3684        3683        3685
        3684        3683        3686
        3685        3683        3686
        3688        3692        3690
        3688        3693        3694
        3688        3693        3695
        3688        3693        3703
        3688        3802        3800
        3689        3688        3692
        3689        3688        3693
        3689        3688        3802
        3690        3714        3703
        3690        3714        3715
        3690        3714        3716
        3690        3717        3718
        3690        3717        3719
        3690        3717        3720
        3691        3690        3692
        3691        3690        3714
        3691        3690        3717
        3692        3688        3693
        3692        3688        3802
        3692        3690        3714
        3692        3690        3717
        3693        3688        3802
        3693        3695        3696
        3693        3695        3697
        3693        3703        3704
        3693        3703        3705
        3693        3703        3714
        3694        3693        3695
        3694        3693        3703
        3695        3693        3703
        3695        3697        3698
        3695        3697        3699
        3696        3695        3697
        3697        3699        3700
        3697        3699        3701
        3697        3699        3702
        3698        3697        3699
        3700        3699        3701
        3700        3699        3702
        3701        3699        3702
        3703        3705        3706
        3703        3714        3715
        3703        3714        3716
        3704        3703        3705
        3704        3703        3714
        3705        3703        3714
        3705        3706        3707
        3705        3706        3708
        3705        3706        3710
        3706        3708        3709
        3706        3708        3722
        3706        3710        3711
        3706        3710        3712
        3706        3710        3713
        3707        3706        3708
        3707        3706        3710
        3708        3706        3710
        3708        3722        3723
        3708        3722        3724
        3709        3708        3722
        3711        3710        3712
        3711        3710        3713
        3712        3710        3713
        3714        3690        3717
        3715        3714        3716
        3717        3720        3721
        3718        3717        3719
        3718        3717        3720
        3719        3717        3720
        3722        3724        3725
        3722        3724        3726
        3722        3724        3730
        3723        3722        3724
        3724        3726        3727
        3724        3726        3728
        3724        3726        3729
        3724        3730        3731
        3724        3730        3732
        3725        3724        3726
        3725        3724        3730
        3726        3724        3730
        3727        3726        3728
        3727        3726        3729
        3728        3726        3729
        3730        3732        3733
        3730        3732        3734
        3731        3730        3732
        3732        3734        3735
        3732        3734        3736
        3732        3734        3741
        3733        3732        3734
        3734        3736        3737
        3734        3736        3738
        3734        3741        3742
        3734        3741        3743
        3734        3741        3744
        3735        3734        3736
        3735        3734        3741
        3736        3734        3741
        3736        3738        3739
        3736        3738        3740
        3737        3736        3738
        3739        3738        3740
        3741        3744        3745
        3741        3744        3746
        3741        3744        3747
        3742        3741        3743
        3742        3741        3744
        3743        3741        3744
        3744        3747        3748
        3744        3747        3749
        3745        3744        3746
        3745        3744        3747
        3746        3744        3747
        3747        3749        3750
        3747        3749        3751
        3748        3747        3749
        3749        3751        3752
        3749        3751        3753
        3749        3751        3769
        3750        3749        3751
        3751        3753        3754
        3751        3753        3755
        3751        3753        3756
        3751        3769        3770
        3751        3769        3771
        3752        3751        3753
        3752        3751        3769
        3753        3751        3769
        3753        3756        3757
        3753        3756        3758
        3753        3756        3759
        3754        3753        3755
        3754        3753        3756
        3755        3753        3756
        3756        3759        3760
        3756        3759        3761
        3756        3759        3762
        3757        3756        3758
        3757        3756        3759
        3758        3756        3759
        3759        3762        3763
        3759        3762        3764
        3759        3762        3765
        3760        3759        3761
        3760        3759        3762
        3761        3759        3762
        3762        3765        3766
        3762        3765        3767
        3762        3765        3768
        3763        3762        3764
        3763        3762        3765
        3764        3762        3765
        3766        3765        3767
        3766        3765        3768
        3767        3765        3768
        3769        3771        3772
        3769        3771        3773
        3770        3769        3771
        3771        3773        3774
        3771        3773        3775
        3771        3773        3779
        3772        3771        3773
        3773        3775        3776
        3773        3775        3777
        3773        3775        3778
        3773        3779        3780
        3773        3779        5586
        3774        3773        3775
        3774        3773        3779
        3775        3773        3779
        3776        3775        3777
        3776        3775        3778
        3777        3775        3778
        3779        5586        5583
        3779        5586        5587
        3780        3779        5586
        3781        3785        3783
        3781        3786        3787
        3781        3786        3788
        3781        3786        3796
        3781        3836        3834
        3782        3781        3785
        3782        3781        3786
        3782        3781        3836
        3783        3800        3796
        3783        3800        3801
        3783        3800        3802
        3783        3803        3804
        3783        3803        3805
        3783        3803        3806
        3784        3783        3785
        3784        3783        3800
        3784        3783        3803
        3785        3781        3786
        3785        3781        3836
        3785        3783        3800
        3785        3783        3803
        3786        3781        3836
        3786        3788        3789
        3786        3788        3790
        3786        3796        3797
        3786        3796        3798
        3786        3796        3800
        3787        3786        3788
        3787        3786        3796
        3788        3786        3796
        3788        3790        3791
        3788        3790        3792
        3789        3788        3790
        3790        3792        3793
        3790        3792        3794
        3790        3792        3795
        3791        3790        3792
        3793        3792        3794
        3793        3792        3795
        3794        3792        3795
        3796        3798        3799
        3796        3800        3801
        3796        3800        3802
        3797        3796        3798
        3797        3796        3800
        3798        3796        3800
        3800        3783        3803
        3801        3800        3802
        3803        3806        3807
        3804        3803        3805
        3804        3803        3806
        3805        3803        3806
        3808        3812        3810
        3808        3813        3814
        3808        3813        3815
        3808        3813        3823
        3808        3966        3964
        3809        3808        3812
        3809        3808        3813
        3809        3808        3966
        3810        3834        3823
        3810        3834        3835
        3810        3834        3836
        3810        3837        3838
        3810        3837        3839
        3810        3837        3840
        3811        3810        3812
        3811        3810        3834
        3811        3810        3837
        3812        3808        3813
        3812        3808        3966
        3812        3810        3834
        3812        3810        3837
        3813        3808        3966
        3813        3815        3816
        3813        3815        3817
        3813        3823        3824
        3813        3823        3825
        3813        3823        3834
        3814        3813        3815
        3814        3813        3823
        3815        3813        3823
        3815        3817        3818
        3815        3817        3819
        3816        3815        3817
        3817        3819        3820
        3817        3819        3821
        3817        3819        3822
        3818        3817        3819
        3820        3819        3821
        3820        3819        3822
        3821        3819        3822
        3823        3825        3826
        3823        3834        3835
        3823        3834        3836
        3824        3823        3825
        3824        3823        3834
        3825        3823        3834
        3825        3826        3827
        3825        3826        3828
        3825        3826        3830
        3826        3828        3829
        3826        3828        3842
        3826        3830        3831
        3826        3830        3832
        3826        3830        3833
        3827        3826        3828
        3827        3826        3830
        3828        3826        3830
        3828        3842        3843
        3828        3842        3844
        3829        3828        3842
        3831        3830        3832
        3831        3830        3833
        3832        3830        3833
        3834        3810        3837
        3835        3834        3836
        3837        3840        3841
        3838        3837        3839
        3838        3837        3840
        3839        3837        3840
        3842        3844        3845
        3842        3844        3846
        3842        3844        3850
        3843        3842        3844
        3844        3846        3847
        3844        3846        3848
        3844        3846        3849
        3844        3850        3851
        3844        3850        3852
        3845        3844        3846
        3845        3844        3850
        3846        3844        3850
        3847        3846        3848
        3847        3846        3849
        3848        3846        3849
        3850        3852        3853
        3850        3852        3854
        3851        3850        3852
        3852        3854        3855
        3852        3854        3856
        3852        3854        3861
        3853        3852        3854
        3854        3856        3857
        3854        3856        3858
        3854        3861        3862
        3854        3861        3863
        3854        3861        3864
        3855        3854        3856
        3855        3854        3861
        3856        3854        3861
        3856        3858        3859
        3856        3858        3860
        3857        3856        3858
        3859        3858        3860
        3861        3864        3865
        3861        3864        3866
        3861        3864        3867
        3862        3861        3863
        3862        3861        3864
        3863        3861        3864
        3864        3867        3868
        3864        3867        3869
        3865        3864        3866
        3865        3864        3867
        3866        3864        3867
        3867        3869        3870
        3867        3869        3871
        3868        3867        3869
        3869        3871        3872
        3869        3871        3873
        3869        3871        3887
        3870        3869        3871
        3871        3873        3874
        3871        3873        3875
        3871        3873        3876
        3871        3887        3888
        3871        3887        3924
        3872        3871        3873
        3872        3871        3887
        3873        3871        3887
        3873        3876        3877
        3873        3876        3878
        3873        3876        3879
        3874        3873        3875
        3874        3873        3876
        3875        3873        3876
        3876        3879        3880
        3876        3879        3881
        3876        3879        3882
        3877        3876        3878
        3877        3876        3879
        3878        3876        3879
        3879        3882        3883
        3879        3882        3884
        3879        3882        3885
        3880        3879        3881
        3880        3879        3882
        3881        3879        3882
        3882        3885        3886
        3882        3885        3889
        3883        3882        3884
        3883        3882        3885
        3884        3882        3885
        3885        3889        3890
        3885        3889        3891
        3886        3885        3889
        3887        3924        3925
        3887        3924        3926
        3888        3887        3924
        3889        3891        3892
        3889        3891        3893
        3889        3891        3894
        3890        3889        3891
        3891        3894        3895
        3891        3894        3896
        3892        3891        3893
        3892        3891        3894
        3893        3891        3894
        3894        3896        3897
        3894        3896        3898
        3895        3894        3896
        3896        3898        3899
        3896        3898        3900
        3896        3898        3901
        3897        3896        3898
        3898        3901        3902
        3898        3901        3903
        3899        3898        3900
        3899        3898        3901
        3900        3898        3901
        3901        3903        3904
        3901        3903        3905
        3902        3901        3903
        3903        3905        3906
        3903        3905        3907
        3903        3905        3908
        3904        3903        3905
        3905        3908        3909
        3905        3908        3910
        3906        3905        3907
        3906        3905        3908
        3907        3905        3908
        3908        3910        3911
        3908        3910        3912
        3909        3908        3910
        3910        3912        3913
        3910        3912        3914
        3910        3912        3915
        3911        3910        3912
        3912        3915        3916
        3912        3915        3917
        3913        3912        3914
        3913        3912        3915
        3914        3912        3915
        3915        3917        3918
        3915        3917        3919
        3916        3915        3917
        3917        3919        3920
        3917        3919        3921
        3917        3919        3922
        3918        3917        3919
        3919        3922        3923
        3920        3919        3921
        3920        3919        3922
        3921        3919        3922
        3924        3926        3927
        3924        3926        3928
        3924        3926        3932
        3925        3924        3926
        3926        3928        3929
        3926        3928        3930
        3926        3928        3931
        3926        3932        3933
        3926        3932        3934
        3927        3926        3928
        3927        3926        3932
        3928        3926        3932
        3929        3928        3930
        3929        3928        3931
        3930        3928        3931
        3932        3934        3935
        3932        3934        3936
        3933        3932        3934
        3934        3936        3937
        3934        3936        3938
        3934        3936        3942
        3935        3934        3936
        3936        3938        3939
        3936        3938        3940
        3936        3938        3941
        3936        3942        3943
        3936        3942        3944
        3937        3936        3938
        3937        3936        3942
        3938        3936        3942
        3939        3938        3940
        3939        3938        3941
        3940        3938        3941
        3943        3942        3944
        3945        3949        3947
        3945        3950        3951
        3945        3950        3952
        3945        3950        3960
        3945        4000        3998
        3946        3945        3949
        3946        3945        3950
        3946        3945        4000
        3947        3964        3960
        3947        3964        3965
        3947        3964        3966
        3947        3967        3968
        3947        3967        3969
        3947        3967        3970
        3948        3947        3949
        3948        3947        3964
        3948        3947        3967
        3949        3945        3950
        3949        3945        4000
        3949        3947        3964
        3949        3947        3967
        3950        3945        4000
        3950        3952        3953
        3950        3952        3954
        3950        3960        3961
        3950        3960        3962
        3950        3960        3964
        3951        3950        3952
        3951        3950        3960
        3952        3950        3960
        3952        3954        3955
        3952        3954        3956
        3953        3952        3954
        3954        3956        3957
        3954        3956        3958
        3954        3956        3959
        3955        3954        3956
        3957        3956        3958
        3957        3956        3959
        3958        3956        3959
        3960        3962        3963
        3960        3964        3965
        3960        3964        3966
        3961        3960        3962
        3961        3960        3964
        3962        3960        3964
        3964        3947        3967
        3965        3964        3966
        3967        3970        3971
        3968        3967        3969
        3968        3967        3970
        3969        3967        3970
        3972        3976        3974
        3972        3977        3978
        3972        3977        3979
        3972        3977        3987
        3972        4130        4128
        3973        3972        3976
        3973        3972        3977
        3973        3972        4130
        3974        3998        3987
        3974        3998        3999
        3974        3998        4000
        3974        4001        4002
        3974        4001        4003
        3974        4001        4004
        3975        3974        3976
        3975        3974        3998
        3975        3974        4001
        3976        3972        3977
        3976        3972        4130
        3976        3974        3998
        3976        3974        4001
        3977        3972        4130
        3977        3979        3980
        3977        3979        3981
        3977        3987        3988
        3977        3987        3989
        3977        3987        3998
        3978        3977        3979
        3978        3977        3987
        3979        3977        3987
        3979        3981        3982
        3979        3981        3983
        3980        3979        3981
        3981        3983        3984
        3981        3983        3985
        3981        3983        3986
        3982        3981        3983
        3984        3983        3985
        3984        3983        3986
        3985        3983        3986
        3987        3989        3990
        3987        3998        3999
        3987        3998        4000
        3988        3987        3989
        3988        3987        3998
        3989        3987        3998
        3989        3990        3991
        3989        3990        3992
        3989        3990        3994
        3990        3992        3993
        3990        3992        4006
        3990        3994        3995
        3990        3994        3996
        3990        3994        3997
        3991        3990        3992
        3991        3990        3994
        3992        3990        3994
        3992        4006        4007
        3992        4006        4008
        3993        3992        4006
        3995        3994        3996
        3995        3994        3997
        3996        3994        3997
        3998        3974        4001
        3999        3998        4000
        4001        4004        4005
        4002        4001        4003
        4002        4001        4004
        4003        4001        4004
        4006        4008        4009
        4006        4008        4010
        4006        4008        4014
        4007        4006        4008
        4008        4010        4011
        4008        4010        4012
        4008        4010        4013
        4008        4014        4015
        4008        4014        4016
        4009        4008        4010
        4009        4008        4014
        4010        4008        4014
        4011        4010        4012
        4011        4010        4013
        4012        4010        4013
        4014        4016        4017
        4014        4016        4018
        4015        4014        4016
        4016        4018        4019
        4016        4018        4020
        4016        4018        4025
        4017        4016        4018
        4018        4020        4021
        4018        4020        4022
        4018        4025        4026
        4018        4025        4027
        4018        4025        4028
        4019        4018        4020
        4019        4018        4025
        4020        4018        4025
        4020        4022        4023
        4020        4022        4024
        4021        4020        4022
        4023        4022        4024
        4025        4028        4029
        4025        4028        4030
        4025        4028        4031
        4026        4025        4027
        4026        4025        4028
        4027        4025        4028
        4028        4031        4032
        4028        4031        4033
        4029        4028        4030
        4029        4028        4031
        4030        4028        4031
        4031        4033        4034
        4031        4033        4035
        4032        4031        4033
        4033        4035        4036
        4033        4035        4037
        4033        4035        4051
        4034        4033        4035
        4035        4037        4038
        4035        4037        4039
        4035        4037        4040
        4035        4051        4052
        4035        4051        4088
        4036        4035        4037
        4036        4035        4051
        4037        4035        4051
        4037        4040        4041
        4037        4040        4042
        4037        4040        4043
        4038        4037        4039
        4038        4037        4040
        4039        4037        4040
        4040        4043        4044
        4040        4043        4045
        4040        4043        4046
        4041        4040        4042
        4041        4040        4043
        4042        4040        4043
        4043        4046        4047
        4043        4046        4048
        4043        4046        4049
        4044        4043        4045
        4044        4043        4046
        4045        4043        4046
        4046        4049        4050
        4046        4049        4053
        4047        4046        4048
        4047        4046        4049
        4048        4046        4049
        4049        4053        4054
        4049        4053        4055
        4050        4049        4053
        4051        4088        4089
        4051        4088        4090
        4052        4051        4088
        4053        4055        4056
        4053        4055        4057
        4053        4055        4058
        4054        4053        4055
        4055        4058        4059
        4055        4058        4060
        4056        4055        4057
        4056        4055        4058
        4057        4055        4058
        4058        4060        4061
        4058        4060        4062
        4059        4058        4060
        4060        4062        4063
        4060        4062        4064
        4060        4062        4065
        4061        4060        4062
        4062        4065        4066
        4062        4065        4067
        4063        4062        4064
        4063        4062        4065
        4064        4062        4065
        4065        4067        4068
        4065        4067        4069
        4066        4065        4067
        4067        4069        4070
        4067        4069        4071
        4067        4069        4072
        4068        4067        4069
        4069        4072        4073
        4069        4072        4074
        4070        4069        4071
        4070        4069        4072
        4071        4069        4072
        4072        4074        4075
        4072        4074        4076
        4073        4072        4074
        4074        4076        4077
        4074        4076        4078
        4074        4076        4079
        4075        4074        4076
        4076        4079        4080
        4076        4079        4081
        4077        4076        4078
        4077        4076        4079
        4078        4076        4079
        4079        4081        4082
        4079        4081        4083
        4080        4079        4081
        4081        4083        4084
        4081        4083        4085
        4081        4083        4086
        4082        4081        4083
        4083        4086        4087
        4084        4083        4085
        4084        4083        4086
        4085        4083        4086
        4088        4090        4091
        4088        4090        4092
        4088        4090        4096
        4089        4088        4090
        4090        4092        4093
        4090        4092        4094
        4090        4092        4095
        4090        4096        4097
        4090        4096        4098
        4091        4090        4092
        4091        4090        4096
        4092        4090        4096
        4093        4092        4094
        4093        4092        4095
        4094        4092        4095
        4096        4098        4099
        4096        4098        4100
        4097        4096        4098
        4098        4100        4101
        4098        4100        4102
        4098        4100        4106
        4099        4098        4100
        4100        4102        4103
        4100        4102        4104
        4100        4102        4105
        4100        4106        4107
        4100        4106        4108
        4101        4100        4102
        4101        4100        4106
        4102        4100        4106
        4103        4102        4104
        4103        4102        4105
        4104        4102        4105
        4107        4106        4108
        4109        4113        4111
        4109        4114        4115
        4109        4114        4116
        4109        4114        4124
        4109        4164        4162
        4110        4109        4113
        4110        4109        4114
        4110        4109        4164
        4111        4128        4124
        4111        4128        4129
        4111        4128        4130
        4111        4131        4132
        4111        4131        4133
        4111        4131        4134
        4112        4111        4113
        4112        4111        4128
        4112        4111        4131
        4113        4109        4114
        4113        4109        4164
        4113        4111        4128
        4113        4111        4131
        4114        4109        4164
        4114        4116        4117
        4114        4116        4118
        4114        4124        4125
        4114        4124        4126
        4114        4124        4128
        4115        4114        4116
        4115        4114        4124
        4116        4114        4124
        4116        4118        4119
        4116        4118        4120
        4117        4116        4118
        4118        4120        4121
        4118        4120        4122
        4118        4120        4123
        4119        4118        4120
        4121        4120        4122
        4121        4120        4123
        4122        4120        4123
        4124        4126        4127
        4124        4128        4129
        4124        4128        4130
        4125        4124        4126
        4125        4124        4128
        4126        4124        4128
        4128        4111        4131
        4129        4128        4130
        4131        4134        4135
        4132        4131        4133
        4132        4131        4134
        4133        4131        4134
        4136        4140        4138
        4136        4141        4142
        4136        4141        4143
        4136        4141        4151
        4136        4296        4294
        4137        4136        4140
        4137        4136        4141
        4137        4136        4296
        4138        4162        4151
        4138        4162        4163
        4138        4162        4164
        4138        4165        4166
        4138        4165        4167
        4138        4165        4168
        4139        4138        4140
        4139        4138        4162
        4139        4138        4165
        4140        4136        4141
        4140        4136        4296
        4140        4138        4162
        4140        4138        4165
        4141        4136        4296
        4141        4143        4144
        4141        4143        4145
        4141        4151        4152
        4141        4151        4153
        4141        4151        4162
        4142        4141        4143
        4142        4141        4151
        4143        4141        4151
        4143        4145        4146
        4143        4145        4147
        4144        4143        4145
        4145        4147        4148
        4145        4147        4149
        4145        4147        4150
        4146        4145        4147
        4148        4147        4149
        4148        4147        4150
        4149        4147        4150
        4151        4153        4154
        4151        4162        4163
        4151        4162        4164
        4152        4151        4153
        4152        4151        4162
        4153        4151        4162
        4153        4154        4155
        4153        4154        4156
        4153        4154        4158
        4154        4156        4157
        4154        4156        4170
        4154        4158        4159
        4154        4158        4160
        4154        4158        4161
        4155        4154        4156
        4155        4154        4158
        4156        4154        4158
        4156        4170        4171
        4156        4170        4172
        4157        4156        4170
        4159        4158        4160
        4159        4158        4161
        4160        4158        4161
        4162        4138        4165
        4163        4162        4164
        4165        4168        4169
        4166        4165        4167
        4166        4165        4168
        4167        4165        4168
        4170        4172        4173
        4170        4172        4174
        4170        4172        4178
        4171        4170        4172
        4172        4174        4175
        4172        4174        4176
        4172        4174        4177
        4172        4178        4179
        4172        4178        4180
        4173        4172        4174
        4173        4172        4178
        4174        4172        4178
        4175        4174        4176
        4175        4174        4177
        4176        4174        4177
        4178        4180        4181
        4178        4180        4182
        4179        4178        4180
        4180        4182        4183
        4180        4182        4184
        4180        4182        4189
        4181        4180        4182
        4182        4184        4185
        4182        4184        4186
        4182        4189        4190
        4182        4189        4191
        4182        4189        4192
        4183        4182        4184
        4183        4182        4189
        4184        4182        4189
        4184        4186        4187
        4184        4186        4188
        4185        4184        4186
        4187        4186        4188
        4189        4192        4193
        4189        4192        4194
        4189        4192        4195
        4190        4189        4191
        4190        4189        4192
        4191        4189        4192
        4192        4195        4196
        4192        4195        4197
        4193        4192        4194
        4193        4192        4195
        4194        4192        4195
        4195        4197        4198
        4195        4197        4199
        4196        4195        4197
        4197        4199        4200
        4197        4199        4201
        4197        4199        4215
        4198        4197        4199
        4199        4201        4202
        4199        4201        4203
        4199        4201        4204
        4199        4215        4216
        4199        4215        4254
        4200        4199        4201
        4200        4199        4215
        4201        4199        4215
        4201        4204        4205
        4201        4204        4206
        4201        4204        4207
        4202        4201        4203
        4202        4201        4204
        4203        4201        4204
        4204        4207        4208
        4204        4207        4209
        4204        4207        4210
        4205        4204        4206
        4205        4204        4207
        4206        4204        4207
        4207        4210        4211
        4207        4210        4212
        4207        4210        4213
        4208        4207        4209
        4208        4207        4210
        4209        4207        4210
        4210        4213        4214
        4210        4213        4217
        4211        4210        4212
        4211        4210        4213
        4212        4210        4213
        4213        4217        4218
        4213        4217        4219
        4214        4213        4217
        4215        4254        4255
        4215        4254        4256
        4216        4215        4254
        4217        4219        4220
        4217        4219        4221
        4217        4219        4222
        4218        4217        4219
        4219        4222        4223
        4219        4222        4224
        4220        4219        4221
        4220        4219        4222
        4221        4219        4222
        4222        4224        4225
        4222        4224        4226
        4223        4222        4224
        4224        4226        4227
        4224        4226        4228
        4224        4226        4229
        4225        4224        4226
        4226        4229        4230
        4226        4229        4231
        4227        4226        4228
        4227        4226        4229
        4228        4226        4229
        4229        4231        4232
        4229        4231        4233
        4230        4229        4231
        4231        4233        4234
        4231        4233        4235
        4231        4233        4236
        4232        4231        4233
        4233        4236        4237
        4233        4236        4238
        4234        4233        4235
        4234        4233        4236
        4235        4233        4236
        4236        4238        4239
        4236        4238        4240
        4237        4236        4238
        4238        4240        4241
        4238        4240        4242
        4238        4240        4243
        4239        4238        4240
        4240        4243        4244
        4240        4243        4245
        4241        4240        4242
        4241        4240        4243
        4242        4240        4243
        4243        4245        4246
        4243        4245        4247
        4244        4243        4245
        4245        4247        4248
        4245        4247        4249
        4245        4247        4250
        4246        4245        4247
        4247        4250        4251
        4247        4250        4252
        4247        4250        4253
        4248        4247        4249
        4248        4247        4250
        4249        4247        4250
        4251        4250        4252
        4251        4250        4253
        4252        4250        4253
        4254        4256        4257
        4254        4256        4258
        4254        4256        4262
        4255        4254        4256
        4256        4258        4259
        4256        4258        4260
        4256        4258        4261
        4256        4262        4263
        4256        4262        4264
        4257        4256        4258
        4257        4256        4262
        4258        4256        4262
        4259        4258        4260
        4259        4258        4261
        4260        4258        4261
        4262        4264        4265
        4262        4264        4266
        4263        4262        4264
        4264        4266        4267
        4264        4266        4268
        4264        4266        4272
        4265        4264        4266
        4266        4268        4269
        4266        4268        4270
        4266        4268        4271
        4266        4272        4273
        4266        4272        4274
        4267        4266        4268
        4267        4266        4272
        4268        4266        4272
        4269        4268        4270
        4269        4268        4271
        4270        4268        4271
        4273        4272        4274
        4275        4279        4277
        4275        4280        4281
        4275        4280        4282
        4275        4280        4290
        4275        4330        4328
        4276        4275        4279
        4276        4275        4280
        4276        4275        4330
        4277        4294        4290
        4277        4294        4295
        4277        4294        4296
        4277        4297        4298
        4277        4297        4299
        4277        4297        4300
        4278        4277        4279
        4278        4277        4294
        4278        4277        4297
        4279        4275        4280
        4279        4275        4330
        4279        4277        4294
        4279        4277        4297
        4280        4275        4330
        4280        4282        4283
        4280        4282        4284
        4280        4290        4291
        4280        4290        4292
        4280        4290        4294
        4281        4280        4282
        4281        4280        4290
        4282        4280        4290
        4282        4284        4285
        4282        4284        4286
        4283        4282        4284
        4284        4286        4287
        4284        4286        4288
        4284        4286        4289
        4285        4284        4286
        4287        4286        4288
        4287        4286        4289
        4288        4286        4289
        4290        4292        4293
        4290        4294        4295
        4290        4294        4296
        4291        4290        4292
        4291        4290        4294
        4292        4290        4294
        4294        4277        4297
        4295        4294        4296
        4297        4300        4301
        4298        4297        4299
        4298        4297        4300
        4299        4297        4300
        4302        4306        4304
        4302        4307        4308
        4302        4307        4309
        4302        4307        4317
        4302        4416        4414
        4303        4302        4306
        4303        4302        4307
        4303        4302        4416
        4304        4328        4317
        4304        4328        4329
        4304        4328        4330
        4304        4331        4332
        4304        4331        4333
        4304        4331        4334
        4305        4304        4306
        4305        4304        4328
        4305        4304        4331
        4306        4302        4307
        4306        4302        4416
        4306        4304        4328
        4306        4304        4331
        4307        4302        4416
        4307        4309        4310
        4307        4309        4311
        4307        4317        4318
        4307        4317        4319
        4307        4317        4328
        4308        4307        4309
        4308        4307        4317
        4309        4307        4317
        4309        4311        4312
        4309        4311        4313
        4310        4309        4311
        4311        4313        4314
        4311        4313        4315
        4311        4313        4316
        4312        4311        4313
        4314        4313        4315
        4314        4313        4316
        4315        4313        4316
        4317        4319        4320
        4317        4328        4329
        4317        4328        4330
        4318        4317        4319
        4318        4317        4328
        4319        4317        4328
        4319        4320        4321
        4319        4320        4322
        4319        4320        4324
        4320        4322        4323
        4320        4322        4336
        4320        4324        4325
        4320        4324        4326
        4320        4324        4327
        4321        4320        4322
        4321        4320        4324
        4322        4320        4324
        4322        4336        4337
        4322        4336        4338
        4323        4322        4336
        4325        4324        4326
        4325        4324        4327
        4326        4324        4327
        4328        4304        4331
        4329        4328        4330
        4331        4334        4335
        4332        4331        4333
        4332        4331        4334
        4333        4331        4334
        4336        4338        4339
        4336        4338        4340
        4336        4338        4344
        4337        4336        4338
        4338        4340        4341
        4338        4340        4342
        4338        4340        4343
        4338        4344        4345
        4338        4344        4346
        4339        4338        4340
        4339        4338        4344
        4340        4338        4344
        4341        4340        4342
        4341        4340        4343
        4342        4340        4343
        4344        4346        4347
        4344        4346        4348
        4345        4344        4346
        4346        4348        4349
        4346        4348        4350
        4346        4348        4355
        4347        4346        4348
        4348        4350        4351
        4348        4350        4352
        4348        4355        4356
        4348        4355        4357
        4348        4355        4358
        4349        4348        4350
        4349        4348        4355
        4350        4348        4355
        4350        4352        4353
        4350        4352        4354
        4351        4350        4352
        4353        4352        4354
        4355        4358        4359
        4355        4358        4360
        4355        4358        4361
        4356        4355        4357
        4356        4355        4358
        4357        4355        4358
        4358        4361        4362
        4358        4361        4363
        4359        4358        4360
        4359        4358        4361
        4360        4358        4361
        4361        4363        4364
        4361        4363        4365
        4362        4361        4363
        4363        4365        4366
        4363        4365        4367
        4363        4365        4383
        4364        4363        4365
        4365        4367        4368
        4365        4367        4369
        4365        4367        4370
        4365        4383        4384
        4365        4383        4385
        4366        4365        4367
        4366        4365        4383
        4367        4365        4383
        4367        4370        4371
        4367        4370        4372
        4367        4370        4373
        4368        4367        4369
        4368        4367        4370
        4369        4367        4370
        4370        4373        4374
        4370        4373        4375
        4370        4373        4376
        4371        4370        4372
        4371        4370        4373
        4372        4370        4373
        4373        4376        4377
        4373        4376        4378
        4373        4376        4379
        4374        4373        4375
        4374        4373        4376
        4375        4373        4376
        4376        4379        4380
        4376        4379        4381
        4376        4379        4382
        4377        4376        4378
        4377        4376        4379
        4378        4376        4379
        4380        4379        4381
        4380        4379        4382
        4381        4379        4382
        4383        4385        4386
        4383        4385        4387
        4384        4383        4385
        4385        4387        4388
        4385        4387        4389
        4385        4387        4393
        4386        4385        4387
        4387        4389        4390
        4387        4389        4391
        4387        4389        4392
        4387        4393        4394
        4387        4393        6012
        4388        4387        4389
        4388        4387        4393
        4389        4387        4393
        4390        4389        4391
        4390        4389        4392
        4391        4389        4392
        4393        6012        6009
        4393        6012        6013
        4394        4393        6012
        4395        4399        4397
        4395        4400        4401
        4395        4400        4402
        4395        4400        4410
        4395        4450        4448
        4396        4395        4399
        4396        4395        4400
        4396        4395        4450
        4397        4414        4410
        4397        4414        4415
        4397        4414        4416
        4397        4417        4418
        4397        4417        4419
        4397        4417        4420
        4398        4397        4399
        4398        4397        4414
        4398        4397        4417
        4399        4395        4400
        4399        4395        4450
        4399        4397        4414
        4399        4397        4417
        4400        4395        4450
        4400        4402        4403
        4400        4402        4404
        4400        4410        4411
        4400        4410        4412
        4400        4410        4414
        4401        4400        4402
        4401        4400        4410
        4402        4400        4410
        4402        4404        4405
        4402        4404        4406
        4403        4402        4404
        4404        4406        4407
        4404        4406        4408
        4404        4406        4409
        4405        4404        4406
        4407        4406        4408
        4407        4406        4409
        4408        4406        4409
        4410        4412        4413
        4410        4414        4415
        4410        4414        4416
        4411        4410        4412
        4411        4410        4414
        4412        4410        4414
        4414        4397        4417
        4415        4414        4416
        4417        4420        4421
        4418        4417        4419
        4418        4417        4420
        4419        4417        4420
        4422        4426        4424
        4422        4427        4428
        4422        4427        4429
        4422        4427        4437
        4422        4582        4580
        4423        4422        4426
        4423        4422        4427
        4423        4422        4582
        4424        4448        4437
        4424        4448        4449
        4424        4448        4450
        4424        4451        4452
        4424        4451        4453
        4424        4451        4454
        4425        4424        4426
        4425        4424        4448
        4425        4424        4451
        4426        4422        4427
        4426        4422        4582
        4426        4424        4448
        4426        4424        4451
        4427        4422        4582
        4427        4429        4430
        4427        4429        4431
        4427        4437        4438
        4427        4437        4439
        4427        4437        4448
        4428        4427        4429
        4428        4427        4437
        4429        4427        4437
        4429        4431        4432
        4429        4431        4433
        4430        4429        4431
        4431        4433        4434
        4431        4433        4435
        4431        4433        4436
        4432        4431        4433
        4434        4433        4435
        4434        4433        4436
        4435        4433        4436
        4437        4439        4440
        4437        4448        4449
        4437        4448        4450
        4438        4437        4439
        4438        4437        4448
        4439        4437        4448
        4439        4440        4441
        4439        4440        4442
        4439        4440        4444
        4440        4442        4443
        4440        4442        4456
        4440        4444        4445
        4440        4444        4446
        4440        4444        4447
        4441        4440        4442
        4441        4440        4444
        4442        4440        4444
        4442        4456        4457
        4442        4456        4458
        4443        4442        4456
        4445        4444        4446
        4445        4444        4447
        4446        4444        4447
        4448        4424        4451
        4449        4448        4450
        4451        4454        4455
        4452        4451        4453
        4452        4451        4454
        4453        4451        4454
        4456        4458        4459
        4456        4458        4460
        4456        4458        4464
        4457        4456        4458
        4458        4460        4461
        4458        4460        4462
        4458        4460        4463
        4458        4464        4465
        4458        4464        4466
        4459        4458        4460
        4459        4458        4464
        4460        4458        4464
        4461        4460        4462
        4461        4460        4463
        4462        4460        4463
        4464        4466        4467
        4464        4466        4468
        4465        4464        4466
        4466        4468        4469
        4466        4468        4470
        4466        4468        4475
        4467        4466        4468
        4468        4470        4471
        4468        4470        4472
        4468        4475        4476
        4468        4475        4477
        4468        4475        4478
        4469        4468        4470
        4469        4468        4475
        4470        4468        4475
        4470        4472        4473
        4470        4472        4474
        4471        4470        4472
        4473        4472        4474
        4475        4478        4479
        4475        4478        4480
        4475        4478        4481
        4476        4475        4477
        4476        4475        4478
        4477        4475        4478
        4478        4481        4482
        4478        4481        4483
        4479        4478        4480
        4479        4478        4481
        4480        4478        4481
        4481        4483        4484
        4481        4483        4485
        4482        4481        4483
        4483        4485        4486
        4483        4485        4487
        4483        4485        4501
        4484        4483        4485
        4485        4487        4488
        4485        4487        4489
        4485        4487        4490
        4485        4501        4502
        4485        4501        4540
        4486        4485        4487
        4486        4485        4501
        4487        4485        4501
        4487        4490        4491
        4487        4490        4492
        4487        4490        4493
        4488        4487        4489
        4488        4487        4490
        4489        4487        4490
        4490        4493        4494
        4490        4493        4495
        4490        4493        4496
        4491        4490        4492
        4491        4490        4493
        4492        4490        4493
        4493        4496        4497
        4493        4496        4498
        4493        4496        4499
        4494        4493        4495
        4494        4493        4496
        4495        4493        4496
        4496        4499        4500
        4496        4499        4503
        4497        4496        4498
        4497        4496        4499
        4498        4496        4499
        4499        4503        4504
        4499        4503        4505
        4500        4499        4503
        4501        4540        4541
        4501        4540        4542
        4502        4501        4540
        4503        4505        4506
        4503        4505        4507
        4503        4505        4508
        4504        4503        4505
        4505        4508        4509
        4505        4508        4510
        4506        4505        4507
        4506        4505        4508
        4507        4505        4508
        4508        4510        4511
        4508        4510        4512
        4509        4508        4510
        4510        4512        4513
        4510        4512        4514
        4510        4512        4515
        4511        4510        4512
        4512        4515        4516
        4512        4515        4517
        4513        4512        4514
        4513        4512        4515
        4514        4512        4515
        4515        4517        4518
        4515        4517        4519
        4516        4515        4517
        4517        4519        4520
        4517        4519        4521
        4517        4519        4522
        4518        4517        4519
        4519        4522        4523
        4519        4522        4524
        4520        4519        4521
        4520        4519        4522
        4521        4519        4522
        4522        4524        4525
        4522        4524        4526
        4523        4522        4524
        4524        4526        4527
        4524        4526        4528
        4524        4526        4529
        4525        4524        4526
        4526        4529        4530
        4526        4529        4531
        4527        4526        4528
        4527        4526        4529
        4528        4526        4529
        4529        4531        4532
        4529        4531        4533
        4530        4529        4531
        4531        4533        4534
        4531        4533        4535
        4531        4533        4536
        4532        4531        4533
        4533        4536        4537
        4533        4536        4538
        4533        4536        4539
        4534        4533        4535
        4534        4533        4536
        4535        4533        4536
        4537        4536        4538
        4537        4536        4539
        4538        4536        4539
        4540        4542        4543
        4540        4542        4544
        4540        4542        4548
        4541        4540        4542
        4542        4544        4545
        4542        4544        4546
        4542        4544        4547
        4542        4548        4549
        4542        4548        4550
        4543        4542        4544
        4543        4542        4548
        4544        4542        4548
        4545        4544        4546
        4545        4544        4547
        4546        4544        4547
        4548        4550        4551
        4548        4550        4552
        4549        4548        4550
        4550        4552        4553
        4550        4552        4554
        4550        4552        4558
        4551        4550        4552
        4552        4554        4555
        4552        4554        4556
        4552        4554        4557
        4552        4558        4559
        4552        4558        4560
        4553        4552        4554
        4553        4552        4558
        4554        4552        4558
        4555        4554        4556
        4555        4554        4557
        4556        4554        4557
        4559        4558        4560
        4561        4565        4563
        4561        4566        4567
        4561        4566        4568
        4561        4566        4576
        4561        4616        4614
        4562        4561        4565
        4562        4561        4566
        4562        4561        4616
        4563        4580        4576
        4563        4580        4581
        4563        4580        4582
        4563        4583        4584
        4563        4583        4585
        4563        4583        4586
        4564        4563        4565
        4564        4563        4580
        4564        4563        4583
        4565        4561        4566
        4565        4561        4616
        4565        4563        4580
        4565        4563        4583
        4566        4561        4616
        4566        4568        4569
        4566        4568        4570
        4566        4576        4577
        4566        4576        4578
        4566        4576        4580
        4567        4566        4568
        4567        4566        4576
        4568        4566        4576
        4568        4570        4571
        4568        4570        4572
        4569        4568        4570
        4570        4572        4573
        4570        4572        4574
        4570        4572        4575
        4571        4570        4572
        4573        4572        4574
        4573        4572        4575
        4574        4572        4575
        4576        4578        4579
        4576        4580        4581
        4576        4580        4582
        4577        4576        4578
        4577        4576        4580
        4578        4576        4580
        4580        4563        4583
        4581        4580        4582
        4583        4586        4587
        4584        4583        4585
        4584        4583        4586
        4585        4583        4586
        4588        4592        4590
        4588        4593        4594
        4588        4593        4595
        4588        4593        4603
        4588        4702        4700
        4589        4588        4592
        4589        4588        4593
        4589        4588        4702
        4590        4614        4603
        4590        4614        4615
        4590        4614        4616
        4590        4617        4618
        4590        4617        4619
        4590        4617        4620
        4591        4590        4592
        4591        4590        4614
        4591        4590        4617
        4592        4588        4593
        4592        4588        4702
        4592        4590        4614
        4592        4590        4617
        4593        4588        4702
        4593        4595        4596
        4593        4595        4597
        4593        4603        4604
        4593        4603        4605
        4593        4603        4614
        4594        4593        4595
        4594        4593        4603
        4595        4593        4603
        4595        4597        4598
        4595        4597        4599
        4596        4595        4597
        4597        4599        4600
        4597        4599        4601
        4597        4599        4602
        4598        4597        4599
        4600        4599        4601
        4600        4599        4602
        4601        4599        4602
        4603        4605        4606
        4603        4614        4615
        4603        4614        4616
        4604        4603        4605
        4604        4603        4614
        4605        4603        4614
        4605        4606        4607
        4605        4606        4608
        4605        4606        4610
        4606        4608        4609
        4606        4608        4622
        4606        4610        4611
        4606        4610        4612
        4606        4610        4613
        4607        4606        4608
        4607        4606        4610
        4608        4606        4610
        4608        4622        4623
        4608        4622        4624
        4609        4608        4622
        4611        4610        4612
        4611        4610        4613
        4612        4610        4613
        4614        4590        4617
        4615        4614        4616
        4617        4620        4621
        4618        4617        4619
        4618        4617        4620
        4619        4617        4620
        4622        4624        4625
        4622        4624        4626
        4622        4624        4630
        4623        4622        4624
        4624        4626        4627
        4624        4626        4628
        4624        4626        4629
        4624        4630        4631
        4624        4630        4632
        4625        4624        4626
        4625        4624        4630
        4626        4624        4630
        4627        4626        4628
        4627        4626        4629
        4628        4626        4629
        4630        4632        4633
        4630        4632        4634
        4631        4630        4632
        4632        4634        4635
        4632        4634        4636
        4632        4634        4641
        4633        4632        4634
        4634        4636        4637
        4634        4636        4638
        4634        4641        4642
        4634        4641        4643
        4634        4641        4644
        4635        4634        4636
        4635        4634        4641
        4636        4634        4641
        4636        4638        4639
        4636        4638        4640
        4637        4636        4638
        4639        4638        4640
        4641        4644        4645
        4641        4644        4646
        4641        4644        4647
        4642        4641        4643
        4642        4641        4644
        4643        4641        4644
        4644        4647        4648
        4644        4647        4649
        4645        4644        4646
        4645        4644        4647
        4646        4644        4647
        4647        4649        4650
        4647        4649        4651
        4648        4647        4649
        4649        4651        4652
        4649        4651        4653
        4649        4651        4669
        4650        4649        4651
        4651        4653        4654
        4651        4653        4655
        4651        4653        4656
        4651        4669        4670
        4651        4669        4671
        4652        4651        4653
        4652        4651        4669
        4653        4651        4669
        4653        4656        4657
        4653        4656        4658
        4653        4656        4659
        4654        4653        4655
        4654        4653        4656
        4655        4653        4656
        4656        4659        4660
        4656        4659        4661
        4656        4659        4662
        4657        4656        4658
        4657        4656        4659
        4658        4656        4659
        4659        4662        4663
        4659        4662        4664
        4659        4662        4665
        4660        4659        4661
        4660        4659        4662
        4661        4659        4662
        4662        4665        4666
        4662        4665        4667
        4662        4665        4668
        4663        4662        4664
        4663        4662        4665
        4664        4662        4665
        4666        4665        4667
        4666        4665        4668
        4667        4665        4668
        4669        4671        4672
        4669        4671        4673
        4670        4669        4671
        4671        4673        4674
        4671        4673        4675
        4671        4673        4679
        4672        4671        4673
        4673        4675        4676
        4673        4675        4677
        4673        4675        4678
        4673        4679        4680
        4673        4679        6635
        4674        4673        4675
        4674        4673        4679
        4675        4673        4679
        4676        4675        4677
        4676        4675        4678
        4677        4675        4678
        4679        6635        6632
        4679        6635        6636
        4680        4679        6635
        4681        4685        4683
        4681        4686        4687
        4681        4686        4688
        4681        4686        4696
        4681        4736        4734
        4682        4681        4685
        4682        4681        4686
        4682        4681        4736
        4683        4700        4696
        4683        4700        4701
        4683        4700        4702
        4683        4703        4704
        4683        4703        4705
        4683        4703        4706
        4684        4683        4685
        4684        4683        4700
        4684        4683        4703
        4685        4681        4686
        4685        4681        4736
        4685        4683        4700
        4685        4683        4703
        4686        4681        4736
        4686        4688        4689
        4686        4688        4690
        4686        4696        4697
        4686        4696        4698
        4686        4696        4700
        4687        4686        4688
        4687        4686        4696
        4688        4686        4696
        4688        4690        4691
        4688        4690        4692
        4689        4688        4690
        4690        4692        4693
        4690        4692        4694
        4690        4692        4695
        4691        4690        4692
        4693        4692        4694
        4693        4692        4695
        4694        4692        4695
        4696        4698        4699
        4696        4700        4701
        4696        4700        4702
        4697        4696        4698
        4697        4696        4700
        4698        4696        4700
        4700        4683        4703
        4701        4700        4702
        4703        4706        4707
        4704        4703        4705
        4704        4703        4706
        4705        4703        4706
        4708        4712        4710
        4708        4713        4714
        4708        4713        4715
        4708        4713        4723
        4708        4833        4831
        4709        4708        4712
        4709        4708        4713
        4709        4708        4833
        4710        4734        4723
        4710        4734        4735
        4710        4734        4736
        4710        4737        4738
        4710        4737        4739
        4710        4737        4740
        4711        4710        4712
        4711        4710        4734
        4711        4710        4737
        4712        4708        4713
        4712        4708        4833
        4712        4710        4734
        4712        4710        4737
        4713        4708        4833
        4713        4715        4716
        4713        4715        4717
        4713        4723        4724
        4713        4723        4725
        4713        4723        4734
        4714        4713        4715
        4714        4713        4723
        4715        4713        4723
        4715        4717        4718
        4715        4717        4719
        4716        4715        4717
        4717        4719        4720
        4717        4719        4721
        4717        4719        4722
        4718        4717        4719
        4720        4719        4721
        4720        4719        4722
        4721        4719        4722
        4723        4725        4726
        4723        4734        4735
        4723        4734        4736
        4724        4723        4725
        4724        4723        4734
        4725        4723        4734
        4725        4726        4727
        4725        4726        4728
        4725        4726        4730
        4726        4728        4729
        4726        4728        4742
        4726        4730        4731
        4726        4730        4732
        4726        4730        4733
        4727        4726        4728
        4727        4726        4730
        4728        4726        4730
        4728        4742        4743
        4728        4742        4744
        4729        4728        4742
        4731        4730        4732
        4731        4730        4733
        4732        4730        4733
        4734        4710        4737
        4735        4734        4736
        4737        4740        4741
        4738        4737        4739
        4738        4737        4740
        4739        4737        4740
        4742        4744        4745
        4742        4744        4746
        4742        4744        4750
        4743        4742        4744
        4744        4746        4747
        4744        4746        4748
        4744        4746        4749
        4744        4750        4751
        4744        4750        4752
        4745        4744        4746
        4745        4744        4750
        4746        4744        4750
        4747        4746        4748
        4747        4746        4749
        4748        4746        4749
        4750        4752        4753
        4750        4752        4754
        4751        4750        4752
        4752        4754        4755
        4752        4754        4756
        4752        4754        4761
        4753        4752        4754
        4754        4756        4757
        4754        4756        4758
        4754        4761        4762
        4754        4761        4763
        4754        4761        4764
        4755        4754        4756
        4755        4754        4761
        4756        4754        4761
        4756        4758        4759
        4756        4758        4760
        4757        4756        4758
        4759        4758        4760
        4761        4764        4765
        4761        4764        4766
        4761        4764        4767
        4762        4761        4763
        4762        4761        4764
        4763        4761        4764
        4764        4767        4768
        4764        4767        4769
        4765        4764        4766
        4765        4764        4767
        4766        4764        4767
        4767        4769        4770
        4767        4769        4771
        4768        4767        4769
        4769        4771        4772
        4769        4771        4773
        4769        4771        4789
        4770        4769        4771
        4771        4773        4774
        4771        4773        4775
        4771        4773        4776
        4771        4789        4790
        4771        4789        4791
        4772        4771        4773
        4772        4771        4789
        4773        4771        4789
        4773        4776        4777
        4773        4776        4778
        4773        4776        4779
        4774        4773        4775
        4774        4773        4776
        4775        4773        4776
        4776        4779        4780
        4776        4779        4781
        4776        4779        4782
        4777        4776        4778
        4777        4776        4779
        4778        4776        4779
        4779        4782        4783
        4779        4782        4784
        4779        4782        4785
        4780        4779        4781
        4780        4779        4782
        4781        4779        4782
        4782        4785        4786
        4782        4785        4787
        4782        4785        4788
        4783        4782        4784
        4783        4782        4785
        4784        4782        4785
        4786        4785        4787
        4786        4785        4788
        4787        4785        4788
        4789        4791        4792
        4789        4791        4793
        4790        4789        4791
        4791        4793        4794
        4791        4793        4795
        4791        4793        4799
        4792        4791        4793
        4793        4795        4796
        4793        4795        4797
        4793        4795        4798
        4793        4799        4800
        4793        4799        4801
        4794        4793        4795
        4794        4793        4799
        4795        4793        4799
        4796        4795        4797
        4796        4795        4798
        4797        4795        4798
        4799        4801        4802
        4799        4801        4803
        4800        4799        4801
        4801        4803        4804
        4801        4803        4805
        4801        4803        4809
        4802        4801        4803
        4803        4805        4806
        4803        4805        4807
        4803        4805        4808
        4803        4809        4810
        4803        4809        4811
        4804        4803        4805
        4804        4803        4809
        4805        4803        4809
        4806        4805        4807
        4806        4805        4808
        4807        4805        4808
        4810        4809        4811
        4812        4816        4814
        4812        4817        4818
        4812        4817        4819
        4812        4817        4827
        4812        4867        4865
        4813        4812        4816
        4813        4812        4817
        4813        4812        4867
        4814        4831        4827
        4814        4831        4832
        4814        4831        4833
        4814        4834        4835
        4814        4834        4836
        4814        4834        4837
        4815        4814        4816
        4815        4814        4831
        4815        4814        4834
        4816        4812        4817
        4816        4812        4867
        4816        4814        4831
        4816        4814        4834
        4817        4812        4867
        4817        4819        4820
        4817        4819        4821
        4817        4827        4828
        4817        4827        4829
        4817        4827        4831
        4818        4817        4819
        4818        4817        4827
        4819        4817        4827
        4819        4821        4822
        4819        4821        4823
        4820        4819        4821
        4821        4823        4824
        4821        4823        4825
        4821        4823        4826
        4822        4821        4823
        4824        4823        4825
        4824        4823        4826
        4825        4823        4826
        4827        4829        4830
        4827        4831        4832
        4827        4831        4833
        4828        4827        4829
        4828        4827        4831
        4829        4827        4831
        4831        4814        4834
        4832        4831        4833
        4834        4837        4838
        4835        4834        4836
        4835        4834        4837
        4836        4834        4837
        4839        4843        4841
        4839        4844        4845
        4839        4844        4846
        4839        4844        4854
        4839        4953        4951
        4840        4839        4843
        4840        4839        4844
        4840        4839        4953
        4841        4865        4854
        4841        4865        4866
        4841        4865        4867
        4841        4868        4869
        4841        4868        4870
        4841        4868        4871
        4842        4841        4843
        4842        4841        4865
        4842        4841        4868
        4843        4839        4844
        4843        4839        4953
        4843        4841        4865
        4843        4841        4868
        4844        4839        4953
        4844        4846        4847
        4844        4846        4848
        4844        4854        4855
        4844        4854        4856
        4844        4854        4865
        4845        4844        4846
        4845        4844        4854
        4846        4844        4854
        4846        4848        4849
        4846        4848        4850
        4847        4846        4848
        4848        4850        4851
        4848        4850        4852
        4848        4850        4853
        4849        4848        4850
        4851        4850        4852
        4851        4850        4853
        4852        4850        4853
        4854        4856        4857
        4854        4865        4866
        4854        4865        4867
        4855        4854        4856
        4855        4854        4865
        4856        4854        4865
        4856        4857        4858
        4856        4857        4859
        4856        4857        4861
        4857        4859        4860
        4857        4859        4873
        4857        4861        4862
        4857        4861        4863
        4857        4861        4864
        4858        4857        4859
        4858        4857        4861
        4859        4857        4861
        4859        4873        4874
        4859        4873        4875
        4860        4859        4873
        4862        4861        4863
        4862        4861        4864
        4863        4861        4864
        4865        4841        4868
        4866        4865        4867
        4868        4871        4872
        4869        4868        4870
        4869        4868        4871
        4870        4868        4871
        4873        4875        4876
        4873        4875        4877
        4873        4875        4881
        4874        4873        4875
        4875        4877        4878
        4875        4877        4879
        4875        4877        4880
        4875        4881        4882
        4875        4881        4883
        4876        4875        4877
        4876        4875        4881
        4877        4875        4881
        4878        4877        4879
        4878        4877        4880
        4879        4877        4880
        4881        4883        4884
        4881        4883        4885
        4882        4881        4883
        4883        4885        4886
        4883        4885        4887
        4883        4885        4892
        4884        4883        4885
        4885        4887        4888
        4885        4887        4889
        4885        4892        4893
        4885        4892        4894
        4885        4892        4895
        4886        4885        4887
        4886        4885        4892
        4887        4885        4892
        4887        4889        4890
        4887        4889        4891
        4888        4887        4889
        4890        4889        4891
        4892        4895        4896
        4892        4895        4897
        4892        4895        4898
        4893        4892        4894
        4893        4892        4895
        4894        4892        4895
        4895        4898        4899
        4895        4898        4900
        4896        4895        4897
        4896        4895        4898
        4897        4895        4898
        4898        4900        4901
        4898        4900        4902
        4899        4898        4900
        4900        4902        4903
        4900        4902        4904
        4900        4902        4920
        4901        4900        4902
        4902        4904        4905
        4902        4904        4906
        4902        4904        4907
        4902        4920        4921
        4902        4920        4922
        4903        4902        4904
        4903        4902        4920
        4904        4902        4920
        4904        4907        4908
        4904        4907        4909
        4904        4907        4910
        4905        4904        4906
        4905        4904        4907
        4906        4904        4907
        4907        4910        4911
        4907        4910        4912
        4907        4910        4913
        4908        4907        4909
        4908        4907        4910
        4909        4907        4910
        4910        4913        4914
        4910        4913        4915
        4910        4913        4916
        4911        4910        4912
        4911        4910        4913
        4912        4910        4913
        4913        4916        4917
        4913        4916        4918
        4913        4916        4919
        4914        4913        4915
        4914        4913        4916
        4915        4913        4916
        4917        4916        4918
        4917        4916        4919
        4918        4916        4919
        4920        4922        4923
        4920        4922        4924
        4921        4920        4922
        4922        4924        4925
        4922        4924        4926
        4922        4924        4930
        4923        4922        4924
        4924        4926        4927
        4924        4926        4928
        4924        4926        4929
        4924        4930        4931
        4925        4924        4926
        4925        4924        4930
        4926        4924        4930
        4927        4926        4928
        4927        4926        4929
        4928        4926        4929
        4932        4936        4934
        4932        4937        4938
        4932        4937        4939
        4932        4937        4947
        4932        4987        4985
        4933        4932        4936
        4933        4932        4937
        4933        4932        4987
        4934        4951        4947
        4934        4951        4952
        4934        4951        4953
        4934        4954        4955
        4934        4954        4956
        4934        4954        4957
        4935        4934        4936
        4935        4934        4951
        4935        4934        4954
        4936        4932        4937
        4936        4932        4987
        4936        4934        4951
        4936        4934        4954
        4937        4932        4987
        4937        4939        4940
        4937        4939        4941
        4937        4947        4948
        4937        4947        4949
        4937        4947        4951
        4938        4937        4939
        4938        4937        4947
        4939        4937        4947
        4939        4941        4942
        4939        4941        4943
        4940        4939        4941
        4941        4943        4944
        4941        4943        4945
        4941        4943        4946
        4942        4941        4943
        4944        4943        4945
        4944        4943        4946
        4945        4943        4946
        4947        4949        4950
        4947        4951        4952
        4947        4951        4953
        4948        4947        4949
        4948        4947        4951
        4949        4947        4951
        4951        4934        4954
        4952        4951        4953
        4954        4957        4958
        4955        4954        4956
        4955        4954        4957
        4956        4954        4957
        4959        4963        4961
        4959        4964        4965
        4959        4964        4966
        4959        4964        4974
        4959        5084        5082
        4960        4959        4963
        4960        4959        4964
        4960        4959        5084
        4961        4985        4974
        4961        4985        4986
        4961        4985        4987
        4961        4988        4989
        4961        4988        4990
        4961        4988        4991
        4962        4961        4963
        4962        4961        4985
        4962        4961        4988
        4963        4959        4964
        4963        4959        5084
        4963        4961        4985
        4963        4961        4988
        4964        4959        5084
        4964        4966        4967
        4964        4966        4968
        4964        4974        4975
        4964        4974        4976
        4964        4974        4985
        4965        4964        4966
        4965        4964        4974
        4966        4964        4974
        4966        4968        4969
        4966        4968        4970
        4967        4966        4968
        4968        4970        4971
        4968        4970        4972
        4968        4970        4973
        4969        4968        4970
        4971        4970        4972
        4971        4970        4973
        4972        4970        4973
        4974        4976        4977
        4974        4985        4986
        4974        4985        4987
        4975        4974        4976
        4975        4974        4985
        4976        4974        4985
        4976        4977        4978
        4976        4977        4979
        4976        4977        4981
        4977        4979        4980
        4977        4979        4993
        4977        4981        4982
        4977        4981        4983
        4977        4981        4984
        4978        4977        4979
        4978        4977        4981
        4979        4977        4981
        4979        4993        4994
        4979        4993        4995
        4980        4979        4993
        4982        4981        4983
        4982        4981        4984
        4983        4981        4984
        4985        4961        4988
        4986        4985        4987
        4988        4991        4992
        4989        4988        4990
        4989        4988        4991
        4990        4988        4991
        4993        4995        4996
        4993        4995        4997
        4993        4995        5001
        4994        4993        4995
        4995        4997        4998
        4995        4997        4999
        4995        4997        5000
        4995        5001        5002
        4995        5001        5003
        4996        4995        4997
        4996        4995        5001
        4997        4995        5001
        4998        4997        4999
        4998        4997        5000
        4999        4997        5000
        5001        5003        5004
        5001        5003        5005
        5002        5001        5003
        5003        5005        5006
        5003        5005        5007
        5003        5005        5012
        5004        5003        5005
        5005        5007        5008
        5005        5007        5009
        5005        5012        5013
        5005        5012        5014
        5005        5012        5015
        5006        5005        5007
        5006        5005        5012
        5007        5005        5012
        5007        5009        5010
        5007        5009        5011
        5008        5007        5009
        5010        5009        5011
        5012        5015        5016
        5012        5015        5017
        5012        5015        5018
        5013        5012        5014
        5013        5012        5015
        5014        5012        5015
        5015        5018        5019
        5015        5018        5020
        5016        5015        5017
        5016        5015        5018
        5017        5015        5018
        5018        5020        5021
        5018        5020        5022
        5019        5018        5020
        5020        5022        5023
        5020        5022        5024
        5020        5022        5040
        5021        5020        5022
        5022        5024        5025
        5022        5024        5026
        5022        5024        5027
        5022        5040        5041
        5022        5040        5042
        5023        5022        5024
        5023        5022        5040
        5024        5022        5040
        5024        5027        5028
        5024        5027        5029
        5024        5027        5030
        5025        5024        5026
        5025        5024        5027
        5026        5024        5027
        5027        5030        5031
        5027        5030        5032
        5027        5030        5033
        5028        5027        5029
        5028        5027        5030
        5029        5027        5030
        5030        5033        5034
        5030        5033        5035
        5030        5033        5036
        5031        5030        5032
        5031        5030        5033
        5032        5030        5033
        5033        5036        5037
        5033        5036        5038
        5033        5036        5039
        5034        5033        5035
        5034        5033        5036
        5035        5033        5036
        5037        5036        5038
        5037        5036        5039
        5038        5036        5039
        5040        5042        5043
        5040        5042        5044
        5041        5040        5042
        5042        5044        5045
        5042        5044        5046
        5042        5044        5050
        5043        5042        5044
        5044        5046        5047
        5044        5046        5048
        5044        5046        5049
        5044        5050        5051
        5044        5050        5052
        5045        5044        5046
        5045        5044        5050
        5046        5044        5050
        5047        5046        5048
        5047        5046        5049
        5048        5046        5049
        5050        5052        5053
        5050        5052        5054
        5051        5050        5052
        5052        5054        5055
        5052        5054        5056
        5052        5054        5060
        5053        5052        5054
        5054        5056        5057
        5054        5056        5058
        5054        5056        5059
        5054        5060        5061
        5054        5060        5062
        5055        5054        5056
        5055        5054        5060
        5056        5054        5060
        5057        5056        5058
        5057        5056        5059
        5058        5056        5059
        5061        5060        5062
        5063        5067        5065
        5063        5068        5069
        5063        5068        5070
        5063        5068        5078
        5063        5118        5116
        5064        5063        5067
        5064        5063        5068
        5064        5063        5118
        5065        5082        5078
        5065        5082        5083
        5065        5082        5084
        5065        5085        5086
        5065        5085        5087
        5065        5085        5088
        5066        5065        5067
        5066        5065        5082
        5066        5065        5085
        5067        5063        5068
        5067        5063        5118
        5067        5065        5082
        5067        5065        5085
        5068        5063        5118
        5068        5070        5071
        5068        5070        5072
        5068        5078        5079
        5068        5078        5080
        5068        5078        5082
        5069        5068        5070
        5069        5068        5078
        5070        5068        5078
        5070        5072        5073
        5070        5072        5074
        5071        5070        5072
        5072        5074        5075
        5072        5074        5076
        5072        5074        5077
        5073        5072        5074
        5075        5074        5076
        5075        5074        5077
        5076        5074        5077
        5078        5080        5081
        5078        5082        5083
        5078        5082        5084
        5079        5078        5080
        5079        5078        5082
        5080        5078        5082
        5082        5065        5085
        5083        5082        5084
        5085        5088        5089
        5086        5085        5087
        5086        5085        5088
        5087        5085        5088
        5090        5094        5092
        5090        5095        5096
        5090        5095        5097
        5090        5095        5105
        5090        5204        5202
        5091        5090        5094
        5091        5090        5095
        5091        5090        5204
        5092        5116        5105
        5092        5116        5117
        5092        5116        5118
        5092        5119        5120
        5092        5119        5121
        5092        5119        5122
        5093        5092        5094
        5093        5092        5116
        5093        5092        5119
        5094        5090        5095
        5094        5090        5204
        5094        5092        5116
        5094        5092        5119
        5095        5090        5204
        5095        5097        5098
        5095        5097        5099
        5095        5105        5106
        5095        5105        5107
        5095        5105        5116
        5096        5095        5097
        5096        5095        5105
        5097        5095        5105
        5097        5099        5100
        5097        5099        5101
        5098        5097        5099
        5099        5101        5102
        5099        5101        5103
        5099        5101        5104
        5100        5099        5101
        5102        5101        5103
        5102        5101        5104
        5103        5101        5104
        5105        5107        5108
        5105        5116        5117
        5105        5116        5118
        5106        5105        5107
        5106        5105        5116
        5107        5105        5116
        5107        5108        5109
        5107        5108        5110
        5107        5108        5112
        5108        5110        5111
        5108        5110        5124
        5108        5112        5113
        5108        5112        5114
        5108        5112        5115
        5109        5108        5110
        5109        5108        5112
        5110        5108        5112
        5110        5124        5125
        5110        5124        5126
        5111        5110        5124
        5113        5112        5114
        5113        5112        5115
        5114        5112        5115
        5116        5092        5119
        5117        5116        5118
        5119        5122        5123
        5120        5119        5121
        5120        5119        5122
        5121        5119        5122
        5124        5126        5127
        5124        5126        5128
        5124        5126        5132
        5125        5124        5126
        5126        5128        5129
        5126        5128        5130
        5126        5128        5131
        5126        5132        5133
        5126        5132        5134
        5127        5126        5128
        5127        5126        5132
        5128        5126        5132
        5129        5128        5130
        5129        5128        5131
        5130        5128        5131
        5132        5134        5135
        5132        5134        5136
        5133        5132        5134
        5134        5136        5137
        5134        5136        5138
        5134        5136        5143
        5135        5134        5136
        5136        5138        5139
        5136        5138        5140
        5136        5143        5144
        5136        5143        5145
        5136        5143        5146
        5137        5136        5138
        5137        5136        5143
        5138        5136        5143
        5138        5140        5141
        5138        5140        5142
        5139        5138        5140
        5141        5140        5142
        5143        5146        5147
        5143        5146        5148
        5143        5146        5149
        5144        5143        5145
        5144        5143        5146
        5145        5143        5146
        5146        5149        5150
        5146        5149        5151
        5147        5146        5148
        5147        5146        5149
        5148        5146        5149
        5149        5151        5152
        5149        5151        5153
        5150        5149        5151
        5151        5153        5154
        5151        5153        5155
        5151        5153        5171
        5152        5151        5153
        5153        5155        5156
        5153        5155        5157
        5153        5155        5158
        5153        5171        5172
        5153        5171        5173
        5154        5153        5155
        5154        5153        5171
        5155        5153        5171
        5155        5158        5159
        5155        5158        5160
        5155        5158        5161
        5156        5155        5157
        5156        5155        5158
        5157        5155        5158
        5158        5161        5162
        5158        5161        5163
        5158        5161        5164
        5159        5158        5160
        5159        5158        5161
        5160        5158        5161
        5161        5164        5165
        5161        5164        5166
        5161        5164        5167
        5162        5161        5163
        5162        5161        5164
        5163        5161        5164
        5164        5167        5168
        5164        5167        5169
        5164        5167        5170
        5165        5164        5166
        5165        5164        5167
        5166        5164        5167
        5168        5167        5169
        5168        5167        5170
        5169        5167        5170
        5171        5173        5174
        5171        5173        5175
        5172        5171        5173
        5173        5175        5176
        5173        5175        5177
        5173        5175        5181
        5174        5173        5175
        5175        5177        5178
        5175        5177        5179
        5175        5177        5180
        5175        5181        5182
        5175        5181        6963
        5176        5175        5177
        5176        5175        5181
        5177        5175        5181
        5178        5177        5179
        5178        5177        5180
        5179        5177        5180
        5181        6963        6960
        5181        6963        6964
        5182        5181        6963
        5183        5187        5185
        5183        5188        5189
        5183        5188        5190
        5183        5188        5198
        5183        5238        5236
        5184        5183        5187
        5184        5183        5188
        5184        5183        5238
        5185        5202        5198
        5185        5202        5203
        5185        5202        5204
        5185        5205        5206
        5185        5205        5207
        5185        5205        5208
        5186        5185        5187
        5186        5185        5202
        5186        5185        5205
        5187        5183        5188
        5187        5183        5238
        5187        5185        5202
        5187        5185        5205
        5188        5183        5238
        5188        5190        5191
        5188        5190        5192
        5188        5198        5199
        5188        5198        5200
        5188        5198        5202
        5189        5188        5190
        5189        5188        5198
        5190        5188        5198
        5190        5192        5193
        5190        5192        5194
        5191        5190        5192
        5192        5194        5195
        5192        5194        5196
        5192        5194        5197
        5193        5192        5194
        5195        5194        5196
        5195        5194        5197
        5196        5194        5197
        5198        5200        5201
        5198        5202        5203
        5198        5202        5204
        5199        5198        5200
        5199        5198        5202
        5200        5198        5202
        5202        5185        5205
        5203        5202        5204
        5205        5208        5209
        5206        5205        5207
        5206        5205        5208
        5207        5205        5208
        5210        5214        5212
        5210        5215        5216
        5210        5215        5217
        5210        5215        5225
        5211        5210        5214
        5211        5210        5215
        5212        5236        5225
        5212        5236        5237
        5212        5236        5238
        5212        5239        5240
        5212        5239        5241
        5212        5239        5242
        5213        5212        5214
        5213        5212        5236
        5213        5212        5239
        5214        5210        5215
        5214        5212        5236
        5214        5212        5239
        5215        5217        5218
        5215        5217        5219
        5215        5225        5226
        5215        5225        5227
        5215        5225        5236
        5216        5215        5217
        5216        5215        5225
        5217        5215        5225
        5217        5219        5220
        5217        5219        5221
        5218        5217        5219
        5219        5221        5222
        5219        5221        5223
        5219        5221        5224
        5220        5219        5221
        5222        5221        5223
        5222        5221        5224
        5223        5221        5224
        5225        5227        5228
        5225        5236        5237
        5225        5236        5238
        5226        5225        5227
        5226        5225        5236
        5227        5225        5236
        5227        5228        5229
        5227        5228        5230
        5227        5228        5232
        5228        5230        5231
        5228        5230        5244
        5228        5232        5233
        5228        5232        5234
        5228        5232        5235
        5229        5228        5230
        5229        5228        5232
        5230        5228        5232
        5230        5244        5245
        5230        5244        5246
        5231        5230        5244
        5233        5232        5234
        5233        5232        5235
        5234        5232        5235
        5236        5212        5239
        5237        5236        5238
        5239        5242        5243
        5240        5239        5241
        5240        5239        5242
        5241        5239        5242
        5244        5246        5247
        5244        5246        5248
        5244        5246        5252
        5245        5244        5246
        5246        5248        5249
        5246        5248        5250
        5246        5248        5251
        5246        5252        5253
        5246        5252        5254
        5247        5246        5248
        5247        5246        5252
        5248        5246        5252
        5249        5248        5250
        5249        5248        5251
        5250        5248        5251
        5252        5254        5255
        5252        5254        5256
        5253        5252        5254
        5254        5256        5257
        5254        5256        5258
        5254        5256        5263
        5255        5254        5256
        5256        5258        5259
        5256        5258        5260
        5256        5263        5264
        5256        5263        5265
        5256        5263        5266
        5257        5256        5258
        5257        5256        5263
        5258        5256        5263
        5258        5260        5261
        5258        5260        5262
        5259        5258        5260
        5261        5260        5262
        5263        5266        5267
        5263        5266        5268
        5263        5266        5269
        5264        5263        5265
        5264        5263        5266
        5265        5263        5266
        5266        5269        5270
        5266        5269        5271
        5267        5266        5268
        5267        5266        5269
        5268        5266        5269
        5269        5271        5272
        5269        5271        5273
        5270        5269        5271
        5271        5273        5274
        5271        5273        5275
        5271        5273        5291
        5272        5271        5273
        5273        5275        5276
        5273        5275        5277
        5273        5275        5278
        5273        5291        5292
        5273        5291        5293
        5274        5273        5275
        5274        5273        5291
        5275        5273        5291
        5275        5278        5279
        5275        5278        5280
        5275        5278        5281
        5276        5275        5277
        5276        5275        5278
        5277        5275        5278
        5278        5281        5282
        5278        5281        5283
        5278        5281        5284
        5279        5278        5280
        5279        5278        5281
        5280        5278        5281
        5281        5284        5285
        5281        5284        5286
        5281        5284        5287
        5282        5281        5283
        5282        5281        5284
        5283        5281        5284
        5284        5287        5288
        5284        5287        5289
        5284        5287        5290
        5285        5284        5286
        5285        5284        5287
        5286        5284        5287
        5288        5287        5289
        5288        5287        5290
        5289        5287        5290
        5291        5293        5294
        5291        5293        5295
        5292        5291        5293
        5293        5295        5296
        5293        5295        5297
        5293        5295        5301
        5294        5293        5295
        5295        5297        5298
        5295        5297        5299
        5295        5297        5300
        5295        5301        5302
        5295        5301        5303
        5296        5295        5297
        5296        5295        5301
        5297        5295        5301
        5298        5297        5299
        5298        5297        5300
        5299        5297        5300
        5301        5303        5304
        5301        5303        5305
        5302        5301        5303
        5303        5305        5306
        5303        5305        5307
        5303        5305        5311
        5304        5303        5305
        5305        5307        5308
        5305        5307        5309
        5305        5307        5310
        5305        5311        5312
        5305        5311        5313
        5306        5305        5307
        5306        5305        5311
        5307        5305        5311
        5308        5307        5309
        5308        5307        5310
        5309        5307        5310
        5312        5311        5313
        5314        5318        5316
        5314        5319        5320
        5314        5319        5321
        5314        5319        5329
        5314        5369        5367
        5315        5314        5318
        5315        5314        5319
        5315        5314        5369
        5316        5333        5329
        5316        5333        5334
        5316        5333        5335
        5316        5336        5337
        5316        5336        5338
        5316        5336        5339
        5317        5316        5318
        5317        5316        5333
        5317        5316        5336
        5318        5314        5319
        5318        5314        5369
        5318        5316        5333
        5318        5316        5336
        5319        5314        5369
        5319        5321        5322
        5319        5321        5323
        5319        5329        5330
        5319        5329        5331
        5319        5329        5333
        5320        5319        5321
        5320        5319        5329
        5321        5319        5329
        5321        5323        5324
        5321        5323        5325
        5322        5321        5323
        5323        5325        5326
        5323        5325        5327
        5323        5325        5328
        5324        5323        5325
        5326        5325        5327
        5326        5325        5328
        5327        5325        5328
        5329        5331        5332
        5329        5333        5334
        5329        5333        5335
        5330        5329        5331
        5330        5329        5333
        5331        5329        5333
        5333        5316        5336
        5333        5335        7177
        5334        5333        5335
        5335        7177        7178
        5335        7177        7181
        5335        7177        7182
        5336        5339        5340
        5337        5336        5338
        5337        5336        5339
        5338        5336        5339
        5341        5345        5343
        5341        5346        5347
        5341        5346        5348
        5341        5346        5356
        5341        5466        5464
        5342        5341        5345
        5342        5341        5346
        5342        5341        5466
        5343        5367        5356
        5343        5367        5368
        5343        5367        5369
        5343        5370        5371
        5343        5370        5372
        5343        5370        5373
        5344        5343        5345
        5344        5343        5367
        5344        5343        5370
        5345        5341        5346
        5345        5341        5466
        5345        5343        5367
        5345        5343        5370
        5346        5341        5466
        5346        5348        5349
        5346        5348        5350
        5346        5356        5357
        5346        5356        5358
        5346        5356        5367
        5347        5346        5348
        5347        5346        5356
        5348        5346        5356
        5348        5350        5351
        5348        5350        5352
        5349        5348        5350
        5350        5352        5353
        5350        5352        5354
        5350        5352        5355
        5351        5350        5352
        5353        5352        5354
        5353        5352        5355
        5354        5352        5355
        5356        5358        5359
        5356        5367        5368
        5356        5367        5369
        5357        5356        5358
        5357        5356        5367
        5358        5356        5367
        5358        5359        5360
        5358        5359        5361
        5358        5359        5363
        5359        5361        5362
        5359        5361        5375
        5359        5363        5364
        5359        5363        5365
        5359        5363        5366
        5360        5359        5361
        5360        5359        5363
        5361        5359        5363
        5361        5375        5376
        5361        5375        5377
        5362        5361        5375
        5364        5363        5365
        5364        5363        5366
        5365        5363        5366
        5367        5343        5370
        5368        5367        5369
        5370        5373        5374
        5371        5370        5372
        5371        5370        5373
        5372        5370        5373
        5375        5377        5378
        5375        5377        5379
        5375        5377        5383
        5376        5375        5377
        5377        5379        5380
        5377        5379        5381
        5377        5379        5382
        5377        5383        5384
        5377        5383        5385
        5378        5377        5379
        5378        5377        5383
        5379        5377        5383
        5380        5379        5381
        5380        5379        5382
        5381        5379        5382
        5383        5385        5386
        5383        5385        5387
        5384        5383        5385
        5385        5387        5388
        5385        5387        5389
        5385        5387        5394
        5386        5385        5387
        5387        5389        5390
        5387        5389        5391
        5387        5394        5395
        5387        5394        5396
        5387        5394        5397
        5388        5387        5389
        5388        5387        5394
        5389        5387        5394
        5389        5391        5392
        5389        5391        5393
        5390        5389        5391
        5392        5391        5393
        5394        5397        5398
        5394        5397        5399
        5394        5397        5400
        5395        5394        5396
        5395        5394        5397
        5396        5394        5397
        5397        5400        5401
        5397        5400        5402
        5398        5397        5399
        5398        5397        5400
        5399        5397        5400
        5400        5402        5403
        5400        5402        5404
        5401        5400        5402
        5402        5404        5405
        5402        5404        5406
        5402        5404        5422
        5403        5402        5404
        5404        5406        5407
        5404        5406        5408
        5404        5406        5409
        5404        5422        5423
        5404        5422        5424
        5405        5404        5406
        5405        5404        5422
        5406        5404        5422
        5406        5409        5410
        5406        5409        5411
        5406        5409        5412
        5407        5406        5408
        5407        5406        5409
        5408        5406        5409
        5409        5412        5413
        5409        5412        5414
        5409        5412        5415
        5410        5409        5411
        5410        5409        5412
        5411        5409        5412
        5412        5415        5416
        5412        5415        5417
        5412        5415        5418
        5413        5412        5414
        5413        5412        5415
        5414        5412        5415
        5415        5418        5419
        5415        5418        5420
        5415        5418        5421
        5416        5415        5417
        5416        5415        5418
        5417        5415        5418
        5419        5418        5420
        5419        5418        5421
        5420        5418        5421
        5422        5424        5425
        5422        5424        5426
        5423        5422        5424
        5424        5426        5427
        5424        5426        5428
        5424        5426        5432
        5425        5424        5426
        5426        5428        5429
        5426        5428        5430
        5426        5428        5431
        5426        5432        5433
        5426        5432        5434
        5427        5426        5428
        5427        5426        5432
        5428        5426        5432
        5429        5428        5430
        5429        5428        5431
        5430        5428        5431
        5432        5434        5435
        5432        5434        5436
        5433        5432        5434
        5434        5436        5437
        5434        5436        5438
        5434        5436        5442
        5435        5434        5436
        5436        5438        5439
        5436        5438        5440
        5436        5438        5441
        5436        5442        5443
        5436        5442        5444
        5437        5436        5438
        5437        5436        5442
        5438        5436        5442
        5439        5438        5440
        5439        5438        5441
        5440        5438        5441
        5443        5442        5444
        5445        5449        5447
        5445        5450        5451
        5445        5450        5452
        5445        5450        5460
        5445        5500        5498
        5446        5445        5449
        5446        5445        5450
        5446        5445        5500
        5447        5464        5460
        5447        5464        5465
        5447        5464        5466
        5447        5467        5468
        5447        5467        5469
        5447        5467        5470
        5448        5447        5449
        5448        5447        5464
        5448        5447        5467
        5449        5445        5450
        5449        5445        5500
        5449        5447        5464
        5449        5447        5467
        5450        5445        5500
        5450        5452        5453
        5450        5452        5454
        5450        5460        5461
        5450        5460        5462
        5450        5460        5464
        5451        5450        5452
        5451        5450        5460
        5452        5450        5460
        5452        5454        5455
        5452        5454        5456
        5453        5452        5454
        5454        5456        5457
        5454        5456        5458
        5454        5456        5459
        5455        5454        5456
        5457        5456        5458
        5457        5456        5459
        5458        5456        5459
        5460        5462        5463
        5460        5464        5465
        5460        5464        5466
        5461        5460        5462
        5461        5460        5464
        5462        5460        5464
        5464        5447        5467
        5465        5464        5466
        5467        5470        5471
        5468        5467        5469
        5468        5467        5470
        5469        5467        5470
        5472        5476        5474
        5472        5477        5478
        5472        5477        5479
        5472        5477        5487
        5472        5630        5628
        5473        5472        5476
        5473        5472        5477
        5473        5472        5630
        5474        5498        5487
        5474        5498        5499
        5474        5498        5500
        5474        5501        5502
        5474        5501        5503
        5474        5501        5504
        5475        5474        5476
        5475        5474        5498
        5475        5474        5501
        5476        5472        5477
        5476        5472        5630
        5476        5474        5498
        5476        5474        5501
        5477        5472        5630
        5477        5479        5480
        5477        5479        5481
        5477        5487        5488
        5477        5487        5489
        5477        5487        5498
        5478        5477        5479
        5478        5477        5487
        5479        5477        5487
        5479        5481        5482
        5479        5481        5483
        5480        5479        5481
        5481        5483        5484
        5481        5483        5485
        5481        5483        5486
        5482        5481        5483
        5484        5483        5485
        5484        5483        5486
        5485        5483        5486
        5487        5489        5490
        5487        5498        5499
        5487        5498        5500
        5488        5487        5489
        5488        5487        5498
        5489        5487        5498
        5489        5490        5491
        5489        5490        5492
        5489        5490        5494
        5490        5492        5493
        5490        5492        5506
        5490        5494        5495
        5490        5494        5496
        5490        5494        5497
        5491        5490        5492
        5491        5490        5494
        5492        5490        5494
        5492        5506        5507
        5492        5506        5508
        5493        5492        5506
        5495        5494        5496
        5495        5494        5497
        5496        5494        5497
        5498        5474        5501
        5499        5498        5500
        5501        5504        5505
        5502        5501        5503
        5502        5501        5504
        5503        5501        5504
        5506        5508        5509
        5506        5508        5510
        5506        5508        5514
        5507        5506        5508
        5508        5510        5511
        5508        5510        5512
        5508        5510        5513
        5508        5514        5515
        5508        5514        5516
        5509        5508        5510
        5509        5508        5514
        5510        5508        5514
        5511        5510        5512
        5511        5510        5513
        5512        5510        5513
        5514        5516        5517
        5514        5516        5518
        5515        5514        5516
        5516        5518        5519
        5516        5518        5520
        5516        5518        5525
        5517        5516        5518
        5518        5520        5521
        5518        5520        5522
        5518        5525        5526
        5518        5525        5527
        5518        5525        5528
        5519        5518        5520
        5519        5518        5525
        5520        5518        5525
        5520        5522        5523
        5520        5522        5524
        5521        5520        5522
        5523        5522        5524
        5525        5528        5529
        5525        5528        5530
        5525        5528        5531
        5526        5525        5527
        5526        5525        5528
        5527        5525        5528
        5528        5531        5532
        5528        5531        5533
        5529        5528        5530
        5529        5528        5531
        5530        5528        5531
        5531        5533        5534
        5531        5533        5535
        5532        5531        5533
        5533        5535        5536
        5533        5535        5537
        5533        5535        5551
        5534        5533        5535
        5535        5537        5538
        5535        5537        5539
        5535        5537        5540
        5535        5551        5552
        5535        5551        5588
        5536        5535        5537
        5536        5535        5551
        5537        5535        5551
        5537        5540        5541
        5537        5540        5542
        5537        5540        5543
        5538        5537        5539
        5538        5537        5540
        5539        5537        5540
        5540        5543        5544
        5540        5543        5545
        5540        5543        5546
        5541        5540        5542
        5541        5540        5543
        5542        5540        5543
        5543        5546        5547
        5543        5546        5548
        5543        5546        5549
        5544        5543        5545
        5544        5543        5546
        5545        5543        5546
        5546        5549        5550
        5546        5549        5553
        5547        5546        5548
        5547        5546        5549
        5548        5546        5549
        5549        5553        5554
        5549        5553        5555
        5550        5549        5553
        5551        5588        5589
        5551        5588        5590
        5552        5551        5588
        5553        5555        5556
        5553        5555        5557
        5553        5555        5558
        5554        5553        5555
        5555        5558        5559
        5555        5558        5560
        5556        5555        5557
        5556        5555        5558
        5557        5555        5558
        5558        5560        5561
        5558        5560        5562
        5559        5558        5560
        5560        5562        5563
        5560        5562        5564
        5560        5562        5565
        5561        5560        5562
        5562        5565        5566
        5562        5565        5567
        5563        5562        5564
        5563        5562        5565
        5564        5562        5565
        5565        5567        5568
        5565        5567        5569
        5566        5565        5567
        5567        5569        5570
        5567        5569        5571
        5567        5569        5572
        5568        5567        5569
        5569        5572        5573
        5569        5572        5574
        5570        5569        5571
        5570        5569        5572
        5571        5569        5572
        5572        5574        5575
        5572        5574        5576
        5573        5572        5574
        5574        5576        5577
        5574        5576        5578
        5574        5576        5579
        5575        5574        5576
        5576        5579        5580
        5576        5579        5581
        5577        5576        5578
        5577        5576        5579
        5578        5576        5579
        5579        5581        5582
        5579        5581        5583
        5580        5579        5581
        5581        5583        5584
        5581        5583        5585
        5581        5583        5586
        5582        5581        5583
        5583        5586        5587
        5584        5583        5585
        5584        5583        5586
        5585        5583        5586
        5588        5590        5591
        5588        5590        5592
        5588        5590        5596
        5589        5588        5590
        5590        5592        5593
        5590        5592        5594
        5590        5592        5595
        5590        5596        5597
        5590        5596        5598
        5591        5590        5592
        5591        5590        5596
        5592        5590        5596
        5593        5592        5594
        5593        5592        5595
        5594        5592        5595
        5596        5598        5599
        5596        5598        5600
        5597        5596        5598
        5598        5600        5601
        5598        5600        5602
        5598        5600        5606
        5599        5598        5600
        5600        5602        5603
        5600        5602        5604
        5600        5602        5605
        5600        5606        5607
        5600        5606        5608
        5601        5600        5602
        5601        5600        5606
        5602        5600        5606
        5603        5602        5604
        5603        5602        5605
        5604        5602        5605
        5607        5606        5608
        5609        5613        5611
        5609        5614        5615
        5609        5614        5616
        5609        5614        5624
        5609        5664        5662
        5610        5609        5613
        5610        5609        5614
        5610        5609        5664
        5611        5628        5624
        5611        5628        5629
        5611        5628        5630
        5611        5631        5632
        5611        5631        5633
        5611        5631        5634
        5612        5611        5613
        5612        5611        5628
        5612        5611        5631
        5613        5609        5614
        5613        5609        5664
        5613        5611        5628
        5613        5611        5631
        5614        5609        5664
        5614        5616        5617
        5614        5616        5618
        5614        5624        5625
        5614        5624        5626
        5614        5624        5628
        5615        5614        5616
        5615        5614        5624
        5616        5614        5624
        5616        5618        5619
        5616        5618        5620
        5617        5616        5618
        5618        5620        5621
        5618        5620        5622
        5618        5620        5623
        5619        5618        5620
        5621        5620        5622
        5621        5620        5623
        5622        5620        5623
        5624        5626        5627
        5624        5628        5629
        5624        5628        5630
        5625        5624        5626
        5625        5624        5628
        5626        5624        5628
        5628        5611        5631
        5629        5628        5630
        5631        5634        5635
        5632        5631        5633
        5632        5631        5634
        5633        5631        5634
        5636        5640        5638
        5636        5641        5642
        5636        5641        5643
        5636        5641        5651
        5636        5761        5759
        5637        5636        5640
        5637        5636        5641
        5637        5636        5761
        5638        5662        5651
        5638        5662        5663
        5638        5662        5664
        5638        5665        5666
        5638        5665        5667
        5638        5665        5668
        5639        5638        5640
        5639        5638        5662
        5639        5638        5665
        5640        5636        5641
        5640        5636        5761
        5640        5638        5662
        5640        5638        5665
        5641        5636        5761
        5641        5643        5644
        5641        5643        5645
        5641        5651        5652
        5641        5651        5653
        5641        5651        5662
        5642        5641        5643
        5642        5641        5651
        5643        5641        5651
        5643        5645        5646
        5643        5645        5647
        5644        5643        5645
        5645        5647        5648
        5645        5647        5649
        5645        5647        5650
        5646        5645        5647
        5648        5647        5649
        5648        5647        5650
        5649        5647        5650
        5651        5653        5654
        5651        5662        5663
        5651        5662        5664
        5652        5651        5653
        5652        5651        5662
        5653        5651        5662
        5653        5654        5655
        5653        5654        5656
        5653        5654        5658
        5654        5656        5657
        5654        5656        5670
        5654        5658        5659
        5654        5658        5660
        5654        5658        5661
        5655        5654        5656
        5655        5654        5658
        5656        5654        5658
        5656        5670        5671
        5656        5670        5672
        5657        5656        5670
        5659        5658        5660
        5659        5658        5661
        5660        5658        5661
        5662        5638        5665
        5663        5662        5664
        5665        5668        5669
        5666        5665        5667
        5666        5665        5668
        5667        5665        5668
        5670        5672        5673
        5670        5672        5674
        5670        5672        5678
        5671        5670        5672
        5672        5674        5675
        5672        5674        5676
        5672        5674        5677
        5672        5678        5679
        5672        5678        5680
        5673        5672        5674
        5673        5672        5678
        5674        5672        5678
        5675        5674        5676
        5675        5674        5677
        5676        5674        5677
        5678        5680        5681
        5678        5680        5682
        5679        5678        5680
        5680        5682        5683
        5680        5682        5684
        5680        5682        5689
        5681        5680        5682
        5682        5684        5685
        5682        5684        5686
        5682        5689        5690
        5682        5689        5691
        5682        5689        5692
        5683        5682        5684
        5683        5682        5689
        5684        5682        5689
        5684        5686        5687
        5684        5686        5688
        5685        5684        5686
        5687        5686        5688
        5689        5692        5693
        5689        5692        5694
        5689        5692        5695
        5690        5689        5691
        5690        5689        5692
        5691        5689        5692
        5692        5695        5696
        5692        5695        5697
        5693        5692        5694
        5693        5692        5695
        5694        5692        5695
        5695        5697        5698
        5695        5697        5699
        5696        5695        5697
        5697        5699        5700
        5697        5699        5701
        5697        5699        5717
        5698        5697        5699
        5699        5701        5702
        5699        5701        5703
        5699        5701        5704
        5699        5717        5718
        5699        5717        5719
        5700        5699        5701
        5700        5699        5717
        5701        5699        5717
        5701        5704        5705
        5701        5704        5706
        5701        5704        5707
        5702        5701        5703
        5702        5701        5704
        5703        5701        5704
        5704        5707        5708
        5704        5707        5709
        5704        5707        5710
        5705        5704        5706
        5705        5704        5707
        5706        5704        5707
        5707        5710        5711
        5707        5710        5712
        5707        5710        5713
        5708        5707        5709
        5708        5707        5710
        5709        5707        5710
        5710        5713        5714
        5710        5713        5715
        5710        5713        5716
        5711        5710        5712
        5711        5710        5713
        5712        5710        5713
        5714        5713        5715
        5714        5713        5716
        5715        5713        5716
        5717        5719        5720
        5717        5719        5721
        5718        5717        5719
        5719        5721        5722
        5719        5721        5723
        5719        5721        5727
        5720        5719        5721
        5721        5723        5724
        5721        5723        5725
        5721        5723        5726
        5721        5727        5728
        5721        5727        5729
        5722        5721        5723
        5722        5721        5727
        5723        5721        5727
        5724        5723        5725
        5724        5723        5726
        5725        5723        5726
        5727        5729        5730
        5727        5729        5731
        5728        5727        5729
        5729        5731        5732
        5729        5731        5733
        5729        5731        5737
        5730        5729        5731
        5731        5733        5734
        5731        5733        5735
        5731        5733        5736
        5731        5737        5738
        5731        5737        5739
        5732        5731        5733
        5732        5731        5737
        5733        5731        5737
        5734        5733        5735
        5734        5733        5736
        5735        5733        5736
        5738        5737        5739
        5740        5744        5742
        5740        5745        5746
        5740        5745        5747
        5740        5745        5755
        5740        5795        5793
        5741        5740        5744
        5741        5740        5745
        5741        5740        5795
        5742        5759        5755
        5742        5759        5760
        5742        5759        5761
        5742        5762        5763
        5742        5762        5764
        5742        5762        5765
        5743        5742        5744
        5743        5742        5759
        5743        5742        5762
        5744        5740        5745
        5744        5740        5795
        5744        5742        5759
        5744        5742        5762
        5745        5740        5795
        5745        5747        5748
        5745        5747        5749
        5745        5755        5756
        5745        5755        5757
        5745        5755        5759
        5746        5745        5747
        5746        5745        5755
        5747        5745        5755
        5747        5749        5750
        5747        5749        5751
        5748        5747        5749
        5749        5751        5752
        5749        5751        5753
        5749        5751        5754
        5750        5749        5751
        5752        5751        5753
        5752        5751        5754
        5753        5751        5754
        5755        5757        5758
        5755        5759        5760
        5755        5759        5761
        5756        5755        5757
        5756        5755        5759
        5757        5755        5759
        5759        5742        5762
        5760        5759        5761
        5762        5765        5766
        5763        5762        5764
        5763        5762        5765
        5764        5762        5765
        5767        5771        5769
        5767        5772        5773
        5767        5772        5774
        5767        5772        5782
        5767        5892        5890
        5768        5767        5771
        5768        5767        5772
        5768        5767        5892
        5769        5793        5782
        5769        5793        5794
        5769        5793        5795
        5769        5796        5797
        5769        5796        5798
        5769        5796        5799
        5770        5769        5771
        5770        5769        5793
        5770        5769        5796
        5771        5767        5772
        5771        5767        5892
        5771        5769        5793
        5771        5769        5796
        5772        5767        5892
        5772        5774        5775
        5772        5774        5776
        5772        5782        5783
        5772        5782        5784
        5772        5782        5793
        5773        5772        5774
        5773        5772        5782
        5774        5772        5782
        5774        5776        5777
        5774        5776        5778
        5775        5774        5776
        5776        5778        5779
        5776        5778        5780
        5776        5778        5781
        5777        5776        5778
        5779        5778        5780
        5779        5778        5781
        5780        5778        5781
        5782        5784        5785
        5782        5793        5794
        5782        5793        5795
        5783        5782        5784
        5783        5782        5793
        5784        5782        5793
        5784        5785        5786
        5784        5785        5787
        5784        5785        5789
        5785        5787        5788
        5785        5787        5801
        5785        5789        5790
        5785        5789        5791
        5785        5789        5792
        5786        5785        5787
        5786        5785        5789
        5787        5785        5789
        5787        5801        5802
        5787        5801        5803
        5788        5787        5801
        5790        5789        5791
        5790        5789        5792
        5791        5789        5792
        5793        5769        5796
        5794        5793        5795
        5796        5799        5800
        5797        5796        5798
        5797        5796        5799
        5798        5796        5799
        5801        5803        5804
        5801        5803        5805
        5801        5803        5809
        5802        5801        5803
        5803        5805        5806
        5803        5805        5807
        5803        5805        5808
        5803        5809        5810
        5803        5809        5811
        5804        5803        5805
        5804        5803        5809
        5805        5803        5809
        5806        5805        5807
        5806        5805        5808
        5807        5805        5808
        5809        5811        5812
        5809        5811        5813
        5810        5809        5811
        5811        5813        5814
        5811        5813        5815
        5811        5813        5820
        5812        5811        5813
        5813        5815        5816
        5813        5815        5817
        5813        5820        5821
        5813        5820        5822
        5813        5820        5823
        5814        5813        5815
        5814        5813        5820
        5815        5813        5820
        5815        5817        5818
        5815        5817        5819
        5816        5815        5817
        5818        5817        5819
        5820        5823        5824
        5820        5823        5825
        5820        5823        5826
        5821        5820        5822
        5821        5820        5823
        5822        5820        5823
        5823        5826        5827
        5823        5826        5828
        5824        5823        5825
        5824        5823        5826
        5825        5823        5826
        5826        5828        5829
        5826        5828        5830
        5827        5826        5828
        5828        5830        5831
        5828        5830        5832
        5828        5830        5848
        5829        5828        5830
        5830        5832        5833
        5830        5832        5834
        5830        5832        5835
        5830        5848        5849
        5830        5848        5850
        5831        5830        5832
        5831        5830        5848
        5832        5830        5848
        5832        5835        5836
        5832        5835        5837
        5832        5835        5838
        5833        5832        5834
        5833        5832        5835
        5834        5832        5835
        5835        5838        5839
        5835        5838        5840
        5835        5838        5841
        5836        5835        5837
        5836        5835        5838
        5837        5835        5838
        5838        5841        5842
        5838        5841        5843
        5838        5841        5844
        5839        5838        5840
        5839        5838        5841
        5840        5838        5841
        5841        5844        5845
        5841        5844        5846
        5841        5844        5847
        5842        5841        5843
        5842        5841        5844
        5843        5841        5844
        5845        5844        5846
        5845        5844        5847
        5846        5844        5847
        5848        5850        5851
        5848        5850        5852
        5849        5848        5850
        5850        5852        5853
        5850        5852        5854
        5850        5852        5858
        5851        5850        5852
        5852        5854        5855
        5852        5854        5856
        5852        5854        5857
        5852        5858        5859
        5852        5858        5860
        5853        5852        5854
        5853        5852        5858
        5854        5852        5858
        5855        5854        5856
        5855        5854        5857
        5856        5854        5857
        5858        5860        5861
        5858        5860        5862
        5859        5858        5860
        5860        5862        5863
        5860        5862        5864
        5860        5862        5868
        5861        5860        5862
        5862        5864        5865
        5862        5864        5866
        5862        5864        5867
        5862        5868        5869
        5862        5868        5870
        5863        5862        5864
        5863        5862        5868
        5864        5862        5868
        5865        5864        5866
        5865        5864        5867
        5866        5864        5867
        5869        5868        5870
        5871        5875        5873
        5871        5876        5877
        5871        5876        5878
        5871        5876        5886
        5871        5926        5924
        5872        5871        5875
        5872        5871        5876
        5872        5871        5926
        5873        5890        5886
        5873        5890        5891
        5873        5890        5892
        5873        5893        5894
        5873        5893        5895
        5873        5893        5896
        5874        5873        5875
        5874        5873        5890
        5874        5873        5893
        5875        5871        5876
        5875        5871        5926
        5875        5873        5890
        5875        5873        5893
        5876        5871        5926
        5876        5878        5879
        5876        5878        5880
        5876        5886        5887
        5876        5886        5888
        5876        5886        5890
        5877        5876        5878
        5877        5876        5886
        5878        5876        5886
        5878        5880        5881
        5878        5880        5882
        5879        5878        5880
        5880        5882        5883
        5880        5882        5884
        5880        5882        5885
        5881        5880        5882
        5883        5882        5884
        5883        5882        5885
        5884        5882        5885
        5886        5888        5889
        5886        5890        5891
        5886        5890        5892
        5887        5886        5888
        5887        5886        5890
        5888        5886        5890
        5890        5873        5893
        5891        5890        5892
        5893        5896        5897
        5894        5893        5895
        5894        5893        5896
        5895        5893        5896
        5898        5902        5900
        5898        5903        5904
        5898        5903        5905
        5898        5903        5913
        5898        6056        6054
        5899        5898        5902
        5899        5898        5903
        5899        5898        6056
        5900        5924        5913
        5900        5924        5925
        5900        5924        5926
        5900        5927        5928
        5900        5927        5929
        5900        5927        5930
        5901        5900        5902
        5901        5900        5924
        5901        5900        5927
        5902        5898        5903
        5902        5898        6056
        5902        5900        5924
        5902        5900        5927
        5903        5898        6056
        5903        5905        5906
        5903        5905        5907
        5903        5913        5914
        5903        5913        5915
        5903        5913        5924
        5904        5903        5905
        5904        5903        5913
        5905        5903        5913
        5905        5907        5908
        5905        5907        5909
        5906        5905        5907
        5907        5909        5910
        5907        5909        5911
        5907        5909        5912
        5908        5907        5909
        5910        5909        5911
        5910        5909        5912
        5911        5909        5912
        5913        5915        5916
        5913        5924        5925
        5913        5924        5926
        5914        5913        5915
        5914        5913        5924
        5915        5913        5924
        5915        5916        5917
        5915        5916        5918
        5915        5916        5920
        5916        5918        5919
        5916        5918        5932
        5916        5920        5921
        5916        5920        5922
        5916        5920        5923
        5917        5916        5918
        5917        5916        5920
        5918        5916        5920
        5918        5932        5933
        5918        5932        5934
        5919        5918        5932
        5921        5920        5922
        5921        5920        5923
        5922        5920        5923
        5924        5900        5927
        5925        5924        5926
        5927        5930        5931
        5928        5927        5929
        5928        5927        5930
        5929        5927        5930
        5932        5934        5935
        5932        5934        5936
        5932        5934        5940
        5933        5932        5934
        5934        5936        5937
        5934        5936        5938
        5934        5936        5939
        5934        5940        5941
        5934        5940        5942
        5935        5934        5936
        5935        5934        5940
        5936        5934        5940
        5937        5936        5938
        5937        5936        5939
        5938        5936        5939
        5940        5942        5943
        5940        5942        5944
        5941        5940        5942
        5942        5944        5945
        5942        5944        5946
        5942        5944        5951
        5943        5942        5944
        5944        5946        5947
        5944        5946        5948
        5944        5951        5952
        5944        5951        5953
        5944        5951        5954
        5945        5944        5946
        5945        5944        5951
        5946        5944        5951
        5946        5948        5949
        5946        5948        5950
        5947        5946        5948
        5949        5948        5950
        5951        5954        5955
        5951        5954        5956
        5951        5954        5957
        5952        5951        5953
        5952        5951        5954
        5953        5951        5954
        5954        5957        5958
        5954        5957        5959
        5955        5954        5956
        5955        5954        5957
        5956        5954        5957
        5957        5959        5960
        5957        5959        5961
        5958        5957        5959
        5959        5961        5962
        5959        5961        5963
        5959        5961        5977
        5960        5959        5961
        5961        5963        5964
        5961        5963        5965
        5961        5963        5966
        5961        5977        5978
        5961        5977        6014
        5962        5961        5963
        5962        5961        5977
        5963        5961        5977
        5963        5966        5967
        5963        5966        5968
        5963        5966        5969
        5964        5963        5965
        5964        5963        5966
        5965        5963        5966
        5966        5969        5970
        5966        5969        5971
        5966        5969        5972
        5967        5966        5968
        5967        5966        5969
        5968        5966        5969
        5969        5972        5973
        5969        5972        5974
        5969        5972        5975
        5970        5969        5971
        5970        5969        5972
        5971        5969        5972
        5972        5975        5976
        5972        5975        5979
        5973        5972        5974
        5973        5972        5975
        5974        5972        5975
        5975        5979        5980
        5975        5979        5981
        5976        5975        5979
        5977        6014        6015
        5977        6014        6016
        5978        5977        6014
        5979        5981        5982
        5979        5981        5983
        5979        5981        5984
        5980        5979        5981
        5981        5984        5985
        5981        5984        5986
        5982        5981        5983
        5982        5981        5984
        5983        5981        5984
        5984        5986        5987
        5984        5986        5988
        5985        5984        5986
        5986        5988        5989
        5986        5988        5990
        5986        5988        5991
        5987        5986        5988
        5988        5991        5992
        5988        5991        5993
        5989        5988        5990
        5989        5988        5991
        5990        5988        5991
        5991        5993        5994
        5991        5993        5995
        5992        5991        5993
        5993        5995        5996
        5993        5995        5997
        5993        5995        5998
        5994        5993        5995
        5995        5998        5999
        5995        5998        6000
        5996        5995        5997
        5996        5995        5998
        5997        5995        5998
        5998        6000        6001
        5998        6000        6002
        5999        5998        6000
        6000        6002        6003
        6000        6002        6004
        6000        6002        6005
        6001        6000        6002
        6002        6005        6006
        6002        6005        6007
        6003        6002        6004
        6003        6002        6005
        6004        6002        6005
        6005        6007        6008
        6005        6007        6009
        6006        6005        6007
        6007        6009        6010
        6007        6009        6011
        6007        6009        6012
        6008        6007        6009
        6009        6012        6013
        6010        6009        6011
        6010        6009        6012
        6011        6009        6012
        6014        6016        6017
        6014        6016        6018
        6014        6016        6022
        6015        6014        6016
        6016        6018        6019
        6016        6018        6020
        6016        6018        6021
        6016        6022        6023
        6016        6022        6024
        6017        6016        6018
        6017        6016        6022
        6018        6016        6022
        6019        6018        6020
        6019        6018        6021
        6020        6018        6021
        6022        6024        6025
        6022        6024        6026
        6023        6022        6024
        6024        6026        6027
        6024        6026        6028
        6024        6026        6032
        6025        6024        6026
        6026        6028        6029
        6026        6028        6030
        6026        6028        6031
        6026        6032        6033
        6026        6032        6034
        6027        6026        6028
        6027        6026        6032
        6028        6026        6032
        6029        6028        6030
        6029        6028        6031
        6030        6028        6031
        6033        6032        6034
        6035        6039        6037
        6035        6040        6041
        6035        6040        6042
        6035        6040        6050
        6035        6090        6088
        6036        6035        6039
        6036        6035        6040
        6036        6035        6090
        6037        6054        6050
        6037        6054        6055
        6037        6054        6056
        6037        6057        6058
        6037        6057        6059
        6037        6057        6060
        6038        6037        6039
        6038        6037        6054
        6038        6037        6057
        6039        6035        6040
        6039        6035        6090
        6039        6037        6054
        6039        6037        6057
        6040        6035        6090
        6040        6042        6043
        6040        6042        6044
        6040        6050        6051
        6040        6050        6052
        6040        6050        6054
        6041        6040        6042
        6041        6040        6050
        6042        6040        6050
        6042        6044        6045
        6042        6044        6046
        6043        6042        6044
        6044        6046        6047
        6044        6046        6048
        6044        6046        6049
        6045        6044        6046
        6047        6046        6048
        6047        6046        6049
        6048        6046        6049
        6050        6052        6053
        6050        6054        6055
        6050        6054        6056
        6051        6050        6052
        6051        6050        6054
        6052        6050        6054
        6054        6037        6057
        6055        6054        6056
        6057        6060        6061
        6058        6057        6059
        6058        6057        6060
        6059        6057        6060
        6062        6066        6064
        6062        6067        6068
        6062        6067        6069
        6062        6067        6077
        6062        6220        6218
        6063        6062        6066
        6063        6062        6067
        6063        6062        6220
        6064        6088        6077
        6064        6088        6089
        6064        6088        6090
        6064        6091        6092
        6064        6091        6093
        6064        6091        6094
        6065        6064        6066
        6065        6064        6088
        6065        6064        6091
        6066        6062        6067
        6066        6062        6220
        6066        6064        6088
        6066        6064        6091
        6067        6062        6220
        6067        6069        6070
        6067        6069        6071
        6067        6077        6078
        6067        6077        6079
        6067        6077        6088
        6068        6067        6069
        6068        6067        6077
        6069        6067        6077
        6069        6071        6072
        6069        6071        6073
        6070        6069        6071
        6071        6073        6074
        6071        6073        6075
        6071        6073        6076
        6072        6071        6073
        6074        6073        6075
        6074        6073        6076
        6075        6073        6076
        6077        6079        6080
        6077        6088        6089
        6077        6088        6090
        6078        6077        6079
        6078        6077        6088
        6079        6077        6088
        6079        6080        6081
        6079        6080        6082
        6079        6080        6084
        6080        6082        6083
        6080        6082        6096
        6080        6084        6085
        6080        6084        6086
        6080        6084        6087
        6081        6080        6082
        6081        6080        6084
        6082        6080        6084
        6082        6096        6097
        6082        6096        6098
        6083        6082        6096
        6085        6084        6086
        6085        6084        6087
        6086        6084        6087
        6088        6064        6091
        6089        6088        6090
        6091        6094        6095
        6092        6091        6093
        6092        6091        6094
        6093        6091        6094
        6096        6098        6099
        6096        6098        6100
        6096        6098        6104
        6097        6096        6098
        6098        6100        6101
        6098        6100        6102
        6098        6100        6103
        6098        6104        6105
        6098        6104        6106
        6099        6098        6100
        6099        6098        6104
        6100        6098        6104
        6101        6100        6102
        6101        6100        6103
        6102        6100        6103
        6104        6106        6107
        6104        6106        6108
        6105        6104        6106
        6106        6108        6109
        6106        6108        6110
        6106        6108        6115
        6107        6106        6108
        6108        6110        6111
        6108        6110        6112
        6108        6115        6116
        6108        6115        6117
        6108        6115        6118
        6109        6108        6110
        6109        6108        6115
        6110        6108        6115
        6110        6112        6113
        6110        6112        6114
        6111        6110        6112
        6113        6112        6114
        6115        6118        6119
        6115        6118        6120
        6115        6118        6121
        6116        6115        6117
        6116        6115        6118
        6117        6115        6118
        6118        6121        6122
        6118        6121        6123
        6119        6118        6120
        6119        6118        6121
        6120        6118        6121
        6121        6123        6124
        6121        6123        6125
        6122        6121        6123
        6123        6125        6126
        6123        6125        6127
        6123        6125        6141
        6124        6123        6125
        6125        6127        6128
        6125        6127        6129
        6125        6127        6130
        6125        6141        6142
        6125        6141        6178
        6126        6125        6127
        6126        6125        6141
        6127        6125        6141
        6127        6130        6131
        6127        6130        6132
        6127        6130        6133
        6128        6127        6129
        6128        6127        6130
        6129        6127        6130
        6130        6133        6134
        6130        6133        6135
        6130        6133        6136
        6131        6130        6132
        6131        6130        6133
        6132        6130        6133
        6133        6136        6137
        6133        6136        6138
        6133        6136        6139
        6134        6133        6135
        6134        6133        6136
        6135        6133        6136
        6136        6139        6140
        6136        6139        6143
        6137        6136        6138
        6137        6136        6139
        6138        6136        6139
        6139        6143        6144
        6139        6143        6145
        6140        6139        6143
        6141        6178        6179
        6141        6178        6180
        6142        6141        6178
        6143        6145        6146
        6143        6145        6147
        6143        6145        6148
        6144        6143        6145
        6145        6148        6149
        6145        6148        6150
        6146        6145        6147
        6146        6145        6148
        6147        6145        6148
        6148        6150        6151
        6148        6150        6152
        6149        6148        6150
        6150        6152        6153
        6150        6152        6154
        6150        6152        6155
        6151        6150        6152
        6152        6155        6156
        6152        6155        6157
        6153        6152        6154
        6153        6152        6155
        6154        6152        6155
        6155        6157        6158
        6155        6157        6159
        6156        6155        6157
        6157        6159        6160
        6157        6159        6161
        6157        6159        6162
        6158        6157        6159
        6159        6162        6163
        6159        6162        6164
        6160        6159        6161
        6160        6159        6162
        6161        6159        6162
        6162        6164        6165
        6162        6164        6166
        6163        6162        6164
        6164        6166        6167
        6164        6166        6168
        6164        6166        6169
        6165        6164        6166
        6166        6169        6170
        6166        6169        6171
        6167        6166        6168
        6167        6166        6169
        6168        6166        6169
        6169        6171        6172
        6169        6171        6173
        6170        6169        6171
        6171        6173        6174
        6171        6173        6175
        6171        6173        6176
        6172        6171        6173
        6173        6176        6177
        6173        6176        7991
        6174        6173        6175
        6174        6173        6176
        6175        6173        6176
        6176        7991        7985
        6176        7991        7992
        6177        6176        7991
        6178        6180        6181
        6178        6180        6182
        6178        6180        6186
        6179        6178        6180
        6180        6182        6183
        6180        6182        6184
        6180        6182        6185
        6180        6186        6187
        6180        6186        6188
        6181        6180        6182
        6181        6180        6186
        6182        6180        6186
        6183        6182        6184
        6183        6182        6185
        6184        6182        6185
        6186        6188        6189
        6186        6188        6190
        6187        6186        6188
        6188        6190        6191
        6188        6190        6192
        6188        6190        6196
        6189        6188        6190
        6190        6192        6193
        6190        6192        6194
        6190        6192        6195
        6190        6196        6197
        6190        6196        6198
        6191        6190        6192
        6191        6190        6196
        6192        6190        6196
        6193        6192        6194
        6193        6192        6195
        6194        6192        6195
        6197        6196        6198
        6199        6203        6201
        6199        6204        6205
        6199        6204        6206
        6199        6204        6214
        6199        6254        6252
        6200        6199        6203
        6200        6199        6204
        6200        6199        6254
        6201        6218        6214
        6201        6218        6219
        6201        6218        6220
        6201        6221        6222
        6201        6221        6223
        6201        6221        6224
        6202        6201        6203
        6202        6201        6218
        6202        6201        6221
        6203        6199        6204
        6203        6199        6254
        6203        6201        6218
        6203        6201        6221
        6204        6199        6254
        6204        6206        6207
        6204        6206        6208
        6204        6214        6215
        6204        6214        6216
        6204        6214        6218
        6205        6204        6206
        6205        6204        6214
        6206        6204        6214
        6206        6208        6209
        6206        6208        6210
        6207        6206        6208
        6208        6210        6211
        6208        6210        6212
        6208        6210        6213
        6209        6208        6210
        6211        6210        6212
        6211        6210        6213
        6212        6210        6213
        6214        6216        6217
        6214        6218        6219
        6214        6218        6220
        6215        6214        6216
        6215        6214        6218
        6216        6214        6218
        6218        6201        6221
        6219        6218        6220
        6221        6224        6225
        6222        6221        6223
        6222        6221        6224
        6223        6221        6224
        6226        6230        6228
        6226        6231        6232
        6226        6231        6233
        6226        6231        6241
        6226        6351        6349
        6227        6226        6230
        6227        6226        6231
        6227        6226        6351
        6228        6252        6241
        6228        6252        6253
        6228        6252        6254
        6228        6255        6256
        6228        6255        6257
        6228        6255        6258
        6229        6228        6230
        6229        6228        6252
        6229        6228        6255
        6230        6226        6231
        6230        6226        6351
        6230        6228        6252
        6230        6228        6255
        6231        6226        6351
        6231        6233        6234
        6231        6233        6235
        6231        6241        6242
        6231        6241        6243
        6231        6241        6252
        6232        6231        6233
        6232        6231        6241
        6233        6231        6241
        6233        6235        6236
        6233        6235        6237
        6234        6233        6235
        6235        6237        6238
        6235        6237        6239
        6235        6237        6240
        6236        6235        6237
        6238        6237        6239
        6238        6237        6240
        6239        6237        6240
        6241        6243        6244
        6241        6252        6253
        6241        6252        6254
        6242        6241        6243
        6242        6241        6252
        6243        6241        6252
        6243        6244        6245
        6243        6244        6246
        6243        6244        6248
        6244        6246        6247
        6244        6246        6260
        6244        6248        6249
        6244        6248        6250
        6244        6248        6251
        6245        6244        6246
        6245        6244        6248
        6246        6244        6248
        6246        6260        6261
        6246        6260        6262
        6247        6246        6260
        6249        6248        6250
        6249        6248        6251
        6250        6248        6251
        6252        6228        6255
        6253        6252        6254
        6255        6258        6259
        6256        6255        6257
        6256        6255        6258
        6257        6255        6258
        6260        6262        6263
        6260        6262        6264
        6260        6262        6268
        6261        6260        6262
        6262        6264        6265
        6262        6264        6266
        6262        6264        6267
        6262        6268        6269
        6262        6268        6270
        6263        6262        6264
        6263        6262        6268
        6264        6262        6268
        6265        6264        6266
        6265        6264        6267
        6266        6264        6267
        6268        6270        6271
        6268        6270        6272
        6269        6268        6270
        6270        6272        6273
        6270        6272        6274
        6270        6272        6279
        6271        6270        6272
        6272        6274        6275
        6272        6274        6276
        6272        6279        6280
        6272        6279        6281
        6272        6279        6282
        6273        6272        6274
        6273        6272        6279
        6274        6272        6279
        6274        6276        6277
        6274        6276        6278
        6275        6274        6276
        6277        6276        6278
        6279        6282        6283
        6279        6282        6284
        6279        6282        6285
        6280        6279        6281
        6280        6279        6282
        6281        6279        6282
        6282        6285        6286
        6282        6285        6287
        6283        6282        6284
        6283        6282        6285
        6284        6282        6285
        6285        6287        6288
        6285        6287        6289
        6286        6285        6287
        6287        6289        6290
        6287        6289        6291
        6287        6289        6307
        6288        6287        6289
        6289        6291        6292
        6289        6291        6293
        6289        6291        6294
        6289        6307        6308
        6289        6307        6309
        6290        6289        6291
        6290        6289        6307
        6291        6289        6307
        6291        6294        6295
        6291        6294        6296
        6291        6294        6297
        6292        6291        6293
        6292        6291        6294
        6293        6291        6294
        6294        6297        6298
        6294        6297        6299
        6294        6297        6300
        6295        6294        6296
        6295        6294        6297
        6296        6294        6297
        6297        6300        6301
        6297        6300        6302
        6297        6300        6303
        6298        6297        6299
        6298        6297        6300
        6299        6297        6300
        6300        6303        6304
        6300        6303        6305
        6300        6303        6306
        6301        6300        6302
        6301        6300        6303
        6302        6300        6303
        6304        6303        6305
        6304        6303        6306
        6305        6303        6306
        6307        6309        6310
        6307        6309        6311
        6308        6307        6309
        6309        6311        6312
        6309        6311        6313
        6309        6311        6317
        6310        6309        6311
        6311        6313        6314
        6311        6313        6315
        6311        6313        6316
        6311        6317        6318
        6311        6317        6319
        6312        6311        6313
        6312        6311        6317
        6313        6311        6317
        6314        6313        6315
        6314        6313        6316
        6315        6313        6316
        6317        6319        6320
        6317        6319        6321
        6318        6317        6319
        6319        6321        6322
        6319        6321        6323
        6319        6321        6327
        6320        6319        6321
        6321        6323        6324
        6321        6323        6325
        6321        6323        6326
        6321        6327        6328
        6321        6327        6329
        6322        6321        6323
        6322        6321        6327
        6323        6321        6327
        6324        6323        6325
        6324        6323        6326
        6325        6323        6326
        6328        6327        6329
        6330        6334        6332
        6330        6335        6336
        6330        6335        6337
        6330        6335        6345
        6330        6385        6383
        6331        6330        6334
        6331        6330        6335
        6331        6330        6385
        6332        6349        6345
        6332        6349        6350
        6332        6349        6351
        6332        6352        6353
        6332        6352        6354
        6332        6352        6355
        6333        6332        6334
        6333        6332        6349
        6333        6332        6352
        6334        6330        6335
        6334        6330        6385
        6334        6332        6349
        6334        6332        6352
        6335        6330        6385
        6335        6337        6338
        6335        6337        6339
        6335        6345        6346
        6335        6345        6347
        6335        6345        6349
        6336        6335        6337
        6336        6335        6345
        6337        6335        6345
        6337        6339        6340
        6337        6339        6341
        6338        6337        6339
        6339        6341        6342
        6339        6341        6343
        6339        6341        6344
        6340        6339        6341
        6342        6341        6343
        6342        6341        6344
        6343        6341        6344
        6345        6347        6348
        6345        6349        6350
        6345        6349        6351
        6346        6345        6347
        6346        6345        6349
        6347        6345        6349
        6349        6332        6352
        6350        6349        6351
        6352        6355        6356
        6353        6352        6354
        6353        6352        6355
        6354        6352        6355
        6357        6361        6359
        6357        6362        6363
        6357        6362        6364
        6357        6362        6372
        6357        6515        6513
        6358        6357        6361
        6358        6357        6362
        6358        6357        6515
        6359        6383        6372
        6359        6383        6384
        6359        6383        6385
        6359        6386        6387
        6359        6386        6388
        6359        6386        6389
        6360        6359        6361
        6360        6359        6383
        6360        6359        6386
        6361        6357        6362
        6361        6357        6515
        6361        6359        6383
        6361        6359        6386
        6362        6357        6515
        6362        6364        6365
        6362        6364        6366
        6362        6372        6373
        6362        6372        6374
        6362        6372        6383
        6363        6362        6364
        6363        6362        6372
        6364        6362        6372
        6364        6366        6367
        6364        6366        6368
        6365        6364        6366
        6366        6368        6369
        6366        6368        6370
        6366        6368        6371
        6367        6366        6368
        6369        6368        6370
        6369        6368        6371
        6370        6368        6371
        6372        6374        6375
        6372        6383        6384
        6372        6383        6385
        6373        6372        6374
        6373        6372        6383
        6374        6372        6383
        6374        6375        6376
        6374        6375        6377
        6374        6375        6379
        6375        6377        6378
        6375        6377        6391
        6375        6379        6380
        6375        6379        6381
        6375        6379        6382
        6376        6375        6377
        6376        6375        6379
        6377        6375        6379
        6377        6391        6392
        6377        6391        6393
        6378        6377        6391
        6380        6379        6381
        6380        6379        6382
        6381        6379        6382
        6383        6359        6386
        6384        6383        6385
        6386        6389        6390
        6387        6386        6388
        6387        6386        6389
        6388        6386        6389
        6391        6393        6394
        6391        6393        6395
        6391        6393        6399
        6392        6391        6393
        6393        6395        6396
        6393        6395        6397
        6393        6395        6398
        6393        6399        6400
        6393        6399        6401
        6394        6393        6395
        6394        6393        6399
        6395        6393        6399
        6396        6395        6397
        6396        6395        6398
        6397        6395        6398
        6399        6401        6402
        6399        6401        6403
        6400        6399        6401
        6401        6403        6404
        6401        6403        6405
        6401        6403        6410
        6402        6401        6403
        6403        6405        6406
        6403        6405        6407
        6403        6410        6411
        6403        6410        6412
        6403        6410        6413
        6404        6403        6405
        6404        6403        6410
        6405        6403        6410
        6405        6407        6408
        6405        6407        6409
        6406        6405        6407
        6408        6407        6409
        6410        6413        6414
        6410        6413        6415
        6410        6413        6416
        6411        6410        6412
        6411        6410        6413
        6412        6410        6413
        6413        6416        6417
        6413        6416        6418
        6414        6413        6415
        6414        6413        6416
        6415        6413        6416
        6416        6418        6419
        6416        6418        6420
        6417        6416        6418
        6418        6420        6421
        6418        6420        6422
        6418        6420        6436
        6419        6418        6420
        6420        6422        6423
        6420        6422        6424
        6420        6422        6425
        6420        6436        6437
        6420        6436        6473
        6421        6420        6422
        6421        6420        6436
        6422        6420        6436
        6422        6425        6426
        6422        6425        6427
        6422        6425        6428
        6423        6422        6424
        6423        6422        6425
        6424        6422        6425
        6425        6428        6429
        6425        6428        6430
        6425        6428        6431
        6426        6425        6427
        6426        6425        6428
        6427        6425        6428
        6428        6431        6432
        6428        6431        6433
        6428        6431        6434
        6429        6428        6430
        6429        6428        6431
        6430        6428        6431
        6431        6434        6435
        6431        6434        6438
        6432        6431        6433
        6432        6431        6434
        6433        6431        6434
        6434        6438        6439
        6434        6438        6440
        6435        6434        6438
        6436        6473        6474
        6436        6473        6475
        6437        6436        6473
        6438        6440        6441
        6438        6440        6442
        6438        6440        6443
        6439        6438        6440
        6440        6443        6444
        6440        6443        6445
        6441        6440        6442
        6441        6440        6443
        6442        6440        6443
        6443        6445        6446
        6443        6445        6447
        6444        6443        6445
        6445        6447        6448
        6445        6447        6449
        6445        6447        6450
        6446        6445        6447
        6447        6450        6451
        6447        6450        6452
        6448        6447        6449
        6448        6447        6450
        6449        6447        6450
        6450        6452        6453
        6450        6452        6454
        6451        6450        6452
        6452        6454        6455
        6452        6454        6456
        6452        6454        6457
        6453        6452        6454
        6454        6457        6458
        6454        6457        6459
        6455        6454        6456
        6455        6454        6457
        6456        6454        6457
        6457        6459        6460
        6457        6459        6461
        6458        6457        6459
        6459        6461        6462
        6459        6461        6463
        6459        6461        6464
        6460        6459        6461
        6461        6464        6465
        6461        6464        6466
        6462        6461        6463
        6462        6461        6464
        6463        6461        6464
        6464        6466        6467
        6464        6466        6468
        6465        6464        6466
        6466        6468        6469
        6466        6468        6470
        6466        6468        6471
        6467        6466        6468
        6468        6471        6472
        6468        6471        8397
        6469        6468        6470
        6469        6468        6471
        6470        6468        6471
        6471        8397        8391
        6471        8397        8398
        6472        6471        8397
        6473        6475        6476
        6473        6475        6477
        6473        6475        6481
        6474        6473        6475
        6475        6477        6478
        6475        6477        6479
        6475        6477        6480
        6475        6481        6482
        6475        6481        6483
        6476        6475        6477
        6476        6475        6481
        6477        6475        6481
        6478        6477        6479
        6478        6477        6480
        6479        6477        6480
        6481        6483        6484
        6481        6483        6485
        6482        6481        6483
        6483        6485        6486
        6483        6485        6487
        6483        6485        6491
        6484        6483        6485
        6485        6487        6488
        6485        6487        6489
        6485        6487        6490
        6485        6491        6492
        6485        6491        6493
        6486        6485        6487
        6486        6485        6491
        6487        6485        6491
        6488        6487        6489
        6488        6487        6490
        6489        6487        6490
        6492        6491        6493
        6494        6498        6496
        6494        6499        6500
        6494        6499        6501
        6494        6499        6509
        6494        6549        6547
        6495        6494        6498
        6495        6494        6499
        6495        6494        6549
        6496        6513        6509
        6496        6513        6514
        6496        6513        6515
        6496        6516        6517
        6496        6516        6518
        6496        6516        6519
        6497        6496        6498
        6497        6496        6513
        6497        6496        6516
        6498        6494        6499
        6498        6494        6549
        6498        6496        6513
        6498        6496        6516
        6499        6494        6549
        6499        6501        6502
        6499        6501        6503
        6499        6509        6510
        6499        6509        6511
        6499        6509        6513
        6500        6499        6501
        6500        6499        6509
        6501        6499        6509
        6501        6503        6504
        6501        6503        6505
        6502        6501        6503
        6503        6505        6506
        6503        6505        6507
        6503        6505        6508
        6504        6503        6505
        6506        6505        6507
        6506        6505        6508
        6507        6505        6508
        6509        6511        6512
        6509        6513        6514
        6509        6513        6515
        6510        6509        6511
        6510        6509        6513
        6511        6509        6513
        6513        6496        6516
        6514        6513        6515
        6516        6519        6520
        6517        6516        6518
        6517        6516        6519
        6518        6516        6519
        6521        6525        6523
        6521        6526        6527
        6521        6526        6528
        6521        6526        6536
        6521        6679        6677
        6522        6521        6525
        6522        6521        6526
        6522        6521        6679
        6523        6547        6536
        6523        6547        6548
        6523        6547        6549
        6523        6550        6551
        6523        6550        6552
        6523        6550        6553
        6524        6523        6525
        6524        6523        6547
        6524        6523        6550
        6525        6521        6526
        6525        6521        6679
        6525        6523        6547
        6525        6523        6550
        6526        6521        6679
        6526        6528        6529
        6526        6528        6530
        6526        6536        6537
        6526        6536        6538
        6526        6536        6547
        6527        6526        6528
        6527        6526        6536
        6528        6526        6536
        6528        6530        6531
        6528        6530        6532
        6529        6528        6530
        6530        6532        6533
        6530        6532        6534
        6530        6532        6535
        6531        6530        6532
        6533        6532        6534
        6533        6532        6535
        6534        6532        6535
        6536        6538        6539
        6536        6547        6548
        6536        6547        6549
        6537        6536        6538
        6537        6536        6547
        6538        6536        6547
        6538        6539        6540
        6538        6539        6541
        6538        6539        6543
        6539        6541        6542
        6539        6541        6555
        6539        6543        6544
        6539        6543        6545
        6539        6543        6546
        6540        6539        6541
        6540        6539        6543
        6541        6539        6543
        6541        6555        6556
        6541        6555        6557
        6542        6541        6555
        6544        6543        6545
        6544        6543        6546
        6545        6543        6546
        6547        6523        6550
        6548        6547        6549
        6550        6553        6554
        6551        6550        6552
        6551        6550        6553
        6552        6550        6553
        6555        6557        6558
        6555        6557        6559
        6555        6557        6563
        6556        6555        6557
        6557        6559        6560
        6557        6559        6561
        6557        6559        6562
        6557        6563        6564
        6557        6563        6565
        6558        6557        6559
        6558        6557        6563
        6559        6557        6563
        6560        6559        6561
        6560        6559        6562
        6561        6559        6562
        6563        6565        6566
        6563        6565        6567
        6564        6563        6565
        6565        6567        6568
        6565        6567        6569
        6565        6567        6574
        6566        6565        6567
        6567        6569        6570
        6567        6569        6571
        6567        6574        6575
        6567        6574        6576
        6567        6574        6577
        6568        6567        6569
        6568        6567        6574
        6569        6567        6574
        6569        6571        6572
        6569        6571        6573
        6570        6569        6571
        6572        6571        6573
        6574        6577        6578
        6574        6577        6579
        6574        6577        6580
        6575        6574        6576
        6575        6574        6577
        6576        6574        6577
        6577        6580        6581
        6577        6580        6582
        6578        6577        6579
        6578        6577        6580
        6579        6577        6580
        6580        6582        6583
        6580        6582        6584
        6581        6580        6582
        6582        6584        6585
        6582        6584        6586
        6582        6584        6600
        6583        6582        6584
        6584        6586        6587
        6584        6586        6588
        6584        6586        6589
        6584        6600        6601
        6584        6600        6637
        6585        6584        6586
        6585        6584        6600
        6586        6584        6600
        6586        6589        6590
        6586        6589        6591
        6586        6589        6592
        6587        6586        6588
        6587        6586        6589
        6588        6586        6589
        6589        6592        6593
        6589        6592        6594
        6589        6592        6595
        6590        6589        6591
        6590        6589        6592
        6591        6589        6592
        6592        6595        6596
        6592        6595        6597
        6592        6595        6598
        6593        6592        6594
        6593        6592        6595
        6594        6592        6595
        6595        6598        6599
        6595        6598        6602
        6596        6595        6597
        6596        6595        6598
        6597        6595        6598
        6598        6602        6603
        6598        6602        6604
        6599        6598        6602
        6600        6637        6638
        6600        6637        6639
        6601        6600        6637
        6602        6604        6605
        6602        6604        6606
        6602        6604        6607
        6603        6602        6604
        6604        6607        6608
        6604        6607        6609
        6605        6604        6606
        6605        6604        6607
        6606        6604        6607
        6607        6609        6610
        6607        6609        6611
        6608        6607        6609
        6609        6611        6612
        6609        6611        6613
        6609        6611        6614
        6610        6609        6611
        6611        6614        6615
        6611        6614        6616
        6612        6611        6613
        6612        6611        6614
        6613        6611        6614
        6614        6616        6617
        6614        6616        6618
        6615        6614        6616
        6616        6618        6619
        6616        6618        6620
        6616        6618        6621
        6617        6616        6618
        6618        6621        6622
        6618        6621        6623
        6619        6618        6620
        6619        6618        6621
        6620        6618        6621
        6621        6623        6624
        6621        6623        6625
        6622        6621        6623
        6623        6625        6626
        6623        6625        6627
        6623        6625        6628
        6624        6623        6625
        6625        6628        6629
        6625        6628        6630
        6626        6625        6627
        6626        6625        6628
        6627        6625        6628
        6628        6630        6631
        6628        6630        6632
        6629        6628        6630
        6630        6632        6633
        6630        6632        6634
        6630        6632        6635
        6631        6630        6632
        6632        6635        6636
        6633        6632        6634
        6633        6632        6635
        6634        6632        6635
        6637        6639        6640
        6637        6639        6641
        6637        6639        6645
        6638        6637        6639
        6639        6641        6642
        6639        6641        6643
        6639        6641        6644
        6639        6645        6646
        6639        6645        6647
        6640        6639        6641
        6640        6639        6645
        6641        6639        6645
        6642        6641        6643
        6642        6641        6644
        6643        6641        6644
        6645        6647        6648
        6645        6647        6649
        6646        6645        6647
        6647        6649        6650
        6647        6649        6651
        6647        6649        6655
        6648        6647        6649
        6649        6651        6652
        6649        6651        6653
        6649        6651        6654
        6649        6655        6656
        6649        6655        6657
        6650        6649        6651
        6650        6649        6655
        6651        6649        6655
        6652        6651        6653
        6652        6651        6654
        6653        6651        6654
        6656        6655        6657
        6658        6662        6660
        6658        6663        6664
        6658        6663        6665
        6658        6663        6673
        6658        6713        6711
        6659        6658        6662
        6659        6658        6663
        6659        6658        6713
        6660        6677        6673
        6660        6677        6678
        6660        6677        6679
        6660        6680        6681
        6660        6680        6682
        6660        6680        6683
        6661        6660        6662
        6661        6660        6677
        6661        6660        6680
        6662        6658        6663
        6662        6658        6713
        6662        6660        6677
        6662        6660        6680
        6663        6658        6713
        6663        6665        6666
        6663        6665        6667
        6663        6673        6674
        6663        6673        6675
        6663        6673        6677
        6664        6663        6665
        6664        6663        6673
        6665        6663        6673
        6665        6667        6668
        6665        6667        6669
        6666        6665        6667
        6667        6669        6670
        6667        6669        6671
        6667        6669        6672
        6668        6667        6669
        6670        6669        6671
        6670        6669        6672
        6671        6669        6672
        6673        6675        6676
        6673        6677        6678
        6673        6677        6679
        6674        6673        6675
        6674        6673        6677
        6675        6673        6677
        6677        6660        6680
        6678        6677        6679
        6680        6683        6684
        6681        6680        6682
        6681        6680        6683
        6682        6680        6683
        6685        6689        6687
        6685        6690        6691
        6685        6690        6692
        6685        6690        6700
        6685        6843        6841
        6686        6685        6689
        6686        6685        6690
        6686        6685        6843
        6687        6711        6700
        6687        6711        6712
        6687        6711        6713
        6687        6714        6715
        6687        6714        6716
        6687        6714        6717
        6688        6687        6689
        6688        6687        6711
        6688        6687        6714
        6689        6685        6690
        6689        6685        6843
        6689        6687        6711
        6689        6687        6714
        6690        6685        6843
        6690        6692        6693
        6690        6692        6694
        6690        6700        6701
        6690        6700        6702
        6690        6700        6711
        6691        6690        6692
        6691        6690        6700
        6692        6690        6700
        6692        6694        6695
        6692        6694        6696
        6693        6692        6694
        6694        6696        6697
        6694        6696        6698
        6694        6696        6699
        6695        6694        6696
        6697        6696        6698
        6697        6696        6699
        6698        6696        6699
        6700        6702        6703
        6700        6711        6712
        6700        6711        6713
        6701        6700        6702
        6701        6700        6711
        6702        6700        6711
        6702        6703        6704
        6702        6703        6705
        6702        6703        6707
        6703        6705        6706
        6703        6705        6719
        6703        6707        6708
        6703        6707        6709
        6703        6707        6710
        6704        6703        6705
        6704        6703        6707
        6705        6703        6707
        6705        6719        6720
        6705        6719        6721
        6706        6705        6719
        6708        6707        6709
        6708        6707        6710
        6709        6707        6710
        6711        6687        6714
        6712        6711        6713
        6714        6717        6718
        6715        6714        6716
        6715        6714        6717
        6716        6714        6717
        6719        6721        6722
        6719        6721        6723
        6719        6721        6727
        6720        6719        6721
        6721        6723        6724
        6721        6723        6725
        6721        6723        6726
        6721        6727        6728
        6721        6727        6729
        6722        6721        6723
        6722        6721        6727
        6723        6721        6727
        6724        6723        6725
        6724        6723        6726
        6725        6723        6726
        6727        6729        6730
        6727        6729        6731
        6728        6727        6729
        6729        6731        6732
        6729        6731        6733
        6729        6731        6738
        6730        6729        6731
        6731        6733        6734
        6731        6733        6735
        6731        6738        6739
        6731        6738        6740
        6731        6738        6741
        6732        6731        6733
        6732        6731        6738
        6733        6731        6738
        6733        6735        6736
        6733        6735        6737
        6734        6733        6735
        6736        6735        6737
        6738        6741        6742
        6738        6741        6743
        6738        6741        6744
        6739        6738        6740
        6739        6738        6741
        6740        6738        6741
        6741        6744        6745
        6741        6744        6746
        6742        6741        6743
        6742        6741        6744
        6743        6741        6744
        6744        6746        6747
        6744        6746        6748
        6745        6744        6746
        6746        6748        6749
        6746        6748        6750
        6746        6748        6764
        6747        6746        6748
        6748        6750        6751
        6748        6750        6752
        6748        6750        6753
        6748        6764        6765
        6748        6764        6801
        6749        6748        6750
        6749        6748        6764
        6750        6748        6764
        6750        6753        6754
        6750        6753        6755
        6750        6753        6756
        6751        6750        6752
        6751        6750        6753
        6752        6750        6753
        6753        6756        6757
        6753        6756        6758
        6753        6756        6759
        6754        6753        6755
        6754        6753        6756
        6755        6753        6756
        6756        6759        6760
        6756        6759        6761
        6756        6759        6762
        6757        6756        6758
        6757        6756        6759
        6758        6756        6759
        6759        6762        6763
        6759        6762        6766
        6760        6759        6761
        6760        6759        6762
        6761        6759        6762
        6762        6766        6767
        6762        6766        6768
        6763        6762        6766
        6764        6801        6802
        6764        6801        6803
        6765        6764        6801
        6766        6768        6769
        6766        6768        6770
        6766        6768        6771
        6767        6766        6768
        6768        6771        6772
        6768        6771        6773
        6769        6768        6770
        6769        6768        6771
        6770        6768        6771
        6771        6773        6774
        6771        6773        6775
        6772        6771        6773
        6773        6775        6776
        6773        6775        6777
        6773        6775        6778
        6774        6773        6775
        6775        6778        6779
        6775        6778        6780
        6776        6775        6777
        6776        6775        6778
        6777        6775        6778
        6778        6780        6781
        6778        6780        6782
        6779        6778        6780
        6780        6782        6783
        6780        6782        6784
        6780        6782        6785
        6781        6780        6782
        6782        6785        6786
        6782        6785        6787
        6783        6782        6784
        6783        6782        6785
        6784        6782        6785
        6785        6787        6788
        6785        6787        6789
        6786        6785        6787
        6787        6789        6790
        6787        6789        6791
        6787        6789        6792
        6788        6787        6789
        6789        6792        6793
        6789        6792        6794
        6790        6789        6791
        6790        6789        6792
        6791        6789        6792
        6792        6794        6795
        6792        6794        6796
        6793        6792        6794
        6794        6796        6797
        6794        6796        6798
        6794        6796        6799
        6795        6794        6796
        6796        6799        6800
        6796        6799        8637
        6797        6796        6798
        6797        6796        6799
        6798        6796        6799
        6799        8637        8631
        6799        8637        8638
        6800        6799        8637
        6801        6803        6804
        6801        6803        6805
        6801        6803        6809
        6802        6801        6803
        6803        6805        6806
        6803        6805        6807
        6803        6805        6808
        6803        6809        6810
        6803        6809        6811
        6804        6803        6805
        6804        6803        6809
        6805        6803        6809
        6806        6805        6807
        6806        6805        6808
        6807        6805        6808
        6809        6811        6812
        6809        6811        6813
        6810        6809        6811
        6811        6813        6814
        6811        6813        6815
        6811        6813        6819
        6812        6811        6813
        6813        6815        6816
        6813        6815        6817
        6813        6815        6818
        6813        6819        6820
        6813        6819        6821
        6814        6813        6815
        6814        6813        6819
        6815        6813        6819
        6816        6815        6817
        6816        6815        6818
        6817        6815        6818
        6820        6819        6821
        6822        6826        6824
        6822        6827        6828
        6822        6827        6829
        6822        6827        6837
        6822        6877        6875
        6823        6822        6826
        6823        6822        6827
        6823        6822        6877
        6824        6841        6837
        6824        6841        6842
        6824        6841        6843
        6824        6844        6845
        6824        6844        6846
        6824        6844        6847
        6825        6824        6826
        6825        6824        6841
        6825        6824        6844
        6826        6822        6827
        6826        6822        6877
        6826        6824        6841
        6826        6824        6844
        6827        6822        6877
        6827        6829        6830
        6827        6829        6831
        6827        6837        6838
        6827        6837        6839
        6827        6837        6841
        6828        6827        6829
        6828        6827        6837
        6829        6827        6837
        6829        6831        6832
        6829        6831        6833
        6830        6829        6831
        6831        6833        6834
        6831        6833        6835
        6831        6833        6836
        6832        6831        6833
        6834        6833        6835
        6834        6833        6836
        6835        6833        6836
        6837        6839        6840
        6837        6841        6842
        6837        6841        6843
        6838        6837        6839
        6838        6837        6841
        6839        6837        6841
        6841        6824        6844
        6842        6841        6843
        6844        6847        6848
        6845        6844        6846
        6845        6844        6847
        6846        6844        6847
        6849        6853        6851
        6849        6854        6855
        6849        6854        6856
        6849        6854        6864
        6849        7007        7005
        6850        6849        6853
        6850        6849        6854
        6850        6849        7007
        6851        6875        6864
        6851        6875        6876
        6851        6875        6877
        6851        6878        6879
        6851        6878        6880
        6851        6878        6881
        6852        6851        6853
        6852        6851        6875
        6852        6851        6878
        6853        6849        6854
        6853        6849        7007
        6853        6851        6875
        6853        6851        6878
        6854        6849        7007
        6854        6856        6857
        6854        6856        6858
        6854        6864        6865
        6854        6864        6866
        6854        6864        6875
        6855        6854        6856
        6855        6854        6864
        6856        6854        6864
        6856        6858        6859
        6856        6858        6860
        6857        6856        6858
        6858        6860        6861
        6858        6860        6862
        6858        6860        6863
        6859        6858        6860
        6861        6860        6862
        6861        6860        6863
        6862        6860        6863
        6864        6866        6867
        6864        6875        6876
        6864        6875        6877
        6865        6864        6866
        6865        6864        6875
        6866        6864        6875
        6866        6867        6868
        6866        6867        6869
        6866        6867        6871
        6867        6869        6870
        6867        6869        6883
        6867        6871        6872
        6867        6871        6873
        6867        6871        6874
        6868        6867        6869
        6868        6867        6871
        6869        6867        6871
        6869        6883        6884
        6869        6883        6885
        6870        6869        6883
        6872        6871        6873
        6872        6871        6874
        6873        6871        6874
        6875        6851        6878
        6876        6875        6877
        6878        6881        6882
        6879        6878        6880
        6879        6878        6881
        6880        6878        6881
        6883        6885        6886
        6883        6885        6887
        6883        6885        6891
        6884        6883        6885
        6885        6887        6888
        6885        6887        6889
        6885        6887        6890
        6885        6891        6892
        6885        6891        6893
        6886        6885        6887
        6886        6885        6891
        6887        6885        6891
        6888        6887        6889
        6888        6887        6890
        6889        6887        6890
        6891        6893        6894
        6891        6893        6895
        6892        6891        6893
        6893        6895        6896
        6893        6895        6897
        6893        6895        6902
        6894        6893        6895
        6895        6897        6898
        6895        6897        6899
        6895        6902        6903
        6895        6902        6904
        6895        6902        6905
        6896        6895        6897
        6896        6895        6902
        6897        6895        6902
        6897        6899        6900
        6897        6899        6901
        6898        6897        6899
        6900        6899        6901
        6902        6905        6906
        6902        6905        6907
        6902        6905        6908
        6903        6902        6904
        6903        6902        6905
        6904        6902        6905
        6905        6908        6909
        6905        6908        6910
        6906        6905        6907
        6906        6905        6908
        6907        6905        6908
        6908        6910        6911
        6908        6910        6912
        6909        6908        6910
        6910        6912        6913
        6910        6912        6914
        6910        6912        6928
        6911        6910        6912
        6912        6914        6915
        6912        6914        6916
        6912        6914        6917
        6912        6928        6929
        6912        6928        6965
        6913        6912        6914
        6913        6912        6928
        6914        6912        6928
        6914        6917        6918
        6914        6917        6919
        6914        6917        6920
        6915        6914        6916
        6915        6914        6917
        6916        6914        6917
        6917        6920        6921
        6917        6920        6922
        6917        6920        6923
        6918        6917        6919
        6918        6917        6920
        6919        6917        6920
        6920        6923        6924
        6920        6923        6925
        6920        6923        6926
        6921        6920        6922
        6921        6920        6923
        6922        6920        6923
        6923        6926        6927
        6923        6926        6930
        6924        6923        6925
        6924        6923        6926
        6925        6923        6926
        6926        6930        6931
        6926        6930        6932
        6927        6926        6930
        6928        6965        6966
        6928        6965        6967
        6929        6928        6965
        6930        6932        6933
        6930        6932        6934
        6930        6932        6935
        6931        6930        6932
        6932        6935        6936
        6932        6935        6937
        6933        6932        6934
        6933        6932        6935
        6934        6932        6935
        6935        6937        6938
        6935        6937        6939
        6936        6935        6937
        6937        6939        6940
        6937        6939        6941
        6937        6939        6942
        6938        6937        6939
        6939        6942        6943
        6939        6942        6944
        6940        6939        6941
        6940        6939        6942
        6941        6939        6942
        6942        6944        6945
        6942        6944        6946
        6943        6942        6944
        6944        6946        6947
        6944        6946        6948
        6944        6946        6949
        6945        6944        6946
        6946        6949        6950
        6946        6949        6951
        6947        6946        6948
        6947        6946        6949
        6948        6946        6949
        6949        6951        6952
        6949        6951        6953
        6950        6949        6951
        6951        6953        6954
        6951        6953        6955
        6951        6953        6956
        6952        6951        6953
        6953        6956        6957
        6953        6956        6958
        6954        6953        6955
        6954        6953        6956
        6955        6953        6956
        6956        6958        6959
        6956        6958        6960
        6957        6956        6958
        6958        6960        6961
        6958        6960        6962
        6958        6960        6963
        6959        6958        6960
        6960        6963        6964
        6961        6960        6962
        6961        6960        6963
        6962        6960        6963
        6965        6967        6968
        6965        6967        6969
        6965        6967        6973
        6966        6965        6967
        6967        6969        6970
        6967        6969        6971
        6967        6969        6972
        6967        6973        6974
        6967        6973        6975
        6968        6967        6969
        6968        6967        6973
        6969        6967        6973
        6970        6969        6971
        6970        6969        6972
        6971        6969        6972
        6973        6975        6976
        6973        6975        6977
        6974        6973        6975
        6975        6977        6978
        6975        6977        6979
        6975        6977        6983
        6976        6975        6977
        6977        6979        6980
        6977        6979        6981
        6977        6979        6982
        6977        6983        6984
        6977        6983        6985
        6978        6977        6979
        6978        6977        6983
        6979        6977        6983
        6980        6979        6981
        6980        6979        6982
        6981        6979        6982
        6984        6983        6985
        6986        6990        6988
        6986        6991        6992
        6986        6991        6993
        6986        6991        7001
        6986        7041        7039
        6987        6986        6990
        6987        6986        6991
        6987        6986        7041
        6988        7005        7001
        6988        7005        7006
        6988        7005        7007
        6988        7008        7009
        6988        7008        7010
        6988        7008        7011
        6989        6988        6990
        6989        6988        7005
        6989        6988        7008
        6990        6986        6991
        6990        6986        7041
        6990        6988        7005
        6990        6988        7008
        6991        6986        7041
        6991        6993        6994
        6991        6993        6995
        6991        7001        7002
        6991        7001        7003
        6991        7001        7005
        6992        6991        6993
        6992        6991        7001
        6993        6991        7001
        6993        6995        6996
        6993        6995        6997
        6994        6993        6995
        6995        6997        6998
        6995        6997        6999
        6995        6997        7000
        6996        6995        6997
        6998        6997        6999
        6998        6997        7000
        6999        6997        7000
        7001        7003        7004
        7001        7005        7006
        7001        7005        7007
        7002        7001        7003
        7002        7001        7005
        7003        7001        7005
        7005        6988        7008
        7006        7005        7007
        7008        7011        7012
        7009        7008        7010
        7009        7008        7011
        7010        7008        7011
        7013        7017        7015
        7013        7018        7019
        7013        7018        7020
        7013        7018        7028
        7013        7171        7169
        7014        7013        7017
        7014        7013        7018
        7014        7013        7171
        7015        7039        7028
        7015        7039        7040
        7015        7039        7041
        7015        7042        7043
        7015        7042        7044
        7015        7042        7045
        7016        7015        7017
        7016        7015        7039
        7016        7015        7042
        7017        7013        7018
        7017        7013        7171
        7017        7015        7039
        7017        7015        7042
        7018        7013        7171
        7018        7020        7021
        7018        7020        7022
        7018        7028        7029
        7018        7028        7030
        7018        7028        7039
        7019        7018        7020
        7019        7018        7028
        7020        7018        7028
        7020        7022        7023
        7020        7022        7024
        7021        7020        7022
        7022        7024        7025
        7022        7024        7026
        7022        7024        7027
        7023        7022        7024
        7025        7024        7026
        7025        7024        7027
        7026        7024        7027
        7028        7030        7031
        7028        7039        7040
        7028        7039        7041
        7029        7028        7030
        7029        7028        7039
        7030        7028        7039
        7030        7031        7032
        7030        7031        7033
        7030        7031        7035
        7031        7033        7034
        7031        7033        7047
        7031        7035        7036
        7031        7035        7037
        7031        7035        7038
        7032        7031        7033
        7032        7031        7035
        7033        7031        7035
        7033        7047        7048
        7033        7047        7049
        7034        7033        7047
        7036        7035        7037
        7036        7035        7038
        7037        7035        7038
        7039        7015        7042
        7040        7039        7041
        7042        7045        7046
        7043        7042        7044
        7043        7042        7045
        7044        7042        7045
        7047        7049        7050
        7047        7049        7051
        7047        7049        7055
        7048        7047        7049
        7049        7051        7052
        7049        7051        7053
        7049        7051        7054
        7049        7055        7056
        7049        7055        7057
        7050        7049        7051
        7050        7049        7055
        7051        7049        7055
        7052        7051        7053
        7052        7051        7054
        7053        7051        7054
        7055        7057        7058
        7055        7057        7059
        7056        7055        7057
        7057        7059        7060
        7057        7059        7061
        7057        7059        7066
        7058        7057        7059
        7059        7061        7062
        7059        7061        7063
        7059        7066        7067
        7059        7066        7068
        7059        7066        7069
        7060        7059        7061
        7060        7059        7066
        7061        7059        7066
        7061        7063        7064
        7061        7063        7065
        7062        7061        7063
        7064        7063        7065
        7066        7069        7070
        7066        7069        7071
        7066        7069        7072
        7067        7066        7068
        7067        7066        7069
        7068        7066        7069
        7069        7072        7073
        7069        7072        7074
        7070        7069        7071
        7070        7069        7072
        7071        7069        7072
        7072        7074        7075
        7072        7074        7076
        7073        7072        7074
        7074        7076        7077
        7074        7076        7078
        7074        7076        7092
        7075        7074        7076
        7076        7078        7079
        7076        7078        7080
        7076        7078        7081
        7076        7092        7093
        7076        7092        7129
        7077        7076        7078
        7077        7076        7092
        7078        7076        7092
        7078        7081        7082
        7078        7081        7083
        7078        7081        7084
        7079        7078        7080
        7079        7078        7081
        7080        7078        7081
        7081        7084        7085
        7081        7084        7086
        7081        7084        7087
        7082        7081        7083
        7082        7081        7084
        7083        7081        7084
        7084        7087        7088
        7084        7087        7089
        7084        7087        7090
        7085        7084        7086
        7085        7084        7087
        7086        7084        7087
        7087        7090        7091
        7087        7090        7094
        7088        7087        7089
        7088        7087        7090
        7089        7087        7090
        7090        7094        7095
        7090        7094        7096
        7091        7090        7094
        7092        7129        7130
        7092        7129        7131
        7093        7092        7129
        7094        7096        7097
        7094        7096        7098
        7094        7096        7099
        7095        7094        7096
        7096        7099        7100
        7096        7099        7101
        7097        7096        7098
        7097        7096        7099
        7098        7096        7099
        7099        7101        7102
        7099        7101        7103
        7100        7099        7101
        7101        7103        7104
        7101        7103        7105
        7101        7103        7106
        7102        7101        7103
        7103        7106        7107
        7103        7106        7108
        7104        7103        7105
        7104        7103        7106
        7105        7103        7106
        7106        7108        7109
        7106        7108        7110
        7107        7106        7108
        7108        7110        7111
        7108        7110        7112
        7108        7110        7113
        7109        7108        7110
        7110        7113        7114
        7110        7113        7115
        7111        7110        7112
        7111        7110        7113
        7112        7110        7113
        7113        7115        7116
        7113        7115        7117
        7114        7113        7115
        7115        7117        7118
        7115        7117        7119
        7115        7117        7120
        7116        7115        7117
        7117        7120        7121
        7117        7120        7122
        7118        7117        7119
        7118        7117        7120
        7119        7117        7120
        7120        7122        7123
        7120        7122        7124
        7121        7120        7122
        7122        7124        7125
        7122        7124        7126
        7122        7124        7127
        7123        7122        7124
        7124        7127        7128
        7124        7127        8888
        7125        7124        7126
        7125        7124        7127
        7126        7124        7127
        7127        8888        8882
        7127        8888        8889
        7128        7127        8888
        7129        7131        7132
        7129        7131        7133
        7129        7131        7137
        7130        7129        7131
        7131        7133        7134
        7131        7133        7135
        7131        7133        7136
        7131        7137        7138
        7131        7137        7139
        7132        7131        7133
        7132        7131        7137
        7133        7131        7137
        7134        7133        7135
        7134        7133        7136
        7135        7133        7136
        7137        7139        7140
        7137        7139        7141
        7138        7137        7139
        7139        7141        7142
        7139        7141        7143
        7139        7141        7147
        7140        7139        7141
        7141        7143        7144
        7141        7143        7145
        7141        7143        7146
        7141        7147        7148
        7141        7147        7149
        7142        7141        7143
        7142        7141        7147
        7143        7141        7147
        7144        7143        7145
        7144        7143        7146
        7145        7143        7146
        7148        7147        7149
        7150        7154        7152
        7150        7155        7156
        7150        7155        7157
        7150        7155        7165
        7150        7205        7203
        7151        7150        7154
        7151        7150        7155
        7151        7150        7205
        7152        7169        7165
        7152        7169        7170
        7152        7169        7171
        7152        7172        7173
        7152        7172        7174
        7152        7172        7175
        7153        7152        7154
        7153        7152        7169
        7153        7152        7172
        7154        7150        7155
        7154        7150        7205
        7154        7152        7169
        7154        7152        7172
        7155        7150        7205
        7155        7157        7158
        7155        7157        7159
        7155        7165        7166
        7155        7165        7167
        7155        7165        7169
        7156        7155        7157
        7156        7155        7165
        7157        7155        7165
        7157        7159        7160
        7157        7159        7161
        7158        7157        7159
        7159        7161        7162
        7159        7161        7163
        7159        7161        7164
        7160        7159        7161
        7162        7161        7163
        7162        7161        7164
        7163        7161        7164
        7165        7167        7168
        7165        7169        7170
        7165        7169        7171
        7166        7165        7167
        7166        7165        7169
        7167        7165        7169
        7169        7152        7172
        7170        7169        7171
        7172        7175        7176
        7173        7172        7174
        7173        7172        7175
        7174        7172        7175
        7177        7181        7179
        7177        7182        7183
        7177        7182        7184
        7177        7182        7192
        7178        7177        7181
        7178        7177        7182
        7179        7203        7192
        7179        7203        7204
        7179        7203        7205
        7179        7206        7207
        7179        7206        7208
        7179        7206        7209
        7180        7179        7181
        7180        7179        7203
        7180        7179        7206
        7181        7177        7182
        7181        7179        7203
        7181        7179        7206
        7182        7184        7185
        7182        7184        7186
        7182        7192        7193
        7182        7192        7194
        7182        7192        7203
        7183        7182        7184
        7183        7182        7192
        7184        7182        7192
        7184        7186        7187
        7184        7186        7188
        7185        7184        7186
        7186        7188        7189
        7186        7188        7190
        7186        7188        7191
        7187        7186        7188
        7189        7188        7190
        7189        7188        7191
        7190        7188        7191
        7192        7194        7195
        7192        7203        7204
        7192        7203        7205
        7193        7192        7194
        7193        7192        7203
        7194        7192        7203
        7194        7195        7196
        7194        7195        7197
        7194        7195        7199
        7195        7197        7198
        7195        7197        7211
        7195        7199        7200
        7195        7199        7201
        7195        7199        7202
        7196        7195        7197
        7196        7195        7199
        7197        7195        7199
        7197        7211        7212
        7197        7211        7213
        7198        7197        7211
        7200        7199        7201
        7200        7199        7202
        7201        7199        7202
        7203        7179        7206
        7204        7203        7205
        7206        7209        7210
        7207        7206        7208
        7207        7206        7209
        7208        7206        7209
        7211        7213        7214
        7211        7213        7215
        7211        7213        7219
        7212        7211        7213
        7213        7215        7216
        7213        7215        7217
        7213        7215        7218
        7213        7219        7220
        7213        7219        7221
        7214        7213        7215
        7214        7213        7219
        7215        7213        7219
        7216        7215        7217
        7216        7215        7218
        7217        7215        7218
        7219        7221        7222
        7219        7221        7223
        7220        7219        7221
        7221        7223        7224
        7221        7223        7225
        7221        7223        7230
        7222        7221        7223
        7223        7225        7226
        7223        7225        7227
        7223        7230        7231
        7223        7230        7232
        7223        7230        7233
        7224        7223        7225
        7224        7223        7230
        7225        7223        7230
        7225        7227        7228
        7225        7227        7229
        7226        7225        7227
        7228        7227        7229
        7230        7233        7234
        7230        7233        7235
        7230        7233        7236
        7231        7230        7232
        7231        7230        7233
        7232        7230        7233
        7233        7236        7237
        7233        7236        7238
        7234        7233        7235
        7234        7233        7236
        7235        7233        7236
        7236        7238        7239
        7236        7238        7240
        7237        7236        7238
        7238        7240        7241
        7238        7240        7242
        7238        7240        7258
        7239        7238        7240
        7240        7242        7243
        7240        7242        7244
        7240        7242        7245
        7240        7258        7259
        7240        7258        7260
        7241        7240        7242
        7241        7240        7258
        7242        7240        7258
        7242        7245        7246
        7242        7245        7247
        7242        7245        7248
        7243        7242        7244
        7243        7242        7245
        7244        7242        7245
        7245        7248        7249
        7245        7248        7250
        7245        7248        7251
        7246        7245        7247
        7246        7245        7248
        7247        7245        7248
        7248        7251        7252
        7248        7251        7253
        7248        7251        7254
        7249        7248        7250
        7249        7248        7251
        7250        7248        7251
        7251        7254        7255
        7251        7254        7256
        7251        7254        7257
        7252        7251        7253
        7252        7251        7254
        7253        7251        7254
        7255        7254        7256
        7255        7254        7257
        7256        7254        7257
        7258        7260        7261
        7258        7260        7262
        7259        7258        7260
        7260        7262        7263
        7260        7262        7264
        7260        7262        7268
        7261        7260        7262
        7262        7264        7265
        7262        7264        7266
        7262        7264        7267
        7262        7268        7269
        7262        7268        7270
        7263        7262        7264
        7263        7262        7268
        7264        7262        7268
        7265        7264        7266
        7265        7264        7267
        7266        7264        7267
        7268        7270        7271
        7268        7270        7272
        7269        7268        7270
        7270        7272        7273
        7270        7272        7274
        7270        7272        7278
        7271        7270        7272
        7272        7274        7275
        7272        7274        7276
        7272        7274        7277
        7272        7278        7279
        7272        7278        7280
        7273        7272        7274
        7273        7272        7278
        7274        7272        7278
        7275        7274        7276
        7275        7274        7277
        7276        7274        7277
        7279        7278        7280
        7281        7285        7283
        7281        7286        7287
        7281        7286        7288
        7281        7286        7296
        7281        7336        7334
        7282        7281        7285
        7282        7281        7286
        7282        7281        7336
        7283        7300        7296
        7283        7300        7301
        7283        7300        7302
        7283        7303        7304
        7283        7303        7305
        7283        7303        7306
        7284        7283        7285
        7284        7283        7300
        7284        7283        7303
        7285        7281        7286
        7285        7281        7336
        7285        7283        7300
        7285        7283        7303
        7286        7281        7336
        7286        7288        7289
        7286        7288        7290
        7286        7296        7297
        7286        7296        7298
        7286        7296        7300
        7287        7286        7288
        7287        7286        7296
        7288        7286        7296
        7288        7290        7291
        7288        7290        7292
        7289        7288        7290
        7290        7292        7293
        7290        7292        7294
        7290        7292        7295
        7291        7290        7292
        7293        7292        7294
        7293        7292        7295
        7294        7292        7295
        7296        7298        7299
        7296        7300        7301
        7296        7300        7302
        7297        7296        7298
        7297        7296        7300
        7298        7296        7300
        7300        7283        7303
        7300        7302        8917
        7301        7300        7302
        7302        8917        8918
        7302        8917        8921
        7302        8917        8922
        7303        7306        7307
        7304        7303        7305
        7304        7303        7306
        7305        7303        7306
        7308        7312        7310
        7308        7313        7314
        7308        7313        7315
        7308        7313        7323
        7308        7433        7431
        7309        7308        7312
        7309        7308        7313
        7309        7308        7433
        7310        7334        7323
        7310        7334        7335
        7310        7334        7336
        7310        7337        7338
        7310        7337        7339
        7310        7337        7340
        7311        7310        7312
        7311        7310        7334
        7311        7310        7337
        7312        7308        7313
        7312        7308        7433
        7312        7310        7334
        7312        7310        7337
        7313        7308        7433
        7313        7315        7316
        7313        7315        7317
        7313        7323        7324
        7313        7323        7325
        7313        7323        7334
        7314        7313        7315
        7314        7313        7323
        7315        7313        7323
        7315        7317        7318
        7315        7317        7319
        7316        7315        7317
        7317        7319        7320
        7317        7319        7321
        7317        7319        7322
        7318        7317        7319
        7320        7319        7321
        7320        7319        7322
        7321        7319        7322
        7323        7325        7326
        7323        7334        7335
        7323        7334        7336
        7324        7323        7325
        7324        7323        7334
        7325        7323        7334
        7325        7326        7327
        7325        7326        7328
        7325        7326        7330
        7326        7328        7329
        7326        7328        7342
        7326        7330        7331
        7326        7330        7332
        7326        7330        7333
        7327        7326        7328
        7327        7326        7330
        7328        7326        7330
        7328        7342        7343
        7328        7342        7344
        7329        7328        7342
        7331        7330        7332
        7331        7330        7333
        7332        7330        7333
        7334        7310        7337
        7335        7334        7336
        7337        7340        7341
        7338        7337        7339
        7338        7337        7340
        7339        7337        7340
        7342        7344        7345
        7342        7344        7346
        7342        7344        7350
        7343        7342        7344
        7344        7346        7347
        7344        7346        7348
        7344        7346        7349
        7344        7350        7351
        7344        7350        7352
        7345        7344        7346
        7345        7344        7350
        7346        7344        7350
        7347        7346        7348
        7347        7346        7349
        7348        7346        7349
        7350        7352        7353
        7350        7352        7354
        7351        7350        7352
        7352        7354        7355
        7352        7354        7356
        7352        7354        7361
        7353        7352        7354
        7354        7356        7357
        7354        7356        7358
        7354        7361        7362
        7354        7361        7363
        7354        7361        7364
        7355        7354        7356
        7355        7354        7361
        7356        7354        7361
        7356        7358        7359
        7356        7358        7360
        7357        7356        7358
        7359        7358        7360
        7361        7364        7365
        7361        7364        7366
        7361        7364        7367
        7362        7361        7363
        7362        7361        7364
        7363        7361        7364
        7364        7367        7368
        7364        7367        7369
        7365        7364        7366
        7365        7364        7367
        7366        7364        7367
        7367        7369        7370
        7367        7369        7371
        7368        7367        7369
        7369        7371        7372
        7369        7371        7373
        7369        7371        7389
        7370        7369        7371
        7371        7373        7374
        7371        7373        7375
        7371        7373        7376
        7371        7389        7390
        7371        7389        7391
        7372        7371        7373
        7372        7371        7389
        7373        7371        7389
        7373        7376        7377
        7373        7376        7378
        7373        7376        7379
        7374        7373        7375
        7374        7373        7376
        7375        7373        7376
        7376        7379        7380
        7376        7379        7381
        7376        7379        7382
        7377        7376        7378
        7377        7376        7379
        7378        7376        7379
        7379        7382        7383
        7379        7382        7384
        7379        7382        7385
        7380        7379        7381
        7380        7379        7382
        7381        7379        7382
        7382        7385        7386
        7382        7385        7387
        7382        7385        7388
        7383        7382        7384
        7383        7382        7385
        7384        7382        7385
        7386        7385        7387
        7386        7385        7388
        7387        7385        7388
        7389        7391        7392
        7389        7391        7393
        7390        7389        7391
        7391        7393        7394
        7391        7393        7395
        7391        7393        7399
        7392        7391        7393
        7393        7395        7396
        7393        7395        7397
        7393        7395        7398
        7393        7399        7400
        7393        7399        7401
        7394        7393        7395
        7394        7393        7399
        7395        7393        7399
        7396        7395        7397
        7396        7395        7398
        7397        7395        7398
        7399        7401        7402
        7399        7401        7403
        7400        7399        7401
        7401        7403        7404
        7401        7403        7405
        7401        7403        7409
        7402        7401        7403
        7403        7405        7406
        7403        7405        7407
        7403        7405        7408
        7403        7409        7410
        7403        7409        7411
        7404        7403        7405
        7404        7403        7409
        7405        7403        7409
        7406        7405        7407
        7406        7405        7408
        7407        7405        7408
        7410        7409        7411
        7412        7416        7414
        7412        7417        7418
        7412        7417        7419
        7412        7417        7427
        7412        7467        7465
        7413        7412        7416
        7413        7412        7417
        7413        7412        7467
        7414        7431        7427
        7414        7431        7432
        7414        7431        7433
        7414        7434        7435
        7414        7434        7436
        7414        7434        7437
        7415        7414        7416
        7415        7414        7431
        7415        7414        7434
        7416        7412        7417
        7416        7412        7467
        7416        7414        7431
        7416        7414        7434
        7417        7412        7467
        7417        7419        7420
        7417        7419        7421
        7417        7427        7428
        7417        7427        7429
        7417        7427        7431
        7418        7417        7419
        7418        7417        7427
        7419        7417        7427
        7419        7421        7422
        7419        7421        7423
        7420        7419        7421
        7421        7423        7424
        7421        7423        7425
        7421        7423        7426
        7422        7421        7423
        7424        7423        7425
        7424        7423        7426
        7425        7423        7426
        7427        7429        7430
        7427        7431        7432
        7427        7431        7433
        7428        7427        7429
        7428        7427        7431
        7429        7427        7431
        7431        7414        7434
        7432        7431        7433
        7434        7437        7438
        7435        7434        7436
        7435        7434        7437
        7436        7434        7437
        7439        7443        7441
        7439        7444        7445
        7439        7444        7446
        7439        7444        7454
        7439        7599        7597
        7440        7439        7443
        7440        7439        7444
        7440        7439        7599
        7441        7465        7454
        7441        7465        7466
        7441        7465        7467
        7441        7468        7469
        7441        7468        7470
        7441        7468        7471
        7442        7441        7443
        7442        7441        7465
        7442        7441        7468
        7443        7439        7444
        7443        7439        7599
        7443        7441        7465
        7443        7441        7468
        7444        7439        7599
        7444        7446        7447
        7444        7446        7448
        7444        7454        7455
        7444        7454        7456
        7444        7454        7465
        7445        7444        7446
        7445        7444        7454
        7446        7444        7454
        7446        7448        7449
        7446        7448        7450
        7447        7446        7448
        7448        7450        7451
        7448        7450        7452
        7448        7450        7453
        7449        7448        7450
        7451        7450        7452
        7451        7450        7453
        7452        7450        7453
        7454        7456        7457
        7454        7465        7466
        7454        7465        7467
        7455        7454        7456
        7455        7454        7465
        7456        7454        7465
        7456        7457        7458
        7456        7457        7459
        7456        7457        7461
        7457        7459        7460
        7457        7459        7473
        7457        7461        7462
        7457        7461        7463
        7457        7461        7464
        7458        7457        7459
        7458        7457        7461
        7459        7457        7461
        7459        7473        7474
        7459        7473        7475
        7460        7459        7473
        7462        7461        7463
        7462        7461        7464
        7463        7461        7464
        7465        7441        7468
        7466        7465        7467
        7468        7471        7472
        7469        7468        7470
        7469        7468        7471
        7470        7468        7471
        7473        7475        7476
        7473        7475        7477
        7473        7475        7481
        7474        7473        7475
        7475        7477        7478
        7475        7477        7479
        7475        7477        7480
        7475        7481        7482
        7475        7481        7483
        7476        7475        7477
        7476        7475        7481
        7477        7475        7481
        7478        7477        7479
        7478        7477        7480
        7479        7477        7480
        7481        7483        7484
        7481        7483        7485
        7482        7481        7483
        7483        7485        7486
        7483        7485        7487
        7483        7485        7492
        7484        7483        7485
        7485        7487        7488
        7485        7487        7489
        7485        7492        7493
        7485        7492        7494
        7485        7492        7495
        7486        7485        7487
        7486        7485        7492
        7487        7485        7492
        7487        7489        7490
        7487        7489        7491
        7488        7487        7489
        7490        7489        7491
        7492        7495        7496
        7492        7495        7497
        7492        7495        7498
        7493        7492        7494
        7493        7492        7495
        7494        7492        7495
        7495        7498        7499
        7495        7498        7500
        7496        7495        7497
        7496        7495        7498
        7497        7495        7498
        7498        7500        7501
        7498        7500        7502
        7499        7498        7500
        7500        7502        7503
        7500        7502        7504
        7500        7502        7518
        7501        7500        7502
        7502        7504        7505
        7502        7504        7506
        7502        7504        7507
        7502        7518        7519
        7502        7518        7557
        7503        7502        7504
        7503        7502        7518
        7504        7502        7518
        7504        7507        7508
        7504        7507        7509
        7504        7507        7510
        7505        7504        7506
        7505        7504        7507
        7506        7504        7507
        7507        7510        7511
        7507        7510        7512
        7507        7510        7513
        7508        7507        7509
        7508        7507        7510
        7509        7507        7510
        7510        7513        7514
        7510        7513        7515
        7510        7513        7516
        7511        7510        7512
        7511        7510        7513
        7512        7510        7513
        7513        7516        7517
        7513        7516        7520
        7514        7513        7515
        7514        7513        7516
        7515        7513        7516
        7516        7520        7521
        7516        7520        7522
        7517        7516        7520
        7518        7557        7558
        7518        7557        7559
        7519        7518        7557
        7520        7522        7523
        7520        7522        7524
        7520        7522        7525
        7521        7520        7522
        7522        7525        7526
        7522        7525        7527
        7523        7522        7524
        7523        7522        7525
        7524        7522        7525
        7525        7527        7528
        7525        7527        7529
        7526        7525        7527
        7527        7529        7530
        7527        7529        7531
        7527        7529        7532
        7528        7527        7529
        7529        7532        7533
        7529        7532        7534
        7530        7529        7531
        7530        7529        7532
        7531        7529        7532
        7532        7534        7535
        7532        7534        7536
        7533        7532        7534
        7534        7536        7537
        7534        7536        7538
        7534        7536        7539
        7535        7534        7536
        7536        7539        7540
        7536        7539        7541
        7537        7536        7538
        7537        7536        7539
        7538        7536        7539
        7539        7541        7542
        7539        7541        7543
        7540        7539        7541
        7541        7543        7544
        7541        7543        7545
        7541        7543        7546
        7542        7541        7543
        7543        7546        7547
        7543        7546        7548
        7544        7543        7545
        7544        7543        7546
        7545        7543        7546
        7546        7548        7549
        7546        7548        7550
        7547        7546        7548
        7548        7550        7551
        7548        7550        7552
        7548        7550        7553
        7549        7548        7550
        7550        7553        7554
        7550        7553        7555
        7550        7553        7556
        7551        7550        7552
        7551        7550        7553
        7552        7550        7553
        7554        7553        7555
        7554        7553        7556
        7555        7553        7556
        7557        7559        7560
        7557        7559        7561
        7557        7559        7565
        7558        7557        7559
        7559        7561        7562
        7559        7561        7563
        7559        7561        7564
        7559        7565        7566
        7559        7565        7567
        7560        7559        7561
        7560        7559        7565
        7561        7559        7565
        7562        7561        7563
        7562        7561        7564
        7563        7561        7564
        7565        7567        7568
        7565        7567        7569
        7566        7565        7567
        7567        7569        7570
        7567        7569        7571
        7567        7569        7575
        7568        7567        7569
        7569        7571        7572
        7569        7571        7573
        7569        7571        7574
        7569        7575        7576
        7569        7575        7577
        7570        7569        7571
        7570        7569        7575
        7571        7569        7575
        7572        7571        7573
        7572        7571        7574
        7573        7571        7574
        7576        7575        7577
        7578        7582        7580
        7578        7583        7584
        7578        7583        7585
        7578        7583        7593
        7578        7633        7631
        7579        7578        7582
        7579        7578        7583
        7579        7578        7633
        7580        7597        7593
        7580        7597        7598
        7580        7597        7599
        7580        7600        7601
        7580        7600        7602
        7580        7600        7603
        7581        7580        7582
        7581        7580        7597
        7581        7580        7600
        7582        7578        7583
        7582        7578        7633
        7582        7580        7597
        7582        7580        7600
        7583        7578        7633
        7583        7585        7586
        7583        7585        7587
        7583        7593        7594
        7583        7593        7595
        7583        7593        7597
        7584        7583        7585
        7584        7583        7593
        7585        7583        7593
        7585        7587        7588
        7585        7587        7589
        7586        7585        7587
        7587        7589        7590
        7587        7589        7591
        7587        7589        7592
        7588        7587        7589
        7590        7589        7591
        7590        7589        7592
        7591        7589        7592
        7593        7595        7596
        7593        7597        7598
        7593        7597        7599
        7594        7593        7595
        7594        7593        7597
        7595        7593        7597
        7597        7580        7600
        7598        7597        7599
        7600        7603        7604
        7601        7600        7602
        7601        7600        7603
        7602        7600        7603
        7605        7609        7607
        7605        7610        7611
        7605        7610        7612
        7605        7610        7620
        7605        7763        7761
        7606        7605        7609
        7606        7605        7610
        7606        7605        7763
        7607        7631        7620
        7607        7631        7632
        7607        7631        7633
        7607        7634        7635
        7607        7634        7636
        7607        7634        7637
        7608        7607        7609
        7608        7607        7631
        7608        7607        7634
        7609        7605        7610
        7609        7605        7763
        7609        7607        7631
        7609        7607        7634
        7610        7605        7763
        7610        7612        7613
        7610        7612        7614
        7610        7620        7621
        7610        7620        7622
        7610        7620        7631
        7611        7610        7612
        7611        7610        7620
        7612        7610        7620
        7612        7614        7615
        7612        7614        7616
        7613        7612        7614
        7614        7616        7617
        7614        7616        7618
        7614        7616        7619
        7615        7614        7616
        7617        7616        7618
        7617        7616        7619
        7618        7616        7619
        7620        7622        7623
        7620        7631        7632
        7620        7631        7633
        7621        7620        7622
        7621        7620        7631
        7622        7620        7631
        7622        7623        7624
        7622        7623        7625
        7622        7623        7627
        7623        7625        7626
        7623        7625        7639
        7623        7627        7628
        7623        7627        7629
        7623        7627        7630
        7624        7623        7625
        7624        7623        7627
        7625        7623        7627
        7625        7639        7640
        7625        7639        7641
        7626        7625        7639
        7628        7627        7629
        7628        7627        7630
        7629        7627        7630
        7631        7607        7634
        7632        7631        7633
        7634        7637        7638
        7635        7634        7636
        7635        7634        7637
        7636        7634        7637
        7639        7641        7642
        7639        7641        7643
        7639        7641        7647
        7640        7639        7641
        7641        7643        7644
        7641        7643        7645
        7641        7643        7646
        7641        7647        7648
        7641        7647        7649
        7642        7641        7643
        7642        7641        7647
        7643        7641        7647
        7644        7643        7645
        7644        7643        7646
        7645        7643        7646
        7647        7649        7650
        7647        7649        7651
        7648        7647        7649
        7649        7651        7652
        7649        7651        7653
        7649        7651        7658
        7650        7649        7651
        7651        7653        7654
        7651        7653        7655
        7651        7658        7659
        7651        7658        7660
        7651        7658        7661
        7652        7651        7653
        7652        7651        7658
        7653        7651        7658
        7653        7655        7656
        7653        7655        7657
        7654        7653        7655
        7656        7655        7657
        7658        7661        7662
        7658        7661        7663
        7658        7661        7664
        7659        7658        7660
        7659        7658        7661
        7660        7658        7661
        7661        7664        7665
        7661        7664        7666
        7662        7661        7663
        7662        7661        7664
        7663        7661        7664
        7664        7666        7667
        7664        7666        7668
        7665        7664        7666
        7666        7668        7669
        7666        7668        7670
        7666        7668        7684
        7667        7666        7668
        7668        7670        7671
        7668        7670        7672
        7668        7670        7673
        7668        7684        7685
        7668        7684        7721
        7669        7668        7670
        7669        7668        7684
        7670        7668        7684
        7670        7673        7674
        7670        7673        7675
        7670        7673        7676
        7671        7670        7672
        7671        7670        7673
        7672        7670        7673
        7673        7676        7677
        7673        7676        7678
        7673        7676        7679
        7674        7673        7675
        7674        7673        7676
        7675        7673        7676
        7676        7679        7680
        7676        7679        7681
        7676        7679        7682
        7677        7676        7678
        7677        7676        7679
        7678        7676        7679
        7679        7682        7683
        7679        7682        7686
        7680        7679        7681
        7680        7679        7682
        7681        7679        7682
        7682        7686        7687
        7682        7686        7688
        7683        7682        7686
        7684        7721        7722
        7684        7721        7723
        7685        7684        7721
        7686        7688        7689
        7686        7688        7690
        7686        7688        7691
        7687        7686        7688
        7688        7691        7692
        7688        7691        7693
        7689        7688        7690
        7689        7688        7691
        7690        7688        7691
        7691        7693        7694
        7691        7693        7695
        7692        7691        7693
        7693        7695        7696
        7693        7695        7697
        7693        7695        7698
        7694        7693        7695
        7695        7698        7699
        7695        7698        7700
        7696        7695        7697
        7696        7695        7698
        7697        7695        7698
        7698        7700        7701
        7698        7700        7702
        7699        7698        7700
        7700        7702        7703
        7700        7702        7704
        7700        7702        7705
        7701        7700        7702
        7702        7705        7706
        7702        7705        7707
        7703        7702        7704
        7703        7702        7705
        7704        7702        7705
        7705        7707        7708
        7705        7707        7709
        7706        7705        7707
        7707        7709        7710
        7707        7709        7711
        7707        7709        7712
        7708        7707        7709
        7709        7712        7713
        7709        7712        7714
        7710        7709        7711
        7710        7709        7712
        7711        7709        7712
        7712        7714        7715
        7712        7714        7716
        7713        7712        7714
        7714        7716        7717
        7714        7716        7718
        7714        7716        7719
        7715        7714        7716
        7716        7719        7720
        7716        7719        9401
        7717        7716        7718
        7717        7716        7719
        7718        7716        7719
        7719        9401        9395
        7719        9401        9402
        7720        7719        9401
        7721        7723        7724
        7721        7723        7725
        7721        7723        7729
        7722        7721        7723
        7723        7725        7726
        7723        7725        7727
        7723        7725        7728
        7723        7729        7730
        7723        7729        7731
        7724        7723        7725
        7724        7723        7729
        7725        7723        7729
        7726        7725        7727
        7726        7725        7728
        7727        7725        7728
        7729        7731        7732
        7729        7731        7733
        7730        7729        7731
        7731        7733        7734
        7731        7733        7735
        7731        7733        7739
        7732        7731        7733
        7733        7735        7736
        7733        7735        7737
        7733        7735        7738
        7733        7739        7740
        7733        7739        7741
        7734        7733        7735
        7734        7733        7739
        7735        7733        7739
        7736        7735        7737
        7736        7735        7738
        7737        7735        7738
        7740        7739        7741
        7742        7746        7744
        7742        7747        7748
        7742        7747        7749
        7742        7747        7757
        7742        7797        7795
        7743        7742        7746
        7743        7742        7747
        7743        7742        7797
        7744        7761        7757
        7744        7761        7762
        7744        7761        7763
        7744        7764        7765
        7744        7764        7766
        7744        7764        7767
        7745        7744        7746
        7745        7744        7761
        7745        7744        7764
        7746        7742        7747
        7746        7742        7797
        7746        7744        7761
        7746        7744        7764
        7747        7742        7797
        7747        7749        7750
        7747        7749        7751
        7747        7757        7758
        7747        7757        7759
        7747        7757        7761
        7748        7747        7749
        7748        7747        7757
        7749        7747        7757
        7749        7751        7752
        7749        7751        7753
        7750        7749        7751
        7751        7753        7754
        7751        7753        7755
        7751        7753        7756
        7752        7751        7753
        7754        7753        7755
        7754        7753        7756
        7755        7753        7756
        7757        7759        7760
        7757        7761        7762
        7757        7761        7763
        7758        7757        7759
        7758        7757        7761
        7759        7757        7761
        7761        7744        7764
        7762        7761        7763
        7764        7767        7768
        7765        7764        7766
        7765        7764        7767
        7766        7764        7767
        7769        7773        7771
        7769        7774        7775
        7769        7774        7776
        7769        7774        7784
        7769        7894        7892
        7770        7769        7773
        7770        7769        7774
        7770        7769        7894
        7771        7795        7784
        7771        7795        7796
        7771        7795        7797
        7771        7798        7799
        7771        7798        7800
        7771        7798        7801
        7772        7771        7773
        7772        7771        7795
        7772        7771        7798
        7773        7769        7774
        7773        7769        7894
        7773        7771        7795
        7773        7771        7798
        7774        7769        7894
        7774        7776        7777
        7774        7776        7778
        7774        7784        7785
        7774        7784        7786
        7774        7784        7795
        7775        7774        7776
        7775        7774        7784
        7776        7774        7784
        7776        7778        7779
        7776        7778        7780
        7777        7776        7778
        7778        7780        7781
        7778        7780        7782
        7778        7780        7783
        7779        7778        7780
        7781        7780        7782
        7781        7780        7783
        7782        7780        7783
        7784        7786        7787
        7784        7795        7796
        7784        7795        7797
        7785        7784        7786
        7785        7784        7795
        7786        7784        7795
        7786        7787        7788
        7786        7787        7789
        7786        7787        7791
        7787        7789        7790
        7787        7789        7803
        7787        7791        7792
        7787        7791        7793
        7787        7791        7794
        7788        7787        7789
        7788        7787        7791
        7789        7787        7791
        7789        7803        7804
        7789        7803        7805
        7790        7789        7803
        7792        7791        7793
        7792        7791        7794
        7793        7791        7794
        7795        7771        7798
        7796        7795        7797
        7798        7801        7802
        7799        7798        7800
        7799        7798        7801
        7800        7798        7801
        7803        7805        7806
        7803        7805        7807
        7803        7805        7811
        7804        7803        7805
        7805        7807        7808
        7805        7807        7809
        7805        7807        7810
        7805        7811        7812
        7805        7811        7813
        7806        7805        7807
        7806        7805        7811
        7807        7805        7811
        7808        7807        7809
        7808        7807        7810
        7809        7807        7810
        7811        7813        7814
        7811        7813        7815
        7812        7811        7813
        7813        7815        7816
        7813        7815        7817
        7813        7815        7822
        7814        7813        7815
        7815        7817        7818
        7815        7817        7819
        7815        7822        7823
        7815        7822        7824
        7815        7822        7825
        7816        7815        7817
        7816        7815        7822
        7817        7815        7822
        7817        7819        7820
        7817        7819        7821
        7818        7817        7819
        7820        7819        7821
        7822        7825        7826
        7822        7825        7827
        7822        7825        7828
        7823        7822        7824
        7823        7822        7825
        7824        7822        7825
        7825        7828        7829
        7825        7828        7830
        7826        7825        7827
        7826        7825        7828
        7827        7825        7828
        7828        7830        7831
        7828        7830        7832
        7829        7828        7830
        7830        7832        7833
        7830        7832        7834
        7830        7832        7850
        7831        7830        7832
        7832        7834        7835
        7832        7834        7836
        7832        7834        7837
        7832        7850        7851
        7832        7850        7852
        7833        7832        7834
        7833        7832        7850
        7834        7832        7850
        7834        7837        7838
        7834        7837        7839
        7834        7837        7840
        7835        7834        7836
        7835        7834        7837
        7836        7834        7837
        7837        7840        7841
        7837        7840        7842
        7837        7840        7843
        7838        7837        7839
        7838        7837        7840
        7839        7837        7840
        7840        7843        7844
        7840        7843        7845
        7840        7843        7846
        7841        7840        7842
        7841        7840        7843
        7842        7840        7843
        7843        7846        7847
        7843        7846        7848
        7843        7846        7849
        7844        7843        7845
        7844        7843        7846
        7845        7843        7846
        7847        7846        7848
        7847        7846        7849
        7848        7846        7849
        7850        7852        7853
        7850        7852        7854
        7851        7850        7852
        7852        7854        7855
        7852        7854        7856
        7852        7854        7860
        7853        7852        7854
        7854        7856        7857
        7854        7856        7858
        7854        7856        7859
        7854        7860        7861
        7854        7860        7862
        7855        7854        7856
        7855        7854        7860
        7856        7854        7860
        7857        7856        7858
        7857        7856        7859
        7858        7856        7859
        7860        7862        7863
        7860        7862        7864
        7861        7860        7862
        7862        7864        7865
        7862        7864        7866
        7862        7864        7870
        7863        7862        7864
        7864        7866        7867
        7864        7866        7868
        7864        7866        7869
        7864        7870        7871
        7864        7870        7872
        7865        7864        7866
        7865        7864        7870
        7866        7864        7870
        7867        7866        7868
        7867        7866        7869
        7868        7866        7869
        7871        7870        7872
        7873        7877        7875
        7873        7878        7879
        7873        7878        7880
        7873        7878        7888
        7873        7928        7926
        7874        7873        7877
        7874        7873        7878
        7874        7873        7928
        7875        7892        7888
        7875        7892        7893
        7875        7892        7894
        7875        7895        7896
        7875        7895        7897
        7875        7895        7898
        7876        7875        7877
        7876        7875        7892
        7876        7875        7895
        7877        7873        7878
        7877        7873        7928
        7877        7875        7892
        7877        7875        7895
        7878        7873        7928
        7878        7880        7881
        7878        7880        7882
        7878        7888        7889
        7878        7888        7890
        7878        7888        7892
        7879        7878        7880
        7879        7878        7888
        7880        7878        7888
        7880        7882        7883
        7880        7882        7884
        7881        7880        7882
        7882        7884        7885
        7882        7884        7886
        7882        7884        7887
        7883        7882        7884
        7885        7884        7886
        7885        7884        7887
        7886        7884        7887
        7888        7890        7891
        7888        7892        7893
        7888        7892        7894
        7889        7888        7890
        7889        7888        7892
        7890        7888        7892
        7892        7875        7895
        7893        7892        7894
        7895        7898        7899
        7896        7895        7897
        7896        7895        7898
        7897        7895        7898
        7900        7904        7902
        7900        7905        7906
        7900        7905        7907
        7900        7905        7915
        7900        8014        8012
        7901        7900        7904
        7901        7900        7905
        7901        7900        8014
        7902        7926        7915
        7902        7926        7927
        7902        7926        7928
        7902        7929        7930
        7902        7929        7931
        7902        7929        7932
        7903        7902        7904
        7903        7902        7926
        7903        7902        7929
        7904        7900        7905
        7904        7900        8014
        7904        7902        7926
        7904        7902        7929
        7905        7900        8014
        7905        7907        7908
        7905        7907        7909
        7905        7915        7916
        7905        7915        7917
        7905        7915        7926
        7906        7905        7907
        7906        7905        7915
        7907        7905        7915
        7907        7909        7910
        7907        7909        7911
        7908        7907        7909
        7909        7911        7912
        7909        7911        7913
        7909        7911        7914
        7910        7909        7911
        7912        7911        7913
        7912        7911        7914
        7913        7911        7914
        7915        7917        7918
        7915        7926        7927
        7915        7926        7928
        7916        7915        7917
        7916        7915        7926
        7917        7915        7926
        7917        7918        7919
        7917        7918        7920
        7917        7918        7922
        7918        7920        7921
        7918        7920        7934
        7918        7922        7923
        7918        7922        7924
        7918        7922        7925
        7919        7918        7920
        7919        7918        7922
        7920        7918        7922
        7920        7934        7935
        7920        7934        7936
        7921        7920        7934
        7923        7922        7924
        7923        7922        7925
        7924        7922        7925
        7926        7902        7929
        7927        7926        7928
        7929        7932        7933
        7930        7929        7931
        7930        7929        7932
        7931        7929        7932
        7934        7936        7937
        7934        7936        7938
        7934        7936        7942
        7935        7934        7936
        7936        7938        7939
        7936        7938        7940
        7936        7938        7941
        7936        7942        7943
        7936        7942        7944
        7937        7936        7938
        7937        7936        7942
        7938        7936        7942
        7939        7938        7940
        7939        7938        7941
        7940        7938        7941
        7942        7944        7945
        7942        7944        7946
        7943        7942        7944
        7944        7946        7947
        7944        7946        7948
        7944        7946        7953
        7945        7944        7946
        7946        7948        7949
        7946        7948        7950
        7946        7953        7954
        7946        7953        7955
        7946        7953        7956
        7947        7946        7948
        7947        7946        7953
        7948        7946        7953
        7948        7950        7951
        7948        7950        7952
        7949        7948        7950
        7951        7950        7952
        7953        7956        7957
        7953        7956        7958
        7953        7956        7959
        7954        7953        7955
        7954        7953        7956
        7955        7953        7956
        7956        7959        7960
        7956        7959        7961
        7957        7956        7958
        7957        7956        7959
        7958        7956        7959
        7959        7961        7962
        7959        7961        7963
        7960        7959        7961
        7961        7963        7964
        7961        7963        7965
        7961        7963        7981
        7962        7961        7963
        7963        7965        7966
        7963        7965        7967
        7963        7965        7968
        7963        7981        7982
        7963        7981        7983
        7964        7963        7965
        7964        7963        7981
        7965        7963        7981
        7965        7968        7969
        7965        7968        7970
        7965        7968        7971
        7966        7965        7967
        7966        7965        7968
        7967        7965        7968
        7968        7971        7972
        7968        7971        7973
        7968        7971        7974
        7969        7968        7970
        7969        7968        7971
        7970        7968        7971
        7971        7974        7975
        7971        7974        7976
        7971        7974        7977
        7972        7971        7973
        7972        7971        7974
        7973        7971        7974
        7974        7977        7978
        7974        7977        7979
        7974        7977        7980
        7975        7974        7976
        7975        7974        7977
        7976        7974        7977
        7978        7977        7979
        7978        7977        7980
        7979        7977        7980
        7981        7983        7984
        7981        7983        7985
        7982        7981        7983
        7983        7985        7986
        7983        7985        7987
        7983        7985        7991
        7984        7983        7985
        7985        7987        7988
        7985        7987        7989
        7985        7987        7990
        7985        7991        7992
        7986        7985        7987
        7986        7985        7991
        7987        7985        7991
        7988        7987        7989
        7988        7987        7990
        7989        7987        7990
        7993        7997        7995
        7993        7998        7999
        7993        7998        8000
        7993        7998        8008
        7993        8048        8046
        7994        7993        7997
        7994        7993        7998
        7994        7993        8048
        7995        8012        8008
        7995        8012        8013
        7995        8012        8014
        7995        8015        8016
        7995        8015        8017
        7995        8015        8018
        7996        7995        7997
        7996        7995        8012
        7996        7995        8015
        7997        7993        7998
        7997        7993        8048
        7997        7995        8012
        7997        7995        8015
        7998        7993        8048
        7998        8000        8001
        7998        8000        8002
        7998        8008        8009
        7998        8008        8010
        7998        8008        8012
        7999        7998        8000
        7999        7998        8008
        8000        7998        8008
        8000        8002        8003
        8000        8002        8004
        8001        8000        8002
        8002        8004        8005
        8002        8004        8006
        8002        8004        8007
        8003        8002        8004
        8005        8004        8006
        8005        8004        8007
        8006        8004        8007
        8008        8010        8011
        8008        8012        8013
        8008        8012        8014
        8009        8008        8010
        8009        8008        8012
        8010        8008        8012
        8012        7995        8015
        8013        8012        8014
        8015        8018        8019
        8016        8015        8017
        8016        8015        8018
        8017        8015        8018
        8020        8024        8022
        8020        8025        8026
        8020        8025        8027
        8020        8025        8035
        8020        8134        8132
        8021        8020        8024
        8021        8020        8025
        8021        8020        8134
        8022        8046        8035
        8022        8046        8047
        8022        8046        8048
        8022        8049        8050
        8022        8049        8051
        8022        8049        8052
        8023        8022        8024
        8023        8022        8046
        8023        8022        8049
        8024        8020        8025
        8024        8020        8134
        8024        8022        8046
        8024        8022        8049
        8025        8020        8134
        8025        8027        8028
        8025        8027        8029
        8025        8035        8036
        8025        8035        8037
        8025        8035        8046
        8026        8025        8027
        8026        8025        8035
        8027        8025        8035
        8027        8029        8030
        8027        8029        8031
        8028        8027        8029
        8029        8031        8032
        8029        8031        8033
        8029        8031        8034
        8030        8029        8031
        8032        8031        8033
        8032        8031        8034
        8033        8031        8034
        8035        8037        8038
        8035        8046        8047
        8035        8046        8048
        8036        8035        8037
        8036        8035        8046
        8037        8035        8046
        8037        8038        8039
        8037        8038        8040
        8037        8038        8042
        8038        8040        8041
        8038        8040        8054
        8038        8042        8043
        8038        8042        8044
        8038        8042        8045
        8039        8038        8040
        8039        8038        8042
        8040        8038        8042
        8040        8054        8055
        8040        8054        8056
        8041        8040        8054
        8043        8042        8044
        8043        8042        8045
        8044        8042        8045
        8046        8022        8049
        8047        8046        8048
        8049        8052        8053
        8050        8049        8051
        8050        8049        8052
        8051        8049        8052
        8054        8056        8057
        8054        8056        8058
        8054        8056        8062
        8055        8054        8056
        8056        8058        8059
        8056        8058        8060
        8056        8058        8061
        8056        8062        8063
        8056        8062        8064
        8057        8056        8058
        8057        8056        8062
        8058        8056        8062
        8059        8058        8060
        8059        8058        8061
        8060        8058        8061
        8062        8064        8065
        8062        8064        8066
        8063        8062        8064
        8064        8066        8067
        8064        8066        8068
        8064        8066        8073
        8065        8064        8066
        8066        8068        8069
        8066        8068        8070
        8066        8073        8074
        8066        8073        8075
        8066        8073        8076
        8067        8066        8068
        8067        8066        8073
        8068        8066        8073
        8068        8070        8071
        8068        8070        8072
        8069        8068        8070
        8071        8070        8072
        8073        8076        8077
        8073        8076        8078
        8073        8076        8079
        8074        8073        8075
        8074        8073        8076
        8075        8073        8076
        8076        8079        8080
        8076        8079        8081
        8077        8076        8078
        8077        8076        8079
        8078        8076        8079
        8079        8081        8082
        8079        8081        8083
        8080        8079        8081
        8081        8083        8084
        8081        8083        8085
        8081        8083        8101
        8082        8081        8083
        8083        8085        8086
        8083        8085        8087
        8083        8085        8088
        8083        8101        8102
        8083        8101        8103
        8084        8083        8085
        8084        8083        8101
        8085        8083        8101
        8085        8088        8089
        8085        8088        8090
        8085        8088        8091
        8086        8085        8087
        8086        8085        8088
        8087        8085        8088
        8088        8091        8092
        8088        8091        8093
        8088        8091        8094
        8089        8088        8090
        8089        8088        8091
        8090        8088        8091
        8091        8094        8095
        8091        8094        8096
        8091        8094        8097
        8092        8091        8093
        8092        8091        8094
        8093        8091        8094
        8094        8097        8098
        8094        8097        8099
        8094        8097        8100
        8095        8094        8096
        8095        8094        8097
        8096        8094        8097
        8098        8097        8099
        8098        8097        8100
        8099        8097        8100
        8101        8103        8104
        8101        8103        8105
        8102        8101        8103
        8103        8105        8106
        8103        8105        8107
        8103        8105        8111
        8104        8103        8105
        8105        8107        8108
        8105        8107        8109
        8105        8107        8110
        8105        8111        8112
        8105        8111        9806
        8106        8105        8107
        8106        8105        8111
        8107        8105        8111
        8108        8107        8109
        8108        8107        8110
        8109        8107        8110
        8111        9806        9803
        8111        9806        9807
        8112        8111        9806
        8113        8117        8115
        8113        8118        8119
        8113        8118        8120
        8113        8118        8128
        8113        8168        8166
        8114        8113        8117
        8114        8113        8118
        8114        8113        8168
        8115        8132        8128
        8115        8132        8133
        8115        8132        8134
        8115        8135        8136
        8115        8135        8137
        8115        8135        8138
        8116        8115        8117
        8116        8115        8132
        8116        8115        8135
        8117        8113        8118
        8117        8113        8168
        8117        8115        8132
        8117        8115        8135
        8118        8113        8168
        8118        8120        8121
        8118        8120        8122
        8118        8128        8129
        8118        8128        8130
        8118        8128        8132
        8119        8118        8120
        8119        8118        8128
        8120        8118        8128
        8120        8122        8123
        8120        8122        8124
        8121        8120        8122
        8122        8124        8125
        8122        8124        8126
        8122        8124        8127
        8123        8122        8124
        8125        8124        8126
        8125        8124        8127
        8126        8124        8127
        8128        8130        8131
        8128        8132        8133
        8128        8132        8134
        8129        8128        8130
        8129        8128        8132
        8130        8128        8132
        8132        8115        8135
        8133        8132        8134
        8135        8138        8139
        8136        8135        8137
        8136        8135        8138
        8137        8135        8138
        8140        8144        8142
        8140        8145        8146
        8140        8145        8147
        8140        8145        8155
        8140        8300        8298
        8141        8140        8144
        8141        8140        8145
        8141        8140        8300
        8142        8166        8155
        8142        8166        8167
        8142        8166        8168
        8142        8169        8170
        8142        8169        8171
        8142        8169        8172
        8143        8142        8144
        8143        8142        8166
        8143        8142        8169
        8144        8140        8145
        8144        8140        8300
        8144        8142        8166
        8144        8142        8169
        8145        8140        8300
        8145        8147        8148
        8145        8147        8149
        8145        8155        8156
        8145        8155        8157
        8145        8155        8166
        8146        8145        8147
        8146        8145        8155
        8147        8145        8155
        8147        8149        8150
        8147        8149        8151
        8148        8147        8149
        8149        8151        8152
        8149        8151        8153
        8149        8151        8154
        8150        8149        8151
        8152        8151        8153
        8152        8151        8154
        8153        8151        8154
        8155        8157        8158
        8155        8166        8167
        8155        8166        8168
        8156        8155        8157
        8156        8155        8166
        8157        8155        8166
        8157        8158        8159
        8157        8158        8160
        8157        8158        8162
        8158        8160        8161
        8158        8160        8174
        8158        8162        8163
        8158        8162        8164
        8158        8162        8165
        8159        8158        8160
        8159        8158        8162
        8160        8158        8162
        8160        8174        8175
        8160        8174        8176
        8161        8160        8174
        8163        8162        8164
        8163        8162        8165
        8164        8162        8165
        8166        8142        8169
        8167        8166        8168
        8169        8172        8173
        8170        8169        8171
        8170        8169        8172
        8171        8169        8172
        8174        8176        8177
        8174        8176        8178
        8174        8176        8182
        8175        8174        8176
        8176        8178        8179
        8176        8178        8180
        8176        8178        8181
        8176        8182        8183
        8176        8182        8184
        8177        8176        8178
        8177        8176        8182
        8178        8176        8182
        8179        8178        8180
        8179        8178        8181
        8180        8178        8181
        8182        8184        8185
        8182        8184        8186
        8183        8182        8184
        8184        8186        8187
        8184        8186        8188
        8184        8186        8193
        8185        8184        8186
        8186        8188        8189
        8186        8188        8190
        8186        8193        8194
        8186        8193        8195
        8186        8193        8196
        8187        8186        8188
        8187        8186        8193
        8188        8186        8193
        8188        8190        8191
        8188        8190        8192
        8189        8188        8190
        8191        8190        8192
        8193        8196        8197
        8193        8196        8198
        8193        8196        8199
        8194        8193        8195
        8194        8193        8196
        8195        8193        8196
        8196        8199        8200
        8196        8199        8201
        8197        8196        8198
        8197        8196        8199
        8198        8196        8199
        8199        8201        8202
        8199        8201        8203
        8200        8199        8201
        8201        8203        8204
        8201        8203        8205
        8201        8203        8219
        8202        8201        8203
        8203        8205        8206
        8203        8205        8207
        8203        8205        8208
        8203        8219        8220
        8203        8219        8258
        8204        8203        8205
        8204        8203        8219
        8205        8203        8219
        8205        8208        8209
        8205        8208        8210
        8205        8208        8211
        8206        8205        8207
        8206        8205        8208
        8207        8205        8208
        8208        8211        8212
        8208        8211        8213
        8208        8211        8214
        8209        8208        8210
        8209        8208        8211
        8210        8208        8211
        8211        8214        8215
        8211        8214        8216
        8211        8214        8217
        8212        8211        8213
        8212        8211        8214
        8213        8211        8214
        8214        8217        8218
        8214        8217        8221
        8215        8214        8216
        8215        8214        8217
        8216        8214        8217
        8217        8221        8222
        8217        8221        8223
        8218        8217        8221
        8219        8258        8259
        8219        8258        8260
        8220        8219        8258
        8221        8223        8224
        8221        8223        8225
        8221        8223        8226
        8222        8221        8223
        8223        8226        8227
        8223        8226        8228
        8224        8223        8225
        8224        8223        8226
        8225        8223        8226
        8226        8228        8229
        8226        8228        8230
        8227        8226        8228
        8228        8230        8231
        8228        8230        8232
        8228        8230        8233
        8229        8228        8230
        8230        8233        8234
        8230        8233        8235
        8231        8230        8232
        8231        8230        8233
        8232        8230        8233
        8233        8235        8236
        8233        8235        8237
        8234        8233        8235
        8235        8237        8238
        8235        8237        8239
        8235        8237        8240
        8236        8235        8237
        8237        8240        8241
        8237        8240        8242
        8238        8237        8239
        8238        8237        8240
        8239        8237        8240
        8240        8242        8243
        8240        8242        8244
        8241        8240        8242
        8242        8244        8245
        8242        8244        8246
        8242        8244        8247
        8243        8242        8244
        8244        8247        8248
        8244        8247        8249
        8245        8244        8246
        8245        8244        8247
        8246        8244        8247
        8247        8249        8250
        8247        8249        8251
        8248        8247        8249
        8249        8251        8252
        8249        8251        8253
        8249        8251        8254
        8250        8249        8251
        8251        8254        8255
        8251        8254        8256
        8251        8254        8257
        8252        8251        8253
        8252        8251        8254
        8253        8251        8254
        8255        8254        8256
        8255        8254        8257
        8256        8254        8257
        8258        8260        8261
        8258        8260        8262
        8258        8260        8266
        8259        8258        8260
        8260        8262        8263
        8260        8262        8264
        8260        8262        8265
        8260        8266        8267
        8260        8266        8268
        8261        8260        8262
        8261        8260        8266
        8262        8260        8266
        8263        8262        8264
        8263        8262        8265
        8264        8262        8265
        8266        8268        8269
        8266        8268        8270
        8267        8266        8268
        8268        8270        8271
        8268        8270        8272
        8268        8270        8276
        8269        8268        8270
        8270        8272        8273
        8270        8272        8274
        8270        8272        8275
        8270        8276        8277
        8270        8276        8278
        8271        8270        8272
        8271        8270        8276
        8272        8270        8276
        8273        8272        8274
        8273        8272        8275
        8274        8272        8275
        8277        8276        8278
        8279        8283        8281
        8279        8284        8285
        8279        8284        8286
        8279        8284        8294
        8279        8334        8332
        8280        8279        8283
        8280        8279        8284
        8280        8279        8334
        8281        8298        8294
        8281        8298        8299
        8281        8298        8300
        8281        8301        8302
        8281        8301        8303
        8281        8301        8304
        8282        8281        8283
        8282        8281        8298
        8282        8281        8301
        8283        8279        8284
        8283        8279        8334
        8283        8281        8298
        8283        8281        8301
        8284        8279        8334
        8284        8286        8287
        8284        8286        8288
        8284        8294        8295
        8284        8294        8296
        8284        8294        8298
        8285        8284        8286
        8285        8284        8294
        8286        8284        8294
        8286        8288        8289
        8286        8288        8290
        8287        8286        8288
        8288        8290        8291
        8288        8290        8292
        8288        8290        8293
        8289        8288        8290
        8291        8290        8292
        8291        8290        8293
        8292        8290        8293
        8294        8296        8297
        8294        8298        8299
        8294        8298        8300
        8295        8294        8296
        8295        8294        8298
        8296        8294        8298
        8298        8281        8301
        8299        8298        8300
        8301        8304        8305
        8302        8301        8303
        8302        8301        8304
        8303        8301        8304
        8306        8310        8308
        8306        8311        8312
        8306        8311        8313
        8306        8311        8321
        8306        8420        8418
        8307        8306        8310
        8307        8306        8311
        8307        8306        8420
        8308        8332        8321
        8308        8332        8333
        8308        8332        8334
        8308        8335        8336
        8308        8335        8337
        8308        8335        8338
        8309        8308        8310
        8309        8308        8332
        8309        8308        8335
        8310        8306        8311
        8310        8306        8420
        8310        8308        8332
        8310        8308        8335
        8311        8306        8420
        8311        8313        8314
        8311        8313        8315
        8311        8321        8322
        8311        8321        8323
        8311        8321        8332
        8312        8311        8313
        8312        8311        8321
        8313        8311        8321
        8313        8315        8316
        8313        8315        8317
        8314        8313        8315
        8315        8317        8318
        8315        8317        8319
        8315        8317        8320
        8316        8315        8317
        8318        8317        8319
        8318        8317        8320
        8319        8317        8320
        8321        8323        8324
        8321        8332        8333
        8321        8332        8334
        8322        8321        8323
        8322        8321        8332
        8323        8321        8332
        8323        8324        8325
        8323        8324        8326
        8323        8324        8328
        8324        8326        8327
        8324        8326        8340
        8324        8328        8329
        8324        8328        8330
        8324        8328        8331
        8325        8324        8326
        8325        8324        8328
        8326        8324        8328
        8326        8340        8341
        8326        8340        8342
        8327        8326        8340
        8329        8328        8330
        8329        8328        8331
        8330        8328        8331
        8332        8308        8335
        8333        8332        8334
        8335        8338        8339
        8336        8335        8337
        8336        8335        8338
        8337        8335        8338
        8340        8342        8343
        8340        8342        8344
        8340        8342        8348
        8341        8340        8342
        8342        8344        8345
        8342        8344        8346
        8342        8344        8347
        8342        8348        8349
        8342        8348        8350
        8343        8342        8344
        8343        8342        8348
        8344        8342        8348
        8345        8344        8346
        8345        8344        8347
        8346        8344        8347
        8348        8350        8351
        8348        8350        8352
        8349        8348        8350
        8350        8352        8353
        8350        8352        8354
        8350        8352        8359
        8351        8350        8352
        8352        8354        8355
        8352        8354        8356
        8352        8359        8360
        8352        8359        8361
        8352        8359        8362
        8353        8352        8354
        8353        8352        8359
        8354        8352        8359
        8354        8356        8357
        8354        8356        8358
        8355        8354        8356
        8357        8356        8358
        8359        8362        8363
        8359        8362        8364
        8359        8362        8365
        8360        8359        8361
        8360        8359        8362
        8361        8359        8362
        8362        8365        8366
        8362        8365        8367
        8363        8362        8364
        8363        8362        8365
        8364        8362        8365
        8365        8367        8368
        8365        8367        8369
        8366        8365        8367
        8367        8369        8370
        8367        8369        8371
        8367        8369        8387
        8368        8367        8369
        8369        8371        8372
        8369        8371        8373
        8369        8371        8374
        8369        8387        8388
        8369        8387        8389
        8370        8369        8371
        8370        8369        8387
        8371        8369        8387
        8371        8374        8375
        8371        8374        8376
        8371        8374        8377
        8372        8371        8373
        8372        8371        8374
        8373        8371        8374
        8374        8377        8378
        8374        8377        8379
        8374        8377        8380
        8375        8374        8376
        8375        8374        8377
        8376        8374        8377
        8377        8380        8381
        8377        8380        8382
        8377        8380        8383
        8378        8377        8379
        8378        8377        8380
        8379        8377        8380
        8380        8383        8384
        8380        8383        8385
        8380        8383        8386
        8381        8380        8382
        8381        8380        8383
        8382        8380        8383
        8384        8383        8385
        8384        8383        8386
        8385        8383        8386
        8387        8389        8390
        8387        8389        8391
        8388        8387        8389
        8389        8391        8392
        8389        8391        8393
        8389        8391        8397
        8390        8389        8391
        8391        8393        8394
        8391        8393        8395
        8391        8393        8396
        8391        8397        8398
        8392        8391        8393
        8392        8391        8397
        8393        8391        8397
        8394        8393        8395
        8394        8393        8396
        8395        8393        8396
        8399        8403        8401
        8399        8404        8405
        8399        8404        8406
        8399        8404        8414
        8399        8454        8452
        8400        8399        8403
        8400        8399        8404
        8400        8399        8454
        8401        8418        8414
        8401        8418        8419
        8401        8418        8420
        8401        8421        8422
        8401        8421        8423
        8401        8421        8424
        8402        8401        8403
        8402        8401        8418
        8402        8401        8421
        8403        8399        8404
        8403        8399        8454
        8403        8401        8418
        8403        8401        8421
        8404        8399        8454
        8404        8406        8407
        8404        8406        8408
        8404        8414        8415
        8404        8414        8416
        8404        8414        8418
        8405        8404        8406
        8405        8404        8414
        8406        8404        8414
        8406        8408        8409
        8406        8408        8410
        8407        8406        8408
        8408        8410        8411
        8408        8410        8412
        8408        8410        8413
        8409        8408        8410
        8411        8410        8412
        8411        8410        8413
        8412        8410        8413
        8414        8416        8417
        8414        8418        8419
        8414        8418        8420
        8415        8414        8416
        8415        8414        8418
        8416        8414        8418
        8418        8401        8421
        8419        8418        8420
        8421        8424        8425
        8422        8421        8423
        8422        8421        8424
        8423        8421        8424
        8426        8430        8428
        8426        8431        8432
        8426        8431        8433
        8426        8431        8441
        8426        8540        8538
        8427        8426        8430
        8427        8426        8431
        8427        8426        8540
        8428        8452        8441
        8428        8452        8453
        8428        8452        8454
        8428        8455        8456
        8428        8455        8457
        8428        8455        8458
        8429        8428        8430
        8429        8428        8452
        8429        8428        8455
        8430        8426        8431
        8430        8426        8540
        8430        8428        8452
        8430        8428        8455
        8431        8426        8540
        8431        8433        8434
        8431        8433        8435
        8431        8441        8442
        8431        8441        8443
        8431        8441        8452
        8432        8431        8433
        8432        8431        8441
        8433        8431        8441
        8433        8435        8436
        8433        8435        8437
        8434        8433        8435
        8435        8437        8438
        8435        8437        8439
        8435        8437        8440
        8436        8435        8437
        8438        8437        8439
        8438        8437        8440
        8439        8437        8440
        8441        8443        8444
        8441        8452        8453
        8441        8452        8454
        8442        8441        8443
        8442        8441        8452
        8443        8441        8452
        8443        8444        8445
        8443        8444        8446
        8443        8444        8448
        8444        8446        8447
        8444        8446        8460
        8444        8448        8449
        8444        8448        8450
        8444        8448        8451
        8445        8444        8446
        8445        8444        8448
        8446        8444        8448
        8446        8460        8461
        8446        8460        8462
        8447        8446        8460
        8449        8448        8450
        8449        8448        8451
        8450        8448        8451
        8452        8428        8455
        8453        8452        8454
        8455        8458        8459
        8456        8455        8457
        8456        8455        8458
        8457        8455        8458
        8460        8462        8463
        8460        8462        8464
        8460        8462        8468
        8461        8460        8462
        8462        8464        8465
        8462        8464        8466
        8462        8464        8467
        8462        8468        8469
        8462        8468        8470
        8463        8462        8464
        8463        8462        8468
        8464        8462        8468
        8465        8464        8466
        8465        8464        8467
        8466        8464        8467
        8468        8470        8471
        8468        8470        8472
        8469        8468        8470
        8470        8472        8473
        8470        8472        8474
        8470        8472        8479
        8471        8470        8472
        8472        8474        8475
        8472        8474        8476
        8472        8479        8480
        8472        8479        8481
        8472        8479        8482
        8473        8472        8474
        8473        8472        8479
        8474        8472        8479
        8474        8476        8477
        8474        8476        8478
        8475        8474        8476
        8477        8476        8478
        8479        8482        8483
        8479        8482        8484
        8479        8482        8485
        8480        8479        8481
        8480        8479        8482
        8481        8479        8482
        8482        8485        8486
        8482        8485        8487
        8483        8482        8484
        8483        8482        8485
        8484        8482        8485
        8485        8487        8488
        8485        8487        8489
        8486        8485        8487
        8487        8489        8490
        8487        8489        8491
        8487        8489        8507
        8488        8487        8489
        8489        8491        8492
        8489        8491        8493
        8489        8491        8494
        8489        8507        8508
        8489        8507        8509
        8490        8489        8491
        8490        8489        8507
        8491        8489        8507
        8491        8494        8495
        8491        8494        8496
        8491        8494        8497
        8492        8491        8493
        8492        8491        8494
        8493        8491        8494
        8494        8497        8498
        8494        8497        8499
        8494        8497        8500
        8495        8494        8496
        8495        8494        8497
        8496        8494        8497
        8497        8500        8501
        8497        8500        8502
        8497        8500        8503
        8498        8497        8499
        8498        8497        8500
        8499        8497        8500
        8500        8503        8504
        8500        8503        8505
        8500        8503        8506
        8501        8500        8502
        8501        8500        8503
        8502        8500        8503
        8504        8503        8505
        8504        8503        8506
        8505        8503        8506
        8507        8509        8510
        8507        8509        8511
        8508        8507        8509
        8509        8511        8512
        8509        8511        8513
        8509        8511        8517
        8510        8509        8511
        8511        8513        8514
        8511        8513        8515
        8511        8513        8516
        8511        8517        8518
        8511        8517       10429
        8512        8511        8513
        8512        8511        8517
        8513        8511        8517
        8514        8513        8515
        8514        8513        8516
        8515        8513        8516
        8517       10429       10426
        8517       10429       10430
        8518        8517       10429
        8519        8523        8521
        8519        8524        8525
        8519        8524        8526
        8519        8524        8534
        8519        8574        8572
        8520        8519        8523
        8520        8519        8524
        8520        8519        8574
        8521        8538        8534
        8521        8538        8539
        8521        8538        8540
        8521        8541        8542
        8521        8541        8543
        8521        8541        8544
        8522        8521        8523
        8522        8521        8538
        8522        8521        8541
        8523        8519        8524
        8523        8519        8574
        8523        8521        8538
        8523        8521        8541
        8524        8519        8574
        8524        8526        8527
        8524        8526        8528
        8524        8534        8535
        8524        8534        8536
        8524        8534        8538
        8525        8524        8526
        8525        8524        8534
        8526        8524        8534
        8526        8528        8529
        8526        8528        8530
        8527        8526        8528
        8528        8530        8531
        8528        8530        8532
        8528        8530        8533
        8529        8528        8530
        8531        8530        8532
        8531        8530        8533
        8532        8530        8533
        8534        8536        8537
        8534        8538        8539
        8534        8538        8540
        8535        8534        8536
        8535        8534        8538
        8536        8534        8538
        8538        8521        8541
        8539        8538        8540
        8541        8544        8545
        8542        8541        8543
        8542        8541        8544
        8543        8541        8544
        8546        8550        8548
        8546        8551        8552
        8546        8551        8553
        8546        8551        8561
        8546        8660        8658
        8547        8546        8550
        8547        8546        8551
        8547        8546        8660
        8548        8572        8561
        8548        8572        8573
        8548        8572        8574
        8548        8575        8576
        8548        8575        8577
        8548        8575        8578
        8549        8548        8550
        8549        8548        8572
        8549        8548        8575
        8550        8546        8551
        8550        8546        8660
        8550        8548        8572
        8550        8548        8575
        8551        8546        8660
        8551        8553        8554
        8551        8553        8555
        8551        8561        8562
        8551        8561        8563
        8551        8561        8572
        8552        8551        8553
        8552        8551        8561
        8553        8551        8561
        8553        8555        8556
        8553        8555        8557
        8554        8553        8555
        8555        8557        8558
        8555        8557        8559
        8555        8557        8560
        8556        8555        8557
        8558        8557        8559
        8558        8557        8560
        8559        8557        8560
        8561        8563        8564
        8561        8572        8573
        8561        8572        8574
        8562        8561        8563
        8562        8561        8572
        8563        8561        8572
        8563        8564        8565
        8563        8564        8566
        8563        8564        8568
        8564        8566        8567
        8564        8566        8580
        8564        8568        8569
        8564        8568        8570
        8564        8568        8571
        8565        8564        8566
        8565        8564        8568
        8566        8564        8568
        8566        8580        8581
        8566        8580        8582
        8567        8566        8580
        8569        8568        8570
        8569        8568        8571
        8570        8568        8571
        8572        8548        8575
        8573        8572        8574
        8575        8578        8579
        8576        8575        8577
        8576        8575        8578
        8577        8575        8578
        8580        8582        8583
        8580        8582        8584
        8580        8582        8588
        8581        8580        8582
        8582        8584        8585
        8582        8584        8586
        8582        8584        8587
        8582        8588        8589
        8582        8588        8590
        8583        8582        8584
        8583        8582        8588
        8584        8582        8588
        8585        8584        8586
        8585        8584        8587
        8586        8584        8587
        8588        8590        8591
        8588        8590        8592
        8589        8588        8590
        8590        8592        8593
        8590        8592        8594
        8590        8592        8599
        8591        8590        8592
        8592        8594        8595
        8592        8594        8596
        8592        8599        8600
        8592        8599        8601
        8592        8599        8602
        8593        8592        8594
        8593        8592        8599
        8594        8592        8599
        8594        8596        8597
        8594        8596        8598
        8595        8594        8596
        8597        8596        8598
        8599        8602        8603
        8599        8602        8604
        8599        8602        8605
        8600        8599        8601
        8600        8599        8602
        8601        8599        8602
        8602        8605        8606
        8602        8605        8607
        8603        8602        8604
        8603        8602        8605
        8604        8602        8605
        8605        8607        8608
        8605        8607        8609
        8606        8605        8607
        8607        8609        8610
        8607        8609        8611
        8607        8609        8627
        8608        8607        8609
        8609        8611        8612
        8609        8611        8613
        8609        8611        8614
        8609        8627        8628
        8609        8627        8629
        8610        8609        8611
        8610        8609        8627
        8611        8609        8627
        8611        8614        8615
        8611        8614        8616
        8611        8614        8617
        8612        8611        8613
        8612        8611        8614
        8613        8611        8614
        8614        8617        8618
        8614        8617        8619
        8614        8617        8620
        8615        8614        8616
        8615        8614        8617
        8616        8614        8617
        8617        8620        8621
        8617        8620        8622
        8617        8620        8623
        8618        8617        8619
        8618        8617        8620
        8619        8617        8620
        8620        8623        8624
        8620        8623        8625
        8620        8623        8626
        8621        8620        8622
        8621        8620        8623
        8622        8620        8623
        8624        8623        8625
        8624        8623        8626
        8625        8623        8626
        8627        8629        8630
        8627        8629        8631
        8628        8627        8629
        8629        8631        8632
        8629        8631        8633
        8629        8631        8637
        8630        8629        8631
        8631        8633        8634
        8631        8633        8635
        8631        8633        8636
        8631        8637        8638
        8632        8631        8633
        8632        8631        8637
        8633        8631        8637
        8634        8633        8635
        8634        8633        8636
        8635        8633        8636
        8639        8643        8641
        8639        8644        8645
        8639        8644        8646
        8639        8644        8654
        8639        8694        8692
        8640        8639        8643
        8640        8639        8644
        8640        8639        8694
        8641        8658        8654
        8641        8658        8659
        8641        8658        8660
        8641        8661        8662
        8641        8661        8663
        8641        8661        8664
        8642        8641        8643
        8642        8641        8658
        8642        8641        8661
        8643        8639        8644
        8643        8639        8694
        8643        8641        8658
        8643        8641        8661
        8644        8639        8694
        8644        8646        8647
        8644        8646        8648
        8644        8654        8655
        8644        8654        8656
        8644        8654        8658
        8645        8644        8646
        8645        8644        8654
        8646        8644        8654
        8646        8648        8649
        8646        8648        8650
        8647        8646        8648
        8648        8650        8651
        8648        8650        8652
        8648        8650        8653
        8649        8648        8650
        8651        8650        8652
        8651        8650        8653
        8652        8650        8653
        8654        8656        8657
        8654        8658        8659
        8654        8658        8660
        8655        8654        8656
        8655        8654        8658
        8656        8654        8658
        8658        8641        8661
        8659        8658        8660
        8661        8664        8665
        8662        8661        8663
        8662        8661        8664
        8663        8661        8664
        8666        8670        8668
        8666        8671        8672
        8666        8671        8673
        8666        8671        8681
        8666        8791        8789
        8667        8666        8670
        8667        8666        8671
        8667        8666        8791
        8668        8692        8681
        8668        8692        8693
        8668        8692        8694
        8668        8695        8696
        8668        8695        8697
        8668        8695        8698
        8669        8668        8670
        8669        8668        8692
        8669        8668        8695
        8670        8666        8671
        8670        8666        8791
        8670        8668        8692
        8670        8668        8695
        8671        8666        8791
        8671        8673        8674
        8671        8673        8675
        8671        8681        8682
        8671        8681        8683
        8671        8681        8692
        8672        8671        8673
        8672        8671        8681
        8673        8671        8681
        8673        8675        8676
        8673        8675        8677
        8674        8673        8675
        8675        8677        8678
        8675        8677        8679
        8675        8677        8680
        8676        8675        8677
        8678        8677        8679
        8678        8677        8680
        8679        8677        8680
        8681        8683        8684
        8681        8692        8693
        8681        8692        8694
        8682        8681        8683
        8682        8681        8692
        8683        8681        8692
        8683        8684        8685
        8683        8684        8686
        8683        8684        8688
        8684        8686        8687
        8684        8686        8700
        8684        8688        8689
        8684        8688        8690
        8684        8688        8691
        8685        8684        8686
        8685        8684        8688
        8686        8684        8688
        8686        8700        8701
        8686        8700        8702
        8687        8686        8700
        8689        8688        8690
        8689        8688        8691
        8690        8688        8691
        8692        8668        8695
        8693        8692        8694
        8695        8698        8699
        8696        8695        8697
        8696        8695        8698
        8697        8695        8698
        8700        8702        8703
        8700        8702        8704
        8700        8702        8708
        8701        8700        8702
        8702        8704        8705
        8702        8704        8706
        8702        8704        8707
        8702        8708        8709
        8702        8708        8710
        8703        8702        8704
        8703        8702        8708
        8704        8702        8708
        8705        8704        8706
        8705        8704        8707
        8706        8704        8707
        8708        8710        8711
        8708        8710        8712
        8709        8708        8710
        8710        8712        8713
        8710        8712        8714
        8710        8712        8719
        8711        8710        8712
        8712        8714        8715
        8712        8714        8716
        8712        8719        8720
        8712        8719        8721
        8712        8719        8722
        8713        8712        8714
        8713        8712        8719
        8714        8712        8719
        8714        8716        8717
        8714        8716        8718
        8715        8714        8716
        8717        8716        8718
        8719        8722        8723
        8719        8722        8724
        8719        8722        8725
        8720        8719        8721
        8720        8719        8722
        8721        8719        8722
        8722        8725        8726
        8722        8725        8727
        8723        8722        8724
        8723        8722        8725
        8724        8722        8725
        8725        8727        8728
        8725        8727        8729
        8726        8725        8727
        8727        8729        8730
        8727        8729        8731
        8727        8729        8747
        8728        8727        8729
        8729        8731        8732
        8729        8731        8733
        8729        8731        8734
        8729        8747        8748
        8729        8747        8749
        8730        8729        8731
        8730        8729        8747
        8731        8729        8747
        8731        8734        8735
        8731        8734        8736
        8731        8734        8737
        8732        8731        8733
        8732        8731        8734
        8733        8731        8734
        8734        8737        8738
        8734        8737        8739
        8734        8737        8740
        8735        8734        8736
        8735        8734        8737
        8736        8734        8737
        8737        8740        8741
        8737        8740        8742
        8737        8740        8743
        8738        8737        8739
        8738        8737        8740
        8739        8737        8740
        8740        8743        8744
        8740        8743        8745
        8740        8743        8746
        8741        8740        8742
        8741        8740        8743
        8742        8740        8743
        8744        8743        8745
        8744        8743        8746
        8745        8743        8746
        8747        8749        8750
        8747        8749        8751
        8748        8747        8749
        8749        8751        8752
        8749        8751        8753
        8749        8751        8757
        8750        8749        8751
        8751        8753        8754
        8751        8753        8755
        8751        8753        8756
        8751        8757        8758
        8751        8757        8759
        8752        8751        8753
        8752        8751        8757
        8753        8751        8757
        8754        8753        8755
        8754        8753        8756
        8755        8753        8756
        8757        8759        8760
        8757        8759        8761
        8758        8757        8759
        8759        8761        8762
        8759        8761        8763
        8759        8761        8767
        8760        8759        8761
        8761        8763        8764
        8761        8763        8765
        8761        8763        8766
        8761        8767        8768
        8761        8767        8769
        8762        8761        8763
        8762        8761        8767
        8763        8761        8767
        8764        8763        8765
        8764        8763        8766
        8765        8763        8766
        8768        8767        8769
        8770        8774        8772
        8770        8775        8776
        8770        8775        8777
        8770        8775        8785
        8770        8825        8823
        8771        8770        8774
        8771        8770        8775
        8771        8770        8825
        8772        8789        8785
        8772        8789        8790
        8772        8789        8791
        8772        8792        8793
        8772        8792        8794
        8772        8792        8795
        8773        8772        8774
        8773        8772        8789
        8773        8772        8792
        8774        8770        8775
        8774        8770        8825
        8774        8772        8789
        8774        8772        8792
        8775        8770        8825
        8775        8777        8778
        8775        8777        8779
        8775        8785        8786
        8775        8785        8787
        8775        8785        8789
        8776        8775        8777
        8776        8775        8785
        8777        8775        8785
        8777        8779        8780
        8777        8779        8781
        8778        8777        8779
        8779        8781        8782
        8779        8781        8783
        8779        8781        8784
        8780        8779        8781
        8782        8781        8783
        8782        8781        8784
        8783        8781        8784
        8785        8787        8788
        8785        8789        8790
        8785        8789        8791
        8786        8785        8787
        8786        8785        8789
        8787        8785        8789
        8789        8772        8792
        8790        8789        8791
        8792        8795        8796
        8793        8792        8794
        8793        8792        8795
        8794        8792        8795
        8797        8801        8799
        8797        8802        8803
        8797        8802        8804
        8797        8802        8812
        8797        8911        8909
        8798        8797        8801
        8798        8797        8802
        8798        8797        8911
        8799        8823        8812
        8799        8823        8824
        8799        8823        8825
        8799        8826        8827
        8799        8826        8828
        8799        8826        8829
        8800        8799        8801
        8800        8799        8823
        8800        8799        8826
        8801        8797        8802
        8801        8797        8911
        8801        8799        8823
        8801        8799        8826
        8802        8797        8911
        8802        8804        8805
        8802        8804        8806
        8802        8812        8813
        8802        8812        8814
        8802        8812        8823
        8803        8802        8804
        8803        8802        8812
        8804        8802        8812
        8804        8806        8807
        8804        8806        8808
        8805        8804        8806
        8806        8808        8809
        8806        8808        8810
        8806        8808        8811
        8807        8806        8808
        8809        8808        8810
        8809        8808        8811
        8810        8808        8811
        8812        8814        8815
        8812        8823        8824
        8812        8823        8825
        8813        8812        8814
        8813        8812        8823
        8814        8812        8823
        8814        8815        8816
        8814        8815        8817
        8814        8815        8819
        8815        8817        8818
        8815        8817        8831
        8815        8819        8820
        8815        8819        8821
        8815        8819        8822
        8816        8815        8817
        8816        8815        8819
        8817        8815        8819
        8817        8831        8832
        8817        8831        8833
        8818        8817        8831
        8820        8819        8821
        8820        8819        8822
        8821        8819        8822
        8823        8799        8826
        8824        8823        8825
        8826        8829        8830
        8827        8826        8828
        8827        8826        8829
        8828        8826        8829
        8831        8833        8834
        8831        8833        8835
        8831        8833        8839
        8832        8831        8833
        8833        8835        8836
        8833        8835        8837
        8833        8835        8838
        8833        8839        8840
        8833        8839        8841
        8834        8833        8835
        8834        8833        8839
        8835        8833        8839
        8836        8835        8837
        8836        8835        8838
        8837        8835        8838
        8839        8841        8842
        8839        8841        8843
        8840        8839        8841
        8841        8843        8844
        8841        8843        8845
        8841        8843        8850
        8842        8841        8843
        8843        8845        8846
        8843        8845        8847
        8843        8850        8851
        8843        8850        8852
        8843        8850        8853
        8844        8843        8845
        8844        8843        8850
        8845        8843        8850
        8845        8847        8848
        8845        8847        8849
        8846        8845        8847
        8848        8847        8849
        8850        8853        8854
        8850        8853        8855
        8850        8853        8856
        8851        8850        8852
        8851        8850        8853
        8852        8850        8853
        8853        8856        8857
        8853        8856        8858
        8854        8853        8855
        8854        8853        8856
        8855        8853        8856
        8856        8858        8859
        8856        8858        8860
        8857        8856        8858
        8858        8860        8861
        8858        8860        8862
        8858        8860        8878
        8859        8858        8860
        8860        8862        8863
        8860        8862        8864
        8860        8862        8865
        8860        8878        8879
        8860        8878        8880
        8861        8860        8862
        8861        8860        8878
        8862        8860        8878
        8862        8865        8866
        8862        8865        8867
        8862        8865        8868
        8863        8862        8864
        8863        8862        8865
        8864        8862        8865
        8865        8868        8869
        8865        8868        8870
        8865        8868        8871
        8866        8865        8867
        8866        8865        8868
        8867        8865        8868
        8868        8871        8872
        8868        8871        8873
        8868        8871        8874
        8869        8868        8870
        8869        8868        8871
        8870        8868        8871
        8871        8874        8875
        8871        8874        8876
        8871        8874        8877
        8872        8871        8873
        8872        8871        8874
        8873        8871        8874
        8875        8874        8876
        8875        8874        8877
        8876        8874        8877
        8878        8880        8881
        8878        8880        8882
        8879        8878        8880
        8880        8882        8883
        8880        8882        8884
        8880        8882        8888
        8881        8880        8882
        8882        8884        8885
        8882        8884        8886
        8882        8884        8887
        8882        8888        8889
        8883        8882        8884
        8883        8882        8888
        8884        8882        8888
        8885        8884        8886
        8885        8884        8887
        8886        8884        8887
        8890        8894        8892
        8890        8895        8896
        8890        8895        8897
        8890        8895        8905
        8890        8945        8943
        8891        8890        8894
        8891        8890        8895
        8891        8890        8945
        8892        8909        8905
        8892        8909        8910
        8892        8909        8911
        8892        8912        8913
        8892        8912        8914
        8892        8912        8915
        8893        8892        8894
        8893        8892        8909
        8893        8892        8912
        8894        8890        8895
        8894        8890        8945
        8894        8892        8909
        8894        8892        8912
        8895        8890        8945
        8895        8897        8898
        8895        8897        8899
        8895        8905        8906
        8895        8905        8907
        8895        8905        8909
        8896        8895        8897
        8896        8895        8905
        8897        8895        8905
        8897        8899        8900
        8897        8899        8901
        8898        8897        8899
        8899        8901        8902
        8899        8901        8903
        8899        8901        8904
        8900        8899        8901
        8902        8901        8903
        8902        8901        8904
        8903        8901        8904
        8905        8907        8908
        8905        8909        8910
        8905        8909        8911
        8906        8905        8907
        8906        8905        8909
        8907        8905        8909
        8909        8892        8912
        8910        8909        8911
        8912        8915        8916
        8913        8912        8914
        8913        8912        8915
        8914        8912        8915
        8917        8921        8919
        8917        8922        8923
        8917        8922        8924
        8917        8922        8932
        8918        8917        8921
        8918        8917        8922
        8919        8943        8932
        8919        8943        8944
        8919        8943        8945
        8919        8946        8947
        8919        8946        8948
        8919        8946        8949
        8920        8919        8921
        8920        8919        8943
        8920        8919        8946
        8921        8917        8922
        8921        8919        8943
        8921        8919        8946
        8922        8924        8925
        8922        8924        8926
        8922        8932        8933
        8922        8932        8934
        8922        8932        8943
        8923        8922        8924
        8923        8922        8932
        8924        8922        8932
        8924        8926        8927
        8924        8926        8928
        8925        8924        8926
        8926        8928        8929
        8926        8928        8930
        8926        8928        8931
        8927        8926        8928
        8929        8928        8930
        8929        8928        8931
        8930        8928        8931
        8932        8934        8935
        8932        8943        8944
        8932        8943        8945
        8933        8932        8934
        8933        8932        8943
        8934        8932        8943
        8934        8935        8936
        8934        8935        8937
        8934        8935        8939
        8935        8937        8938
        8935        8937        8951
        8935        8939        8940
        8935        8939        8941
        8935        8939        8942
        8936        8935        8937
        8936        8935        8939
        8937        8935        8939
        8937        8951        8952
        8937        8951        8953
        8938        8937        8951
        8940        8939        8941
        8940        8939        8942
        8941        8939        8942
        8943        8919        8946
        8944        8943        8945
        8946        8949        8950
        8947        8946        8948
        8947        8946        8949
        8948        8946        8949
        8951        8953        8954
        8951        8953        8955
        8951        8953        8959
        8952        8951        8953
        8953        8955        8956
        8953        8955        8957
        8953        8955        8958
        8953        8959        8960
        8953        8959        8961
        8954        8953        8955
        8954        8953        8959
        8955        8953        8959
        8956        8955        8957
        8956        8955        8958
        8957        8955        8958
        8959        8961        8962
        8959        8961        8963
        8960        8959        8961
        8961        8963        8964
        8961        8963        8965
        8961        8963        8970
        8962        8961        8963
        8963        8965        8966
        8963        8965        8967
        8963        8970        8971
        8963        8970        8972
        8963        8970        8973
        8964        8963        8965
        8964        8963        8970
        8965        8963        8970
        8965        8967        8968
        8965        8967        8969
        8966        8965        8967
        8968        8967        8969
        8970        8973        8974
        8970        8973        8975
        8970        8973        8976
        8971        8970        8972
        8971        8970        8973
        8972        8970        8973
        8973        8976        8977
        8973        8976        8978
        8974        8973        8975
        8974        8973        8976
        8975        8973        8976
        8976        8978        8979
        8976        8978        8980
        8977        8976        8978
        8978        8980        8981
        8978        8980        8982
        8978        8980        8998
        8979        8978        8980
        8980        8982        8983
        8980        8982        8984
        8980        8982        8985
        8980        8998        8999
        8980        8998        9000
        8981        8980        8982
        8981        8980        8998
        8982        8980        8998
        8982        8985        8986
        8982        8985        8987
        8982        8985        8988
        8983        8982        8984
        8983        8982        8985
        8984        8982        8985
        8985        8988        8989
        8985        8988        8990
        8985        8988        8991
        8986        8985        8987
        8986        8985        8988
        8987        8985        8988
        8988        8991        8992
        8988        8991        8993
        8988        8991        8994
        8989        8988        8990
        8989        8988        8991
        8990        8988        8991
        8991        8994        8995
        8991        8994        8996
        8991        8994        8997
        8992        8991        8993
        8992        8991        8994
        8993        8991        8994
        8995        8994        8996
        8995        8994        8997
        8996        8994        8997
        8998        9000        9001
        8998        9000        9002
        8999        8998        9000
        9000        9002        9003
        9000        9002        9004
        9000        9002        9008
        9001        9000        9002
        9002        9004        9005
        9002        9004        9006
        9002        9004        9007
        9002        9008        9009
        9002        9008        9010
        9003        9002        9004
        9003        9002        9008
        9004        9002        9008
        9005        9004        9006
        9005        9004        9007
        9006        9004        9007
        9008        9010        9011
        9008        9010        9012
        9009        9008        9010
        9010        9012        9013
        9010        9012        9014
        9010        9012        9018
        9011        9010        9012
        9012        9014        9015
        9012        9014        9016
        9012        9014        9017
        9012        9018        9019
        9012        9018        9020
        9013        9012        9014
        9013        9012        9018
        9014        9012        9018
        9015        9014        9016
        9015        9014        9017
        9016        9014        9017
        9019        9018        9020
        9021        9025        9023
        9021        9026        9027
        9021        9026        9028
        9021        9026        9036
        9021        9076        9074
        9022        9021        9025
        9022        9021        9026
        9022        9021        9076
        9023        9040        9036
        9023        9040        9041
        9023        9040        9042
        9023        9043        9044
        9023        9043        9045
        9023        9043        9046
        9024        9023        9025
        9024        9023        9040
        9024        9023        9043
        9025        9021        9026
        9025        9021        9076
        9025        9023        9040
        9025        9023        9043
        9026        9021        9076
        9026        9028        9029
        9026        9028        9030
        9026        9036        9037
        9026        9036        9038
        9026        9036        9040
        9027        9026        9028
        9027        9026        9036
        9028        9026        9036
        9028        9030        9031
        9028        9030        9032
        9029        9028        9030
        9030        9032        9033
        9030        9032        9034
        9030        9032        9035
        9031        9030        9032
        9033        9032        9034
        9033        9032        9035
        9034        9032        9035
        9036        9038        9039
        9036        9040        9041
        9036        9040        9042
        9037        9036        9038
        9037        9036        9040
        9038        9036        9040
        9040        9023        9043
        9040        9042       10730
        9041        9040        9042
        9042       10730       10731
        9042       10730       10734
        9042       10730       10735
        9043        9046        9047
        9044        9043        9045
        9044        9043        9046
        9045        9043        9046
        9048        9052        9050
        9048        9053        9054
        9048        9053        9055
        9048        9053        9063
        9048        9173        9171
        9049        9048        9052
        9049        9048        9053
        9049        9048        9173
        9050        9074        9063
        9050        9074        9075
        9050        9074        9076
        9050        9077        9078
        9050        9077        9079
        9050        9077        9080
        9051        9050        9052
        9051        9050        9074
        9051        9050        9077
        9052        9048        9053
        9052        9048        9173
        9052        9050        9074
        9052        9050        9077
        9053        9048        9173
        9053        9055        9056
        9053        9055        9057
        9053        9063        9064
        9053        9063        9065
        9053        9063        9074
        9054        9053        9055
        9054        9053        9063
        9055        9053        9063
        9055        9057        9058
        9055        9057        9059
        9056        9055        9057
        9057        9059        9060
        9057        9059        9061
        9057        9059        9062
        9058        9057        9059
        9060        9059        9061
        9060        9059        9062
        9061        9059        9062
        9063        9065        9066
        9063        9074        9075
        9063        9074        9076
        9064        9063        9065
        9064        9063        9074
        9065        9063        9074
        9065        9066        9067
        9065        9066        9068
        9065        9066        9070
        9066        9068        9069
        9066        9068        9082
        9066        9070        9071
        9066        9070        9072
        9066        9070        9073
        9067        9066        9068
        9067        9066        9070
        9068        9066        9070
        9068        9082        9083
        9068        9082        9084
        9069        9068        9082
        9071        9070        9072
        9071        9070        9073
        9072        9070        9073
        9074        9050        9077
        9075        9074        9076
        9077        9080        9081
        9078        9077        9079
        9078        9077        9080
        9079        9077        9080
        9082        9084        9085
        9082        9084        9086
        9082        9084        9090
        9083        9082        9084
        9084        9086        9087
        9084        9086        9088
        9084        9086        9089
        9084        9090        9091
        9084        9090        9092
        9085        9084        9086
        9085        9084        9090
        9086        9084        9090
        9087        9086        9088
        9087        9086        9089
        9088        9086        9089
        9090        9092        9093
        9090        9092        9094
        9091        9090        9092
        9092        9094        9095
        9092        9094        9096
        9092        9094        9101
        9093        9092        9094
        9094        9096        9097
        9094        9096        9098
        9094        9101        9102
        9094        9101        9103
        9094        9101        9104
        9095        9094        9096
        9095        9094        9101
        9096        9094        9101
        9096        9098        9099
        9096        9098        9100
        9097        9096        9098
        9099        9098        9100
        9101        9104        9105
        9101        9104        9106
        9101        9104        9107
        9102        9101        9103
        9102        9101        9104
        9103        9101        9104
        9104        9107        9108
        9104        9107        9109
        9105        9104        9106
        9105        9104        9107
        9106        9104        9107
        9107        9109        9110
        9107        9109        9111
        9108        9107        9109
        9109        9111        9112
        9109        9111        9113
        9109        9111        9129
        9110        9109        9111
        9111        9113        9114
        9111        9113        9115
        9111        9113        9116
        9111        9129        9130
        9111        9129        9131
        9112        9111        9113
        9112        9111        9129
        9113        9111        9129
        9113        9116        9117
        9113        9116        9118
        9113        9116        9119
        9114        9113        9115
        9114        9113        9116
        9115        9113        9116
        9116        9119        9120
        9116        9119        9121
        9116        9119        9122
        9117        9116        9118
        9117        9116        9119
        9118        9116        9119
        9119        9122        9123
        9119        9122        9124
        9119        9122        9125
        9120        9119        9121
        9120        9119        9122
        9121        9119        9122
        9122        9125        9126
        9122        9125        9127
        9122        9125        9128
        9123        9122        9124
        9123        9122        9125
        9124        9122        9125
        9126        9125        9127
        9126        9125        9128
        9127        9125        9128
        9129        9131        9132
        9129        9131        9133
        9130        9129        9131
        9131        9133        9134
        9131        9133        9135
        9131        9133        9139
        9132        9131        9133
        9133        9135        9136
        9133        9135        9137
        9133        9135        9138
        9133        9139        9140
        9133        9139        9141
        9134        9133        9135
        9134        9133        9139
        9135        9133        9139
        9136        9135        9137
        9136        9135        9138
        9137        9135        9138
        9139        9141        9142
        9139        9141        9143
        9140        9139        9141
        9141        9143        9144
        9141        9143        9145
        9141        9143        9149
        9142        9141        9143
        9143        9145        9146
        9143        9145        9147
        9143        9145        9148
        9143        9149        9150
        9143        9149        9151
        9144        9143        9145
        9144        9143        9149
        9145        9143        9149
        9146        9145        9147
        9146        9145        9148
        9147        9145        9148
        9150        9149        9151
        9152        9156        9154
        9152        9157        9158
        9152        9157        9159
        9152        9157        9167
        9152        9207        9205
        9153        9152        9156
        9153        9152        9157
        9153        9152        9207
        9154        9171        9167
        9154        9171        9172
        9154        9171        9173
        9154        9174        9175
        9154        9174        9176
        9154        9174        9177
        9155        9154        9156
        9155        9154        9171
        9155        9154        9174
        9156        9152        9157
        9156        9152        9207
        9156        9154        9171
        9156        9154        9174
        9157        9152        9207
        9157        9159        9160
        9157        9159        9161
        9157        9167        9168
        9157        9167        9169
        9157        9167        9171
        9158        9157        9159
        9158        9157        9167
        9159        9157        9167
        9159        9161        9162
        9159        9161        9163
        9160        9159        9161
        9161        9163        9164
        9161        9163        9165
        9161        9163        9166
        9162        9161        9163
        9164        9163        9165
        9164        9163        9166
        9165        9163        9166
        9167        9169        9170
        9167        9171        9172
        9167        9171        9173
        9168        9167        9169
        9168        9167        9171
        9169        9167        9171
        9171        9154        9174
        9172        9171        9173
        9174        9177        9178
        9175        9174        9176
        9175        9174        9177
        9176        9174        9177
        9179        9183        9181
        9179        9184        9185
        9179        9184        9186
        9179        9184        9194
        9179        9304        9302
        9180        9179        9183
        9180        9179        9184
        9180        9179        9304
        9181        9205        9194
        9181        9205        9206
        9181        9205        9207
        9181        9208        9209
        9181        9208        9210
        9181        9208        9211
        9182        9181        9183
        9182        9181        9205
        9182        9181        9208
        9183        9179        9184
        9183        9179        9304
        9183        9181        9205
        9183        9181        9208
        9184        9179        9304
        9184        9186        9187
        9184        9186        9188
        9184        9194        9195
        9184        9194        9196
        9184        9194        9205
        9185        9184        9186
        9185        9184        9194
        9186        9184        9194
        9186        9188        9189
        9186        9188        9190
        9187        9186        9188
        9188        9190        9191
        9188        9190        9192
        9188        9190        9193
        9189        9188        9190
        9191        9190        9192
        9191        9190        9193
        9192        9190        9193
        9194        9196        9197
        9194        9205        9206
        9194        9205        9207
        9195        9194        9196
        9195        9194        9205
        9196        9194        9205
        9196        9197        9198
        9196        9197        9199
        9196        9197        9201
        9197        9199        9200
        9197        9199        9213
        9197        9201        9202
        9197        9201        9203
        9197        9201        9204
        9198        9197        9199
        9198        9197        9201
        9199        9197        9201
        9199        9213        9214
        9199        9213        9215
        9200        9199        9213
        9202        9201        9203
        9202        9201        9204
        9203        9201        9204
        9205        9181        9208
        9206        9205        9207
        9208        9211        9212
        9209        9208        9210
        9209        9208        9211
        9210        9208        9211
        9213        9215        9216
        9213        9215        9217
        9213        9215        9221
        9214        9213        9215
        9215        9217        9218
        9215        9217        9219
        9215        9217        9220
        9215        9221        9222
        9215        9221        9223
        9216        9215        9217
        9216        9215        9221
        9217        9215        9221
        9218        9217        9219
        9218        9217        9220
        9219        9217        9220
        9221        9223        9224
        9221        9223        9225
        9222        9221        9223
        9223        9225        9226
        9223        9225        9227
        9223        9225        9232
        9224        9223        9225
        9225        9227        9228
        9225        9227        9229
        9225        9232        9233
        9225        9232        9234
        9225        9232        9235
        9226        9225        9227
        9226        9225        9232
        9227        9225        9232
        9227        9229        9230
        9227        9229        9231
        9228        9227        9229
        9230        9229        9231
        9232        9235        9236
        9232        9235        9237
        9232        9235        9238
        9233        9232        9234
        9233        9232        9235
        9234        9232        9235
        9235        9238        9239
        9235        9238        9240
        9236        9235        9237
        9236        9235        9238
        9237        9235        9238
        9238        9240        9241
        9238        9240        9242
        9239        9238        9240
        9240        9242        9243
        9240        9242        9244
        9240        9242        9260
        9241        9240        9242
        9242        9244        9245
        9242        9244        9246
        9242        9244        9247
        9242        9260        9261
        9242        9260        9262
        9243        9242        9244
        9243        9242        9260
        9244        9242        9260
        9244        9247        9248
        9244        9247        9249
        9244        9247        9250
        9245        9244        9246
        9245        9244        9247
        9246        9244        9247
        9247        9250        9251
        9247        9250        9252
        9247        9250        9253
        9248        9247        9249
        9248        9247        9250
        9249        9247        9250
        9250        9253        9254
        9250        9253        9255
        9250        9253        9256
        9251        9250        9252
        9251        9250        9253
        9252        9250        9253
        9253        9256        9257
        9253        9256        9258
        9253        9256        9259
        9254        9253        9255
        9254        9253        9256
        9255        9253        9256
        9257        9256        9258
        9257        9256        9259
        9258        9256        9259
        9260        9262        9263
        9260        9262        9264
        9261        9260        9262
        9262        9264        9265
        9262        9264        9266
        9262        9264        9270
        9263        9262        9264
        9264        9266        9267
        9264        9266        9268
        9264        9266        9269
        9264        9270        9271
        9264        9270        9272
        9265        9264        9266
        9265        9264        9270
        9266        9264        9270
        9267        9266        9268
        9267        9266        9269
        9268        9266        9269
        9270        9272        9273
        9270        9272        9274
        9271        9270        9272
        9272        9274        9275
        9272        9274        9276
        9272        9274        9280
        9273        9272        9274
        9274        9276        9277
        9274        9276        9278
        9274        9276        9279
        9274        9280        9281
        9274        9280        9282
        9275        9274        9276
        9275        9274        9280
        9276        9274        9280
        9277        9276        9278
        9277        9276        9279
        9278        9276        9279
        9281        9280        9282
        9283        9287        9285
        9283        9288        9289
        9283        9288        9290
        9283        9288        9298
        9283        9338        9336
        9284        9283        9287
        9284        9283        9288
        9284        9283        9338
        9285        9302        9298
        9285        9302        9303
        9285        9302        9304
        9285        9305        9306
        9285        9305        9307
        9285        9305        9308
        9286        9285        9287
        9286        9285        9302
        9286        9285        9305
        9287        9283        9288
        9287        9283        9338
        9287        9285        9302
        9287        9285        9305
        9288        9283        9338
        9288        9290        9291
        9288        9290        9292
        9288        9298        9299
        9288        9298        9300
        9288        9298        9302
        9289        9288        9290
        9289        9288        9298
        9290        9288        9298
        9290        9292        9293
        9290        9292        9294
        9291        9290        9292
        9292        9294        9295
        9292        9294        9296
        9292        9294        9297
        9293        9292        9294
        9295        9294        9296
        9295        9294        9297
        9296        9294        9297
        9298        9300        9301
        9298        9302        9303
        9298        9302        9304
        9299        9298        9300
        9299        9298        9302
        9300        9298        9302
        9302        9285        9305
        9303        9302        9304
        9305        9308        9309
        9306        9305        9307
        9306        9305        9308
        9307        9305        9308
        9310        9314        9312
        9310        9315        9316
        9310        9315        9317
        9310        9315        9325
        9310        9424        9422
        9311        9310        9314
        9311        9310        9315
        9311        9310        9424
        9312        9336        9325
        9312        9336        9337
        9312        9336        9338
        9312        9339        9340
        9312        9339        9341
        9312        9339        9342
        9313        9312        9314
        9313        9312        9336
        9313        9312        9339
        9314        9310        9315
        9314        9310        9424
        9314        9312        9336
        9314        9312        9339
        9315        9310        9424
        9315        9317        9318
        9315        9317        9319
        9315        9325        9326
        9315        9325        9327
        9315        9325        9336
        9316        9315        9317
        9316        9315        9325
        9317        9315        9325
        9317        9319        9320
        9317        9319        9321
        9318        9317        9319
        9319        9321        9322
        9319        9321        9323
        9319        9321        9324
        9320        9319        9321
        9322        9321        9323
        9322        9321        9324
        9323        9321        9324
        9325        9327        9328
        9325        9336        9337
        9325        9336        9338
        9326        9325        9327
        9326        9325        9336
        9327        9325        9336
        9327        9328        9329
        9327        9328        9330
        9327        9328        9332
        9328        9330        9331
        9328        9330        9344
        9328        9332        9333
        9328        9332        9334
        9328        9332        9335
        9329        9328        9330
        9329        9328        9332
        9330        9328        9332
        9330        9344        9345
        9330        9344        9346
        9331        9330        9344
        9333        9332        9334
        9333        9332        9335
        9334        9332        9335
        9336        9312        9339
        9337        9336        9338
        9339        9342        9343
        9340        9339        9341
        9340        9339        9342
        9341        9339        9342
        9344        9346        9347
        9344        9346        9348
        9344        9346        9352
        9345        9344        9346
        9346        9348        9349
        9346        9348        9350
        9346        9348        9351
        9346        9352        9353
        9346        9352        9354
        9347        9346        9348
        9347        9346        9352
        9348        9346        9352
        9349        9348        9350
        9349        9348        9351
        9350        9348        9351
        9352        9354        9355
        9352        9354        9356
        9353        9352        9354
        9354        9356        9357
        9354        9356        9358
        9354        9356        9363
        9355        9354        9356
        9356        9358        9359
        9356        9358        9360
        9356        9363        9364
        9356        9363        9365
        9356        9363        9366
        9357        9356        9358
        9357        9356        9363
        9358        9356        9363
        9358        9360        9361
        9358        9360        9362
        9359        9358        9360
        9361        9360        9362
        9363        9366        9367
        9363        9366        9368
        9363        9366        9369
        9364        9363        9365
        9364        9363        9366
        9365        9363        9366
        9366        9369        9370
        9366        9369        9371
        9367        9366        9368
        9367        9366        9369
        9368        9366        9369
        9369        9371        9372
        9369        9371        9373
        9370        9369        9371
        9371        9373        9374
        9371        9373        9375
        9371        9373        9391
        9372        9371        9373
        9373        9375        9376
        9373        9375        9377
        9373        9375        9378
        9373        9391        9392
        9373        9391        9393
        9374        9373        9375
        9374        9373        9391
        9375        9373        9391
        9375        9378        9379
        9375        9378        9380
        9375        9378        9381
        9376        9375        9377
        9376        9375        9378
        9377        9375        9378
        9378        9381        9382
        9378        9381        9383
        9378        9381        9384
        9379        9378        9380
        9379        9378        9381
        9380        9378        9381
        9381        9384        9385
        9381        9384        9386
        9381        9384        9387
        9382        9381        9383
        9382        9381        9384
        9383        9381        9384
        9384        9387        9388
        9384        9387        9389
        9384        9387        9390
        9385        9384        9386
        9385        9384        9387
        9386        9384        9387
        9388        9387        9389
        9388        9387        9390
        9389        9387        9390
        9391        9393        9394
        9391        9393        9395
        9392        9391        9393
        9393        9395        9396
        9393        9395        9397
        9393        9395        9401
        9394        9393        9395
        9395        9397        9398
        9395        9397        9399
        9395        9397        9400
        9395        9401        9402
        9396        9395        9397
        9396        9395        9401
        9397        9395        9401
        9398        9397        9399
        9398        9397        9400
        9399        9397        9400
        9403        9407        9405
        9403        9408        9409
        9403        9408        9410
        9403        9408        9418
        9403        9458        9456
        9404        9403        9407
        9404        9403        9408
        9404        9403        9458
        9405        9422        9418
        9405        9422        9423
        9405        9422        9424
        9405        9425        9426
        9405        9425        9427
        9405        9425        9428
        9406        9405        9407
        9406        9405        9422
        9406        9405        9425
        9407        9403        9408
        9407        9403        9458
        9407        9405        9422
        9407        9405        9425
        9408        9403        9458
        9408        9410        9411
        9408        9410        9412
        9408        9418        9419
        9408        9418        9420
        9408        9418        9422
        9409        9408        9410
        9409        9408        9418
        9410        9408        9418
        9410        9412        9413
        9410        9412        9414
        9411        9410        9412
        9412        9414        9415
        9412        9414        9416
        9412        9414        9417
        9413        9412        9414
        9415        9414        9416
        9415        9414        9417
        9416        9414        9417
        9418        9420        9421
        9418        9422        9423
        9418        9422        9424
        9419        9418        9420
        9419        9418        9422
        9420        9418        9422
        9422        9405        9425
        9423        9422        9424
        9425        9428        9429
        9426        9425        9427
        9426        9425        9428
        9427        9425        9428
        9430        9434        9432
        9430        9435        9436
        9430        9435        9437
        9430        9435        9445
        9430        9555        9553
        9431        9430        9434
        9431        9430        9435
        9431        9430        9555
        9432        9456        9445
        9432        9456        9457
        9432        9456        9458
        9432        9459        9460
        9432        9459        9461
        9432        9459        9462
        9433        9432        9434
        9433        9432        9456
        9433        9432        9459
        9434        9430        9435
        9434        9430        9555
        9434        9432        9456
        9434        9432        9459
        9435        9430        9555
        9435        9437        9438
        9435        9437        9439
        9435        9445        9446
        9435        9445        9447
        9435        9445        9456
        9436        9435        9437
        9436        9435        9445
        9437        9435        9445
        9437        9439        9440
        9437        9439        9441
        9438        9437        9439
        9439        9441        9442
        9439        9441        9443
        9439        9441        9444
        9440        9439        9441
        9442        9441        9443
        9442        9441        9444
        9443        9441        9444
        9445        9447        9448
        9445        9456        9457
        9445        9456        9458
        9446        9445        9447
        9446        9445        9456
        9447        9445        9456
        9447        9448        9449
        9447        9448        9450
        9447        9448        9452
        9448        9450        9451
        9448        9450        9464
        9448        9452        9453
        9448        9452        9454
        9448        9452        9455
        9449        9448        9450
        9449        9448        9452
        9450        9448        9452
        9450        9464        9465
        9450        9464        9466
        9451        9450        9464
        9453        9452        9454
        9453        9452        9455
        9454        9452        9455
        9456        9432        9459
        9457        9456        9458
        9459        9462        9463
        9460        9459        9461
        9460        9459        9462
        9461        9459        9462
        9464        9466        9467
        9464        9466        9468
        9464        9466        9472
        9465        9464        9466
        9466        9468        9469
        9466        9468        9470
        9466        9468        9471
        9466        9472        9473
        9466        9472        9474
        9467        9466        9468
        9467        9466        9472
        9468        9466        9472
        9469        9468        9470
        9469        9468        9471
        9470        9468        9471
        9472        9474        9475
        9472        9474        9476
        9473        9472        9474
        9474        9476        9477
        9474        9476        9478
        9474        9476        9483
        9475        9474        9476
        9476        9478        9479
        9476        9478        9480
        9476        9483        9484
        9476        9483        9485
        9476        9483        9486
        9477        9476        9478
        9477        9476        9483
        9478        9476        9483
        9478        9480        9481
        9478        9480        9482
        9479        9478        9480
        9481        9480        9482
        9483        9486        9487
        9483        9486        9488
        9483        9486        9489
        9484        9483        9485
        9484        9483        9486
        9485        9483        9486
        9486        9489        9490
        9486        9489        9491
        9487        9486        9488
        9487        9486        9489
        9488        9486        9489
        9489        9491        9492
        9489        9491        9493
        9490        9489        9491
        9491        9493        9494
        9491        9493        9495
        9491        9493        9511
        9492        9491        9493
        9493        9495        9496
        9493        9495        9497
        9493        9495        9498
        9493        9511        9512
        9493        9511        9513
        9494        9493        9495
        9494        9493        9511
        9495        9493        9511
        9495        9498        9499
        9495        9498        9500
        9495        9498        9501
        9496        9495        9497
        9496        9495        9498
        9497        9495        9498
        9498        9501        9502
        9498        9501        9503
        9498        9501        9504
        9499        9498        9500
        9499        9498        9501
        9500        9498        9501
        9501        9504        9505
        9501        9504        9506
        9501        9504        9507
        9502        9501        9503
        9502        9501        9504
        9503        9501        9504
        9504        9507        9508
        9504        9507        9509
        9504        9507        9510
        9505        9504        9506
        9505        9504        9507
        9506        9504        9507
        9508        9507        9509
        9508        9507        9510
        9509        9507        9510
        9511        9513        9514
        9511        9513        9515
        9512        9511        9513
        9513        9515        9516
        9513        9515        9517
        9513        9515        9521
        9514        9513        9515
        9515        9517        9518
        9515        9517        9519
        9515        9517        9520
        9515        9521        9522
        9515        9521        9523
        9516        9515        9517
        9516        9515        9521
        9517        9515        9521
        9518        9517        9519
        9518        9517        9520
        9519        9517        9520
        9521        9523        9524
        9521        9523        9525
        9522        9521        9523
        9523        9525        9526
        9523        9525        9527
        9523        9525        9531
        9524        9523        9525
        9525        9527        9528
        9525        9527        9529
        9525        9527        9530
        9525        9531        9532
        9525        9531        9533
        9526        9525        9527
        9526        9525        9531
        9527        9525        9531
        9528        9527        9529
        9528        9527        9530
        9529        9527        9530
        9532        9531        9533
        9534        9538        9536
        9534        9539        9540
        9534        9539        9541
        9534        9539        9549
        9534        9589        9587
        9535        9534        9538
        9535        9534        9539
        9535        9534        9589
        9536        9553        9549
        9536        9553        9554
        9536        9553        9555
        9536        9556        9557
        9536        9556        9558
        9536        9556        9559
        9537        9536        9538
        9537        9536        9553
        9537        9536        9556
        9538        9534        9539
        9538        9534        9589
        9538        9536        9553
        9538        9536        9556
        9539        9534        9589
        9539        9541        9542
        9539        9541        9543
        9539        9549        9550
        9539        9549        9551
        9539        9549        9553
        9540        9539        9541
        9540        9539        9549
        9541        9539        9549
        9541        9543        9544
        9541        9543        9545
        9542        9541        9543
        9543        9545        9546
        9543        9545        9547
        9543        9545        9548
        9544        9543        9545
        9546        9545        9547
        9546        9545        9548
        9547        9545        9548
        9549        9551        9552
        9549        9553        9554
        9549        9553        9555
        9550        9549        9551
        9550        9549        9553
        9551        9549        9553
        9553        9536        9556
        9554        9553        9555
        9556        9559        9560
        9557        9556        9558
        9557        9556        9559
        9558        9556        9559
        9561        9565        9563
        9561        9566        9567
        9561        9566        9568
        9561        9566        9576
        9561        9686        9684
        9562        9561        9565
        9562        9561        9566
        9562        9561        9686
        9563        9587        9576
        9563        9587        9588
        9563        9587        9589
        9563        9590        9591
        9563        9590        9592
        9563        9590        9593
        9564        9563        9565
        9564        9563        9587
        9564        9563        9590
        9565        9561        9566
        9565        9561        9686
        9565        9563        9587
        9565        9563        9590
        9566        9561        9686
        9566        9568        9569
        9566        9568        9570
        9566        9576        9577
        9566        9576        9578
        9566        9576        9587
        9567        9566        9568
        9567        9566        9576
        9568        9566        9576
        9568        9570        9571
        9568        9570        9572
        9569        9568        9570
        9570        9572        9573
        9570        9572        9574
        9570        9572        9575
        9571        9570        9572
        9573        9572        9574
        9573        9572        9575
        9574        9572        9575
        9576        9578        9579
        9576        9587        9588
        9576        9587        9589
        9577        9576        9578
        9577        9576        9587
        9578        9576        9587
        9578        9579        9580
        9578        9579        9581
        9578        9579        9583
        9579        9581        9582
        9579        9581        9595
        9579        9583        9584
        9579        9583        9585
        9579        9583        9586
        9580        9579        9581
        9580        9579        9583
        9581        9579        9583
        9581        9595        9596
        9581        9595        9597
        9582        9581        9595
        9584        9583        9585
        9584        9583        9586
        9585        9583        9586
        9587        9563        9590
        9588        9587        9589
        9590        9593        9594
        9591        9590        9592
        9591        9590        9593
        9592        9590        9593
        9595        9597        9598
        9595        9597        9599
        9595        9597        9603
        9596        9595        9597
        9597        9599        9600
        9597        9599        9601
        9597        9599        9602
        9597        9603        9604
        9597        9603        9605
        9598        9597        9599
        9598        9597        9603
        9599        9597        9603
        9600        9599        9601
        9600        9599        9602
        9601        9599        9602
        9603        9605        9606
        9603        9605        9607
        9604        9603        9605
        9605        9607        9608
        9605        9607        9609
        9605        9607        9614
        9606        9605        9607
        9607        9609        9610
        9607        9609        9611
        9607        9614        9615
        9607        9614        9616
        9607        9614        9617
        9608        9607        9609
        9608        9607        9614
        9609        9607        9614
        9609        9611        9612
        9609        9611        9613
        9610        9609        9611
        9612        9611        9613
        9614        9617        9618
        9614        9617        9619
        9614        9617        9620
        9615        9614        9616
        9615        9614        9617
        9616        9614        9617
        9617        9620        9621
        9617        9620        9622
        9618        9617        9619
        9618        9617        9620
        9619        9617        9620
        9620        9622        9623
        9620        9622        9624
        9621        9620        9622
        9622        9624        9625
        9622        9624        9626
        9622        9624        9642
        9623        9622        9624
        9624        9626        9627
        9624        9626        9628
        9624        9626        9629
        9624        9642        9643
        9624        9642        9644
        9625        9624        9626
        9625        9624        9642
        9626        9624        9642
        9626        9629        9630
        9626        9629        9631
        9626        9629        9632
        9627        9626        9628
        9627        9626        9629
        9628        9626        9629
        9629        9632        9633
        9629        9632        9634
        9629        9632        9635
        9630        9629        9631
        9630        9629        9632
        9631        9629        9632
        9632        9635        9636
        9632        9635        9637
        9632        9635        9638
        9633        9632        9634
        9633        9632        9635
        9634        9632        9635
        9635        9638        9639
        9635        9638        9640
        9635        9638        9641
        9636        9635        9637
        9636        9635        9638
        9637        9635        9638
        9639        9638        9640
        9639        9638        9641
        9640        9638        9641
        9642        9644        9645
        9642        9644        9646
        9643        9642        9644
        9644        9646        9647
        9644        9646        9648
        9644        9646        9652
        9645        9644        9646
        9646        9648        9649
        9646        9648        9650
        9646        9648        9651
        9646        9652        9653
        9646        9652        9654
        9647        9646        9648
        9647        9646        9652
        9648        9646        9652
        9649        9648        9650
        9649        9648        9651
        9650        9648        9651
        9652        9654        9655
        9652        9654        9656
        9653        9652        9654
        9654        9656        9657
        9654        9656        9658
        9654        9656        9662
        9655        9654        9656
        9656        9658        9659
        9656        9658        9660
        9656        9658        9661
        9656        9662        9663
        9656        9662        9664
        9657        9656        9658
        9657        9656        9662
        9658        9656        9662
        9659        9658        9660
        9659        9658        9661
        9660        9658        9661
        9663        9662        9664
        9665        9669        9667
        9665        9670        9671
        9665        9670        9672
        9665        9670        9680
        9665        9720        9718
        9666        9665        9669
        9666        9665        9670
        9666        9665        9720
        9667        9684        9680
        9667        9684        9685
        9667        9684        9686
        9667        9687        9688
        9667        9687        9689
        9667        9687        9690
        9668        9667        9669
        9668        9667        9684
        9668        9667        9687
        9669        9665        9670
        9669        9665        9720
        9669        9667        9684
        9669        9667        9687
        9670        9665        9720
        9670        9672        9673
        9670        9672        9674
        9670        9680        9681
        9670        9680        9682
        9670        9680        9684
        9671        9670        9672
        9671        9670        9680
        9672        9670        9680
        9672        9674        9675
        9672        9674        9676
        9673        9672        9674
        9674        9676        9677
        9674        9676        9678
        9674        9676        9679
        9675        9674        9676
        9677        9676        9678
        9677        9676        9679
        9678        9676        9679
        9680        9682        9683
        9680        9684        9685
        9680        9684        9686
        9681        9680        9682
        9681        9680        9684
        9682        9680        9684
        9684        9667        9687
        9685        9684        9686
        9687        9690        9691
        9688        9687        9689
        9688        9687        9690
        9689        9687        9690
        9692        9696        9694
        9692        9697        9698
        9692        9697        9699
        9692        9697        9707
        9692        9850        9848
        9693        9692        9696
        9693        9692        9697
        9693        9692        9850
        9694        9718        9707
        9694        9718        9719
        9694        9718        9720
        9694        9721        9722
        9694        9721        9723
        9694        9721        9724
        9695        9694        9696
        9695        9694        9718
        9695        9694        9721
        9696        9692        9697
        9696        9692        9850
        9696        9694        9718
        9696        9694        9721
        9697        9692        9850
        9697        9699        9700
        9697        9699        9701
        9697        9707        9708
        9697        9707        9709
        9697        9707        9718
        9698        9697        9699
        9698        9697        9707
        9699        9697        9707
        9699        9701        9702
        9699        9701        9703
        9700        9699        9701
        9701        9703        9704
        9701        9703        9705
        9701        9703        9706
        9702        9701        9703
        9704        9703        9705
        9704        9703        9706
        9705        9703        9706
        9707        9709        9710
        9707        9718        9719
        9707        9718        9720
        9708        9707        9709
        9708        9707        9718
        9709        9707        9718
        9709        9710        9711
        9709        9710        9712
        9709        9710        9714
        9710        9712        9713
        9710        9712        9726
        9710        9714        9715
        9710        9714        9716
        9710        9714        9717
        9711        9710        9712
        9711        9710        9714
        9712        9710        9714
        9712        9726        9727
        9712        9726        9728
        9713        9712        9726
        9715        9714        9716
        9715        9714        9717
        9716        9714        9717
        9718        9694        9721
        9719        9718        9720
        9721        9724        9725
        9722        9721        9723
        9722        9721        9724
        9723        9721        9724
        9726        9728        9729
        9726        9728        9730
        9726        9728        9734
        9727        9726        9728
        9728        9730        9731
        9728        9730        9732
        9728        9730        9733
        9728        9734        9735
        9728        9734        9736
        9729        9728        9730
        9729        9728        9734
        9730        9728        9734
        9731        9730        9732
        9731        9730        9733
        9732        9730        9733
        9734        9736        9737
        9734        9736        9738
        9735        9734        9736
        9736        9738        9739
        9736        9738        9740
        9736        9738        9745
        9737        9736        9738
        9738        9740        9741
        9738        9740        9742
        9738        9745        9746
        9738        9745        9747
        9738        9745        9748
        9739        9738        9740
        9739        9738        9745
        9740        9738        9745
        9740        9742        9743
        9740        9742        9744
        9741        9740        9742
        9743        9742        9744
        9745        9748        9749
        9745        9748        9750
        9745        9748        9751
        9746        9745        9747
        9746        9745        9748
        9747        9745        9748
        9748        9751        9752
        9748        9751        9753
        9749        9748        9750
        9749        9748        9751
        9750        9748        9751
        9751        9753        9754
        9751        9753        9755
        9752        9751        9753
        9753        9755        9756
        9753        9755        9757
        9753        9755        9771
        9754        9753        9755
        9755        9757        9758
        9755        9757        9759
        9755        9757        9760
        9755        9771        9772
        9755        9771        9808
        9756        9755        9757
        9756        9755        9771
        9757        9755        9771
        9757        9760        9761
        9757        9760        9762
        9757        9760        9763
        9758        9757        9759
        9758        9757        9760
        9759        9757        9760
        9760        9763        9764
        9760        9763        9765
        9760        9763        9766
        9761        9760        9762
        9761        9760        9763
        9762        9760        9763
        9763        9766        9767
        9763        9766        9768
        9763        9766        9769
        9764        9763        9765
        9764        9763        9766
        9765        9763        9766
        9766        9769        9770
        9766        9769        9773
        9767        9766        9768
        9767        9766        9769
        9768        9766        9769
        9769        9773        9774
        9769        9773        9775
        9770        9769        9773
        9771        9808        9809
        9771        9808        9810
        9772        9771        9808
        9773        9775        9776
        9773        9775        9777
        9773        9775        9778
        9774        9773        9775
        9775        9778        9779
        9775        9778        9780
        9776        9775        9777
        9776        9775        9778
        9777        9775        9778
        9778        9780        9781
        9778        9780        9782
        9779        9778        9780
        9780        9782        9783
        9780        9782        9784
        9780        9782        9785
        9781        9780        9782
        9782        9785        9786
        9782        9785        9787
        9783        9782        9784
        9783        9782        9785
        9784        9782        9785
        9785        9787        9788
        9785        9787        9789
        9786        9785        9787
        9787        9789        9790
        9787        9789        9791
        9787        9789        9792
        9788        9787        9789
        9789        9792        9793
        9789        9792        9794
        9790        9789        9791
        9790        9789        9792
        9791        9789        9792
        9792        9794        9795
        9792        9794        9796
        9793        9792        9794
        9794        9796        9797
        9794        9796        9798
        9794        9796        9799
        9795        9794        9796
        9796        9799        9800
        9796        9799        9801
        9797        9796        9798
        9797        9796        9799
        9798        9796        9799
        9799        9801        9802
        9799        9801        9803
        9800        9799        9801
        9801        9803        9804
        9801        9803        9805
        9801        9803        9806
        9802        9801        9803
        9803        9806        9807
        9804        9803        9805
        9804        9803        9806
        9805        9803        9806
        9808        9810        9811
        9808        9810        9812
        9808        9810        9816
        9809        9808        9810
        9810        9812        9813
        9810        9812        9814
        9810        9812        9815
        9810        9816        9817
        9810        9816        9818
        9811        9810        9812
        9811        9810        9816
        9812        9810        9816
        9813        9812        9814
        9813        9812        9815
        9814        9812        9815
        9816        9818        9819
        9816        9818        9820
        9817        9816        9818
        9818        9820        9821
        9818        9820        9822
        9818        9820        9826
        9819        9818        9820
        9820        9822        9823
        9820        9822        9824
        9820        9822        9825
        9820        9826        9827
        9820        9826        9828
        9821        9820        9822
        9821        9820        9826
        9822        9820        9826
        9823        9822        9824
        9823        9822        9825
        9824        9822        9825
        9827        9826        9828
        9829        9833        9831
        9829        9834        9835
        9829        9834        9836
        9829        9834        9844
        9829        9884        9882
        9830        9829        9833
        9830        9829        9834
        9830        9829        9884
        9831        9848        9844
        9831        9848        9849
        9831        9848        9850
        9831        9851        9852
        9831        9851        9853
        9831        9851        9854
        9832        9831        9833
        9832        9831        9848
        9832        9831        9851
        9833        9829        9834
        9833        9829        9884
        9833        9831        9848
        9833        9831        9851
        9834        9829        9884
        9834        9836        9837
        9834        9836        9838
        9834        9844        9845
        9834        9844        9846
        9834        9844        9848
        9835        9834        9836
        9835        9834        9844
        9836        9834        9844
        9836        9838        9839
        9836        9838        9840
        9837        9836        9838
        9838        9840        9841
        9838        9840        9842
        9838        9840        9843
        9839        9838        9840
        9841        9840        9842
        9841        9840        9843
        9842        9840        9843
        9844        9846        9847
        9844        9848        9849
        9844        9848        9850
        9845        9844        9846
        9845        9844        9848
        9846        9844        9848
        9848        9831        9851
        9849        9848        9850
        9851        9854        9855
        9852        9851        9853
        9852        9851        9854
        9853        9851        9854
        9856        9860        9858
        9856        9861        9862
        9856        9861        9863
        9856        9861        9871
        9856       10014       10012
        9857        9856        9860
        9857        9856        9861
        9857        9856       10014
        9858        9882        9871
        9858        9882        9883
        9858        9882        9884
        9858        9885        9886
        9858        9885        9887
        9858        9885        9888
        9859        9858        9860
        9859        9858        9882
        9859        9858        9885
        9860        9856        9861
        9860        9856       10014
        9860        9858        9882
        9860        9858        9885
        9861        9856       10014
        9861        9863        9864
        9861        9863        9865
        9861        9871        9872
        9861        9871        9873
        9861        9871        9882
        9862        9861        9863
        9862        9861        9871
        9863        9861        9871
        9863        9865        9866
        9863        9865        9867
        9864        9863        9865
        9865        9867        9868
        9865        9867        9869
        9865        9867        9870
        9866        9865        9867
        9868        9867        9869
        9868        9867        9870
        9869        9867        9870
        9871        9873        9874
        9871        9882        9883
        9871        9882        9884
        9872        9871        9873
        9872        9871        9882
        9873        9871        9882
        9873        9874        9875
        9873        9874        9876
        9873        9874        9878
        9874        9876        9877
        9874        9876        9890
        9874        9878        9879
        9874        9878        9880
        9874        9878        9881
        9875        9874        9876
        9875        9874        9878
        9876        9874        9878
        9876        9890        9891
        9876        9890        9892
        9877        9876        9890
        9879        9878        9880
        9879        9878        9881
        9880        9878        9881
        9882        9858        9885
        9883        9882        9884
        9885        9888        9889
        9886        9885        9887
        9886        9885        9888
        9887        9885        9888
        9890        9892        9893
        9890        9892        9894
        9890        9892        9898
        9891        9890        9892
        9892        9894        9895
        9892        9894        9896
        9892        9894        9897
        9892        9898        9899
        9892        9898        9900
        9893        9892        9894
        9893        9892        9898
        9894        9892        9898
        9895        9894        9896
        9895        9894        9897
        9896        9894        9897
        9898        9900        9901
        9898        9900        9902
        9899        9898        9900
        9900        9902        9903
        9900        9902        9904
        9900        9902        9909
        9901        9900        9902
        9902        9904        9905
        9902        9904        9906
        9902        9909        9910
        9902        9909        9911
        9902        9909        9912
        9903        9902        9904
        9903        9902        9909
        9904        9902        9909
        9904        9906        9907
        9904        9906        9908
        9905        9904        9906
        9907        9906        9908
        9909        9912        9913
        9909        9912        9914
        9909        9912        9915
        9910        9909        9911
        9910        9909        9912
        9911        9909        9912
        9912        9915        9916
        9912        9915        9917
        9913        9912        9914
        9913        9912        9915
        9914        9912        9915
        9915        9917        9918
        9915        9917        9919
        9916        9915        9917
        9917        9919        9920
        9917        9919        9921
        9917        9919        9935
        9918        9917        9919
        9919        9921        9922
        9919        9921        9923
        9919        9921        9924
        9919        9935        9936
        9919        9935        9972
        9920        9919        9921
        9920        9919        9935
        9921        9919        9935
        9921        9924        9925
        9921        9924        9926
        9921        9924        9927
        9922        9921        9923
        9922        9921        9924
        9923        9921        9924
        9924        9927        9928
        9924        9927        9929
        9924        9927        9930
        9925        9924        9926
        9925        9924        9927
        9926        9924        9927
        9927        9930        9931
        9927        9930        9932
        9927        9930        9933
        9928        9927        9929
        9928        9927        9930
        9929        9927        9930
        9930        9933        9934
        9930        9933        9937
        9931        9930        9932
        9931        9930        9933
        9932        9930        9933
        9933        9937        9938
        9933        9937        9939
        9934        9933        9937
        9935        9972        9973
        9935        9972        9974
        9936        9935        9972
        9937        9939        9940
        9937        9939        9941
        9937        9939        9942
        9938        9937        9939
        9939        9942        9943
        9939        9942        9944
        9940        9939        9941
        9940        9939        9942
        9941        9939        9942
        9942        9944        9945
        9942        9944        9946
        9943        9942        9944
        9944        9946        9947
        9944        9946        9948
        9944        9946        9949
        9945        9944        9946
        9946        9949        9950
        9946        9949        9951
        9947        9946        9948
        9947        9946        9949
        9948        9946        9949
        9949        9951        9952
        9949        9951        9953
        9950        9949        9951
        9951        9953        9954
        9951        9953        9955
        9951        9953        9956
        9952        9951        9953
        9953        9956        9957
        9953        9956        9958
        9954        9953        9955
        9954        9953        9956
        9955        9953        9956
        9956        9958        9959
        9956        9958        9960
        9957        9956        9958
        9958        9960        9961
        9958        9960        9962
        9958        9960        9963
        9959        9958        9960
        9960        9963        9964
        9960        9963        9965
        9961        9960        9962
        9961        9960        9963
        9962        9960        9963
        9963        9965        9966
        9963        9965        9967
        9964        9963        9965
        9965        9967        9968
        9965        9967        9969
        9965        9967        9970
        9966        9965        9967
        9967        9970        9971
        9967        9970       11664
        9968        9967        9969
        9968        9967        9970
        9969        9967        9970
        9970       11664       11658
        9970       11664       11665
        9971        9970       11664
        9972        9974        9975
        9972        9974        9976
        9972        9974        9980
        9973        9972        9974
        9974        9976        9977
        9974        9976        9978
        9974        9976        9979
        9974        9980        9981
        9974        9980        9982
        9975        9974        9976
        9975        9974        9980
        9976        9974        9980
        9977        9976        9978
        9977        9976        9979
        9978        9976        9979
        9980        9982        9983
        9980        9982        9984
        9981        9980        9982
        9982        9984        9985
        9982        9984        9986
        9982        9984        9990
        9983        9982        9984
        9984        9986        9987
        9984        9986        9988
        9984        9986        9989
        9984        9990        9991
        9984        9990        9992
        9985        9984        9986
        9985        9984        9990
        9986        9984        9990
        9987        9986        9988
        9987        9986        9989
        9988        9986        9989
        9991        9990        9992
        9993        9997        9995
        9993        9998        9999
        9993        9998       10000
        9993        9998       10008
        9993       10048       10046
        9994        9993        9997
        9994        9993        9998
        9994        9993       10048
        9995       10012       10008
        9995       10012       10013
        9995       10012       10014
        9995       10015       10016
        9995       10015       10017
        9995       10015       10018
        9996        9995        9997
        9996        9995       10012
        9996        9995       10015
        9997        9993        9998
        9997        9993       10048
        9997        9995       10012
        9997        9995       10015
        9998        9993       10048
        9998       10000       10001
        9998       10000       10002
        9998       10008       10009
        9998       10008       10010
        9998       10008       10012
        9999        9998       10000
        9999        9998       10008
       10000        9998       10008
       10000       10002       10003
       10000       10002       10004
       10001       10000       10002
       10002       10004       10005
       10002       10004       10006
       10002       10004       10007
       10003       10002       10004
       10005       10004       10006
       10005       10004       10007
       10006       10004       10007
       10008       10010       10011
       10008       10012       10013
       10008       10012       10014
       10009       10008       10010
       10009       10008       10012
       10010       10008       10012
       10012        9995       10015
       10013       10012       10014
       10015       10018       10019
       10016       10015       10017
       10016       10015       10018
       10017       10015       10018
       10020       10024       10022
       10020       10025       10026
       10020       10025       10027
       10020       10025       10035
       10020       10178       10176
       10021       10020       10024
       10021       10020       10025
       10021       10020       10178
       10022       10046       10035
       10022       10046       10047
       10022       10046       10048
       10022       10049       10050
       10022       10049       10051
       10022       10049       10052
       10023       10022       10024
       10023       10022       10046
       10023       10022       10049
       10024       10020       10025
       10024       10020       10178
       10024       10022       10046
       10024       10022       10049
       10025       10020       10178
       10025       10027       10028
       10025       10027       10029
       10025       10035       10036
       10025       10035       10037
       10025       10035       10046
       10026       10025       10027
       10026       10025       10035
       10027       10025       10035
       10027       10029       10030
       10027       10029       10031
       10028       10027       10029
       10029       10031       10032
       10029       10031       10033
       10029       10031       10034
       10030       10029       10031
       10032       10031       10033
       10032       10031       10034
       10033       10031       10034
       10035       10037       10038
       10035       10046       10047
       10035       10046       10048
       10036       10035       10037
       10036       10035       10046
       10037       10035       10046
       10037       10038       10039
       10037       10038       10040
       10037       10038       10042
       10038       10040       10041
       10038       10040       10054
       10038       10042       10043
       10038       10042       10044
       10038       10042       10045
       10039       10038       10040
       10039       10038       10042
       10040       10038       10042
       10040       10054       10055
       10040       10054       10056
       10041       10040       10054
       10043       10042       10044
       10043       10042       10045
       10044       10042       10045
       10046       10022       10049
       10047       10046       10048
       10049       10052       10053
       10050       10049       10051
       10050       10049       10052
       10051       10049       10052
       10054       10056       10057
       10054       10056       10058
       10054       10056       10062
       10055       10054       10056
       10056       10058       10059
       10056       10058       10060
       10056       10058       10061
       10056       10062       10063
       10056       10062       10064
       10057       10056       10058
       10057       10056       10062
       10058       10056       10062
       10059       10058       10060
       10059       10058       10061
       10060       10058       10061
       10062       10064       10065
       10062       10064       10066
       10063       10062       10064
       10064       10066       10067
       10064       10066       10068
       10064       10066       10073
       10065       10064       10066
       10066       10068       10069
       10066       10068       10070
       10066       10073       10074
       10066       10073       10075
       10066       10073       10076
       10067       10066       10068
       10067       10066       10073
       10068       10066       10073
       10068       10070       10071
       10068       10070       10072
       10069       10068       10070
       10071       10070       10072
       10073       10076       10077
       10073       10076       10078
       10073       10076       10079
       10074       10073       10075
       10074       10073       10076
       10075       10073       10076
       10076       10079       10080
       10076       10079       10081
       10077       10076       10078
       10077       10076       10079
       10078       10076       10079
       10079       10081       10082
       10079       10081       10083
       10080       10079       10081
       10081       10083       10084
       10081       10083       10085
       10081       10083       10099
       10082       10081       10083
       10083       10085       10086
       10083       10085       10087
       10083       10085       10088
       10083       10099       10100
       10083       10099       10136
       10084       10083       10085
       10084       10083       10099
       10085       10083       10099
       10085       10088       10089
       10085       10088       10090
       10085       10088       10091
       10086       10085       10087
       10086       10085       10088
       10087       10085       10088
       10088       10091       10092
       10088       10091       10093
       10088       10091       10094
       10089       10088       10090
       10089       10088       10091
       10090       10088       10091
       10091       10094       10095
       10091       10094       10096
       10091       10094       10097
       10092       10091       10093
       10092       10091       10094
       10093       10091       10094
       10094       10097       10098
       10094       10097       10101
       10095       10094       10096
       10095       10094       10097
       10096       10094       10097
       10097       10101       10102
       10097       10101       10103
       10098       10097       10101
       10099       10136       10137
       10099       10136       10138
       10100       10099       10136
       10101       10103       10104
       10101       10103       10105
       10101       10103       10106
       10102       10101       10103
       10103       10106       10107
       10103       10106       10108
       10104       10103       10105
       10104       10103       10106
       10105       10103       10106
       10106       10108       10109
       10106       10108       10110
       10107       10106       10108
       10108       10110       10111
       10108       10110       10112
       10108       10110       10113
       10109       10108       10110
       10110       10113       10114
       10110       10113       10115
       10111       10110       10112
       10111       10110       10113
       10112       10110       10113
       10113       10115       10116
       10113       10115       10117
       10114       10113       10115
       10115       10117       10118
       10115       10117       10119
       10115       10117       10120
       10116       10115       10117
       10117       10120       10121
       10117       10120       10122
       10118       10117       10119
       10118       10117       10120
       10119       10117       10120
       10120       10122       10123
       10120       10122       10124
       10121       10120       10122
       10122       10124       10125
       10122       10124       10126
       10122       10124       10127
       10123       10122       10124
       10124       10127       10128
       10124       10127       10129
       10125       10124       10126
       10125       10124       10127
       10126       10124       10127
       10127       10129       10130
       10127       10129       10131
       10128       10127       10129
       10129       10131       10132
       10129       10131       10133
       10129       10131       10134
       10130       10129       10131
       10131       10134       10135
       10131       10134       11948
       10132       10131       10133
       10132       10131       10134
       10133       10131       10134
       10134       11948       11942
       10134       11948       11949
       10135       10134       11948
       10136       10138       10139
       10136       10138       10140
       10136       10138       10144
       10137       10136       10138
       10138       10140       10141
       10138       10140       10142
       10138       10140       10143
       10138       10144       10145
       10138       10144       10146
       10139       10138       10140
       10139       10138       10144
       10140       10138       10144
       10141       10140       10142
       10141       10140       10143
       10142       10140       10143
       10144       10146       10147
       10144       10146       10148
       10145       10144       10146
       10146       10148       10149
       10146       10148       10150
       10146       10148       10154
       10147       10146       10148
       10148       10150       10151
       10148       10150       10152
       10148       10150       10153
       10148       10154       10155
       10148       10154       10156
       10149       10148       10150
       10149       10148       10154
       10150       10148       10154
       10151       10150       10152
       10151       10150       10153
       10152       10150       10153
       10155       10154       10156
       10157       10161       10159
       10157       10162       10163
       10157       10162       10164
       10157       10162       10172
       10157       10212       10210
       10158       10157       10161
       10158       10157       10162
       10158       10157       10212
       10159       10176       10172
       10159       10176       10177
       10159       10176       10178
       10159       10179       10180
       10159       10179       10181
       10159       10179       10182
       10160       10159       10161
       10160       10159       10176
       10160       10159       10179
       10161       10157       10162
       10161       10157       10212
       10161       10159       10176
       10161       10159       10179
       10162       10157       10212
       10162       10164       10165
       10162       10164       10166
       10162       10172       10173
       10162       10172       10174
       10162       10172       10176
       10163       10162       10164
       10163       10162       10172
       10164       10162       10172
       10164       10166       10167
       10164       10166       10168
       10165       10164       10166
       10166       10168       10169
       10166       10168       10170
       10166       10168       10171
       10167       10166       10168
       10169       10168       10170
       10169       10168       10171
       10170       10168       10171
       10172       10174       10175
       10172       10176       10177
       10172       10176       10178
       10173       10172       10174
       10173       10172       10176
       10174       10172       10176
       10176       10159       10179
       10177       10176       10178
       10179       10182       10183
       10180       10179       10181
       10180       10179       10182
       10181       10179       10182
       10184       10188       10186
       10184       10189       10190
       10184       10189       10191
       10184       10189       10199
       10184       10309       10307
       10185       10184       10188
       10185       10184       10189
       10185       10184       10309
       10186       10210       10199
       10186       10210       10211
       10186       10210       10212
       10186       10213       10214
       10186       10213       10215
       10186       10213       10216
       10187       10186       10188
       10187       10186       10210
       10187       10186       10213
       10188       10184       10189
       10188       10184       10309
       10188       10186       10210
       10188       10186       10213
       10189       10184       10309
       10189       10191       10192
       10189       10191       10193
       10189       10199       10200
       10189       10199       10201
       10189       10199       10210
       10190       10189       10191
       10190       10189       10199
       10191       10189       10199
       10191       10193       10194
       10191       10193       10195
       10192       10191       10193
       10193       10195       10196
       10193       10195       10197
       10193       10195       10198
       10194       10193       10195
       10196       10195       10197
       10196       10195       10198
       10197       10195       10198
       10199       10201       10202
       10199       10210       10211
       10199       10210       10212
       10200       10199       10201
       10200       10199       10210
       10201       10199       10210
       10201       10202       10203
       10201       10202       10204
       10201       10202       10206
       10202       10204       10205
       10202       10204       10218
       10202       10206       10207
       10202       10206       10208
       10202       10206       10209
       10203       10202       10204
       10203       10202       10206
       10204       10202       10206
       10204       10218       10219
       10204       10218       10220
       10205       10204       10218
       10207       10206       10208
       10207       10206       10209
       10208       10206       10209
       10210       10186       10213
       10211       10210       10212
       10213       10216       10217
       10214       10213       10215
       10214       10213       10216
       10215       10213       10216
       10218       10220       10221
       10218       10220       10222
       10218       10220       10226
       10219       10218       10220
       10220       10222       10223
       10220       10222       10224
       10220       10222       10225
       10220       10226       10227
       10220       10226       10228
       10221       10220       10222
       10221       10220       10226
       10222       10220       10226
       10223       10222       10224
       10223       10222       10225
       10224       10222       10225
       10226       10228       10229
       10226       10228       10230
       10227       10226       10228
       10228       10230       10231
       10228       10230       10232
       10228       10230       10237
       10229       10228       10230
       10230       10232       10233
       10230       10232       10234
       10230       10237       10238
       10230       10237       10239
       10230       10237       10240
       10231       10230       10232
       10231       10230       10237
       10232       10230       10237
       10232       10234       10235
       10232       10234       10236
       10233       10232       10234
       10235       10234       10236
       10237       10240       10241
       10237       10240       10242
       10237       10240       10243
       10238       10237       10239
       10238       10237       10240
       10239       10237       10240
       10240       10243       10244
       10240       10243       10245
       10241       10240       10242
       10241       10240       10243
       10242       10240       10243
       10243       10245       10246
       10243       10245       10247
       10244       10243       10245
       10245       10247       10248
       10245       10247       10249
       10245       10247       10265
       10246       10245       10247
       10247       10249       10250
       10247       10249       10251
       10247       10249       10252
       10247       10265       10266
       10247       10265       10267
       10248       10247       10249
       10248       10247       10265
       10249       10247       10265
       10249       10252       10253
       10249       10252       10254
       10249       10252       10255
       10250       10249       10251
       10250       10249       10252
       10251       10249       10252
       10252       10255       10256
       10252       10255       10257
       10252       10255       10258
       10253       10252       10254
       10253       10252       10255
       10254       10252       10255
       10255       10258       10259
       10255       10258       10260
       10255       10258       10261
       10256       10255       10257
       10256       10255       10258
       10257       10255       10258
       10258       10261       10262
       10258       10261       10263
       10258       10261       10264
       10259       10258       10260
       10259       10258       10261
       10260       10258       10261
       10262       10261       10263
       10262       10261       10264
       10263       10261       10264
       10265       10267       10268
       10265       10267       10269
       10266       10265       10267
       10267       10269       10270
       10267       10269       10271
       10267       10269       10275
       10268       10267       10269
       10269       10271       10272
       10269       10271       10273
       10269       10271       10274
       10269       10275       10276
       10269       10275       10277
       10270       10269       10271
       10270       10269       10275
       10271       10269       10275
       10272       10271       10273
       10272       10271       10274
       10273       10271       10274
       10275       10277       10278
       10275       10277       10279
       10276       10275       10277
       10277       10279       10280
       10277       10279       10281
       10277       10279       10285
       10278       10277       10279
       10279       10281       10282
       10279       10281       10283
       10279       10281       10284
       10279       10285       10286
       10279       10285       10287
       10280       10279       10281
       10280       10279       10285
       10281       10279       10285
       10282       10281       10283
       10282       10281       10284
       10283       10281       10284
       10286       10285       10287
       10288       10292       10290
       10288       10293       10294
       10288       10293       10295
       10288       10293       10303
       10288       10343       10341
       10289       10288       10292
       10289       10288       10293
       10289       10288       10343
       10290       10307       10303
       10290       10307       10308
       10290       10307       10309
       10290       10310       10311
       10290       10310       10312
       10290       10310       10313
       10291       10290       10292
       10291       10290       10307
       10291       10290       10310
       10292       10288       10293
       10292       10288       10343
       10292       10290       10307
       10292       10290       10310
       10293       10288       10343
       10293       10295       10296
       10293       10295       10297
       10293       10303       10304
       10293       10303       10305
       10293       10303       10307
       10294       10293       10295
       10294       10293       10303
       10295       10293       10303
       10295       10297       10298
       10295       10297       10299
       10296       10295       10297
       10297       10299       10300
       10297       10299       10301
       10297       10299       10302
       10298       10297       10299
       10300       10299       10301
       10300       10299       10302
       10301       10299       10302
       10303       10305       10306
       10303       10307       10308
       10303       10307       10309
       10304       10303       10305
       10304       10303       10307
       10305       10303       10307
       10307       10290       10310
       10308       10307       10309
       10310       10313       10314
       10311       10310       10312
       10311       10310       10313
       10312       10310       10313
       10315       10319       10317
       10315       10320       10321
       10315       10320       10322
       10315       10320       10330
       10315       10473       10471
       10316       10315       10319
       10316       10315       10320
       10316       10315       10473
       10317       10341       10330
       10317       10341       10342
       10317       10341       10343
       10317       10344       10345
       10317       10344       10346
       10317       10344       10347
       10318       10317       10319
       10318       10317       10341
       10318       10317       10344
       10319       10315       10320
       10319       10315       10473
       10319       10317       10341
       10319       10317       10344
       10320       10315       10473
       10320       10322       10323
       10320       10322       10324
       10320       10330       10331
       10320       10330       10332
       10320       10330       10341
       10321       10320       10322
       10321       10320       10330
       10322       10320       10330
       10322       10324       10325
       10322       10324       10326
       10323       10322       10324
       10324       10326       10327
       10324       10326       10328
       10324       10326       10329
       10325       10324       10326
       10327       10326       10328
       10327       10326       10329
       10328       10326       10329
       10330       10332       10333
       10330       10341       10342
       10330       10341       10343
       10331       10330       10332
       10331       10330       10341
       10332       10330       10341
       10332       10333       10334
       10332       10333       10335
       10332       10333       10337
       10333       10335       10336
       10333       10335       10349
       10333       10337       10338
       10333       10337       10339
       10333       10337       10340
       10334       10333       10335
       10334       10333       10337
       10335       10333       10337
       10335       10349       10350
       10335       10349       10351
       10336       10335       10349
       10338       10337       10339
       10338       10337       10340
       10339       10337       10340
       10341       10317       10344
       10342       10341       10343
       10344       10347       10348
       10345       10344       10346
       10345       10344       10347
       10346       10344       10347
       10349       10351       10352
       10349       10351       10353
       10349       10351       10357
       10350       10349       10351
       10351       10353       10354
       10351       10353       10355
       10351       10353       10356
       10351       10357       10358
       10351       10357       10359
       10352       10351       10353
       10352       10351       10357
       10353       10351       10357
       10354       10353       10355
       10354       10353       10356
       10355       10353       10356
       10357       10359       10360
       10357       10359       10361
       10358       10357       10359
       10359       10361       10362
       10359       10361       10363
       10359       10361       10368
       10360       10359       10361
       10361       10363       10364
       10361       10363       10365
       10361       10368       10369
       10361       10368       10370
       10361       10368       10371
       10362       10361       10363
       10362       10361       10368
       10363       10361       10368
       10363       10365       10366
       10363       10365       10367
       10364       10363       10365
       10366       10365       10367
       10368       10371       10372
       10368       10371       10373
       10368       10371       10374
       10369       10368       10370
       10369       10368       10371
       10370       10368       10371
       10371       10374       10375
       10371       10374       10376
       10372       10371       10373
       10372       10371       10374
       10373       10371       10374
       10374       10376       10377
       10374       10376       10378
       10375       10374       10376
       10376       10378       10379
       10376       10378       10380
       10376       10378       10394
       10377       10376       10378
       10378       10380       10381
       10378       10380       10382
       10378       10380       10383
       10378       10394       10395
       10378       10394       10431
       10379       10378       10380
       10379       10378       10394
       10380       10378       10394
       10380       10383       10384
       10380       10383       10385
       10380       10383       10386
       10381       10380       10382
       10381       10380       10383
       10382       10380       10383
       10383       10386       10387
       10383       10386       10388
       10383       10386       10389
       10384       10383       10385
       10384       10383       10386
       10385       10383       10386
       10386       10389       10390
       10386       10389       10391
       10386       10389       10392
       10387       10386       10388
       10387       10386       10389
       10388       10386       10389
       10389       10392       10393
       10389       10392       10396
       10390       10389       10391
       10390       10389       10392
       10391       10389       10392
       10392       10396       10397
       10392       10396       10398
       10393       10392       10396
       10394       10431       10432
       10394       10431       10433
       10395       10394       10431
       10396       10398       10399
       10396       10398       10400
       10396       10398       10401
       10397       10396       10398
       10398       10401       10402
       10398       10401       10403
       10399       10398       10400
       10399       10398       10401
       10400       10398       10401
       10401       10403       10404
       10401       10403       10405
       10402       10401       10403
       10403       10405       10406
       10403       10405       10407
       10403       10405       10408
       10404       10403       10405
       10405       10408       10409
       10405       10408       10410
       10406       10405       10407
       10406       10405       10408
       10407       10405       10408
       10408       10410       10411
       10408       10410       10412
       10409       10408       10410
       10410       10412       10413
       10410       10412       10414
       10410       10412       10415
       10411       10410       10412
       10412       10415       10416
       10412       10415       10417
       10413       10412       10414
       10413       10412       10415
       10414       10412       10415
       10415       10417       10418
       10415       10417       10419
       10416       10415       10417
       10417       10419       10420
       10417       10419       10421
       10417       10419       10422
       10418       10417       10419
       10419       10422       10423
       10419       10422       10424
       10420       10419       10421
       10420       10419       10422
       10421       10419       10422
       10422       10424       10425
       10422       10424       10426
       10423       10422       10424
       10424       10426       10427
       10424       10426       10428
       10424       10426       10429
       10425       10424       10426
       10426       10429       10430
       10427       10426       10428
       10427       10426       10429
       10428       10426       10429
       10431       10433       10434
       10431       10433       10435
       10431       10433       10439
       10432       10431       10433
       10433       10435       10436
       10433       10435       10437
       10433       10435       10438
       10433       10439       10440
       10433       10439       10441
       10434       10433       10435
       10434       10433       10439
       10435       10433       10439
       10436       10435       10437
       10436       10435       10438
       10437       10435       10438
       10439       10441       10442
       10439       10441       10443
       10440       10439       10441
       10441       10443       10444
       10441       10443       10445
       10441       10443       10449
       10442       10441       10443
       10443       10445       10446
       10443       10445       10447
       10443       10445       10448
       10443       10449       10450
       10443       10449       10451
       10444       10443       10445
       10444       10443       10449
       10445       10443       10449
       10446       10445       10447
       10446       10445       10448
       10447       10445       10448
       10450       10449       10451
       10452       10456       10454
       10452       10457       10458
       10452       10457       10459
       10452       10457       10467
       10452       10507       10505
       10453       10452       10456
       10453       10452       10457
       10453       10452       10507
       10454       10471       10467
       10454       10471       10472
       10454       10471       10473
       10454       10474       10475
       10454       10474       10476
       10454       10474       10477
       10455       10454       10456
       10455       10454       10471
       10455       10454       10474
       10456       10452       10457
       10456       10452       10507
       10456       10454       10471
       10456       10454       10474
       10457       10452       10507
       10457       10459       10460
       10457       10459       10461
       10457       10467       10468
       10457       10467       10469
       10457       10467       10471
       10458       10457       10459
       10458       10457       10467
       10459       10457       10467
       10459       10461       10462
       10459       10461       10463
       10460       10459       10461
       10461       10463       10464
       10461       10463       10465
       10461       10463       10466
       10462       10461       10463
       10464       10463       10465
       10464       10463       10466
       10465       10463       10466
       10467       10469       10470
       10467       10471       10472
       10467       10471       10473
       10468       10467       10469
       10468       10467       10471
       10469       10467       10471
       10471       10454       10474
       10472       10471       10473
       10474       10477       10478
       10475       10474       10476
       10475       10474       10477
       10476       10474       10477
       10479       10483       10481
       10479       10484       10485
       10479       10484       10486
       10479       10484       10494
       10479       10604       10602
       10480       10479       10483
       10480       10479       10484
       10480       10479       10604
       10481       10505       10494
       10481       10505       10506
       10481       10505       10507
       10481       10508       10509
       10481       10508       10510
       10481       10508       10511
       10482       10481       10483
       10482       10481       10505
       10482       10481       10508
       10483       10479       10484
       10483       10479       10604
       10483       10481       10505
       10483       10481       10508
       10484       10479       10604
       10484       10486       10487
       10484       10486       10488
       10484       10494       10495
       10484       10494       10496
       10484       10494       10505
       10485       10484       10486
       10485       10484       10494
       10486       10484       10494
       10486       10488       10489
       10486       10488       10490
       10487       10486       10488
       10488       10490       10491
       10488       10490       10492
       10488       10490       10493
       10489       10488       10490
       10491       10490       10492
       10491       10490       10493
       10492       10490       10493
       10494       10496       10497
       10494       10505       10506
       10494       10505       10507
       10495       10494       10496
       10495       10494       10505
       10496       10494       10505
       10496       10497       10498
       10496       10497       10499
       10496       10497       10501
       10497       10499       10500
       10497       10499       10513
       10497       10501       10502
       10497       10501       10503
       10497       10501       10504
       10498       10497       10499
       10498       10497       10501
       10499       10497       10501
       10499       10513       10514
       10499       10513       10515
       10500       10499       10513
       10502       10501       10503
       10502       10501       10504
       10503       10501       10504
       10505       10481       10508
       10506       10505       10507
       10508       10511       10512
       10509       10508       10510
       10509       10508       10511
       10510       10508       10511
       10513       10515       10516
       10513       10515       10517
       10513       10515       10521
       10514       10513       10515
       10515       10517       10518
       10515       10517       10519
       10515       10517       10520
       10515       10521       10522
       10515       10521       10523
       10516       10515       10517
       10516       10515       10521
       10517       10515       10521
       10518       10517       10519
       10518       10517       10520
       10519       10517       10520
       10521       10523       10524
       10521       10523       10525
       10522       10521       10523
       10523       10525       10526
       10523       10525       10527
       10523       10525       10532
       10524       10523       10525
       10525       10527       10528
       10525       10527       10529
       10525       10532       10533
       10525       10532       10534
       10525       10532       10535
       10526       10525       10527
       10526       10525       10532
       10527       10525       10532
       10527       10529       10530
       10527       10529       10531
       10528       10527       10529
       10530       10529       10531
       10532       10535       10536
       10532       10535       10537
       10532       10535       10538
       10533       10532       10534
       10533       10532       10535
       10534       10532       10535
       10535       10538       10539
       10535       10538       10540
       10536       10535       10537
       10536       10535       10538
       10537       10535       10538
       10538       10540       10541
       10538       10540       10542
       10539       10538       10540
       10540       10542       10543
       10540       10542       10544
       10540       10542       10560
       10541       10540       10542
       10542       10544       10545
       10542       10544       10546
       10542       10544       10547
       10542       10560       10561
       10542       10560       10562
       10543       10542       10544
       10543       10542       10560
       10544       10542       10560
       10544       10547       10548
       10544       10547       10549
       10544       10547       10550
       10545       10544       10546
       10545       10544       10547
       10546       10544       10547
       10547       10550       10551
       10547       10550       10552
       10547       10550       10553
       10548       10547       10549
       10548       10547       10550
       10549       10547       10550
       10550       10553       10554
       10550       10553       10555
       10550       10553       10556
       10551       10550       10552
       10551       10550       10553
       10552       10550       10553
       10553       10556       10557
       10553       10556       10558
       10553       10556       10559
       10554       10553       10555
       10554       10553       10556
       10555       10553       10556
       10557       10556       10558
       10557       10556       10559
       10558       10556       10559
       10560       10562       10563
       10560       10562       10564
       10561       10560       10562
       10562       10564       10565
       10562       10564       10566
       10562       10564       10570
       10563       10562       10564
       10564       10566       10567
       10564       10566       10568
       10564       10566       10569
       10564       10570       10571
       10564       10570       10572
       10565       10564       10566
       10565       10564       10570
       10566       10564       10570
       10567       10566       10568
       10567       10566       10569
       10568       10566       10569
       10570       10572       10573
       10570       10572       10574
       10571       10570       10572
       10572       10574       10575
       10572       10574       10576
       10572       10574       10580
       10573       10572       10574
       10574       10576       10577
       10574       10576       10578
       10574       10576       10579
       10574       10580       10581
       10574       10580       10582
       10575       10574       10576
       10575       10574       10580
       10576       10574       10580
       10577       10576       10578
       10577       10576       10579
       10578       10576       10579
       10581       10580       10582
       10583       10587       10585
       10583       10588       10589
       10583       10588       10590
       10583       10588       10598
       10583       10638       10636
       10584       10583       10587
       10584       10583       10588
       10584       10583       10638
       10585       10602       10598
       10585       10602       10603
       10585       10602       10604
       10585       10605       10606
       10585       10605       10607
       10585       10605       10608
       10586       10585       10587
       10586       10585       10602
       10586       10585       10605
       10587       10583       10588
       10587       10583       10638
       10587       10585       10602
       10587       10585       10605
       10588       10583       10638
       10588       10590       10591
       10588       10590       10592
       10588       10598       10599
       10588       10598       10600
       10588       10598       10602
       10589       10588       10590
       10589       10588       10598
       10590       10588       10598
       10590       10592       10593
       10590       10592       10594
       10591       10590       10592
       10592       10594       10595
       10592       10594       10596
       10592       10594       10597
       10593       10592       10594
       10595       10594       10596
       10595       10594       10597
       10596       10594       10597
       10598       10600       10601
       10598       10602       10603
       10598       10602       10604
       10599       10598       10600
       10599       10598       10602
       10600       10598       10602
       10602       10585       10605
       10603       10602       10604
       10605       10608       10609
       10606       10605       10607
       10606       10605       10608
       10607       10605       10608
       10610       10614       10612
       10610       10615       10616
       10610       10615       10617
       10610       10615       10625
       10610       10724       10722
       10611       10610       10614
       10611       10610       10615
       10611       10610       10724
       10612       10636       10625
       10612       10636       10637
       10612       10636       10638
       10612       10639       10640
       10612       10639       10641
       10612       10639       10642
       10613       10612       10614
       10613       10612       10636
       10613       10612       10639
       10614       10610       10615
       10614       10610       10724
       10614       10612       10636
       10614       10612       10639
       10615       10610       10724
       10615       10617       10618
       10615       10617       10619
       10615       10625       10626
       10615       10625       10627
       10615       10625       10636
       10616       10615       10617
       10616       10615       10625
       10617       10615       10625
       10617       10619       10620
       10617       10619       10621
       10618       10617       10619
       10619       10621       10622
       10619       10621       10623
       10619       10621       10624
       10620       10619       10621
       10622       10621       10623
       10622       10621       10624
       10623       10621       10624
       10625       10627       10628
       10625       10636       10637
       10625       10636       10638
       10626       10625       10627
       10626       10625       10636
       10627       10625       10636
       10627       10628       10629
       10627       10628       10630
       10627       10628       10632
       10628       10630       10631
       10628       10630       10644
       10628       10632       10633
       10628       10632       10634
       10628       10632       10635
       10629       10628       10630
       10629       10628       10632
       10630       10628       10632
       10630       10644       10645
       10630       10644       10646
       10631       10630       10644
       10633       10632       10634
       10633       10632       10635
       10634       10632       10635
       10636       10612       10639
       10637       10636       10638
       10639       10642       10643
       10640       10639       10641
       10640       10639       10642
       10641       10639       10642
       10644       10646       10647
       10644       10646       10648
       10644       10646       10652
       10645       10644       10646
       10646       10648       10649
       10646       10648       10650
       10646       10648       10651
       10646       10652       10653
       10646       10652       10654
       10647       10646       10648
       10647       10646       10652
       10648       10646       10652
       10649       10648       10650
       10649       10648       10651
       10650       10648       10651
       10652       10654       10655
       10652       10654       10656
       10653       10652       10654
       10654       10656       10657
       10654       10656       10658
       10654       10656       10663
       10655       10654       10656
       10656       10658       10659
       10656       10658       10660
       10656       10663       10664
       10656       10663       10665
       10656       10663       10666
       10657       10656       10658
       10657       10656       10663
       10658       10656       10663
       10658       10660       10661
       10658       10660       10662
       10659       10658       10660
       10661       10660       10662
       10663       10666       10667
       10663       10666       10668
       10663       10666       10669
       10664       10663       10665
       10664       10663       10666
       10665       10663       10666
       10666       10669       10670
       10666       10669       10671
       10667       10666       10668
       10667       10666       10669
       10668       10666       10669
       10669       10671       10672
       10669       10671       10673
       10670       10669       10671
       10671       10673       10674
       10671       10673       10675
       10671       10673       10691
       10672       10671       10673
       10673       10675       10676
       10673       10675       10677
       10673       10675       10678
       10673       10691       10692
       10673       10691       10693
       10674       10673       10675
       10674       10673       10691
       10675       10673       10691
       10675       10678       10679
       10675       10678       10680
       10675       10678       10681
       10676       10675       10677
       10676       10675       10678
       10677       10675       10678
       10678       10681       10682
       10678       10681       10683
       10678       10681       10684
       10679       10678       10680
       10679       10678       10681
       10680       10678       10681
       10681       10684       10685
       10681       10684       10686
       10681       10684       10687
       10682       10681       10683
       10682       10681       10684
       10683       10681       10684
       10684       10687       10688
       10684       10687       10689
       10684       10687       10690
       10685       10684       10686
       10685       10684       10687
       10686       10684       10687
       10688       10687       10689
       10688       10687       10690
       10689       10687       10690
       10691       10693       10694
       10691       10693       10695
       10692       10691       10693
       10693       10695       10696
       10693       10695       10697
       10693       10695       10701
       10694       10693       10695
       10695       10697       10698
       10695       10697       10699
       10695       10697       10700
       10695       10701       10702
       10695       10701       12353
       10696       10695       10697
       10696       10695       10701
       10697       10695       10701
       10698       10697       10699
       10698       10697       10700
       10699       10697       10700
       10701       12353       12350
       10701       12353       12354
       10702       10701       12353
       10703       10707       10705
       10703       10708       10709
       10703       10708       10710
       10703       10708       10718
       10703       10758       10756
       10704       10703       10707
       10704       10703       10708
       10704       10703       10758
       10705       10722       10718
       10705       10722       10723
       10705       10722       10724
       10705       10725       10726
       10705       10725       10727
       10705       10725       10728
       10706       10705       10707
       10706       10705       10722
       10706       10705       10725
       10707       10703       10708
       10707       10703       10758
       10707       10705       10722
       10707       10705       10725
       10708       10703       10758
       10708       10710       10711
       10708       10710       10712
       10708       10718       10719
       10708       10718       10720
       10708       10718       10722
       10709       10708       10710
       10709       10708       10718
       10710       10708       10718
       10710       10712       10713
       10710       10712       10714
       10711       10710       10712
       10712       10714       10715
       10712       10714       10716
       10712       10714       10717
       10713       10712       10714
       10715       10714       10716
       10715       10714       10717
       10716       10714       10717
       10718       10720       10721
       10718       10722       10723
       10718       10722       10724
       10719       10718       10720
       10719       10718       10722
       10720       10718       10722
       10722       10705       10725
       10723       10722       10724
       10725       10728       10729
       10726       10725       10727
       10726       10725       10728
       10727       10725       10728
       10730       10734       10732
       10730       10735       10736
       10730       10735       10737
       10730       10735       10745
       10731       10730       10734
       10731       10730       10735
       10732       10756       10745
       10732       10756       10757
       10732       10756       10758
       10732       10759       10760
       10732       10759       10761
       10732       10759       10762
       10733       10732       10734
       10733       10732       10756
       10733       10732       10759
       10734       10730       10735
       10734       10732       10756
       10734       10732       10759
       10735       10737       10738
       10735       10737       10739
       10735       10745       10746
       10735       10745       10747
       10735       10745       10756
       10736       10735       10737
       10736       10735       10745
       10737       10735       10745
       10737       10739       10740
       10737       10739       10741
       10738       10737       10739
       10739       10741       10742
       10739       10741       10743
       10739       10741       10744
       10740       10739       10741
       10742       10741       10743
       10742       10741       10744
       10743       10741       10744
       10745       10747       10748
       10745       10756       10757
       10745       10756       10758
       10746       10745       10747
       10746       10745       10756
       10747       10745       10756
       10747       10748       10749
       10747       10748       10750
       10747       10748       10752
       10748       10750       10751
       10748       10750       10764
       10748       10752       10753
       10748       10752       10754
       10748       10752       10755
       10749       10748       10750
       10749       10748       10752
       10750       10748       10752
       10750       10764       10765
       10750       10764       10766
       10751       10750       10764
       10753       10752       10754
       10753       10752       10755
       10754       10752       10755
       10756       10732       10759
       10757       10756       10758
       10759       10762       10763
       10760       10759       10761
       10760       10759       10762
       10761       10759       10762
       10764       10766       10767
       10764       10766       10768
       10764       10766       10772
       10765       10764       10766
       10766       10768       10769
       10766       10768       10770
       10766       10768       10771
       10766       10772       10773
       10766       10772       10774
       10767       10766       10768
       10767       10766       10772
       10768       10766       10772
       10769       10768       10770
       10769       10768       10771
       10770       10768       10771
       10772       10774       10775
       10772       10774       10776
       10773       10772       10774
       10774       10776       10777
       10774       10776       10778
       10774       10776       10783
       10775       10774       10776
       10776       10778       10779
       10776       10778       10780
       10776       10783       10784
       10776       10783       10785
       10776       10783       10786
       10777       10776       10778
       10777       10776       10783
       10778       10776       10783
       10778       10780       10781
       10778       10780       10782
       10779       10778       10780
       10781       10780       10782
       10783       10786       10787
       10783       10786       10788
       10783       10786       10789
       10784       10783       10785
       10784       10783       10786
       10785       10783       10786
       10786       10789       10790
       10786       10789       10791
       10787       10786       10788
       10787       10786       10789
       10788       10786       10789
       10789       10791       10792
       10789       10791       10793
       10790       10789       10791
       10791       10793       10794
       10791       10793       10795
       10791       10793       10809
       10792       10791       10793
       10793       10795       10796
       10793       10795       10797
       10793       10795       10798
       10793       10809       10810
       10793       10809       10848
       10794       10793       10795
       10794       10793       10809
       10795       10793       10809
       10795       10798       10799
       10795       10798       10800
       10795       10798       10801
       10796       10795       10797
       10796       10795       10798
       10797       10795       10798
       10798       10801       10802
       10798       10801       10803
       10798       10801       10804
       10799       10798       10800
       10799       10798       10801
       10800       10798       10801
       10801       10804       10805
       10801       10804       10806
       10801       10804       10807
       10802       10801       10803
       10802       10801       10804
       10803       10801       10804
       10804       10807       10808
       10804       10807       10811
       10805       10804       10806
       10805       10804       10807
       10806       10804       10807
       10807       10811       10812
       10807       10811       10813
       10808       10807       10811
       10809       10848       10849
       10809       10848       10850
       10810       10809       10848
       10811       10813       10814
       10811       10813       10815
       10811       10813       10816
       10812       10811       10813
       10813       10816       10817
       10813       10816       10818
       10814       10813       10815
       10814       10813       10816
       10815       10813       10816
       10816       10818       10819
       10816       10818       10820
       10817       10816       10818
       10818       10820       10821
       10818       10820       10822
       10818       10820       10823
       10819       10818       10820
       10820       10823       10824
       10820       10823       10825
       10821       10820       10822
       10821       10820       10823
       10822       10820       10823
       10823       10825       10826
       10823       10825       10827
       10824       10823       10825
       10825       10827       10828
       10825       10827       10829
       10825       10827       10830
       10826       10825       10827
       10827       10830       10831
       10827       10830       10832
       10828       10827       10829
       10828       10827       10830
       10829       10827       10830
       10830       10832       10833
       10830       10832       10834
       10831       10830       10832
       10832       10834       10835
       10832       10834       10836
       10832       10834       10837
       10833       10832       10834
       10834       10837       10838
       10834       10837       10839
       10835       10834       10836
       10835       10834       10837
       10836       10834       10837
       10837       10839       10840
       10837       10839       10841
       10838       10837       10839
       10839       10841       10842
       10839       10841       10843
       10839       10841       10844
       10840       10839       10841
       10841       10844       10845
       10841       10844       10846
       10841       10844       10847
       10842       10841       10843
       10842       10841       10844
       10843       10841       10844
       10845       10844       10846
       10845       10844       10847
       10846       10844       10847
       10848       10850       10851
       10848       10850       10852
       10848       10850       10856
       10849       10848       10850
       10850       10852       10853
       10850       10852       10854
       10850       10852       10855
       10850       10856       10857
       10850       10856       10858
       10851       10850       10852
       10851       10850       10856
       10852       10850       10856
       10853       10852       10854
       10853       10852       10855
       10854       10852       10855
       10856       10858       10859
       10856       10858       10860
       10857       10856       10858
       10858       10860       10861
       10858       10860       10862
       10858       10860       10866
       10859       10858       10860
       10860       10862       10863
       10860       10862       10864
       10860       10862       10865
       10860       10866       10867
       10860       10866       10868
       10861       10860       10862
       10861       10860       10866
       10862       10860       10866
       10863       10862       10864
       10863       10862       10865
       10864       10862       10865
       10867       10866       10868
       10869       10873       10871
       10869       10874       10875
       10869       10874       10876
       10869       10874       10884
       10869       10924       10922
       10870       10869       10873
       10870       10869       10874
       10870       10869       10924
       10871       10888       10884
       10871       10888       10889
       10871       10888       10890
       10871       10891       10892
       10871       10891       10893
       10871       10891       10894
       10872       10871       10873
       10872       10871       10888
       10872       10871       10891
       10873       10869       10874
       10873       10869       10924
       10873       10871       10888
       10873       10871       10891
       10874       10869       10924
       10874       10876       10877
       10874       10876       10878
       10874       10884       10885
       10874       10884       10886
       10874       10884       10888
       10875       10874       10876
       10875       10874       10884
       10876       10874       10884
       10876       10878       10879
       10876       10878       10880
       10877       10876       10878
       10878       10880       10881
       10878       10880       10882
       10878       10880       10883
       10879       10878       10880
       10881       10880       10882
       10881       10880       10883
       10882       10880       10883
       10884       10886       10887
       10884       10888       10889
       10884       10888       10890
       10885       10884       10886
       10885       10884       10888
       10886       10884       10888
       10888       10871       10891
       10888       10890       12534
       10889       10888       10890
       10890       12534       12535
       10890       12534       12538
       10890       12534       12539
       10891       10894       10895
       10892       10891       10893
       10892       10891       10894
       10893       10891       10894
       10896       10900       10898
       10896       10901       10902
       10896       10901       10903
       10896       10901       10911
       10896       11021       11019
       10897       10896       10900
       10897       10896       10901
       10897       10896       11021
       10898       10922       10911
       10898       10922       10923
       10898       10922       10924
       10898       10925       10926
       10898       10925       10927
       10898       10925       10928
       10899       10898       10900
       10899       10898       10922
       10899       10898       10925
       10900       10896       10901
       10900       10896       11021
       10900       10898       10922
       10900       10898       10925
       10901       10896       11021
       10901       10903       10904
       10901       10903       10905
       10901       10911       10912
       10901       10911       10913
       10901       10911       10922
       10902       10901       10903
       10902       10901       10911
       10903       10901       10911
       10903       10905       10906
       10903       10905       10907
       10904       10903       10905
       10905       10907       10908
       10905       10907       10909
       10905       10907       10910
       10906       10905       10907
       10908       10907       10909
       10908       10907       10910
       10909       10907       10910
       10911       10913       10914
       10911       10922       10923
       10911       10922       10924
       10912       10911       10913
       10912       10911       10922
       10913       10911       10922
       10913       10914       10915
       10913       10914       10916
       10913       10914       10918
       10914       10916       10917
       10914       10916       10930
       10914       10918       10919
       10914       10918       10920
       10914       10918       10921
       10915       10914       10916
       10915       10914       10918
       10916       10914       10918
       10916       10930       10931
       10916       10930       10932
       10917       10916       10930
       10919       10918       10920
       10919       10918       10921
       10920       10918       10921
       10922       10898       10925
       10923       10922       10924
       10925       10928       10929
       10926       10925       10927
       10926       10925       10928
       10927       10925       10928
       10930       10932       10933
       10930       10932       10934
       10930       10932       10938
       10931       10930       10932
       10932       10934       10935
       10932       10934       10936
       10932       10934       10937
       10932       10938       10939
       10932       10938       10940
       10933       10932       10934
       10933       10932       10938
       10934       10932       10938
       10935       10934       10936
       10935       10934       10937
       10936       10934       10937
       10938       10940       10941
       10938       10940       10942
       10939       10938       10940
       10940       10942       10943
       10940       10942       10944
       10940       10942       10949
       10941       10940       10942
       10942       10944       10945
       10942       10944       10946
       10942       10949       10950
       10942       10949       10951
       10942       10949       10952
       10943       10942       10944
       10943       10942       10949
       10944       10942       10949
       10944       10946       10947
       10944       10946       10948
       10945       10944       10946
       10947       10946       10948
       10949       10952       10953
       10949       10952       10954
       10949       10952       10955
       10950       10949       10951
       10950       10949       10952
       10951       10949       10952
       10952       10955       10956
       10952       10955       10957
       10953       10952       10954
       10953       10952       10955
       10954       10952       10955
       10955       10957       10958
       10955       10957       10959
       10956       10955       10957
       10957       10959       10960
       10957       10959       10961
       10957       10959       10977
       10958       10957       10959
       10959       10961       10962
       10959       10961       10963
       10959       10961       10964
       10959       10977       10978
       10959       10977       10979
       10960       10959       10961
       10960       10959       10977
       10961       10959       10977
       10961       10964       10965
       10961       10964       10966
       10961       10964       10967
       10962       10961       10963
       10962       10961       10964
       10963       10961       10964
       10964       10967       10968
       10964       10967       10969
       10964       10967       10970
       10965       10964       10966
       10965       10964       10967
       10966       10964       10967
       10967       10970       10971
       10967       10970       10972
       10967       10970       10973
       10968       10967       10969
       10968       10967       10970
       10969       10967       10970
       10970       10973       10974
       10970       10973       10975
       10970       10973       10976
       10971       10970       10972
       10971       10970       10973
       10972       10970       10973
       10974       10973       10975
       10974       10973       10976
       10975       10973       10976
       10977       10979       10980
       10977       10979       10981
       10978       10977       10979
       10979       10981       10982
       10979       10981       10983
       10979       10981       10987
       10980       10979       10981
       10981       10983       10984
       10981       10983       10985
       10981       10983       10986
       10981       10987       10988
       10981       10987       10989
       10982       10981       10983
       10982       10981       10987
       10983       10981       10987
       10984       10983       10985
       10984       10983       10986
       10985       10983       10986
       10987       10989       10990
       10987       10989       10991
       10988       10987       10989
       10989       10991       10992
       10989       10991       10993
       10989       10991       10997
       10990       10989       10991
       10991       10993       10994
       10991       10993       10995
       10991       10993       10996
       10991       10997       10998
       10991       10997       10999
       10992       10991       10993
       10992       10991       10997
       10993       10991       10997
       10994       10993       10995
       10994       10993       10996
       10995       10993       10996
       10998       10997       10999
       11000       11004       11002
       11000       11005       11006
       11000       11005       11007
       11000       11005       11015
       11000       11055       11053
       11001       11000       11004
       11001       11000       11005
       11001       11000       11055
       11002       11019       11015
       11002       11019       11020
       11002       11019       11021
       11002       11022       11023
       11002       11022       11024
       11002       11022       11025
       11003       11002       11004
       11003       11002       11019
       11003       11002       11022
       11004       11000       11005
       11004       11000       11055
       11004       11002       11019
       11004       11002       11022
       11005       11000       11055
       11005       11007       11008
       11005       11007       11009
       11005       11015       11016
       11005       11015       11017
       11005       11015       11019
       11006       11005       11007
       11006       11005       11015
       11007       11005       11015
       11007       11009       11010
       11007       11009       11011
       11008       11007       11009
       11009       11011       11012
       11009       11011       11013
       11009       11011       11014
       11010       11009       11011
       11012       11011       11013
       11012       11011       11014
       11013       11011       11014
       11015       11017       11018
       11015       11019       11020
       11015       11019       11021
       11016       11015       11017
       11016       11015       11019
       11017       11015       11019
       11019       11002       11022
       11020       11019       11021
       11022       11025       11026
       11023       11022       11024
       11023       11022       11025
       11024       11022       11025
       11027       11031       11029
       11027       11032       11033
       11027       11032       11034
       11027       11032       11042
       11027       11141       11139
       11028       11027       11031
       11028       11027       11032
       11028       11027       11141
       11029       11053       11042
       11029       11053       11054
       11029       11053       11055
       11029       11056       11057
       11029       11056       11058
       11029       11056       11059
       11030       11029       11031
       11030       11029       11053
       11030       11029       11056
       11031       11027       11032
       11031       11027       11141
       11031       11029       11053
       11031       11029       11056
       11032       11027       11141
       11032       11034       11035
       11032       11034       11036
       11032       11042       11043
       11032       11042       11044
       11032       11042       11053
       11033       11032       11034
       11033       11032       11042
       11034       11032       11042
       11034       11036       11037
       11034       11036       11038
       11035       11034       11036
       11036       11038       11039
       11036       11038       11040
       11036       11038       11041
       11037       11036       11038
       11039       11038       11040
       11039       11038       11041
       11040       11038       11041
       11042       11044       11045
       11042       11053       11054
       11042       11053       11055
       11043       11042       11044
       11043       11042       11053
       11044       11042       11053
       11044       11045       11046
       11044       11045       11047
       11044       11045       11049
       11045       11047       11048
       11045       11047       11061
       11045       11049       11050
       11045       11049       11051
       11045       11049       11052
       11046       11045       11047
       11046       11045       11049
       11047       11045       11049
       11047       11061       11062
       11047       11061       11063
       11048       11047       11061
       11050       11049       11051
       11050       11049       11052
       11051       11049       11052
       11053       11029       11056
       11054       11053       11055
       11056       11059       11060
       11057       11056       11058
       11057       11056       11059
       11058       11056       11059
       11061       11063       11064
       11061       11063       11065
       11061       11063       11069
       11062       11061       11063
       11063       11065       11066
       11063       11065       11067
       11063       11065       11068
       11063       11069       11070
       11063       11069       11071
       11064       11063       11065
       11064       11063       11069
       11065       11063       11069
       11066       11065       11067
       11066       11065       11068
       11067       11065       11068
       11069       11071       11072
       11069       11071       11073
       11070       11069       11071
       11071       11073       11074
       11071       11073       11075
       11071       11073       11080
       11072       11071       11073
       11073       11075       11076
       11073       11075       11077
       11073       11080       11081
       11073       11080       11082
       11073       11080       11083
       11074       11073       11075
       11074       11073       11080
       11075       11073       11080
       11075       11077       11078
       11075       11077       11079
       11076       11075       11077
       11078       11077       11079
       11080       11083       11084
       11080       11083       11085
       11080       11083       11086
       11081       11080       11082
       11081       11080       11083
       11082       11080       11083
       11083       11086       11087
       11083       11086       11088
       11084       11083       11085
       11084       11083       11086
       11085       11083       11086
       11086       11088       11089
       11086       11088       11090
       11087       11086       11088
       11088       11090       11091
       11088       11090       11092
       11088       11090       11108
       11089       11088       11090
       11090       11092       11093
       11090       11092       11094
       11090       11092       11095
       11090       11108       11109
       11090       11108       11110
       11091       11090       11092
       11091       11090       11108
       11092       11090       11108
       11092       11095       11096
       11092       11095       11097
       11092       11095       11098
       11093       11092       11094
       11093       11092       11095
       11094       11092       11095
       11095       11098       11099
       11095       11098       11100
       11095       11098       11101
       11096       11095       11097
       11096       11095       11098
       11097       11095       11098
       11098       11101       11102
       11098       11101       11103
       11098       11101       11104
       11099       11098       11100
       11099       11098       11101
       11100       11098       11101
       11101       11104       11105
       11101       11104       11106
       11101       11104       11107
       11102       11101       11103
       11102       11101       11104
       11103       11101       11104
       11105       11104       11106
       11105       11104       11107
       11106       11104       11107
       11108       11110       11111
       11108       11110       11112
       11109       11108       11110
       11110       11112       11113
       11110       11112       11114
       11110       11112       11118
       11111       11110       11112
       11112       11114       11115
       11112       11114       11116
       11112       11114       11117
       11112       11118       11119
       11113       11112       11114
       11113       11112       11118
       11114       11112       11118
       11115       11114       11116
       11115       11114       11117
       11116       11114       11117
       11120       11124       11122
       11120       11125       11126
       11120       11125       11127
       11120       11125       11135
       11120       11175       11173
       11121       11120       11124
       11121       11120       11125
       11121       11120       11175
       11122       11139       11135
       11122       11139       11140
       11122       11139       11141
       11122       11142       11143
       11122       11142       11144
       11122       11142       11145
       11123       11122       11124
       11123       11122       11139
       11123       11122       11142
       11124       11120       11125
       11124       11120       11175
       11124       11122       11139
       11124       11122       11142
       11125       11120       11175
       11125       11127       11128
       11125       11127       11129
       11125       11135       11136
       11125       11135       11137
       11125       11135       11139
       11126       11125       11127
       11126       11125       11135
       11127       11125       11135
       11127       11129       11130
       11127       11129       11131
       11128       11127       11129
       11129       11131       11132
       11129       11131       11133
       11129       11131       11134
       11130       11129       11131
       11132       11131       11133
       11132       11131       11134
       11133       11131       11134
       11135       11137       11138
       11135       11139       11140
       11135       11139       11141
       11136       11135       11137
       11136       11135       11139
       11137       11135       11139
       11139       11122       11142
       11140       11139       11141
       11142       11145       11146
       11143       11142       11144
       11143       11142       11145
       11144       11142       11145
       11147       11151       11149
       11147       11152       11153
       11147       11152       11154
       11147       11152       11162
       11147       11272       11270
       11148       11147       11151
       11148       11147       11152
       11148       11147       11272
       11149       11173       11162
       11149       11173       11174
       11149       11173       11175
       11149       11176       11177
       11149       11176       11178
       11149       11176       11179
       11150       11149       11151
       11150       11149       11173
       11150       11149       11176
       11151       11147       11152
       11151       11147       11272
       11151       11149       11173
       11151       11149       11176
       11152       11147       11272
       11152       11154       11155
       11152       11154       11156
       11152       11162       11163
       11152       11162       11164
       11152       11162       11173
       11153       11152       11154
       11153       11152       11162
       11154       11152       11162
       11154       11156       11157
       11154       11156       11158
       11155       11154       11156
       11156       11158       11159
       11156       11158       11160
       11156       11158       11161
       11157       11156       11158
       11159       11158       11160
       11159       11158       11161
       11160       11158       11161
       11162       11164       11165
       11162       11173       11174
       11162       11173       11175
       11163       11162       11164
       11163       11162       11173
       11164       11162       11173
       11164       11165       11166
       11164       11165       11167
       11164       11165       11169
       11165       11167       11168
       11165       11167       11181
       11165       11169       11170
       11165       11169       11171
       11165       11169       11172
       11166       11165       11167
       11166       11165       11169
       11167       11165       11169
       11167       11181       11182
       11167       11181       11183
       11168       11167       11181
       11170       11169       11171
       11170       11169       11172
       11171       11169       11172
       11173       11149       11176
       11174       11173       11175
       11176       11179       11180
       11177       11176       11178
       11177       11176       11179
       11178       11176       11179
       11181       11183       11184
       11181       11183       11185
       11181       11183       11189
       11182       11181       11183
       11183       11185       11186
       11183       11185       11187
       11183       11185       11188
       11183       11189       11190
       11183       11189       11191
       11184       11183       11185
       11184       11183       11189
       11185       11183       11189
       11186       11185       11187
       11186       11185       11188
       11187       11185       11188
       11189       11191       11192
       11189       11191       11193
       11190       11189       11191
       11191       11193       11194
       11191       11193       11195
       11191       11193       11200
       11192       11191       11193
       11193       11195       11196
       11193       11195       11197
       11193       11200       11201
       11193       11200       11202
       11193       11200       11203
       11194       11193       11195
       11194       11193       11200
       11195       11193       11200
       11195       11197       11198
       11195       11197       11199
       11196       11195       11197
       11198       11197       11199
       11200       11203       11204
       11200       11203       11205
       11200       11203       11206
       11201       11200       11202
       11201       11200       11203
       11202       11200       11203
       11203       11206       11207
       11203       11206       11208
       11204       11203       11205
       11204       11203       11206
       11205       11203       11206
       11206       11208       11209
       11206       11208       11210
       11207       11206       11208
       11208       11210       11211
       11208       11210       11212
       11208       11210       11228
       11209       11208       11210
       11210       11212       11213
       11210       11212       11214
       11210       11212       11215
       11210       11228       11229
       11210       11228       11230
       11211       11210       11212
       11211       11210       11228
       11212       11210       11228
       11212       11215       11216
       11212       11215       11217
       11212       11215       11218
       11213       11212       11214
       11213       11212       11215
       11214       11212       11215
       11215       11218       11219
       11215       11218       11220
       11215       11218       11221
       11216       11215       11217
       11216       11215       11218
       11217       11215       11218
       11218       11221       11222
       11218       11221       11223
       11218       11221       11224
       11219       11218       11220
       11219       11218       11221
       11220       11218       11221
       11221       11224       11225
       11221       11224       11226
       11221       11224       11227
       11222       11221       11223
       11222       11221       11224
       11223       11221       11224
       11225       11224       11226
       11225       11224       11227
       11226       11224       11227
       11228       11230       11231
       11228       11230       11232
       11229       11228       11230
       11230       11232       11233
       11230       11232       11234
       11230       11232       11238
       11231       11230       11232
       11232       11234       11235
       11232       11234       11236
       11232       11234       11237
       11232       11238       11239
       11232       11238       11240
       11233       11232       11234
       11233       11232       11238
       11234       11232       11238
       11235       11234       11236
       11235       11234       11237
       11236       11234       11237
       11238       11240       11241
       11238       11240       11242
       11239       11238       11240
       11240       11242       11243
       11240       11242       11244
       11240       11242       11248
       11241       11240       11242
       11242       11244       11245
       11242       11244       11246
       11242       11244       11247
       11242       11248       11249
       11242       11248       11250
       11243       11242       11244
       11243       11242       11248
       11244       11242       11248
       11245       11244       11246
       11245       11244       11247
       11246       11244       11247
       11249       11248       11250
       11251       11255       11253
       11251       11256       11257
       11251       11256       11258
       11251       11256       11266
       11251       11306       11304
       11252       11251       11255
       11252       11251       11256
       11252       11251       11306
       11253       11270       11266
       11253       11270       11271
       11253       11270       11272
       11253       11273       11274
       11253       11273       11275
       11253       11273       11276
       11254       11253       11255
       11254       11253       11270
       11254       11253       11273
       11255       11251       11256
       11255       11251       11306
       11255       11253       11270
       11255       11253       11273
       11256       11251       11306
       11256       11258       11259
       11256       11258       11260
       11256       11266       11267
       11256       11266       11268
       11256       11266       11270
       11257       11256       11258
       11257       11256       11266
       11258       11256       11266
       11258       11260       11261
       11258       11260       11262
       11259       11258       11260
       11260       11262       11263
       11260       11262       11264
       11260       11262       11265
       11261       11260       11262
       11263       11262       11264
       11263       11262       11265
       11264       11262       11265
       11266       11268       11269
       11266       11270       11271
       11266       11270       11272
       11267       11266       11268
       11267       11266       11270
       11268       11266       11270
       11270       11253       11273
       11271       11270       11272
       11273       11276       11277
       11274       11273       11275
       11274       11273       11276
       11275       11273       11276
       11278       11282       11280
       11278       11283       11284
       11278       11283       11285
       11278       11283       11293
       11278       11436       11434
       11279       11278       11282
       11279       11278       11283
       11279       11278       11436
       11280       11304       11293
       11280       11304       11305
       11280       11304       11306
       11280       11307       11308
       11280       11307       11309
       11280       11307       11310
       11281       11280       11282
       11281       11280       11304
       11281       11280       11307
       11282       11278       11283
       11282       11278       11436
       11282       11280       11304
       11282       11280       11307
       11283       11278       11436
       11283       11285       11286
       11283       11285       11287
       11283       11293       11294
       11283       11293       11295
       11283       11293       11304
       11284       11283       11285
       11284       11283       11293
       11285       11283       11293
       11285       11287       11288
       11285       11287       11289
       11286       11285       11287
       11287       11289       11290
       11287       11289       11291
       11287       11289       11292
       11288       11287       11289
       11290       11289       11291
       11290       11289       11292
       11291       11289       11292
       11293       11295       11296
       11293       11304       11305
       11293       11304       11306
       11294       11293       11295
       11294       11293       11304
       11295       11293       11304
       11295       11296       11297
       11295       11296       11298
       11295       11296       11300
       11296       11298       11299
       11296       11298       11312
       11296       11300       11301
       11296       11300       11302
       11296       11300       11303
       11297       11296       11298
       11297       11296       11300
       11298       11296       11300
       11298       11312       11313
       11298       11312       11314
       11299       11298       11312
       11301       11300       11302
       11301       11300       11303
       11302       11300       11303
       11304       11280       11307
       11305       11304       11306
       11307       11310       11311
       11308       11307       11309
       11308       11307       11310
       11309       11307       11310
       11312       11314       11315
       11312       11314       11316
       11312       11314       11320
       11313       11312       11314
       11314       11316       11317
       11314       11316       11318
       11314       11316       11319
       11314       11320       11321
       11314       11320       11322
       11315       11314       11316
       11315       11314       11320
       11316       11314       11320
       11317       11316       11318
       11317       11316       11319
       11318       11316       11319
       11320       11322       11323
       11320       11322       11324
       11321       11320       11322
       11322       11324       11325
       11322       11324       11326
       11322       11324       11331
       11323       11322       11324
       11324       11326       11327
       11324       11326       11328
       11324       11331       11332
       11324       11331       11333
       11324       11331       11334
       11325       11324       11326
       11325       11324       11331
       11326       11324       11331
       11326       11328       11329
       11326       11328       11330
       11327       11326       11328
       11329       11328       11330
       11331       11334       11335
       11331       11334       11336
       11331       11334       11337
       11332       11331       11333
       11332       11331       11334
       11333       11331       11334
       11334       11337       11338
       11334       11337       11339
       11335       11334       11336
       11335       11334       11337
       11336       11334       11337
       11337       11339       11340
       11337       11339       11341
       11338       11337       11339
       11339       11341       11342
       11339       11341       11343
       11339       11341       11357
       11340       11339       11341
       11341       11343       11344
       11341       11343       11345
       11341       11343       11346
       11341       11357       11358
       11341       11357       11394
       11342       11341       11343
       11342       11341       11357
       11343       11341       11357
       11343       11346       11347
       11343       11346       11348
       11343       11346       11349
       11344       11343       11345
       11344       11343       11346
       11345       11343       11346
       11346       11349       11350
       11346       11349       11351
       11346       11349       11352
       11347       11346       11348
       11347       11346       11349
       11348       11346       11349
       11349       11352       11353
       11349       11352       11354
       11349       11352       11355
       11350       11349       11351
       11350       11349       11352
       11351       11349       11352
       11352       11355       11356
       11352       11355       11359
       11353       11352       11354
       11353       11352       11355
       11354       11352       11355
       11355       11359       11360
       11355       11359       11361
       11356       11355       11359
       11357       11394       11395
       11357       11394       11396
       11358       11357       11394
       11359       11361       11362
       11359       11361       11363
       11359       11361       11364
       11360       11359       11361
       11361       11364       11365
       11361       11364       11366
       11362       11361       11363
       11362       11361       11364
       11363       11361       11364
       11364       11366       11367
       11364       11366       11368
       11365       11364       11366
       11366       11368       11369
       11366       11368       11370
       11366       11368       11371
       11367       11366       11368
       11368       11371       11372
       11368       11371       11373
       11369       11368       11370
       11369       11368       11371
       11370       11368       11371
       11371       11373       11374
       11371       11373       11375
       11372       11371       11373
       11373       11375       11376
       11373       11375       11377
       11373       11375       11378
       11374       11373       11375
       11375       11378       11379
       11375       11378       11380
       11376       11375       11377
       11376       11375       11378
       11377       11375       11378
       11378       11380       11381
       11378       11380       11382
       11379       11378       11380
       11380       11382       11383
       11380       11382       11384
       11380       11382       11385
       11381       11380       11382
       11382       11385       11386
       11382       11385       11387
       11383       11382       11384
       11383       11382       11385
       11384       11382       11385
       11385       11387       11388
       11385       11387       11389
       11386       11385       11387
       11387       11389       11390
       11387       11389       11391
       11387       11389       11392
       11388       11387       11389
       11389       11392       11393
       11390       11389       11391
       11390       11389       11392
       11391       11389       11392
       11394       11396       11397
       11394       11396       11398
       11394       11396       11402
       11395       11394       11396
       11396       11398       11399
       11396       11398       11400
       11396       11398       11401
       11396       11402       11403
       11396       11402       11404
       11397       11396       11398
       11397       11396       11402
       11398       11396       11402
       11399       11398       11400
       11399       11398       11401
       11400       11398       11401
       11402       11404       11405
       11402       11404       11406
       11403       11402       11404
       11404       11406       11407
       11404       11406       11408
       11404       11406       11412
       11405       11404       11406
       11406       11408       11409
       11406       11408       11410
       11406       11408       11411
       11406       11412       11413
       11406       11412       11414
       11407       11406       11408
       11407       11406       11412
       11408       11406       11412
       11409       11408       11410
       11409       11408       11411
       11410       11408       11411
       11413       11412       11414
       11415       11419       11417
       11415       11420       11421
       11415       11420       11422
       11415       11420       11430
       11415       11470       11468
       11416       11415       11419
       11416       11415       11420
       11416       11415       11470
       11417       11434       11430
       11417       11434       11435
       11417       11434       11436
       11417       11437       11438
       11417       11437       11439
       11417       11437       11440
       11418       11417       11419
       11418       11417       11434
       11418       11417       11437
       11419       11415       11420
       11419       11415       11470
       11419       11417       11434
       11419       11417       11437
       11420       11415       11470
       11420       11422       11423
       11420       11422       11424
       11420       11430       11431
       11420       11430       11432
       11420       11430       11434
       11421       11420       11422
       11421       11420       11430
       11422       11420       11430
       11422       11424       11425
       11422       11424       11426
       11423       11422       11424
       11424       11426       11427
       11424       11426       11428
       11424       11426       11429
       11425       11424       11426
       11427       11426       11428
       11427       11426       11429
       11428       11426       11429
       11430       11432       11433
       11430       11434       11435
       11430       11434       11436
       11431       11430       11432
       11431       11430       11434
       11432       11430       11434
       11434       11417       11437
       11435       11434       11436
       11437       11440       11441
       11438       11437       11439
       11438       11437       11440
       11439       11437       11440
       11442       11446       11444
       11442       11447       11448
       11442       11447       11449
       11442       11447       11457
       11442       11567       11565
       11443       11442       11446
       11443       11442       11447
       11443       11442       11567
       11444       11468       11457
       11444       11468       11469
       11444       11468       11470
       11444       11471       11472
       11444       11471       11473
       11444       11471       11474
       11445       11444       11446
       11445       11444       11468
       11445       11444       11471
       11446       11442       11447
       11446       11442       11567
       11446       11444       11468
       11446       11444       11471
       11447       11442       11567
       11447       11449       11450
       11447       11449       11451
       11447       11457       11458
       11447       11457       11459
       11447       11457       11468
       11448       11447       11449
       11448       11447       11457
       11449       11447       11457
       11449       11451       11452
       11449       11451       11453
       11450       11449       11451
       11451       11453       11454
       11451       11453       11455
       11451       11453       11456
       11452       11451       11453
       11454       11453       11455
       11454       11453       11456
       11455       11453       11456
       11457       11459       11460
       11457       11468       11469
       11457       11468       11470
       11458       11457       11459
       11458       11457       11468
       11459       11457       11468
       11459       11460       11461
       11459       11460       11462
       11459       11460       11464
       11460       11462       11463
       11460       11462       11476
       11460       11464       11465
       11460       11464       11466
       11460       11464       11467
       11461       11460       11462
       11461       11460       11464
       11462       11460       11464
       11462       11476       11477
       11462       11476       11478
       11463       11462       11476
       11465       11464       11466
       11465       11464       11467
       11466       11464       11467
       11468       11444       11471
       11469       11468       11470
       11471       11474       11475
       11472       11471       11473
       11472       11471       11474
       11473       11471       11474
       11476       11478       11479
       11476       11478       11480
       11476       11478       11484
       11477       11476       11478
       11478       11480       11481
       11478       11480       11482
       11478       11480       11483
       11478       11484       11485
       11478       11484       11486
       11479       11478       11480
       11479       11478       11484
       11480       11478       11484
       11481       11480       11482
       11481       11480       11483
       11482       11480       11483
       11484       11486       11487
       11484       11486       11488
       11485       11484       11486
       11486       11488       11489
       11486       11488       11490
       11486       11488       11495
       11487       11486       11488
       11488       11490       11491
       11488       11490       11492
       11488       11495       11496
       11488       11495       11497
       11488       11495       11498
       11489       11488       11490
       11489       11488       11495
       11490       11488       11495
       11490       11492       11493
       11490       11492       11494
       11491       11490       11492
       11493       11492       11494
       11495       11498       11499
       11495       11498       11500
       11495       11498       11501
       11496       11495       11497
       11496       11495       11498
       11497       11495       11498
       11498       11501       11502
       11498       11501       11503
       11499       11498       11500
       11499       11498       11501
       11500       11498       11501
       11501       11503       11504
       11501       11503       11505
       11502       11501       11503
       11503       11505       11506
       11503       11505       11507
       11503       11505       11523
       11504       11503       11505
       11505       11507       11508
       11505       11507       11509
       11505       11507       11510
       11505       11523       11524
       11505       11523       11525
       11506       11505       11507
       11506       11505       11523
       11507       11505       11523
       11507       11510       11511
       11507       11510       11512
       11507       11510       11513
       11508       11507       11509
       11508       11507       11510
       11509       11507       11510
       11510       11513       11514
       11510       11513       11515
       11510       11513       11516
       11511       11510       11512
       11511       11510       11513
       11512       11510       11513
       11513       11516       11517
       11513       11516       11518
       11513       11516       11519
       11514       11513       11515
       11514       11513       11516
       11515       11513       11516
       11516       11519       11520
       11516       11519       11521
       11516       11519       11522
       11517       11516       11518
       11517       11516       11519
       11518       11516       11519
       11520       11519       11521
       11520       11519       11522
       11521       11519       11522
       11523       11525       11526
       11523       11525       11527
       11524       11523       11525
       11525       11527       11528
       11525       11527       11529
       11525       11527       11533
       11526       11525       11527
       11527       11529       11530
       11527       11529       11531
       11527       11529       11532
       11527       11533       11534
       11527       11533       11535
       11528       11527       11529
       11528       11527       11533
       11529       11527       11533
       11530       11529       11531
       11530       11529       11532
       11531       11529       11532
       11533       11535       11536
       11533       11535       11537
       11534       11533       11535
       11535       11537       11538
       11535       11537       11539
       11535       11537       11543
       11536       11535       11537
       11537       11539       11540
       11537       11539       11541
       11537       11539       11542
       11537       11543       11544
       11537       11543       11545
       11538       11537       11539
       11538       11537       11543
       11539       11537       11543
       11540       11539       11541
       11540       11539       11542
       11541       11539       11542
       11544       11543       11545
       11546       11550       11548
       11546       11551       11552
       11546       11551       11553
       11546       11551       11561
       11546       11601       11599
       11547       11546       11550
       11547       11546       11551
       11547       11546       11601
       11548       11565       11561
       11548       11565       11566
       11548       11565       11567
       11548       11568       11569
       11548       11568       11570
       11548       11568       11571
       11549       11548       11550
       11549       11548       11565
       11549       11548       11568
       11550       11546       11551
       11550       11546       11601
       11550       11548       11565
       11550       11548       11568
       11551       11546       11601
       11551       11553       11554
       11551       11553       11555
       11551       11561       11562
       11551       11561       11563
       11551       11561       11565
       11552       11551       11553
       11552       11551       11561
       11553       11551       11561
       11553       11555       11556
       11553       11555       11557
       11554       11553       11555
       11555       11557       11558
       11555       11557       11559
       11555       11557       11560
       11556       11555       11557
       11558       11557       11559
       11558       11557       11560
       11559       11557       11560
       11561       11563       11564
       11561       11565       11566
       11561       11565       11567
       11562       11561       11563
       11562       11561       11565
       11563       11561       11565
       11565       11548       11568
       11566       11565       11567
       11568       11571       11572
       11569       11568       11570
       11569       11568       11571
       11570       11568       11571
       11573       11577       11575
       11573       11578       11579
       11573       11578       11580
       11573       11578       11588
       11573       11687       11685
       11574       11573       11577
       11574       11573       11578
       11574       11573       11687
       11575       11599       11588
       11575       11599       11600
       11575       11599       11601
       11575       11602       11603
       11575       11602       11604
       11575       11602       11605
       11576       11575       11577
       11576       11575       11599
       11576       11575       11602
       11577       11573       11578
       11577       11573       11687
       11577       11575       11599
       11577       11575       11602
       11578       11573       11687
       11578       11580       11581
       11578       11580       11582
       11578       11588       11589
       11578       11588       11590
       11578       11588       11599
       11579       11578       11580
       11579       11578       11588
       11580       11578       11588
       11580       11582       11583
       11580       11582       11584
       11581       11580       11582
       11582       11584       11585
       11582       11584       11586
       11582       11584       11587
       11583       11582       11584
       11585       11584       11586
       11585       11584       11587
       11586       11584       11587
       11588       11590       11591
       11588       11599       11600
       11588       11599       11601
       11589       11588       11590
       11589       11588       11599
       11590       11588       11599
       11590       11591       11592
       11590       11591       11593
       11590       11591       11595
       11591       11593       11594
       11591       11593       11607
       11591       11595       11596
       11591       11595       11597
       11591       11595       11598
       11592       11591       11593
       11592       11591       11595
       11593       11591       11595
       11593       11607       11608
       11593       11607       11609
       11594       11593       11607
       11596       11595       11597
       11596       11595       11598
       11597       11595       11598
       11599       11575       11602
       11600       11599       11601
       11602       11605       11606
       11603       11602       11604
       11603       11602       11605
       11604       11602       11605
       11607       11609       11610
       11607       11609       11611
       11607       11609       11615
       11608       11607       11609
       11609       11611       11612
       11609       11611       11613
       11609       11611       11614
       11609       11615       11616
       11609       11615       11617
       11610       11609       11611
       11610       11609       11615
       11611       11609       11615
       11612       11611       11613
       11612       11611       11614
       11613       11611       11614
       11615       11617       11618
       11615       11617       11619
       11616       11615       11617
       11617       11619       11620
       11617       11619       11621
       11617       11619       11626
       11618       11617       11619
       11619       11621       11622
       11619       11621       11623
       11619       11626       11627
       11619       11626       11628
       11619       11626       11629
       11620       11619       11621
       11620       11619       11626
       11621       11619       11626
       11621       11623       11624
       11621       11623       11625
       11622       11621       11623
       11624       11623       11625
       11626       11629       11630
       11626       11629       11631
       11626       11629       11632
       11627       11626       11628
       11627       11626       11629
       11628       11626       11629
       11629       11632       11633
       11629       11632       11634
       11630       11629       11631
       11630       11629       11632
       11631       11629       11632
       11632       11634       11635
       11632       11634       11636
       11633       11632       11634
       11634       11636       11637
       11634       11636       11638
       11634       11636       11654
       11635       11634       11636
       11636       11638       11639
       11636       11638       11640
       11636       11638       11641
       11636       11654       11655
       11636       11654       11656
       11637       11636       11638
       11637       11636       11654
       11638       11636       11654
       11638       11641       11642
       11638       11641       11643
       11638       11641       11644
       11639       11638       11640
       11639       11638       11641
       11640       11638       11641
       11641       11644       11645
       11641       11644       11646
       11641       11644       11647
       11642       11641       11643
       11642       11641       11644
       11643       11641       11644
       11644       11647       11648
       11644       11647       11649
       11644       11647       11650
       11645       11644       11646
       11645       11644       11647
       11646       11644       11647
       11647       11650       11651
       11647       11650       11652
       11647       11650       11653
       11648       11647       11649
       11648       11647       11650
       11649       11647       11650
       11651       11650       11652
       11651       11650       11653
       11652       11650       11653
       11654       11656       11657
       11654       11656       11658
       11655       11654       11656
       11656       11658       11659
       11656       11658       11660
       11656       11658       11664
       11657       11656       11658
       11658       11660       11661
       11658       11660       11662
       11658       11660       11663
       11658       11664       11665
       11659       11658       11660
       11659       11658       11664
       11660       11658       11664
       11661       11660       11662
       11661       11660       11663
       11662       11660       11663
       11666       11670       11668
       11666       11671       11672
       11666       11671       11673
       11666       11671       11681
       11666       11721       11719
       11667       11666       11670
       11667       11666       11671
       11667       11666       11721
       11668       11685       11681
       11668       11685       11686
       11668       11685       11687
       11668       11688       11689
       11668       11688       11690
       11668       11688       11691
       11669       11668       11670
       11669       11668       11685
       11669       11668       11688
       11670       11666       11671
       11670       11666       11721
       11670       11668       11685
       11670       11668       11688
       11671       11666       11721
       11671       11673       11674
       11671       11673       11675
       11671       11681       11682
       11671       11681       11683
       11671       11681       11685
       11672       11671       11673
       11672       11671       11681
       11673       11671       11681
       11673       11675       11676
       11673       11675       11677
       11674       11673       11675
       11675       11677       11678
       11675       11677       11679
       11675       11677       11680
       11676       11675       11677
       11678       11677       11679
       11678       11677       11680
       11679       11677       11680
       11681       11683       11684
       11681       11685       11686
       11681       11685       11687
       11682       11681       11683
       11682       11681       11685
       11683       11681       11685
       11685       11668       11688
       11686       11685       11687
       11688       11691       11692
       11689       11688       11690
       11689       11688       11691
       11690       11688       11691
       11693       11697       11695
       11693       11698       11699
       11693       11698       11700
       11693       11698       11708
       11693       11851       11849
       11694       11693       11697
       11694       11693       11698
       11694       11693       11851
       11695       11719       11708
       11695       11719       11720
       11695       11719       11721
       11695       11722       11723
       11695       11722       11724
       11695       11722       11725
       11696       11695       11697
       11696       11695       11719
       11696       11695       11722
       11697       11693       11698
       11697       11693       11851
       11697       11695       11719
       11697       11695       11722
       11698       11693       11851
       11698       11700       11701
       11698       11700       11702
       11698       11708       11709
       11698       11708       11710
       11698       11708       11719
       11699       11698       11700
       11699       11698       11708
       11700       11698       11708
       11700       11702       11703
       11700       11702       11704
       11701       11700       11702
       11702       11704       11705
       11702       11704       11706
       11702       11704       11707
       11703       11702       11704
       11705       11704       11706
       11705       11704       11707
       11706       11704       11707
       11708       11710       11711
       11708       11719       11720
       11708       11719       11721
       11709       11708       11710
       11709       11708       11719
       11710       11708       11719
       11710       11711       11712
       11710       11711       11713
       11710       11711       11715
       11711       11713       11714
       11711       11713       11727
       11711       11715       11716
       11711       11715       11717
       11711       11715       11718
       11712       11711       11713
       11712       11711       11715
       11713       11711       11715
       11713       11727       11728
       11713       11727       11729
       11714       11713       11727
       11716       11715       11717
       11716       11715       11718
       11717       11715       11718
       11719       11695       11722
       11720       11719       11721
       11722       11725       11726
       11723       11722       11724
       11723       11722       11725
       11724       11722       11725
       11727       11729       11730
       11727       11729       11731
       11727       11729       11735
       11728       11727       11729
       11729       11731       11732
       11729       11731       11733
       11729       11731       11734
       11729       11735       11736
       11729       11735       11737
       11730       11729       11731
       11730       11729       11735
       11731       11729       11735
       11732       11731       11733
       11732       11731       11734
       11733       11731       11734
       11735       11737       11738
       11735       11737       11739
       11736       11735       11737
       11737       11739       11740
       11737       11739       11741
       11737       11739       11746
       11738       11737       11739
       11739       11741       11742
       11739       11741       11743
       11739       11746       11747
       11739       11746       11748
       11739       11746       11749
       11740       11739       11741
       11740       11739       11746
       11741       11739       11746
       11741       11743       11744
       11741       11743       11745
       11742       11741       11743
       11744       11743       11745
       11746       11749       11750
       11746       11749       11751
       11746       11749       11752
       11747       11746       11748
       11747       11746       11749
       11748       11746       11749
       11749       11752       11753
       11749       11752       11754
       11750       11749       11751
       11750       11749       11752
       11751       11749       11752
       11752       11754       11755
       11752       11754       11756
       11753       11752       11754
       11754       11756       11757
       11754       11756       11758
       11754       11756       11772
       11755       11754       11756
       11756       11758       11759
       11756       11758       11760
       11756       11758       11761
       11756       11772       11773
       11756       11772       11809
       11757       11756       11758
       11757       11756       11772
       11758       11756       11772
       11758       11761       11762
       11758       11761       11763
       11758       11761       11764
       11759       11758       11760
       11759       11758       11761
       11760       11758       11761
       11761       11764       11765
       11761       11764       11766
       11761       11764       11767
       11762       11761       11763
       11762       11761       11764
       11763       11761       11764
       11764       11767       11768
       11764       11767       11769
       11764       11767       11770
       11765       11764       11766
       11765       11764       11767
       11766       11764       11767
       11767       11770       11771
       11767       11770       11774
       11768       11767       11769
       11768       11767       11770
       11769       11767       11770
       11770       11774       11775
       11770       11774       11776
       11771       11770       11774
       11772       11809       11810
       11772       11809       11811
       11773       11772       11809
       11774       11776       11777
       11774       11776       11778
       11774       11776       11779
       11775       11774       11776
       11776       11779       11780
       11776       11779       11781
       11777       11776       11778
       11777       11776       11779
       11778       11776       11779
       11779       11781       11782
       11779       11781       11783
       11780       11779       11781
       11781       11783       11784
       11781       11783       11785
       11781       11783       11786
       11782       11781       11783
       11783       11786       11787
       11783       11786       11788
       11784       11783       11785
       11784       11783       11786
       11785       11783       11786
       11786       11788       11789
       11786       11788       11790
       11787       11786       11788
       11788       11790       11791
       11788       11790       11792
       11788       11790       11793
       11789       11788       11790
       11790       11793       11794
       11790       11793       11795
       11791       11790       11792
       11791       11790       11793
       11792       11790       11793
       11793       11795       11796
       11793       11795       11797
       11794       11793       11795
       11795       11797       11798
       11795       11797       11799
       11795       11797       11800
       11796       11795       11797
       11797       11800       11801
       11797       11800       11802
       11798       11797       11799
       11798       11797       11800
       11799       11797       11800
       11800       11802       11803
       11800       11802       11804
       11801       11800       11802
       11802       11804       11805
       11802       11804       11806
       11802       11804       11807
       11803       11802       11804
       11804       11807       11808
       11805       11804       11806
       11805       11804       11807
       11806       11804       11807
       11809       11811       11812
       11809       11811       11813
       11809       11811       11817
       11810       11809       11811
       11811       11813       11814
       11811       11813       11815
       11811       11813       11816
       11811       11817       11818
       11811       11817       11819
       11812       11811       11813
       11812       11811       11817
       11813       11811       11817
       11814       11813       11815
       11814       11813       11816
       11815       11813       11816
       11817       11819       11820
       11817       11819       11821
       11818       11817       11819
       11819       11821       11822
       11819       11821       11823
       11819       11821       11827
       11820       11819       11821
       11821       11823       11824
       11821       11823       11825
       11821       11823       11826
       11821       11827       11828
       11821       11827       11829
       11822       11821       11823
       11822       11821       11827
       11823       11821       11827
       11824       11823       11825
       11824       11823       11826
       11825       11823       11826
       11828       11827       11829
       11830       11834       11832
       11830       11835       11836
       11830       11835       11837
       11830       11835       11845
       11830       11885       11883
       11831       11830       11834
       11831       11830       11835
       11831       11830       11885
       11832       11849       11845
       11832       11849       11850
       11832       11849       11851
       11832       11852       11853
       11832       11852       11854
       11832       11852       11855
       11833       11832       11834
       11833       11832       11849
       11833       11832       11852
       11834       11830       11835
       11834       11830       11885
       11834       11832       11849
       11834       11832       11852
       11835       11830       11885
       11835       11837       11838
       11835       11837       11839
       11835       11845       11846
       11835       11845       11847
       11835       11845       11849
       11836       11835       11837
       11836       11835       11845
       11837       11835       11845
       11837       11839       11840
       11837       11839       11841
       11838       11837       11839
       11839       11841       11842
       11839       11841       11843
       11839       11841       11844
       11840       11839       11841
       11842       11841       11843
       11842       11841       11844
       11843       11841       11844
       11845       11847       11848
       11845       11849       11850
       11845       11849       11851
       11846       11845       11847
       11846       11845       11849
       11847       11845       11849
       11849       11832       11852
       11850       11849       11851
       11852       11855       11856
       11853       11852       11854
       11853       11852       11855
       11854       11852       11855
       11857       11861       11859
       11857       11862       11863
       11857       11862       11864
       11857       11862       11872
       11857       11971       11969
       11858       11857       11861
       11858       11857       11862
       11858       11857       11971
       11859       11883       11872
       11859       11883       11884
       11859       11883       11885
       11859       11886       11887
       11859       11886       11888
       11859       11886       11889
       11860       11859       11861
       11860       11859       11883
       11860       11859       11886
       11861       11857       11862
       11861       11857       11971
       11861       11859       11883
       11861       11859       11886
       11862       11857       11971
       11862       11864       11865
       11862       11864       11866
       11862       11872       11873
       11862       11872       11874
       11862       11872       11883
       11863       11862       11864
       11863       11862       11872
       11864       11862       11872
       11864       11866       11867
       11864       11866       11868
       11865       11864       11866
       11866       11868       11869
       11866       11868       11870
       11866       11868       11871
       11867       11866       11868
       11869       11868       11870
       11869       11868       11871
       11870       11868       11871
       11872       11874       11875
       11872       11883       11884
       11872       11883       11885
       11873       11872       11874
       11873       11872       11883
       11874       11872       11883
       11874       11875       11876
       11874       11875       11877
       11874       11875       11879
       11875       11877       11878
       11875       11877       11891
       11875       11879       11880
       11875       11879       11881
       11875       11879       11882
       11876       11875       11877
       11876       11875       11879
       11877       11875       11879
       11877       11891       11892
       11877       11891       11893
       11878       11877       11891
       11880       11879       11881
       11880       11879       11882
       11881       11879       11882
       11883       11859       11886
       11884       11883       11885
       11886       11889       11890
       11887       11886       11888
       11887       11886       11889
       11888       11886       11889
       11891       11893       11894
       11891       11893       11895
       11891       11893       11899
       11892       11891       11893
       11893       11895       11896
       11893       11895       11897
       11893       11895       11898
       11893       11899       11900
       11893       11899       11901
       11894       11893       11895
       11894       11893       11899
       11895       11893       11899
       11896       11895       11897
       11896       11895       11898
       11897       11895       11898
       11899       11901       11902
       11899       11901       11903
       11900       11899       11901
       11901       11903       11904
       11901       11903       11905
       11901       11903       11910
       11902       11901       11903
       11903       11905       11906
       11903       11905       11907
       11903       11910       11911
       11903       11910       11912
       11903       11910       11913
       11904       11903       11905
       11904       11903       11910
       11905       11903       11910
       11905       11907       11908
       11905       11907       11909
       11906       11905       11907
       11908       11907       11909
       11910       11913       11914
       11910       11913       11915
       11910       11913       11916
       11911       11910       11912
       11911       11910       11913
       11912       11910       11913
       11913       11916       11917
       11913       11916       11918
       11914       11913       11915
       11914       11913       11916
       11915       11913       11916
       11916       11918       11919
       11916       11918       11920
       11917       11916       11918
       11918       11920       11921
       11918       11920       11922
       11918       11920       11938
       11919       11918       11920
       11920       11922       11923
       11920       11922       11924
       11920       11922       11925
       11920       11938       11939
       11920       11938       11940
       11921       11920       11922
       11921       11920       11938
       11922       11920       11938
       11922       11925       11926
       11922       11925       11927
       11922       11925       11928
       11923       11922       11924
       11923       11922       11925
       11924       11922       11925
       11925       11928       11929
       11925       11928       11930
       11925       11928       11931
       11926       11925       11927
       11926       11925       11928
       11927       11925       11928
       11928       11931       11932
       11928       11931       11933
       11928       11931       11934
       11929       11928       11930
       11929       11928       11931
       11930       11928       11931
       11931       11934       11935
       11931       11934       11936
       11931       11934       11937
       11932       11931       11933
       11932       11931       11934
       11933       11931       11934
       11935       11934       11936
       11935       11934       11937
       11936       11934       11937
       11938       11940       11941
       11938       11940       11942
       11939       11938       11940
       11940       11942       11943
       11940       11942       11944
       11940       11942       11948
       11941       11940       11942
       11942       11944       11945
       11942       11944       11946
       11942       11944       11947
       11942       11948       11949
       11943       11942       11944
       11943       11942       11948
       11944       11942       11948
       11945       11944       11946
       11945       11944       11947
       11946       11944       11947
       11950       11954       11952
       11950       11955       11956
       11950       11955       11957
       11950       11955       11965
       11950       12005       12003
       11951       11950       11954
       11951       11950       11955
       11951       11950       12005
       11952       11969       11965
       11952       11969       11970
       11952       11969       11971
       11952       11972       11973
       11952       11972       11974
       11952       11972       11975
       11953       11952       11954
       11953       11952       11969
       11953       11952       11972
       11954       11950       11955
       11954       11950       12005
       11954       11952       11969
       11954       11952       11972
       11955       11950       12005
       11955       11957       11958
       11955       11957       11959
       11955       11965       11966
       11955       11965       11967
       11955       11965       11969
       11956       11955       11957
       11956       11955       11965
       11957       11955       11965
       11957       11959       11960
       11957       11959       11961
       11958       11957       11959
       11959       11961       11962
       11959       11961       11963
       11959       11961       11964
       11960       11959       11961
       11962       11961       11963
       11962       11961       11964
       11963       11961       11964
       11965       11967       11968
       11965       11969       11970
       11965       11969       11971
       11966       11965       11967
       11966       11965       11969
       11967       11965       11969
       11969       11952       11972
       11970       11969       11971
       11972       11975       11976
       11973       11972       11974
       11973       11972       11975
       11974       11972       11975
       11977       11981       11979
       11977       11982       11983
       11977       11982       11984
       11977       11982       11992
       11977       12102       12100
       11978       11977       11981
       11978       11977       11982
       11978       11977       12102
       11979       12003       11992
       11979       12003       12004
       11979       12003       12005
       11979       12006       12007
       11979       12006       12008
       11979       12006       12009
       11980       11979       11981
       11980       11979       12003
       11980       11979       12006
       11981       11977       11982
       11981       11977       12102
       11981       11979       12003
       11981       11979       12006
       11982       11977       12102
       11982       11984       11985
       11982       11984       11986
       11982       11992       11993
       11982       11992       11994
       11982       11992       12003
       11983       11982       11984
       11983       11982       11992
       11984       11982       11992
       11984       11986       11987
       11984       11986       11988
       11985       11984       11986
       11986       11988       11989
       11986       11988       11990
       11986       11988       11991
       11987       11986       11988
       11989       11988       11990
       11989       11988       11991
       11990       11988       11991
       11992       11994       11995
       11992       12003       12004
       11992       12003       12005
       11993       11992       11994
       11993       11992       12003
       11994       11992       12003
       11994       11995       11996
       11994       11995       11997
       11994       11995       11999
       11995       11997       11998
       11995       11997       12011
       11995       11999       12000
       11995       11999       12001
       11995       11999       12002
       11996       11995       11997
       11996       11995       11999
       11997       11995       11999
       11997       12011       12012
       11997       12011       12013
       11998       11997       12011
       12000       11999       12001
       12000       11999       12002
       12001       11999       12002
       12003       11979       12006
       12004       12003       12005
       12006       12009       12010
       12007       12006       12008
       12007       12006       12009
       12008       12006       12009
       12011       12013       12014
       12011       12013       12015
       12011       12013       12019
       12012       12011       12013
       12013       12015       12016
       12013       12015       12017
       12013       12015       12018
       12013       12019       12020
       12013       12019       12021
       12014       12013       12015
       12014       12013       12019
       12015       12013       12019
       12016       12015       12017
       12016       12015       12018
       12017       12015       12018
       12019       12021       12022
       12019       12021       12023
       12020       12019       12021
       12021       12023       12024
       12021       12023       12025
       12021       12023       12030
       12022       12021       12023
       12023       12025       12026
       12023       12025       12027
       12023       12030       12031
       12023       12030       12032
       12023       12030       12033
       12024       12023       12025
       12024       12023       12030
       12025       12023       12030
       12025       12027       12028
       12025       12027       12029
       12026       12025       12027
       12028       12027       12029
       12030       12033       12034
       12030       12033       12035
       12030       12033       12036
       12031       12030       12032
       12031       12030       12033
       12032       12030       12033
       12033       12036       12037
       12033       12036       12038
       12034       12033       12035
       12034       12033       12036
       12035       12033       12036
       12036       12038       12039
       12036       12038       12040
       12037       12036       12038
       12038       12040       12041
       12038       12040       12042
       12038       12040       12058
       12039       12038       12040
       12040       12042       12043
       12040       12042       12044
       12040       12042       12045
       12040       12058       12059
       12040       12058       12060
       12041       12040       12042
       12041       12040       12058
       12042       12040       12058
       12042       12045       12046
       12042       12045       12047
       12042       12045       12048
       12043       12042       12044
       12043       12042       12045
       12044       12042       12045
       12045       12048       12049
       12045       12048       12050
       12045       12048       12051
       12046       12045       12047
       12046       12045       12048
       12047       12045       12048
       12048       12051       12052
       12048       12051       12053
       12048       12051       12054
       12049       12048       12050
       12049       12048       12051
       12050       12048       12051
       12051       12054       12055
       12051       12054       12056
       12051       12054       12057
       12052       12051       12053
       12052       12051       12054
       12053       12051       12054
       12055       12054       12056
       12055       12054       12057
       12056       12054       12057
       12058       12060       12061
       12058       12060       12062
       12059       12058       12060
       12060       12062       12063
       12060       12062       12064
       12060       12062       12068
       12061       12060       12062
       12062       12064       12065
       12062       12064       12066
       12062       12064       12067
       12062       12068       12069
       12062       12068       12070
       12063       12062       12064
       12063       12062       12068
       12064       12062       12068
       12065       12064       12066
       12065       12064       12067
       12066       12064       12067
       12068       12070       12071
       12068       12070       12072
       12069       12068       12070
       12070       12072       12073
       12070       12072       12074
       12070       12072       12078
       12071       12070       12072
       12072       12074       12075
       12072       12074       12076
       12072       12074       12077
       12072       12078       12079
       12072       12078       12080
       12073       12072       12074
       12073       12072       12078
       12074       12072       12078
       12075       12074       12076
       12075       12074       12077
       12076       12074       12077
       12079       12078       12080
       12081       12085       12083
       12081       12086       12087
       12081       12086       12088
       12081       12086       12096
       12081       12136       12134
       12082       12081       12085
       12082       12081       12086
       12082       12081       12136
       12083       12100       12096
       12083       12100       12101
       12083       12100       12102
       12083       12103       12104
       12083       12103       12105
       12083       12103       12106
       12084       12083       12085
       12084       12083       12100
       12084       12083       12103
       12085       12081       12086
       12085       12081       12136
       12085       12083       12100
       12085       12083       12103
       12086       12081       12136
       12086       12088       12089
       12086       12088       12090
       12086       12096       12097
       12086       12096       12098
       12086       12096       12100
       12087       12086       12088
       12087       12086       12096
       12088       12086       12096
       12088       12090       12091
       12088       12090       12092
       12089       12088       12090
       12090       12092       12093
       12090       12092       12094
       12090       12092       12095
       12091       12090       12092
       12093       12092       12094
       12093       12092       12095
       12094       12092       12095
       12096       12098       12099
       12096       12100       12101
       12096       12100       12102
       12097       12096       12098
       12097       12096       12100
       12098       12096       12100
       12100       12083       12103
       12101       12100       12102
       12103       12106       12107
       12104       12103       12105
       12104       12103       12106
       12105       12103       12106
       12108       12112       12110
       12108       12113       12114
       12108       12113       12115
       12108       12113       12123
       12108       12233       12231
       12109       12108       12112
       12109       12108       12113
       12109       12108       12233
       12110       12134       12123
       12110       12134       12135
       12110       12134       12136
       12110       12137       12138
       12110       12137       12139
       12110       12137       12140
       12111       12110       12112
       12111       12110       12134
       12111       12110       12137
       12112       12108       12113
       12112       12108       12233
       12112       12110       12134
       12112       12110       12137
       12113       12108       12233
       12113       12115       12116
       12113       12115       12117
       12113       12123       12124
       12113       12123       12125
       12113       12123       12134
       12114       12113       12115
       12114       12113       12123
       12115       12113       12123
       12115       12117       12118
       12115       12117       12119
       12116       12115       12117
       12117       12119       12120
       12117       12119       12121
       12117       12119       12122
       12118       12117       12119
       12120       12119       12121
       12120       12119       12122
       12121       12119       12122
       12123       12125       12126
       12123       12134       12135
       12123       12134       12136
       12124       12123       12125
       12124       12123       12134
       12125       12123       12134
       12125       12126       12127
       12125       12126       12128
       12125       12126       12130
       12126       12128       12129
       12126       12128       12142
       12126       12130       12131
       12126       12130       12132
       12126       12130       12133
       12127       12126       12128
       12127       12126       12130
       12128       12126       12130
       12128       12142       12143
       12128       12142       12144
       12129       12128       12142
       12131       12130       12132
       12131       12130       12133
       12132       12130       12133
       12134       12110       12137
       12135       12134       12136
       12137       12140       12141
       12138       12137       12139
       12138       12137       12140
       12139       12137       12140
       12142       12144       12145
       12142       12144       12146
       12142       12144       12150
       12143       12142       12144
       12144       12146       12147
       12144       12146       12148
       12144       12146       12149
       12144       12150       12151
       12144       12150       12152
       12145       12144       12146
       12145       12144       12150
       12146       12144       12150
       12147       12146       12148
       12147       12146       12149
       12148       12146       12149
       12150       12152       12153
       12150       12152       12154
       12151       12150       12152
       12152       12154       12155
       12152       12154       12156
       12152       12154       12161
       12153       12152       12154
       12154       12156       12157
       12154       12156       12158
       12154       12161       12162
       12154       12161       12163
       12154       12161       12164
       12155       12154       12156
       12155       12154       12161
       12156       12154       12161
       12156       12158       12159
       12156       12158       12160
       12157       12156       12158
       12159       12158       12160
       12161       12164       12165
       12161       12164       12166
       12161       12164       12167
       12162       12161       12163
       12162       12161       12164
       12163       12161       12164
       12164       12167       12168
       12164       12167       12169
       12165       12164       12166
       12165       12164       12167
       12166       12164       12167
       12167       12169       12170
       12167       12169       12171
       12168       12167       12169
       12169       12171       12172
       12169       12171       12173
       12169       12171       12189
       12170       12169       12171
       12171       12173       12174
       12171       12173       12175
       12171       12173       12176
       12171       12189       12190
       12171       12189       12191
       12172       12171       12173
       12172       12171       12189
       12173       12171       12189
       12173       12176       12177
       12173       12176       12178
       12173       12176       12179
       12174       12173       12175
       12174       12173       12176
       12175       12173       12176
       12176       12179       12180
       12176       12179       12181
       12176       12179       12182
       12177       12176       12178
       12177       12176       12179
       12178       12176       12179
       12179       12182       12183
       12179       12182       12184
       12179       12182       12185
       12180       12179       12181
       12180       12179       12182
       12181       12179       12182
       12182       12185       12186
       12182       12185       12187
       12182       12185       12188
       12183       12182       12184
       12183       12182       12185
       12184       12182       12185
       12186       12185       12187
       12186       12185       12188
       12187       12185       12188
       12189       12191       12192
       12189       12191       12193
       12190       12189       12191
       12191       12193       12194
       12191       12193       12195
       12191       12193       12199
       12192       12191       12193
       12193       12195       12196
       12193       12195       12197
       12193       12195       12198
       12193       12199       12200
       12193       12199       12201
       12194       12193       12195
       12194       12193       12199
       12195       12193       12199
       12196       12195       12197
       12196       12195       12198
       12197       12195       12198
       12199       12201       12202
       12199       12201       12203
       12200       12199       12201
       12201       12203       12204
       12201       12203       12205
       12201       12203       12209
       12202       12201       12203
       12203       12205       12206
       12203       12205       12207
       12203       12205       12208
       12203       12209       12210
       12203       12209       12211
       12204       12203       12205
       12204       12203       12209
       12205       12203       12209
       12206       12205       12207
       12206       12205       12208
       12207       12205       12208
       12210       12209       12211
       12212       12216       12214
       12212       12217       12218
       12212       12217       12219
       12212       12217       12227
       12212       12267       12265
       12213       12212       12216
       12213       12212       12217
       12213       12212       12267
       12214       12231       12227
       12214       12231       12232
       12214       12231       12233
       12214       12234       12235
       12214       12234       12236
       12214       12234       12237
       12215       12214       12216
       12215       12214       12231
       12215       12214       12234
       12216       12212       12217
       12216       12212       12267
       12216       12214       12231
       12216       12214       12234
       12217       12212       12267
       12217       12219       12220
       12217       12219       12221
       12217       12227       12228
       12217       12227       12229
       12217       12227       12231
       12218       12217       12219
       12218       12217       12227
       12219       12217       12227
       12219       12221       12222
       12219       12221       12223
       12220       12219       12221
       12221       12223       12224
       12221       12223       12225
       12221       12223       12226
       12222       12221       12223
       12224       12223       12225
       12224       12223       12226
       12225       12223       12226
       12227       12229       12230
       12227       12231       12232
       12227       12231       12233
       12228       12227       12229
       12228       12227       12231
       12229       12227       12231
       12231       12214       12234
       12232       12231       12233
       12234       12237       12238
       12235       12234       12236
       12235       12234       12237
       12236       12234       12237
       12239       12243       12241
       12239       12244       12245
       12239       12244       12246
       12239       12244       12254
       12239       12397       12395
       12240       12239       12243
       12240       12239       12244
       12240       12239       12397
       12241       12265       12254
       12241       12265       12266
       12241       12265       12267
       12241       12268       12269
       12241       12268       12270
       12241       12268       12271
       12242       12241       12243
       12242       12241       12265
       12242       12241       12268
       12243       12239       12244
       12243       12239       12397
       12243       12241       12265
       12243       12241       12268
       12244       12239       12397
       12244       12246       12247
       12244       12246       12248
       12244       12254       12255
       12244       12254       12256
       12244       12254       12265
       12245       12244       12246
       12245       12244       12254
       12246       12244       12254
       12246       12248       12249
       12246       12248       12250
       12247       12246       12248
       12248       12250       12251
       12248       12250       12252
       12248       12250       12253
       12249       12248       12250
       12251       12250       12252
       12251       12250       12253
       12252       12250       12253
       12254       12256       12257
       12254       12265       12266
       12254       12265       12267
       12255       12254       12256
       12255       12254       12265
       12256       12254       12265
       12256       12257       12258
       12256       12257       12259
       12256       12257       12261
       12257       12259       12260
       12257       12259       12273
       12257       12261       12262
       12257       12261       12263
       12257       12261       12264
       12258       12257       12259
       12258       12257       12261
       12259       12257       12261
       12259       12273       12274
       12259       12273       12275
       12260       12259       12273
       12262       12261       12263
       12262       12261       12264
       12263       12261       12264
       12265       12241       12268
       12266       12265       12267
       12268       12271       12272
       12269       12268       12270
       12269       12268       12271
       12270       12268       12271
       12273       12275       12276
       12273       12275       12277
       12273       12275       12281
       12274       12273       12275
       12275       12277       12278
       12275       12277       12279
       12275       12277       12280
       12275       12281       12282
       12275       12281       12283
       12276       12275       12277
       12276       12275       12281
       12277       12275       12281
       12278       12277       12279
       12278       12277       12280
       12279       12277       12280
       12281       12283       12284
       12281       12283       12285
       12282       12281       12283
       12283       12285       12286
       12283       12285       12287
       12283       12285       12292
       12284       12283       12285
       12285       12287       12288
       12285       12287       12289
       12285       12292       12293
       12285       12292       12294
       12285       12292       12295
       12286       12285       12287
       12286       12285       12292
       12287       12285       12292
       12287       12289       12290
       12287       12289       12291
       12288       12287       12289
       12290       12289       12291
       12292       12295       12296
       12292       12295       12297
       12292       12295       12298
       12293       12292       12294
       12293       12292       12295
       12294       12292       12295
       12295       12298       12299
       12295       12298       12300
       12296       12295       12297
       12296       12295       12298
       12297       12295       12298
       12298       12300       12301
       12298       12300       12302
       12299       12298       12300
       12300       12302       12303
       12300       12302       12304
       12300       12302       12318
       12301       12300       12302
       12302       12304       12305
       12302       12304       12306
       12302       12304       12307
       12302       12318       12319
       12302       12318       12355
       12303       12302       12304
       12303       12302       12318
       12304       12302       12318
       12304       12307       12308
       12304       12307       12309
       12304       12307       12310
       12305       12304       12306
       12305       12304       12307
       12306       12304       12307
       12307       12310       12311
       12307       12310       12312
       12307       12310       12313
       12308       12307       12309
       12308       12307       12310
       12309       12307       12310
       12310       12313       12314
       12310       12313       12315
       12310       12313       12316
       12311       12310       12312
       12311       12310       12313
       12312       12310       12313
       12313       12316       12317
       12313       12316       12320
       12314       12313       12315
       12314       12313       12316
       12315       12313       12316
       12316       12320       12321
       12316       12320       12322
       12317       12316       12320
       12318       12355       12356
       12318       12355       12357
       12319       12318       12355
       12320       12322       12323
       12320       12322       12324
       12320       12322       12325
       12321       12320       12322
       12322       12325       12326
       12322       12325       12327
       12323       12322       12324
       12323       12322       12325
       12324       12322       12325
       12325       12327       12328
       12325       12327       12329
       12326       12325       12327
       12327       12329       12330
       12327       12329       12331
       12327       12329       12332
       12328       12327       12329
       12329       12332       12333
       12329       12332       12334
       12330       12329       12331
       12330       12329       12332
       12331       12329       12332
       12332       12334       12335
       12332       12334       12336
       12333       12332       12334
       12334       12336       12337
       12334       12336       12338
       12334       12336       12339
       12335       12334       12336
       12336       12339       12340
       12336       12339       12341
       12337       12336       12338
       12337       12336       12339
       12338       12336       12339
       12339       12341       12342
       12339       12341       12343
       12340       12339       12341
       12341       12343       12344
       12341       12343       12345
       12341       12343       12346
       12342       12341       12343
       12343       12346       12347
       12343       12346       12348
       12344       12343       12345
       12344       12343       12346
       12345       12343       12346
       12346       12348       12349
       12346       12348       12350
       12347       12346       12348
       12348       12350       12351
       12348       12350       12352
       12348       12350       12353
       12349       12348       12350
       12350       12353       12354
       12351       12350       12352
       12351       12350       12353
       12352       12350       12353
       12355       12357       12358
       12355       12357       12359
       12355       12357       12363
       12356       12355       12357
       12357       12359       12360
       12357       12359       12361
       12357       12359       12362
       12357       12363       12364
       12357       12363       12365
       12358       12357       12359
       12358       12357       12363
       12359       12357       12363
       12360       12359       12361
       12360       12359       12362
       12361       12359       12362
       12363       12365       12366
       12363       12365       12367
       12364       12363       12365
       12365       12367       12368
       12365       12367       12369
       12365       12367       12373
       12366       12365       12367
       12367       12369       12370
       12367       12369       12371
       12367       12369       12372
       12367       12373       12374
       12367       12373       12375
       12368       12367       12369
       12368       12367       12373
       12369       12367       12373
       12370       12369       12371
       12370       12369       12372
       12371       12369       12372
       12374       12373       12375
       12376       12380       12378
       12376       12381       12382
       12376       12381       12383
       12376       12381       12391
       12376       12431       12429
       12377       12376       12380
       12377       12376       12381
       12377       12376       12431
       12378       12395       12391
       12378       12395       12396
       12378       12395       12397
       12378       12398       12399
       12378       12398       12400
       12378       12398       12401
       12379       12378       12380
       12379       12378       12395
       12379       12378       12398
       12380       12376       12381
       12380       12376       12431
       12380       12378       12395
       12380       12378       12398
       12381       12376       12431
       12381       12383       12384
       12381       12383       12385
       12381       12391       12392
       12381       12391       12393
       12381       12391       12395
       12382       12381       12383
       12382       12381       12391
       12383       12381       12391
       12383       12385       12386
       12383       12385       12387
       12384       12383       12385
       12385       12387       12388
       12385       12387       12389
       12385       12387       12390
       12386       12385       12387
       12388       12387       12389
       12388       12387       12390
       12389       12387       12390
       12391       12393       12394
       12391       12395       12396
       12391       12395       12397
       12392       12391       12393
       12392       12391       12395
       12393       12391       12395
       12395       12378       12398
       12396       12395       12397
       12398       12401       12402
       12399       12398       12400
       12399       12398       12401
       12400       12398       12401
       12403       12407       12405
       12403       12408       12409
       12403       12408       12410
       12403       12408       12418
       12403       12528       12526
       12404       12403       12407
       12404       12403       12408
       12404       12403       12528
       12405       12429       12418
       12405       12429       12430
       12405       12429       12431
       12405       12432       12433
       12405       12432       12434
       12405       12432       12435
       12406       12405       12407
       12406       12405       12429
       12406       12405       12432
       12407       12403       12408
       12407       12403       12528
       12407       12405       12429
       12407       12405       12432
       12408       12403       12528
       12408       12410       12411
       12408       12410       12412
       12408       12418       12419
       12408       12418       12420
       12408       12418       12429
       12409       12408       12410
       12409       12408       12418
       12410       12408       12418
       12410       12412       12413
       12410       12412       12414
       12411       12410       12412
       12412       12414       12415
       12412       12414       12416
       12412       12414       12417
       12413       12412       12414
       12415       12414       12416
       12415       12414       12417
       12416       12414       12417
       12418       12420       12421
       12418       12429       12430
       12418       12429       12431
       12419       12418       12420
       12419       12418       12429
       12420       12418       12429
       12420       12421       12422
       12420       12421       12423
       12420       12421       12425
       12421       12423       12424
       12421       12423       12437
       12421       12425       12426
       12421       12425       12427
       12421       12425       12428
       12422       12421       12423
       12422       12421       12425
       12423       12421       12425
       12423       12437       12438
       12423       12437       12439
       12424       12423       12437
       12426       12425       12427
       12426       12425       12428
       12427       12425       12428
       12429       12405       12432
       12430       12429       12431
       12432       12435       12436
       12433       12432       12434
       12433       12432       12435
       12434       12432       12435
       12437       12439       12440
       12437       12439       12441
       12437       12439       12445
       12438       12437       12439
       12439       12441       12442
       12439       12441       12443
       12439       12441       12444
       12439       12445       12446
       12439       12445       12447
       12440       12439       12441
       12440       12439       12445
       12441       12439       12445
       12442       12441       12443
       12442       12441       12444
       12443       12441       12444
       12445       12447       12448
       12445       12447       12449
       12446       12445       12447
       12447       12449       12450
       12447       12449       12451
       12447       12449       12456
       12448       12447       12449
       12449       12451       12452
       12449       12451       12453
       12449       12456       12457
       12449       12456       12458
       12449       12456       12459
       12450       12449       12451
       12450       12449       12456
       12451       12449       12456
       12451       12453       12454
       12451       12453       12455
       12452       12451       12453
       12454       12453       12455
       12456       12459       12460
       12456       12459       12461
       12456       12459       12462
       12457       12456       12458
       12457       12456       12459
       12458       12456       12459
       12459       12462       12463
       12459       12462       12464
       12460       12459       12461
       12460       12459       12462
       12461       12459       12462
       12462       12464       12465
       12462       12464       12466
       12463       12462       12464
       12464       12466       12467
       12464       12466       12468
       12464       12466       12484
       12465       12464       12466
       12466       12468       12469
       12466       12468       12470
       12466       12468       12471
       12466       12484       12485
       12466       12484       12486
       12467       12466       12468
       12467       12466       12484
       12468       12466       12484
       12468       12471       12472
       12468       12471       12473
       12468       12471       12474
       12469       12468       12470
       12469       12468       12471
       12470       12468       12471
       12471       12474       12475
       12471       12474       12476
       12471       12474       12477
       12472       12471       12473
       12472       12471       12474
       12473       12471       12474
       12474       12477       12478
       12474       12477       12479
       12474       12477       12480
       12475       12474       12476
       12475       12474       12477
       12476       12474       12477
       12477       12480       12481
       12477       12480       12482
       12477       12480       12483
       12478       12477       12479
       12478       12477       12480
       12479       12477       12480
       12481       12480       12482
       12481       12480       12483
       12482       12480       12483
       12484       12486       12487
       12484       12486       12488
       12485       12484       12486
       12486       12488       12489
       12486       12488       12490
       12486       12488       12494
       12487       12486       12488
       12488       12490       12491
       12488       12490       12492
       12488       12490       12493
       12488       12494       12495
       12488       12494       12496
       12489       12488       12490
       12489       12488       12494
       12490       12488       12494
       12491       12490       12492
       12491       12490       12493
       12492       12490       12493
       12494       12496       12497
       12494       12496       12498
       12495       12494       12496
       12496       12498       12499
       12496       12498       12500
       12496       12498       12504
       12497       12496       12498
       12498       12500       12501
       12498       12500       12502
       12498       12500       12503
       12498       12504       12505
       12498       12504       12506
       12499       12498       12500
       12499       12498       12504
       12500       12498       12504
       12501       12500       12502
       12501       12500       12503
       12502       12500       12503
       12505       12504       12506
       12507       12511       12509
       12507       12512       12513
       12507       12512       12514
       12507       12512       12522
       12507       12562       12560
       12508       12507       12511
       12508       12507       12512
       12508       12507       12562
       12509       12526       12522
       12509       12526       12527
       12509       12526       12528
       12509       12529       12530
       12509       12529       12531
       12509       12529       12532
       12510       12509       12511
       12510       12509       12526
       12510       12509       12529
       12511       12507       12512
       12511       12507       12562
       12511       12509       12526
       12511       12509       12529
       12512       12507       12562
       12512       12514       12515
       12512       12514       12516
       12512       12522       12523
       12512       12522       12524
       12512       12522       12526
       12513       12512       12514
       12513       12512       12522
       12514       12512       12522
       12514       12516       12517
       12514       12516       12518
       12515       12514       12516
       12516       12518       12519
       12516       12518       12520
       12516       12518       12521
       12517       12516       12518
       12519       12518       12520
       12519       12518       12521
       12520       12518       12521
       12522       12524       12525
       12522       12526       12527
       12522       12526       12528
       12523       12522       12524
       12523       12522       12526
       12524       12522       12526
       12526       12509       12529
       12527       12526       12528
       12529       12532       12533
       12530       12529       12531
       12530       12529       12532
       12531       12529       12532
       12534       12538       12536
       12534       12539       12540
       12534       12539       12541
       12534       12539       12549
       12535       12534       12538
       12535       12534       12539
       12536       12560       12549
       12536       12560       12561
       12536       12560       12562
       12536       12563       12564
       12536       12563       12565
       12536       12563       12566
       12537       12536       12538
       12537       12536       12560
       12537       12536       12563
       12538       12534       12539
       12538       12536       12560
       12538       12536       12563
       12539       12541       12542
       12539       12541       12543
       12539       12549       12550
       12539       12549       12551
       12539       12549       12560
       12540       12539       12541
       12540       12539       12549
       12541       12539       12549
       12541       12543       12544
       12541       12543       12545
       12542       12541       12543
       12543       12545       12546
       12543       12545       12547
       12543       12545       12548
       12544       12543       12545
       12546       12545       12547
       12546       12545       12548
       12547       12545       12548
       12549       12551       12552
       12549       12560       12561
       12549       12560       12562
       12550       12549       12551
       12550       12549       12560
       12551       12549       12560
       12551       12552       12553
       12551       12552       12554
       12551       12552       12556
       12552       12554       12555
       12552       12554       12568
       12552       12556       12557
       12552       12556       12558
       12552       12556       12559
       12553       12552       12554
       12553       12552       12556
       12554       12552       12556
       12554       12568       12569
       12554       12568       12570
       12555       12554       12568
       12557       12556       12558
       12557       12556       12559
       12558       12556       12559
       12560       12536       12563
       12561       12560       12562
       12563       12566       12567
       12564       12563       12565
       12564       12563       12566
       12565       12563       12566
       12568       12570       12571
       12568       12570       12572
       12568       12570       12576
       12569       12568       12570
       12570       12572       12573
       12570       12572       12574
       12570       12572       12575
       12570       12576       12577
       12570       12576       12578
       12571       12570       12572
       12571       12570       12576
       12572       12570       12576
       12573       12572       12574
       12573       12572       12575
       12574       12572       12575
       12576       12578       12579
       12576       12578       12580
       12577       12576       12578
       12578       12580       12581
       12578       12580       12582
       12578       12580       12587
       12579       12578       12580
       12580       12582       12583
       12580       12582       12584
       12580       12587       12588
       12580       12587       12589
       12580       12587       12590
       12581       12580       12582
       12581       12580       12587
       12582       12580       12587
       12582       12584       12585
       12582       12584       12586
       12583       12582       12584
       12585       12584       12586
       12587       12590       12591
       12587       12590       12592
       12587       12590       12593
       12588       12587       12589
       12588       12587       12590
       12589       12587       12590
       12590       12593       12594
       12590       12593       12595
       12591       12590       12592
       12591       12590       12593
       12592       12590       12593
       12593       12595       12596
       12593       12595       12597
       12594       12593       12595
       12595       12597       12598
       12595       12597       12599
       12595       12597       12615
       12596       12595       12597
       12597       12599       12600
       12597       12599       12601
       12597       12599       12602
       12597       12615       12616
       12597       12615       12617
       12598       12597       12599
       12598       12597       12615
       12599       12597       12615
       12599       12602       12603
       12599       12602       12604
       12599       12602       12605
       12600       12599       12601
       12600       12599       12602
       12601       12599       12602
       12602       12605       12606
       12602       12605       12607
       12602       12605       12608
       12603       12602       12604
       12603       12602       12605
       12604       12602       12605
       12605       12608       12609
       12605       12608       12610
       12605       12608       12611
       12606       12605       12607
       12606       12605       12608
       12607       12605       12608
       12608       12611       12612
       12608       12611       12613
       12608       12611       12614
       12609       12608       12610
       12609       12608       12611
       12610       12608       12611
       12612       12611       12613
       12612       12611       12614
       12613       12611       12614
       12615       12617       12618
       12615       12617       12619
       12616       12615       12617
       12617       12619       12620
       12617       12619       12621
       12617       12619       12625
       12618       12617       12619
       12619       12621       12622
       12619       12621       12623
       12619       12621       12624
       12619       12625       12626
       12619       12625       12627
       12620       12619       12621
       12620       12619       12625
       12621       12619       12625
       12622       12621       12623
       12622       12621       12624
       12623       12621       12624
       12625       12627       12628
       12625       12627       12629
       12626       12625       12627
       12627       12629       12630
       12627       12629       12631
       12627       12629       12635
       12628       12627       12629
       12629       12631       12632
       12629       12631       12633
       12629       12631       12634
       12629       12635       12636
       12629       12635       12637
       12630       12629       12631
       12630       12629       12635
       12631       12629       12635
       12632       12631       12633
       12632       12631       12634
       12633       12631       12634
       12636       12635       12637
