           1           5           3
           1           6           7
           1           6           8
           1           6          16
           1          56          54
           2           1           5
           2           1           6
           2           1          56
           3          20          16
           3          20          21
           3          20          22
           3          23          24
           3          23          25
           3          23          26
           4           3           5
           4           3          20
           4           3          23
           5           1           6
           5           1          56
           5           3          20
           5           3          23
           6           1          56
           6           8           9
           6           8          10
           6          16          17
           6          16          18
           6          16          20
           7           6           8
           7           6          16
           8           6          16
           8          10          11
           8          10          12
           9           8          10
          10          12          13
          10          12          14
          10          12          15
          11          10          12
          13          12          14
          13          12          15
          14          12          15
          16          18          19
          16          20          21
          16          20          22
          17          16          18
          17          16          20
          18          16          20
          20           3          23
          20          22        1600
          21          20          22
          22        1600        1601
          22        1600        1604
          22        1600        1605
          23          26          27
          24          23          25
          24          23          26
          25          23          26
          28          32          30
          28          33          34
          28          33          35
          28          33          43
          28         153         151
          29          28          32
          29          28          33
          29          28         153
          30          54          43
          30          54          55
          30          54          56
          30          57          58
          30          57          59
          30          57          60
          31          30          32
          31          30          54
          31          30          57
          32          28          33
          32          28         153
          32          30          54
          32          30          57
          33          28         153
          33          35          36
          33          35          37
          33          43          44
          33          43          45
          33          43          54
          34          33          35
          34          33          43
          35          33          43
          35          37          38
          35          37          39
          36          35          37
          37          39          40
          37          39          41
          37          39          42
          38          37          39
          40          39          41
          40          39          42
          41          39          42
          43          45          46
          43          54          55
          43          54          56
          44          43          45
          44          43          54
          45          43          54
          45          46          47
          45          46          48
          45          46          50
          46          48          49
          46          48          62
          46          50          51
          46          50          52
          46          50          53
          47          46          48
          47          46          50
          48          46          50
          48          62          63
          48          62          64
          49          48          62
          51          50          52
          51          50          53
          52          50          53
          54          30          57
          55          54          56
          57          60          61
          58          57          59
          58          57          60
          59          57          60
          62          64          65
          62          64          66
          62          64          70
          63          62          64
          64          66          67
          64          66          68
          64          66          69
          64          70          71
          64          70          72
          65          64          66
          65          64          70
          66          64          70
          67          66          68
          67          66          69
          68          66          69
          70          72          73
          70          72          74
          71          70          72
          72          74          75
          72          74          76
          72          74          81
          73          72          74
          74          76          77
          74          76          78
          74          81          82
          74          81          83
          74          81          84
          75          74          76
          75          74          81
          76          74          81
          76          78          79
          76          78          80
          77          76          78
          79          78          80
          81          84          85
          81          84          86
          81          84          87
          82          81          83
          82          81          84
          83          81          84
          84          87          88
          84          87          89
          85          84          86
          85          84          87
          86          84          87
          87          89          90
          87          89          91
          88          87          89
          89          91          92
          89          91          93
          89          91         109
          90          89          91
          91          93          94
          91          93          95
          91          93          96
          91         109         110
          91         109         111
          92          91          93
          92          91         109
          93          91         109
          93          96          97
          93          96          98
          93          96          99
          94          93          95
          94          93          96
          95          93          96
          96          99         100
          96          99         101
          96          99         102
          97          96          98
          97          96          99
          98          96          99
          99         102         103
          99         102         104
          99         102         105
         100          99         101
         100          99         102
         101          99         102
         102         105         106
         102         105         107
         102         105         108
         103         102         104
         103         102         105
         104         102         105
         106         105         107
         106         105         108
         107         105         108
         109         111         112
         109         111         113
         110         109         111
         111         113         114
         111         113         115
         111         113         119
         112         111         113
         113         115         116
         113         115         117
         113         115         118
         113         119         120
         113         119         121
         114         113         115
         114         113         119
         115         113         119
         116         115         117
         116         115         118
         117         115         118
         119         121         122
         119         121         123
         120         119         121
         121         123         124
         121         123         125
         121         123         129
         122         121         123
         123         125         126
         123         125         127
         123         125         128
         123         129         130
         123         129         131
         124         123         125
         124         123         129
         125         123         129
         126         125         127
         126         125         128
         127         125         128
         130         129         131
         132         136         134
         132         137         138
         132         137         139
         132         137         147
         132         187         185
         133         132         136
         133         132         137
         133         132         187
         134         151         147
         134         151         152
         134         151         153
         134         154         155
         134         154         156
         134         154         157
         135         134         136
         135         134         151
         135         134         154
         136         132         137
         136         132         187
         136         134         151
         136         134         154
         137         132         187
         137         139         140
         137         139         141
         137         147         148
         137         147         149
         137         147         151
         138         137         139
         138         137         147
         139         137         147
         139         141         142
         139         141         143
         140         139         141
         141         143         144
         141         143         145
         141         143         146
         142         141         143
         144         143         145
         144         143         146
         145         143         146
         147         149         150
         147         151         152
         147         151         153
         148         147         149
         148         147         151
         149         147         151
         151         134         154
         152         151         153
         154         157         158
         155         154         156
         155         154         157
         156         154         157
         159         163         161
         159         164         165
         159         164         166
         159         164         174
         159         284         282
         160         159         163
         160         159         164
         160         159         284
         161         185         174
         161         185         186
         161         185         187
         161         188         189
         161         188         190
         161         188         191
         162         161         163
         162         161         185
         162         161         188
         163         159         164
         163         159         284
         163         161         185
         163         161         188
         164         159         284
         164         166         167
         164         166         168
         164         174         175
         164         174         176
         164         174         185
         165         164         166
         165         164         174
         166         164         174
         166         168         169
         166         168         170
         167         166         168
         168         170         171
         168         170         172
         168         170         173
         169         168         170
         171         170         172
         171         170         173
         172         170         173
         174         176         177
         174         185         186
         174         185         187
         175         174         176
         175         174         185
         176         174         185
         176         177         178
         176         177         179
         176         177         181
         177         179         180
         177         179         193
         177         181         182
         177         181         183
         177         181         184
         178         177         179
         178         177         181
         179         177         181
         179         193         194
         179         193         195
         180         179         193
         182         181         183
         182         181         184
         183         181         184
         185         161         188
         186         185         187
         188         191         192
         189         188         190
         189         188         191
         190         188         191
         193         195         196
         193         195         197
         193         195         201
         194         193         195
         195         197         198
         195         197         199
         195         197         200
         195         201         202
         195         201         203
         196         195         197
         196         195         201
         197         195         201
         198         197         199
         198         197         200
         199         197         200
         201         203         204
         201         203         205
         202         201         203
         203         205         206
         203         205         207
         203         205         212
         204         203         205
         205         207         208
         205         207         209
         205         212         213
         205         212         214
         205         212         215
         206         205         207
         206         205         212
         207         205         212
         207         209         210
         207         209         211
         208         207         209
         210         209         211
         212         215         216
         212         215         217
         212         215         218
         213         212         214
         213         212         215
         214         212         215
         215         218         219
         215         218         220
         216         215         217
         216         215         218
         217         215         218
         218         220         221
         218         220         222
         219         218         220
         220         222         223
         220         222         224
         220         222         240
         221         220         222
         222         224         225
         222         224         226
         222         224         227
         222         240         241
         222         240         242
         223         222         224
         223         222         240
         224         222         240
         224         227         228
         224         227         229
         224         227         230
         225         224         226
         225         224         227
         226         224         227
         227         230         231
         227         230         232
         227         230         233
         228         227         229
         228         227         230
         229         227         230
         230         233         234
         230         233         235
         230         233         236
         231         230         232
         231         230         233
         232         230         233
         233         236         237
         233         236         238
         233         236         239
         234         233         235
         234         233         236
         235         233         236
         237         236         238
         237         236         239
         238         236         239
         240         242         243
         240         242         244
         241         240         242
         242         244         245
         242         244         246
         242         244         250
         243         242         244
         244         246         247
         244         246         248
         244         246         249
         244         250         251
         244         250         252
         245         244         246
         245         244         250
         246         244         250
         247         246         248
         247         246         249
         248         246         249
         250         252         253
         250         252         254
         251         250         252
         252         254         255
         252         254         256
         252         254         260
         253         252         254
         254         256         257
         254         256         258
         254         256         259
         254         260         261
         254         260         262
         255         254         256
         255         254         260
         256         254         260
         257         256         258
         257         256         259
         258         256         259
         261         260         262
         263         267         265
         263         268         269
         263         268         270
         263         268         278
         263         318         316
         264         263         267
         264         263         268
         264         263         318
         265         282         278
         265         282         283
         265         282         284
         265         285         286
         265         285         287
         265         285         288
         266         265         267
         266         265         282
         266         265         285
         267         263         268
         267         263         318
         267         265         282
         267         265         285
         268         263         318
         268         270         271
         268         270         272
         268         278         279
         268         278         280
         268         278         282
         269         268         270
         269         268         278
         270         268         278
         270         272         273
         270         272         274
         271         270         272
         272         274         275
         272         274         276
         272         274         277
         273         272         274
         275         274         276
         275         274         277
         276         274         277
         278         280         281
         278         282         283
         278         282         284
         279         278         280
         279         278         282
         280         278         282
         282         265         285
         283         282         284
         285         288         289
         286         285         287
         286         285         288
         287         285         288
         290         294         292
         290         295         296
         290         295         297
         290         295         305
         290         415         413
         291         290         294
         291         290         295
         291         290         415
         292         316         305
         292         316         317
         292         316         318
         292         319         320
         292         319         321
         292         319         322
         293         292         294
         293         292         316
         293         292         319
         294         290         295
         294         290         415
         294         292         316
         294         292         319
         295         290         415
         295         297         298
         295         297         299
         295         305         306
         295         305         307
         295         305         316
         296         295         297
         296         295         305
         297         295         305
         297         299         300
         297         299         301
         298         297         299
         299         301         302
         299         301         303
         299         301         304
         300         299         301
         302         301         303
         302         301         304
         303         301         304
         305         307         308
         305         316         317
         305         316         318
         306         305         307
         306         305         316
         307         305         316
         307         308         309
         307         308         310
         307         308         312
         308         310         311
         308         310         324
         308         312         313
         308         312         314
         308         312         315
         309         308         310
         309         308         312
         310         308         312
         310         324         325
         310         324         326
         311         310         324
         313         312         314
         313         312         315
         314         312         315
         316         292         319
         317         316         318
         319         322         323
         320         319         321
         320         319         322
         321         319         322
         324         326         327
         324         326         328
         324         326         332
         325         324         326
         326         328         329
         326         328         330
         326         328         331
         326         332         333
         326         332         334
         327         326         328
         327         326         332
         328         326         332
         329         328         330
         329         328         331
         330         328         331
         332         334         335
         332         334         336
         333         332         334
         334         336         337
         334         336         338
         334         336         343
         335         334         336
         336         338         339
         336         338         340
         336         343         344
         336         343         345
         336         343         346
         337         336         338
         337         336         343
         338         336         343
         338         340         341
         338         340         342
         339         338         340
         341         340         342
         343         346         347
         343         346         348
         343         346         349
         344         343         345
         344         343         346
         345         343         346
         346         349         350
         346         349         351
         347         346         348
         347         346         349
         348         346         349
         349         351         352
         349         351         353
         350         349         351
         351         353         354
         351         353         355
         351         353         371
         352         351         353
         353         355         356
         353         355         357
         353         355         358
         353         371         372
         353         371         373
         354         353         355
         354         353         371
         355         353         371
         355         358         359
         355         358         360
         355         358         361
         356         355         357
         356         355         358
         357         355         358
         358         361         362
         358         361         363
         358         361         364
         359         358         360
         359         358         361
         360         358         361
         361         364         365
         361         364         366
         361         364         367
         362         361         363
         362         361         364
         363         361         364
         364         367         368
         364         367         369
         364         367         370
         365         364         366
         365         364         367
         366         364         367
         368         367         369
         368         367         370
         369         367         370
         371         373         374
         371         373         375
         372         371         373
         373         375         376
         373         375         377
         373         375         381
         374         373         375
         375         377         378
         375         377         379
         375         377         380
         375         381         382
         375         381         383
         376         375         377
         376         375         381
         377         375         381
         378         377         379
         378         377         380
         379         377         380
         381         383         384
         381         383         385
         382         381         383
         383         385         386
         383         385         387
         383         385         391
         384         383         385
         385         387         388
         385         387         389
         385         387         390
         385         391         392
         385         391         393
         386         385         387
         386         385         391
         387         385         391
         388         387         389
         388         387         390
         389         387         390
         392         391         393
         394         398         396
         394         399         400
         394         399         401
         394         399         409
         394         449         447
         395         394         398
         395         394         399
         395         394         449
         396         413         409
         396         413         414
         396         413         415
         396         416         417
         396         416         418
         396         416         419
         397         396         398
         397         396         413
         397         396         416
         398         394         399
         398         394         449
         398         396         413
         398         396         416
         399         394         449
         399         401         402
         399         401         403
         399         409         410
         399         409         411
         399         409         413
         400         399         401
         400         399         409
         401         399         409
         401         403         404
         401         403         405
         402         401         403
         403         405         406
         403         405         407
         403         405         408
         404         403         405
         406         405         407
         406         405         408
         407         405         408
         409         411         412
         409         413         414
         409         413         415
         410         409         411
         410         409         413
         411         409         413
         413         396         416
         414         413         415
         416         419         420
         417         416         418
         417         416         419
         418         416         419
         421         425         423
         421         426         427
         421         426         428
         421         426         436
         421         546         544
         422         421         425
         422         421         426
         422         421         546
         423         447         436
         423         447         448
         423         447         449
         423         450         451
         423         450         452
         423         450         453
         424         423         425
         424         423         447
         424         423         450
         425         421         426
         425         421         546
         425         423         447
         425         423         450
         426         421         546
         426         428         429
         426         428         430
         426         436         437
         426         436         438
         426         436         447
         427         426         428
         427         426         436
         428         426         436
         428         430         431
         428         430         432
         429         428         430
         430         432         433
         430         432         434
         430         432         435
         431         430         432
         433         432         434
         433         432         435
         434         432         435
         436         438         439
         436         447         448
         436         447         449
         437         436         438
         437         436         447
         438         436         447
         438         439         440
         438         439         441
         438         439         443
         439         441         442
         439         441         455
         439         443         444
         439         443         445
         439         443         446
         440         439         441
         440         439         443
         441         439         443
         441         455         456
         441         455         457
         442         441         455
         444         443         445
         444         443         446
         445         443         446
         447         423         450
         448         447         449
         450         453         454
         451         450         452
         451         450         453
         452         450         453
         455         457         458
         455         457         459
         455         457         463
         456         455         457
         457         459         460
         457         459         461
         457         459         462
         457         463         464
         457         463         465
         458         457         459
         458         457         463
         459         457         463
         460         459         461
         460         459         462
         461         459         462
         463         465         466
         463         465         467
         464         463         465
         465         467         468
         465         467         469
         465         467         474
         466         465         467
         467         469         470
         467         469         471
         467         474         475
         467         474         476
         467         474         477
         468         467         469
         468         467         474
         469         467         474
         469         471         472
         469         471         473
         470         469         471
         472         471         473
         474         477         478
         474         477         479
         474         477         480
         475         474         476
         475         474         477
         476         474         477
         477         480         481
         477         480         482
         478         477         479
         478         477         480
         479         477         480
         480         482         483
         480         482         484
         481         480         482
         482         484         485
         482         484         486
         482         484         502
         483         482         484
         484         486         487
         484         486         488
         484         486         489
         484         502         503
         484         502         504
         485         484         486
         485         484         502
         486         484         502
         486         489         490
         486         489         491
         486         489         492
         487         486         488
         487         486         489
         488         486         489
         489         492         493
         489         492         494
         489         492         495
         490         489         491
         490         489         492
         491         489         492
         492         495         496
         492         495         497
         492         495         498
         493         492         494
         493         492         495
         494         492         495
         495         498         499
         495         498         500
         495         498         501
         496         495         497
         496         495         498
         497         495         498
         499         498         500
         499         498         501
         500         498         501
         502         504         505
         502         504         506
         503         502         504
         504         506         507
         504         506         508
         504         506         512
         505         504         506
         506         508         509
         506         508         510
         506         508         511
         506         512         513
         506         512         514
         507         506         508
         507         506         512
         508         506         512
         509         508         510
         509         508         511
         510         508         511
         512         514         515
         512         514         516
         513         512         514
         514         516         517
         514         516         518
         514         516         522
         515         514         516
         516         518         519
         516         518         520
         516         518         521
         516         522         523
         516         522         524
         517         516         518
         517         516         522
         518         516         522
         519         518         520
         519         518         521
         520         518         521
         523         522         524
         525         529         527
         525         530         531
         525         530         532
         525         530         540
         525         580         578
         526         525         529
         526         525         530
         526         525         580
         527         544         540
         527         544         545
         527         544         546
         527         547         548
         527         547         549
         527         547         550
         528         527         529
         528         527         544
         528         527         547
         529         525         530
         529         525         580
         529         527         544
         529         527         547
         530         525         580
         530         532         533
         530         532         534
         530         540         541
         530         540         542
         530         540         544
         531         530         532
         531         530         540
         532         530         540
         532         534         535
         532         534         536
         533         532         534
         534         536         537
         534         536         538
         534         536         539
         535         534         536
         537         536         538
         537         536         539
         538         536         539
         540         542         543
         540         544         545
         540         544         546
         541         540         542
         541         540         544
         542         540         544
         544         527         547
         545         544         546
         547         550         551
         548         547         549
         548         547         550
         549         547         550
         552         556         554
         552         557         558
         552         557         559
         552         557         567
         552         677         675
         553         552         556
         553         552         557
         553         552         677
         554         578         567
         554         578         579
         554         578         580
         554         581         582
         554         581         583
         554         581         584
         555         554         556
         555         554         578
         555         554         581
         556         552         557
         556         552         677
         556         554         578
         556         554         581
         557         552         677
         557         559         560
         557         559         561
         557         567         568
         557         567         569
         557         567         578
         558         557         559
         558         557         567
         559         557         567
         559         561         562
         559         561         563
         560         559         561
         561         563         564
         561         563         565
         561         563         566
         562         561         563
         564         563         565
         564         563         566
         565         563         566
         567         569         570
         567         578         579
         567         578         580
         568         567         569
         568         567         578
         569         567         578
         569         570         571
         569         570         572
         569         570         574
         570         572         573
         570         572         586
         570         574         575
         570         574         576
         570         574         577
         571         570         572
         571         570         574
         572         570         574
         572         586         587
         572         586         588
         573         572         586
         575         574         576
         575         574         577
         576         574         577
         578         554         581
         579         578         580
         581         584         585
         582         581         583
         582         581         584
         583         581         584
         586         588         589
         586         588         590
         586         588         594
         587         586         588
         588         590         591
         588         590         592
         588         590         593
         588         594         595
         588         594         596
         589         588         590
         589         588         594
         590         588         594
         591         590         592
         591         590         593
         592         590         593
         594         596         597
         594         596         598
         595         594         596
         596         598         599
         596         598         600
         596         598         605
         597         596         598
         598         600         601
         598         600         602
         598         605         606
         598         605         607
         598         605         608
         599         598         600
         599         598         605
         600         598         605
         600         602         603
         600         602         604
         601         600         602
         603         602         604
         605         608         609
         605         608         610
         605         608         611
         606         605         607
         606         605         608
         607         605         608
         608         611         612
         608         611         613
         609         608         610
         609         608         611
         610         608         611
         611         613         614
         611         613         615
         612         611         613
         613         615         616
         613         615         617
         613         615         633
         614         613         615
         615         617         618
         615         617         619
         615         617         620
         615         633         634
         615         633         635
         616         615         617
         616         615         633
         617         615         633
         617         620         621
         617         620         622
         617         620         623
         618         617         619
         618         617         620
         619         617         620
         620         623         624
         620         623         625
         620         623         626
         621         620         622
         621         620         623
         622         620         623
         623         626         627
         623         626         628
         623         626         629
         624         623         625
         624         623         626
         625         623         626
         626         629         630
         626         629         631
         626         629         632
         627         626         628
         627         626         629
         628         626         629
         630         629         631
         630         629         632
         631         629         632
         633         635         636
         633         635         637
         634         633         635
         635         637         638
         635         637         639
         635         637         643
         636         635         637
         637         639         640
         637         639         641
         637         639         642
         637         643         644
         637         643         645
         638         637         639
         638         637         643
         639         637         643
         640         639         641
         640         639         642
         641         639         642
         643         645         646
         643         645         647
         644         643         645
         645         647         648
         645         647         649
         645         647         653
         646         645         647
         647         649         650
         647         649         651
         647         649         652
         647         653         654
         647         653         655
         648         647         649
         648         647         653
         649         647         653
         650         649         651
         650         649         652
         651         649         652
         654         653         655
         656         660         658
         656         661         662
         656         661         663
         656         661         671
         656         711         709
         657         656         660
         657         656         661
         657         656         711
         658         675         671
         658         675         676
         658         675         677
         658         678         679
         658         678         680
         658         678         681
         659         658         660
         659         658         675
         659         658         678
         660         656         661
         660         656         711
         660         658         675
         660         658         678
         661         656         711
         661         663         664
         661         663         665
         661         671         672
         661         671         673
         661         671         675
         662         661         663
         662         661         671
         663         661         671
         663         665         666
         663         665         667
         664         663         665
         665         667         668
         665         667         669
         665         667         670
         666         665         667
         668         667         669
         668         667         670
         669         667         670
         671         673         674
         671         675         676
         671         675         677
         672         671         673
         672         671         675
         673         671         675
         675         658         678
         676         675         677
         678         681         682
         679         678         680
         679         678         681
         680         678         681
         683         687         685
         683         688         689
         683         688         690
         683         688         698
         683         808         806
         684         683         687
         684         683         688
         684         683         808
         685         709         698
         685         709         710
         685         709         711
         685         712         713
         685         712         714
         685         712         715
         686         685         687
         686         685         709
         686         685         712
         687         683         688
         687         683         808
         687         685         709
         687         685         712
         688         683         808
         688         690         691
         688         690         692
         688         698         699
         688         698         700
         688         698         709
         689         688         690
         689         688         698
         690         688         698
         690         692         693
         690         692         694
         691         690         692
         692         694         695
         692         694         696
         692         694         697
         693         692         694
         695         694         696
         695         694         697
         696         694         697
         698         700         701
         698         709         710
         698         709         711
         699         698         700
         699         698         709
         700         698         709
         700         701         702
         700         701         703
         700         701         705
         701         703         704
         701         703         717
         701         705         706
         701         705         707
         701         705         708
         702         701         703
         702         701         705
         703         701         705
         703         717         718
         703         717         719
         704         703         717
         706         705         707
         706         705         708
         707         705         708
         709         685         712
         710         709         711
         712         715         716
         713         712         714
         713         712         715
         714         712         715
         717         719         720
         717         719         721
         717         719         725
         718         717         719
         719         721         722
         719         721         723
         719         721         724
         719         725         726
         719         725         727
         720         719         721
         720         719         725
         721         719         725
         722         721         723
         722         721         724
         723         721         724
         725         727         728
         725         727         729
         726         725         727
         727         729         730
         727         729         731
         727         729         736
         728         727         729
         729         731         732
         729         731         733
         729         736         737
         729         736         738
         729         736         739
         730         729         731
         730         729         736
         731         729         736
         731         733         734
         731         733         735
         732         731         733
         734         733         735
         736         739         740
         736         739         741
         736         739         742
         737         736         738
         737         736         739
         738         736         739
         739         742         743
         739         742         744
         740         739         741
         740         739         742
         741         739         742
         742         744         745
         742         744         746
         743         742         744
         744         746         747
         744         746         748
         744         746         764
         745         744         746
         746         748         749
         746         748         750
         746         748         751
         746         764         765
         746         764         766
         747         746         748
         747         746         764
         748         746         764
         748         751         752
         748         751         753
         748         751         754
         749         748         750
         749         748         751
         750         748         751
         751         754         755
         751         754         756
         751         754         757
         752         751         753
         752         751         754
         753         751         754
         754         757         758
         754         757         759
         754         757         760
         755         754         756
         755         754         757
         756         754         757
         757         760         761
         757         760         762
         757         760         763
         758         757         759
         758         757         760
         759         757         760
         761         760         762
         761         760         763
         762         760         763
         764         766         767
         764         766         768
         765         764         766
         766         768         769
         766         768         770
         766         768         774
         767         766         768
         768         770         771
         768         770         772
         768         770         773
         768         774         775
         768         774         776
         769         768         770
         769         768         774
         770         768         774
         771         770         772
         771         770         773
         772         770         773
         774         776         777
         774         776         778
         775         774         776
         776         778         779
         776         778         780
         776         778         784
         777         776         778
         778         780         781
         778         780         782
         778         780         783
         778         784         785
         778         784         786
         779         778         780
         779         778         784
         780         778         784
         781         780         782
         781         780         783
         782         780         783
         785         784         786
         787         791         789
         787         792         793
         787         792         794
         787         792         802
         787         842         840
         788         787         791
         788         787         792
         788         787         842
         789         806         802
         789         806         807
         789         806         808
         789         809         810
         789         809         811
         789         809         812
         790         789         791
         790         789         806
         790         789         809
         791         787         792
         791         787         842
         791         789         806
         791         789         809
         792         787         842
         792         794         795
         792         794         796
         792         802         803
         792         802         804
         792         802         806
         793         792         794
         793         792         802
         794         792         802
         794         796         797
         794         796         798
         795         794         796
         796         798         799
         796         798         800
         796         798         801
         797         796         798
         799         798         800
         799         798         801
         800         798         801
         802         804         805
         802         806         807
         802         806         808
         803         802         804
         803         802         806
         804         802         806
         806         789         809
         807         806         808
         809         812         813
         810         809         811
         810         809         812
         811         809         812
         814         818         816
         814         819         820
         814         819         821
         814         819         829
         814         939         937
         815         814         818
         815         814         819
         815         814         939
         816         840         829
         816         840         841
         816         840         842
         816         843         844
         816         843         845
         816         843         846
         817         816         818
         817         816         840
         817         816         843
         818         814         819
         818         814         939
         818         816         840
         818         816         843
         819         814         939
         819         821         822
         819         821         823
         819         829         830
         819         829         831
         819         829         840
         820         819         821
         820         819         829
         821         819         829
         821         823         824
         821         823         825
         822         821         823
         823         825         826
         823         825         827
         823         825         828
         824         823         825
         826         825         827
         826         825         828
         827         825         828
         829         831         832
         829         840         841
         829         840         842
         830         829         831
         830         829         840
         831         829         840
         831         832         833
         831         832         834
         831         832         836
         832         834         835
         832         834         848
         832         836         837
         832         836         838
         832         836         839
         833         832         834
         833         832         836
         834         832         836
         834         848         849
         834         848         850
         835         834         848
         837         836         838
         837         836         839
         838         836         839
         840         816         843
         841         840         842
         843         846         847
         844         843         845
         844         843         846
         845         843         846
         848         850         851
         848         850         852
         848         850         856
         849         848         850
         850         852         853
         850         852         854
         850         852         855
         850         856         857
         850         856         858
         851         850         852
         851         850         856
         852         850         856
         853         852         854
         853         852         855
         854         852         855
         856         858         859
         856         858         860
         857         856         858
         858         860         861
         858         860         862
         858         860         867
         859         858         860
         860         862         863
         860         862         864
         860         867         868
         860         867         869
         860         867         870
         861         860         862
         861         860         867
         862         860         867
         862         864         865
         862         864         866
         863         862         864
         865         864         866
         867         870         871
         867         870         872
         867         870         873
         868         867         869
         868         867         870
         869         867         870
         870         873         874
         870         873         875
         871         870         872
         871         870         873
         872         870         873
         873         875         876
         873         875         877
         874         873         875
         875         877         878
         875         877         879
         875         877         895
         876         875         877
         877         879         880
         877         879         881
         877         879         882
         877         895         896
         877         895         897
         878         877         879
         878         877         895
         879         877         895
         879         882         883
         879         882         884
         879         882         885
         880         879         881
         880         879         882
         881         879         882
         882         885         886
         882         885         887
         882         885         888
         883         882         884
         883         882         885
         884         882         885
         885         888         889
         885         888         890
         885         888         891
         886         885         887
         886         885         888
         887         885         888
         888         891         892
         888         891         893
         888         891         894
         889         888         890
         889         888         891
         890         888         891
         892         891         893
         892         891         894
         893         891         894
         895         897         898
         895         897         899
         896         895         897
         897         899         900
         897         899         901
         897         899         905
         898         897         899
         899         901         902
         899         901         903
         899         901         904
         899         905         906
         899         905         907
         900         899         901
         900         899         905
         901         899         905
         902         901         903
         902         901         904
         903         901         904
         905         907         908
         905         907         909
         906         905         907
         907         909         910
         907         909         911
         907         909         915
         908         907         909
         909         911         912
         909         911         913
         909         911         914
         909         915         916
         909         915         917
         910         909         911
         910         909         915
         911         909         915
         912         911         913
         912         911         914
         913         911         914
         916         915         917
         918         922         920
         918         923         924
         918         923         925
         918         923         933
         918         973         971
         919         918         922
         919         918         923
         919         918         973
         920         937         933
         920         937         938
         920         937         939
         920         940         941
         920         940         942
         920         940         943
         921         920         922
         921         920         937
         921         920         940
         922         918         923
         922         918         973
         922         920         937
         922         920         940
         923         918         973
         923         925         926
         923         925         927
         923         933         934
         923         933         935
         923         933         937
         924         923         925
         924         923         933
         925         923         933
         925         927         928
         925         927         929
         926         925         927
         927         929         930
         927         929         931
         927         929         932
         928         927         929
         930         929         931
         930         929         932
         931         929         932
         933         935         936
         933         937         938
         933         937         939
         934         933         935
         934         933         937
         935         933         937
         937         920         940
         938         937         939
         940         943         944
         941         940         942
         941         940         943
         942         940         943
         945         949         947
         945         950         951
         945         950         952
         945         950         960
         945        1070        1068
         946         945         949
         946         945         950
         946         945        1070
         947         971         960
         947         971         972
         947         971         973
         947         974         975
         947         974         976
         947         974         977
         948         947         949
         948         947         971
         948         947         974
         949         945         950
         949         945        1070
         949         947         971
         949         947         974
         950         945        1070
         950         952         953
         950         952         954
         950         960         961
         950         960         962
         950         960         971
         951         950         952
         951         950         960
         952         950         960
         952         954         955
         952         954         956
         953         952         954
         954         956         957
         954         956         958
         954         956         959
         955         954         956
         957         956         958
         957         956         959
         958         956         959
         960         962         963
         960         971         972
         960         971         973
         961         960         962
         961         960         971
         962         960         971
         962         963         964
         962         963         965
         962         963         967
         963         965         966
         963         965         979
         963         967         968
         963         967         969
         963         967         970
         964         963         965
         964         963         967
         965         963         967
         965         979         980
         965         979         981
         966         965         979
         968         967         969
         968         967         970
         969         967         970
         971         947         974
         972         971         973
         974         977         978
         975         974         976
         975         974         977
         976         974         977
         979         981         982
         979         981         983
         979         981         987
         980         979         981
         981         983         984
         981         983         985
         981         983         986
         981         987         988
         981         987         989
         982         981         983
         982         981         987
         983         981         987
         984         983         985
         984         983         986
         985         983         986
         987         989         990
         987         989         991
         988         987         989
         989         991         992
         989         991         993
         989         991         998
         990         989         991
         991         993         994
         991         993         995
         991         998         999
         991         998        1000
         991         998        1001
         992         991         993
         992         991         998
         993         991         998
         993         995         996
         993         995         997
         994         993         995
         996         995         997
         998        1001        1002
         998        1001        1003
         998        1001        1004
         999         998        1000
         999         998        1001
        1000         998        1001
        1001        1004        1005
        1001        1004        1006
        1002        1001        1003
        1002        1001        1004
        1003        1001        1004
        1004        1006        1007
        1004        1006        1008
        1005        1004        1006
        1006        1008        1009
        1006        1008        1010
        1006        1008        1026
        1007        1006        1008
        1008        1010        1011
        1008        1010        1012
        1008        1010        1013
        1008        1026        1027
        1008        1026        1028
        1009        1008        1010
        1009        1008        1026
        1010        1008        1026
        1010        1013        1014
        1010        1013        1015
        1010        1013        1016
        1011        1010        1012
        1011        1010        1013
        1012        1010        1013
        1013        1016        1017
        1013        1016        1018
        1013        1016        1019
        1014        1013        1015
        1014        1013        1016
        1015        1013        1016
        1016        1019        1020
        1016        1019        1021
        1016        1019        1022
        1017        1016        1018
        1017        1016        1019
        1018        1016        1019
        1019        1022        1023
        1019        1022        1024
        1019        1022        1025
        1020        1019        1021
        1020        1019        1022
        1021        1019        1022
        1023        1022        1024
        1023        1022        1025
        1024        1022        1025
        1026        1028        1029
        1026        1028        1030
        1027        1026        1028
        1028        1030        1031
        1028        1030        1032
        1028        1030        1036
        1029        1028        1030
        1030        1032        1033
        1030        1032        1034
        1030        1032        1035
        1030        1036        1037
        1030        1036        1038
        1031        1030        1032
        1031        1030        1036
        1032        1030        1036
        1033        1032        1034
        1033        1032        1035
        1034        1032        1035
        1036        1038        1039
        1036        1038        1040
        1037        1036        1038
        1038        1040        1041
        1038        1040        1042
        1038        1040        1046
        1039        1038        1040
        1040        1042        1043
        1040        1042        1044
        1040        1042        1045
        1040        1046        1047
        1040        1046        1048
        1041        1040        1042
        1041        1040        1046
        1042        1040        1046
        1043        1042        1044
        1043        1042        1045
        1044        1042        1045
        1047        1046        1048
        1049        1053        1051
        1049        1054        1055
        1049        1054        1056
        1049        1054        1064
        1049        1104        1102
        1050        1049        1053
        1050        1049        1054
        1050        1049        1104
        1051        1068        1064
        1051        1068        1069
        1051        1068        1070
        1051        1071        1072
        1051        1071        1073
        1051        1071        1074
        1052        1051        1053
        1052        1051        1068
        1052        1051        1071
        1053        1049        1054
        1053        1049        1104
        1053        1051        1068
        1053        1051        1071
        1054        1049        1104
        1054        1056        1057
        1054        1056        1058
        1054        1064        1065
        1054        1064        1066
        1054        1064        1068
        1055        1054        1056
        1055        1054        1064
        1056        1054        1064
        1056        1058        1059
        1056        1058        1060
        1057        1056        1058
        1058        1060        1061
        1058        1060        1062
        1058        1060        1063
        1059        1058        1060
        1061        1060        1062
        1061        1060        1063
        1062        1060        1063
        1064        1066        1067
        1064        1068        1069
        1064        1068        1070
        1065        1064        1066
        1065        1064        1068
        1066        1064        1068
        1068        1051        1071
        1069        1068        1070
        1071        1074        1075
        1072        1071        1073
        1072        1071        1074
        1073        1071        1074
        1076        1080        1078
        1076        1081        1082
        1076        1081        1083
        1076        1081        1091
        1076        1201        1199
        1077        1076        1080
        1077        1076        1081
        1077        1076        1201
        1078        1102        1091
        1078        1102        1103
        1078        1102        1104
        1078        1105        1106
        1078        1105        1107
        1078        1105        1108
        1079        1078        1080
        1079        1078        1102
        1079        1078        1105
        1080        1076        1081
        1080        1076        1201
        1080        1078        1102
        1080        1078        1105
        1081        1076        1201
        1081        1083        1084
        1081        1083        1085
        1081        1091        1092
        1081        1091        1093
        1081        1091        1102
        1082        1081        1083
        1082        1081        1091
        1083        1081        1091
        1083        1085        1086
        1083        1085        1087
        1084        1083        1085
        1085        1087        1088
        1085        1087        1089
        1085        1087        1090
        1086        1085        1087
        1088        1087        1089
        1088        1087        1090
        1089        1087        1090
        1091        1093        1094
        1091        1102        1103
        1091        1102        1104
        1092        1091        1093
        1092        1091        1102
        1093        1091        1102
        1093        1094        1095
        1093        1094        1096
        1093        1094        1098
        1094        1096        1097
        1094        1096        1110
        1094        1098        1099
        1094        1098        1100
        1094        1098        1101
        1095        1094        1096
        1095        1094        1098
        1096        1094        1098
        1096        1110        1111
        1096        1110        1112
        1097        1096        1110
        1099        1098        1100
        1099        1098        1101
        1100        1098        1101
        1102        1078        1105
        1103        1102        1104
        1105        1108        1109
        1106        1105        1107
        1106        1105        1108
        1107        1105        1108
        1110        1112        1113
        1110        1112        1114
        1110        1112        1118
        1111        1110        1112
        1112        1114        1115
        1112        1114        1116
        1112        1114        1117
        1112        1118        1119
        1112        1118        1120
        1113        1112        1114
        1113        1112        1118
        1114        1112        1118
        1115        1114        1116
        1115        1114        1117
        1116        1114        1117
        1118        1120        1121
        1118        1120        1122
        1119        1118        1120
        1120        1122        1123
        1120        1122        1124
        1120        1122        1129
        1121        1120        1122
        1122        1124        1125
        1122        1124        1126
        1122        1129        1130
        1122        1129        1131
        1122        1129        1132
        1123        1122        1124
        1123        1122        1129
        1124        1122        1129
        1124        1126        1127
        1124        1126        1128
        1125        1124        1126
        1127        1126        1128
        1129        1132        1133
        1129        1132        1134
        1129        1132        1135
        1130        1129        1131
        1130        1129        1132
        1131        1129        1132
        1132        1135        1136
        1132        1135        1137
        1133        1132        1134
        1133        1132        1135
        1134        1132        1135
        1135        1137        1138
        1135        1137        1139
        1136        1135        1137
        1137        1139        1140
        1137        1139        1141
        1137        1139        1157
        1138        1137        1139
        1139        1141        1142
        1139        1141        1143
        1139        1141        1144
        1139        1157        1158
        1139        1157        1159
        1140        1139        1141
        1140        1139        1157
        1141        1139        1157
        1141        1144        1145
        1141        1144        1146
        1141        1144        1147
        1142        1141        1143
        1142        1141        1144
        1143        1141        1144
        1144        1147        1148
        1144        1147        1149
        1144        1147        1150
        1145        1144        1146
        1145        1144        1147
        1146        1144        1147
        1147        1150        1151
        1147        1150        1152
        1147        1150        1153
        1148        1147        1149
        1148        1147        1150
        1149        1147        1150
        1150        1153        1154
        1150        1153        1155
        1150        1153        1156
        1151        1150        1152
        1151        1150        1153
        1152        1150        1153
        1154        1153        1155
        1154        1153        1156
        1155        1153        1156
        1157        1159        1160
        1157        1159        1161
        1158        1157        1159
        1159        1161        1162
        1159        1161        1163
        1159        1161        1167
        1160        1159        1161
        1161        1163        1164
        1161        1163        1165
        1161        1163        1166
        1161        1167        1168
        1161        1167        1169
        1162        1161        1163
        1162        1161        1167
        1163        1161        1167
        1164        1163        1165
        1164        1163        1166
        1165        1163        1166
        1167        1169        1170
        1167        1169        1171
        1168        1167        1169
        1169        1171        1172
        1169        1171        1173
        1169        1171        1177
        1170        1169        1171
        1171        1173        1174
        1171        1173        1175
        1171        1173        1176
        1171        1177        1178
        1171        1177        1179
        1172        1171        1173
        1172        1171        1177
        1173        1171        1177
        1174        1173        1175
        1174        1173        1176
        1175        1173        1176
        1178        1177        1179
        1180        1184        1182
        1180        1185        1186
        1180        1185        1187
        1180        1185        1195
        1180        1235        1233
        1181        1180        1184
        1181        1180        1185
        1181        1180        1235
        1182        1199        1195
        1182        1199        1200
        1182        1199        1201
        1182        1202        1203
        1182        1202        1204
        1182        1202        1205
        1183        1182        1184
        1183        1182        1199
        1183        1182        1202
        1184        1180        1185
        1184        1180        1235
        1184        1182        1199
        1184        1182        1202
        1185        1180        1235
        1185        1187        1188
        1185        1187        1189
        1185        1195        1196
        1185        1195        1197
        1185        1195        1199
        1186        1185        1187
        1186        1185        1195
        1187        1185        1195
        1187        1189        1190
        1187        1189        1191
        1188        1187        1189
        1189        1191        1192
        1189        1191        1193
        1189        1191        1194
        1190        1189        1191
        1192        1191        1193
        1192        1191        1194
        1193        1191        1194
        1195        1197        1198
        1195        1199        1200
        1195        1199        1201
        1196        1195        1197
        1196        1195        1199
        1197        1195        1199
        1199        1182        1202
        1200        1199        1201
        1202        1205        1206
        1203        1202        1204
        1203        1202        1205
        1204        1202        1205
        1207        1211        1209
        1207        1212        1213
        1207        1212        1214
        1207        1212        1222
        1207        1332        1330
        1208        1207        1211
        1208        1207        1212
        1208        1207        1332
        1209        1233        1222
        1209        1233        1234
        1209        1233        1235
        1209        1236        1237
        1209        1236        1238
        1209        1236        1239
        1210        1209        1211
        1210        1209        1233
        1210        1209        1236
        1211        1207        1212
        1211        1207        1332
        1211        1209        1233
        1211        1209        1236
        1212        1207        1332
        1212        1214        1215
        1212        1214        1216
        1212        1222        1223
        1212        1222        1224
        1212        1222        1233
        1213        1212        1214
        1213        1212        1222
        1214        1212        1222
        1214        1216        1217
        1214        1216        1218
        1215        1214        1216
        1216        1218        1219
        1216        1218        1220
        1216        1218        1221
        1217        1216        1218
        1219        1218        1220
        1219        1218        1221
        1220        1218        1221
        1222        1224        1225
        1222        1233        1234
        1222        1233        1235
        1223        1222        1224
        1223        1222        1233
        1224        1222        1233
        1224        1225        1226
        1224        1225        1227
        1224        1225        1229
        1225        1227        1228
        1225        1227        1241
        1225        1229        1230
        1225        1229        1231
        1225        1229        1232
        1226        1225        1227
        1226        1225        1229
        1227        1225        1229
        1227        1241        1242
        1227        1241        1243
        1228        1227        1241
        1230        1229        1231
        1230        1229        1232
        1231        1229        1232
        1233        1209        1236
        1234        1233        1235
        1236        1239        1240
        1237        1236        1238
        1237        1236        1239
        1238        1236        1239
        1241        1243        1244
        1241        1243        1245
        1241        1243        1249
        1242        1241        1243
        1243        1245        1246
        1243        1245        1247
        1243        1245        1248
        1243        1249        1250
        1243        1249        1251
        1244        1243        1245
        1244        1243        1249
        1245        1243        1249
        1246        1245        1247
        1246        1245        1248
        1247        1245        1248
        1249        1251        1252
        1249        1251        1253
        1250        1249        1251
        1251        1253        1254
        1251        1253        1255
        1251        1253        1260
        1252        1251        1253
        1253        1255        1256
        1253        1255        1257
        1253        1260        1261
        1253        1260        1262
        1253        1260        1263
        1254        1253        1255
        1254        1253        1260
        1255        1253        1260
        1255        1257        1258
        1255        1257        1259
        1256        1255        1257
        1258        1257        1259
        1260        1263        1264
        1260        1263        1265
        1260        1263        1266
        1261        1260        1262
        1261        1260        1263
        1262        1260        1263
        1263        1266        1267
        1263        1266        1268
        1264        1263        1265
        1264        1263        1266
        1265        1263        1266
        1266        1268        1269
        1266        1268        1270
        1267        1266        1268
        1268        1270        1271
        1268        1270        1272
        1268        1270        1288
        1269        1268        1270
        1270        1272        1273
        1270        1272        1274
        1270        1272        1275
        1270        1288        1289
        1270        1288        1290
        1271        1270        1272
        1271        1270        1288
        1272        1270        1288
        1272        1275        1276
        1272        1275        1277
        1272        1275        1278
        1273        1272        1274
        1273        1272        1275
        1274        1272        1275
        1275        1278        1279
        1275        1278        1280
        1275        1278        1281
        1276        1275        1277
        1276        1275        1278
        1277        1275        1278
        1278        1281        1282
        1278        1281        1283
        1278        1281        1284
        1279        1278        1280
        1279        1278        1281
        1280        1278        1281
        1281        1284        1285
        1281        1284        1286
        1281        1284        1287
        1282        1281        1283
        1282        1281        1284
        1283        1281        1284
        1285        1284        1286
        1285        1284        1287
        1286        1284        1287
        1288        1290        1291
        1288        1290        1292
        1289        1288        1290
        1290        1292        1293
        1290        1292        1294
        1290        1292        1298
        1291        1290        1292
        1292        1294        1295
        1292        1294        1296
        1292        1294        1297
        1292        1298        1299
        1292        1298        1300
        1293        1292        1294
        1293        1292        1298
        1294        1292        1298
        1295        1294        1296
        1295        1294        1297
        1296        1294        1297
        1298        1300        1301
        1298        1300        1302
        1299        1298        1300
        1300        1302        1303
        1300        1302        1304
        1300        1302        1308
        1301        1300        1302
        1302        1304        1305
        1302        1304        1306
        1302        1304        1307
        1302        1308        1309
        1302        1308        1310
        1303        1302        1304
        1303        1302        1308
        1304        1302        1308
        1305        1304        1306
        1305        1304        1307
        1306        1304        1307
        1309        1308        1310
        1311        1315        1313
        1311        1316        1317
        1311        1316        1318
        1311        1316        1326
        1311        1366        1364
        1312        1311        1315
        1312        1311        1316
        1312        1311        1366
        1313        1330        1326
        1313        1330        1331
        1313        1330        1332
        1313        1333        1334
        1313        1333        1335
        1313        1333        1336
        1314        1313        1315
        1314        1313        1330
        1314        1313        1333
        1315        1311        1316
        1315        1311        1366
        1315        1313        1330
        1315        1313        1333
        1316        1311        1366
        1316        1318        1319
        1316        1318        1320
        1316        1326        1327
        1316        1326        1328
        1316        1326        1330
        1317        1316        1318
        1317        1316        1326
        1318        1316        1326
        1318        1320        1321
        1318        1320        1322
        1319        1318        1320
        1320        1322        1323
        1320        1322        1324
        1320        1322        1325
        1321        1320        1322
        1323        1322        1324
        1323        1322        1325
        1324        1322        1325
        1326        1328        1329
        1326        1330        1331
        1326        1330        1332
        1327        1326        1328
        1327        1326        1330
        1328        1326        1330
        1330        1313        1333
        1331        1330        1332
        1333        1336        1337
        1334        1333        1335
        1334        1333        1336
        1335        1333        1336
        1338        1342        1340
        1338        1343        1344
        1338        1343        1345
        1338        1343        1353
        1338        1463        1461
        1339        1338        1342
        1339        1338        1343
        1339        1338        1463
        1340        1364        1353
        1340        1364        1365
        1340        1364        1366
        1340        1367        1368
        1340        1367        1369
        1340        1367        1370
        1341        1340        1342
        1341        1340        1364
        1341        1340        1367
        1342        1338        1343
        1342        1338        1463
        1342        1340        1364
        1342        1340        1367
        1343        1338        1463
        1343        1345        1346
        1343        1345        1347
        1343        1353        1354
        1343        1353        1355
        1343        1353        1364
        1344        1343        1345
        1344        1343        1353
        1345        1343        1353
        1345        1347        1348
        1345        1347        1349
        1346        1345        1347
        1347        1349        1350
        1347        1349        1351
        1347        1349        1352
        1348        1347        1349
        1350        1349        1351
        1350        1349        1352
        1351        1349        1352
        1353        1355        1356
        1353        1364        1365
        1353        1364        1366
        1354        1353        1355
        1354        1353        1364
        1355        1353        1364
        1355        1356        1357
        1355        1356        1358
        1355        1356        1360
        1356        1358        1359
        1356        1358        1372
        1356        1360        1361
        1356        1360        1362
        1356        1360        1363
        1357        1356        1358
        1357        1356        1360
        1358        1356        1360
        1358        1372        1373
        1358        1372        1374
        1359        1358        1372
        1361        1360        1362
        1361        1360        1363
        1362        1360        1363
        1364        1340        1367
        1365        1364        1366
        1367        1370        1371
        1368        1367        1369
        1368        1367        1370
        1369        1367        1370
        1372        1374        1375
        1372        1374        1376
        1372        1374        1380
        1373        1372        1374
        1374        1376        1377
        1374        1376        1378
        1374        1376        1379
        1374        1380        1381
        1374        1380        1382
        1375        1374        1376
        1375        1374        1380
        1376        1374        1380
        1377        1376        1378
        1377        1376        1379
        1378        1376        1379
        1380        1382        1383
        1380        1382        1384
        1381        1380        1382
        1382        1384        1385
        1382        1384        1386
        1382        1384        1391
        1383        1382        1384
        1384        1386        1387
        1384        1386        1388
        1384        1391        1392
        1384        1391        1393
        1384        1391        1394
        1385        1384        1386
        1385        1384        1391
        1386        1384        1391
        1386        1388        1389
        1386        1388        1390
        1387        1386        1388
        1389        1388        1390
        1391        1394        1395
        1391        1394        1396
        1391        1394        1397
        1392        1391        1393
        1392        1391        1394
        1393        1391        1394
        1394        1397        1398
        1394        1397        1399
        1395        1394        1396
        1395        1394        1397
        1396        1394        1397
        1397        1399        1400
        1397        1399        1401
        1398        1397        1399
        1399        1401        1402
        1399        1401        1403
        1399        1401        1419
        1400        1399        1401
        1401        1403        1404
        1401        1403        1405
        1401        1403        1406
        1401        1419        1420
        1401        1419        1421
        1402        1401        1403
        1402        1401        1419
        1403        1401        1419
        1403        1406        1407
        1403        1406        1408
        1403        1406        1409
        1404        1403        1405
        1404        1403        1406
        1405        1403        1406
        1406        1409        1410
        1406        1409        1411
        1406        1409        1412
        1407        1406        1408
        1407        1406        1409
        1408        1406        1409
        1409        1412        1413
        1409        1412        1414
        1409        1412        1415
        1410        1409        1411
        1410        1409        1412
        1411        1409        1412
        1412        1415        1416
        1412        1415        1417
        1412        1415        1418
        1413        1412        1414
        1413        1412        1415
        1414        1412        1415
        1416        1415        1417
        1416        1415        1418
        1417        1415        1418
        1419        1421        1422
        1419        1421        1423
        1420        1419        1421
        1421        1423        1424
        1421        1423        1425
        1421        1423        1429
        1422        1421        1423
        1423        1425        1426
        1423        1425        1427
        1423        1425        1428
        1423        1429        1430
        1423        1429        1431
        1424        1423        1425
        1424        1423        1429
        1425        1423        1429
        1426        1425        1427
        1426        1425        1428
        1427        1425        1428
        1429        1431        1432
        1429        1431        1433
        1430        1429        1431
        1431        1433        1434
        1431        1433        1435
        1431        1433        1439
        1432        1431        1433
        1433        1435        1436
        1433        1435        1437
        1433        1435        1438
        1433        1439        1440
        1433        1439        1441
        1434        1433        1435
        1434        1433        1439
        1435        1433        1439
        1436        1435        1437
        1436        1435        1438
        1437        1435        1438
        1440        1439        1441
        1442        1446        1444
        1442        1447        1448
        1442        1447        1449
        1442        1447        1457
        1442        1497        1495
        1443        1442        1446
        1443        1442        1447
        1443        1442        1497
        1444        1461        1457
        1444        1461        1462
        1444        1461        1463
        1444        1464        1465
        1444        1464        1466
        1444        1464        1467
        1445        1444        1446
        1445        1444        1461
        1445        1444        1464
        1446        1442        1447
        1446        1442        1497
        1446        1444        1461
        1446        1444        1464
        1447        1442        1497
        1447        1449        1450
        1447        1449        1451
        1447        1457        1458
        1447        1457        1459
        1447        1457        1461
        1448        1447        1449
        1448        1447        1457
        1449        1447        1457
        1449        1451        1452
        1449        1451        1453
        1450        1449        1451
        1451        1453        1454
        1451        1453        1455
        1451        1453        1456
        1452        1451        1453
        1454        1453        1455
        1454        1453        1456
        1455        1453        1456
        1457        1459        1460
        1457        1461        1462
        1457        1461        1463
        1458        1457        1459
        1458        1457        1461
        1459        1457        1461
        1461        1444        1464
        1462        1461        1463
        1464        1467        1468
        1465        1464        1466
        1465        1464        1467
        1466        1464        1467
        1469        1473        1471
        1469        1474        1475
        1469        1474        1476
        1469        1474        1484
        1469        1594        1592
        1470        1469        1473
        1470        1469        1474
        1470        1469        1594
        1471        1495        1484
        1471        1495        1496
        1471        1495        1497
        1471        1498        1499
        1471        1498        1500
        1471        1498        1501
        1472        1471        1473
        1472        1471        1495
        1472        1471        1498
        1473        1469        1474
        1473        1469        1594
        1473        1471        1495
        1473        1471        1498
        1474        1469        1594
        1474        1476        1477
        1474        1476        1478
        1474        1484        1485
        1474        1484        1486
        1474        1484        1495
        1475        1474        1476
        1475        1474        1484
        1476        1474        1484
        1476        1478        1479
        1476        1478        1480
        1477        1476        1478
        1478        1480        1481
        1478        1480        1482
        1478        1480        1483
        1479        1478        1480
        1481        1480        1482
        1481        1480        1483
        1482        1480        1483
        1484        1486        1487
        1484        1495        1496
        1484        1495        1497
        1485        1484        1486
        1485        1484        1495
        1486        1484        1495
        1486        1487        1488
        1486        1487        1489
        1486        1487        1491
        1487        1489        1490
        1487        1489        1503
        1487        1491        1492
        1487        1491        1493
        1487        1491        1494
        1488        1487        1489
        1488        1487        1491
        1489        1487        1491
        1489        1503        1504
        1489        1503        1505
        1490        1489        1503
        1492        1491        1493
        1492        1491        1494
        1493        1491        1494
        1495        1471        1498
        1496        1495        1497
        1498        1501        1502
        1499        1498        1500
        1499        1498        1501
        1500        1498        1501
        1503        1505        1506
        1503        1505        1507
        1503        1505        1511
        1504        1503        1505
        1505        1507        1508
        1505        1507        1509
        1505        1507        1510
        1505        1511        1512
        1505        1511        1513
        1506        1505        1507
        1506        1505        1511
        1507        1505        1511
        1508        1507        1509
        1508        1507        1510
        1509        1507        1510
        1511        1513        1514
        1511        1513        1515
        1512        1511        1513
        1513        1515        1516
        1513        1515        1517
        1513        1515        1522
        1514        1513        1515
        1515        1517        1518
        1515        1517        1519
        1515        1522        1523
        1515        1522        1524
        1515        1522        1525
        1516        1515        1517
        1516        1515        1522
        1517        1515        1522
        1517        1519        1520
        1517        1519        1521
        1518        1517        1519
        1520        1519        1521
        1522        1525        1526
        1522        1525        1527
        1522        1525        1528
        1523        1522        1524
        1523        1522        1525
        1524        1522        1525
        1525        1528        1529
        1525        1528        1530
        1526        1525        1527
        1526        1525        1528
        1527        1525        1528
        1528        1530        1531
        1528        1530        1532
        1529        1528        1530
        1530        1532        1533
        1530        1532        1534
        1530        1532        1550
        1531        1530        1532
        1532        1534        1535
        1532        1534        1536
        1532        1534        1537
        1532        1550        1551
        1532        1550        1552
        1533        1532        1534
        1533        1532        1550
        1534        1532        1550
        1534        1537        1538
        1534        1537        1539
        1534        1537        1540
        1535        1534        1536
        1535        1534        1537
        1536        1534        1537
        1537        1540        1541
        1537        1540        1542
        1537        1540        1543
        1538        1537        1539
        1538        1537        1540
        1539        1537        1540
        1540        1543        1544
        1540        1543        1545
        1540        1543        1546
        1541        1540        1542
        1541        1540        1543
        1542        1540        1543
        1543        1546        1547
        1543        1546        1548
        1543        1546        1549
        1544        1543        1545
        1544        1543        1546
        1545        1543        1546
        1547        1546        1548
        1547        1546        1549
        1548        1546        1549
        1550        1552        1553
        1550        1552        1554
        1551        1550        1552
        1552        1554        1555
        1552        1554        1556
        1552        1554        1560
        1553        1552        1554
        1554        1556        1557
        1554        1556        1558
        1554        1556        1559
        1554        1560        1561
        1554        1560        1562
        1555        1554        1556
        1555        1554        1560
        1556        1554        1560
        1557        1556        1558
        1557        1556        1559
        1558        1556        1559
        1560        1562        1563
        1560        1562        1564
        1561        1560        1562
        1562        1564        1565
        1562        1564        1566
        1562        1564        1570
        1563        1562        1564
        1564        1566        1567
        1564        1566        1568
        1564        1566        1569
        1564        1570        1571
        1564        1570        1572
        1565        1564        1566
        1565        1564        1570
        1566        1564        1570
        1567        1566        1568
        1567        1566        1569
        1568        1566        1569
        1571        1570        1572
        1573        1577        1575
        1573        1578        1579
        1573        1578        1580
        1573        1578        1588
        1573        1628        1626
        1574        1573        1577
        1574        1573        1578
        1574        1573        1628
        1575        1592        1588
        1575        1592        1593
        1575        1592        1594
        1575        1595        1596
        1575        1595        1597
        1575        1595        1598
        1576        1575        1577
        1576        1575        1592
        1576        1575        1595
        1577        1573        1578
        1577        1573        1628
        1577        1575        1592
        1577        1575        1595
        1578        1573        1628
        1578        1580        1581
        1578        1580        1582
        1578        1588        1589
        1578        1588        1590
        1578        1588        1592
        1579        1578        1580
        1579        1578        1588
        1580        1578        1588
        1580        1582        1583
        1580        1582        1584
        1581        1580        1582
        1582        1584        1585
        1582        1584        1586
        1582        1584        1587
        1583        1582        1584
        1585        1584        1586
        1585        1584        1587
        1586        1584        1587
        1588        1590        1591
        1588        1592        1593
        1588        1592        1594
        1589        1588        1590
        1589        1588        1592
        1590        1588        1592
        1592        1575        1595
        1593        1592        1594
        1595        1598        1599
        1596        1595        1597
        1596        1595        1598
        1597        1595        1598
        1600        1604        1602
        1600        1605        1606
        1600        1605        1607
        1600        1605        1615
        1601        1600        1604
        1601        1600        1605
        1602        1626        1615
        1602        1626        1627
        1602        1626        1628
        1602        1629        1630
        1602        1629        1631
        1602        1629        1632
        1603        1602        1604
        1603        1602        1626
        1603        1602        1629
        1604        1600        1605
        1604        1602        1626
        1604        1602        1629
        1605        1607        1608
        1605        1607        1609
        1605        1615        1616
        1605        1615        1617
        1605        1615        1626
        1606        1605        1607
        1606        1605        1615
        1607        1605        1615
        1607        1609        1610
        1607        1609        1611
        1608        1607        1609
        1609        1611        1612
        1609        1611        1613
        1609        1611        1614
        1610        1609        1611
        1612        1611        1613
        1612        1611        1614
        1613        1611        1614
        1615        1617        1618
        1615        1626        1627
        1615        1626        1628
        1616        1615        1617
        1616        1615        1626
        1617        1615        1626
        1617        1618        1619
        1617        1618        1620
        1617        1618        1622
        1618        1620        1621
        1618        1620        1634
        1618        1622        1623
        1618        1622        1624
        1618        1622        1625
        1619        1618        1620
        1619        1618        1622
        1620        1618        1622
        1620        1634        1635
        1620        1634        1636
        1621        1620        1634
        1623        1622        1624
        1623        1622        1625
        1624        1622        1625
        1626        1602        1629
        1627        1626        1628
        1629        1632        1633
        1630        1629        1631
        1630        1629        1632
        1631        1629        1632
        1634        1636        1637
        1634        1636        1638
        1634        1636        1642
        1635        1634        1636
        1636        1638        1639
        1636        1638        1640
        1636        1638        1641
        1636        1642        1643
        1636        1642        1644
        1637        1636        1638
        1637        1636        1642
        1638        1636        1642
        1639        1638        1640
        1639        1638        1641
        1640        1638        1641
        1642        1644        1645
        1642        1644        1646
        1643        1642        1644
        1644        1646        1647
        1644        1646        1648
        1644        1646        1653
        1645        1644        1646
        1646        1648        1649
        1646        1648        1650
        1646        1653        1654
        1646        1653        1655
        1646        1653        1656
        1647        1646        1648
        1647        1646        1653
        1648        1646        1653
        1648        1650        1651
        1648        1650        1652
        1649        1648        1650
        1651        1650        1652
        1653        1656        1657
        1653        1656        1658
        1653        1656        1659
        1654        1653        1655
        1654        1653        1656
        1655        1653        1656
        1656        1659        1660
        1656        1659        1661
        1657        1656        1658
        1657        1656        1659
        1658        1656        1659
        1659        1661        1662
        1659        1661        1663
        1660        1659        1661
        1661        1663        1664
        1661        1663        1665
        1661        1663        1681
        1662        1661        1663
        1663        1665        1666
        1663        1665        1667
        1663        1665        1668
        1663        1681        1682
        1663        1681        1683
        1664        1663        1665
        1664        1663        1681
        1665        1663        1681
        1665        1668        1669
        1665        1668        1670
        1665        1668        1671
        1666        1665        1667
        1666        1665        1668
        1667        1665        1668
        1668        1671        1672
        1668        1671        1673
        1668        1671        1674
        1669        1668        1670
        1669        1668        1671
        1670        1668        1671
        1671        1674        1675
        1671        1674        1676
        1671        1674        1677
        1672        1671        1673
        1672        1671        1674
        1673        1671        1674
        1674        1677        1678
        1674        1677        1679
        1674        1677        1680
        1675        1674        1676
        1675        1674        1677
        1676        1674        1677
        1678        1677        1679
        1678        1677        1680
        1679        1677        1680
        1681        1683        1684
        1681        1683        1685
        1682        1681        1683
        1683        1685        1686
        1683        1685        1687
        1683        1685        1691
        1684        1683        1685
        1685        1687        1688
        1685        1687        1689
        1685        1687        1690
        1685        1691        1692
        1685        1691        1693
        1686        1685        1687
        1686        1685        1691
        1687        1685        1691
        1688        1687        1689
        1688        1687        1690
        1689        1687        1690
        1691        1693        1694
        1691        1693        1695
        1692        1691        1693
        1693        1695        1696
        1693        1695        1697
        1693        1695        1701
        1694        1693        1695
        1695        1697        1698
        1695        1697        1699
        1695        1697        1700
        1695        1701        1702
        1695        1701        1703
        1696        1695        1697
        1696        1695        1701
        1697        1695        1701
        1698        1697        1699
        1698        1697        1700
        1699        1697        1700
        1702        1701        1703
        1704        1708        1706
        1704        1709        1710
        1704        1709        1711
        1704        1709        1719
        1704        1759        1757
        1705        1704        1708
        1705        1704        1709
        1705        1704        1759
        1706        1723        1719
        1706        1723        1724
        1706        1723        1725
        1706        1726        1727
        1706        1726        1728
        1706        1726        1729
        1707        1706        1708
        1707        1706        1723
        1707        1706        1726
        1708        1704        1709
        1708        1704        1759
        1708        1706        1723
        1708        1706        1726
        1709        1704        1759
        1709        1711        1712
        1709        1711        1713
        1709        1719        1720
        1709        1719        1721
        1709        1719        1723
        1710        1709        1711
        1710        1709        1719
        1711        1709        1719
        1711        1713        1714
        1711        1713        1715
        1712        1711        1713
        1713        1715        1716
        1713        1715        1717
        1713        1715        1718
        1714        1713        1715
        1716        1715        1717
        1716        1715        1718
        1717        1715        1718
        1719        1721        1722
        1719        1723        1724
        1719        1723        1725
        1720        1719        1721
        1720        1719        1723
        1721        1719        1723
        1723        1706        1726
        1723        1725        3303
        1724        1723        1725
        1725        3303        3304
        1725        3303        3307
        1725        3303        3308
        1726        1729        1730
        1727        1726        1728
        1727        1726        1729
        1728        1726        1729
        1731        1735        1733
        1731        1736        1737
        1731        1736        1738
        1731        1736        1746
        1731        1856        1854
        1732        1731        1735
        1732        1731        1736
        1732        1731        1856
        1733        1757        1746
        1733        1757        1758
        1733        1757        1759
        1733        1760        1761
        1733        1760        1762
        1733        1760        1763
        1734        1733        1735
        1734        1733        1757
        1734        1733        1760
        1735        1731        1736
        1735        1731        1856
        1735        1733        1757
        1735        1733        1760
        1736        1731        1856
        1736        1738        1739
        1736        1738        1740
        1736        1746        1747
        1736        1746        1748
        1736        1746        1757
        1737        1736        1738
        1737        1736        1746
        1738        1736        1746
        1738        1740        1741
        1738        1740        1742
        1739        1738        1740
        1740        1742        1743
        1740        1742        1744
        1740        1742        1745
        1741        1740        1742
        1743        1742        1744
        1743        1742        1745
        1744        1742        1745
        1746        1748        1749
        1746        1757        1758
        1746        1757        1759
        1747        1746        1748
        1747        1746        1757
        1748        1746        1757
        1748        1749        1750
        1748        1749        1751
        1748        1749        1753
        1749        1751        1752
        1749        1751        1765
        1749        1753        1754
        1749        1753        1755
        1749        1753        1756
        1750        1749        1751
        1750        1749        1753
        1751        1749        1753
        1751        1765        1766
        1751        1765        1767
        1752        1751        1765
        1754        1753        1755
        1754        1753        1756
        1755        1753        1756
        1757        1733        1760
        1758        1757        1759
        1760        1763        1764
        1761        1760        1762
        1761        1760        1763
        1762        1760        1763
        1765        1767        1768
        1765        1767        1769
        1765        1767        1773
        1766        1765        1767
        1767        1769        1770
        1767        1769        1771
        1767        1769        1772
        1767        1773        1774
        1767        1773        1775
        1768        1767        1769
        1768        1767        1773
        1769        1767        1773
        1770        1769        1771
        1770        1769        1772
        1771        1769        1772
        1773        1775        1776
        1773        1775        1777
        1774        1773        1775
        1775        1777        1778
        1775        1777        1779
        1775        1777        1784
        1776        1775        1777
        1777        1779        1780
        1777        1779        1781
        1777        1784        1785
        1777        1784        1786
        1777        1784        1787
        1778        1777        1779
        1778        1777        1784
        1779        1777        1784
        1779        1781        1782
        1779        1781        1783
        1780        1779        1781
        1782        1781        1783
        1784        1787        1788
        1784        1787        1789
        1784        1787        1790
        1785        1784        1786
        1785        1784        1787
        1786        1784        1787
        1787        1790        1791
        1787        1790        1792
        1788        1787        1789
        1788        1787        1790
        1789        1787        1790
        1790        1792        1793
        1790        1792        1794
        1791        1790        1792
        1792        1794        1795
        1792        1794        1796
        1792        1794        1812
        1793        1792        1794
        1794        1796        1797
        1794        1796        1798
        1794        1796        1799
        1794        1812        1813
        1794        1812        1814
        1795        1794        1796
        1795        1794        1812
        1796        1794        1812
        1796        1799        1800
        1796        1799        1801
        1796        1799        1802
        1797        1796        1798
        1797        1796        1799
        1798        1796        1799
        1799        1802        1803
        1799        1802        1804
        1799        1802        1805
        1800        1799        1801
        1800        1799        1802
        1801        1799        1802
        1802        1805        1806
        1802        1805        1807
        1802        1805        1808
        1803        1802        1804
        1803        1802        1805
        1804        1802        1805
        1805        1808        1809
        1805        1808        1810
        1805        1808        1811
        1806        1805        1807
        1806        1805        1808
        1807        1805        1808
        1809        1808        1810
        1809        1808        1811
        1810        1808        1811
        1812        1814        1815
        1812        1814        1816
        1813        1812        1814
        1814        1816        1817
        1814        1816        1818
        1814        1816        1822
        1815        1814        1816
        1816        1818        1819
        1816        1818        1820
        1816        1818        1821
        1816        1822        1823
        1816        1822        1824
        1817        1816        1818
        1817        1816        1822
        1818        1816        1822
        1819        1818        1820
        1819        1818        1821
        1820        1818        1821
        1822        1824        1825
        1822        1824        1826
        1823        1822        1824
        1824        1826        1827
        1824        1826        1828
        1824        1826        1832
        1825        1824        1826
        1826        1828        1829
        1826        1828        1830
        1826        1828        1831
        1826        1832        1833
        1826        1832        1834
        1827        1826        1828
        1827        1826        1832
        1828        1826        1832
        1829        1828        1830
        1829        1828        1831
        1830        1828        1831
        1833        1832        1834
        1835        1839        1837
        1835        1840        1841
        1835        1840        1842
        1835        1840        1850
        1835        1890        1888
        1836        1835        1839
        1836        1835        1840
        1836        1835        1890
        1837        1854        1850
        1837        1854        1855
        1837        1854        1856
        1837        1857        1858
        1837        1857        1859
        1837        1857        1860
        1838        1837        1839
        1838        1837        1854
        1838        1837        1857
        1839        1835        1840
        1839        1835        1890
        1839        1837        1854
        1839        1837        1857
        1840        1835        1890
        1840        1842        1843
        1840        1842        1844
        1840        1850        1851
        1840        1850        1852
        1840        1850        1854
        1841        1840        1842
        1841        1840        1850
        1842        1840        1850
        1842        1844        1845
        1842        1844        1846
        1843        1842        1844
        1844        1846        1847
        1844        1846        1848
        1844        1846        1849
        1845        1844        1846
        1847        1846        1848
        1847        1846        1849
        1848        1846        1849
        1850        1852        1853
        1850        1854        1855
        1850        1854        1856
        1851        1850        1852
        1851        1850        1854
        1852        1850        1854
        1854        1837        1857
        1855        1854        1856
        1857        1860        1861
        1858        1857        1859
        1858        1857        1860
        1859        1857        1860
        1862        1866        1864
        1862        1867        1868
        1862        1867        1869
        1862        1867        1877
        1862        1987        1985
        1863        1862        1866
        1863        1862        1867
        1863        1862        1987
        1864        1888        1877
        1864        1888        1889
        1864        1888        1890
        1864        1891        1892
        1864        1891        1893
        1864        1891        1894
        1865        1864        1866
        1865        1864        1888
        1865        1864        1891
        1866        1862        1867
        1866        1862        1987
        1866        1864        1888
        1866        1864        1891
        1867        1862        1987
        1867        1869        1870
        1867        1869        1871
        1867        1877        1878
        1867        1877        1879
        1867        1877        1888
        1868        1867        1869
        1868        1867        1877
        1869        1867        1877
        1869        1871        1872
        1869        1871        1873
        1870        1869        1871
        1871        1873        1874
        1871        1873        1875
        1871        1873        1876
        1872        1871        1873
        1874        1873        1875
        1874        1873        1876
        1875        1873        1876
        1877        1879        1880
        1877        1888        1889
        1877        1888        1890
        1878        1877        1879
        1878        1877        1888
        1879        1877        1888
        1879        1880        1881
        1879        1880        1882
        1879        1880        1884
        1880        1882        1883
        1880        1882        1896
        1880        1884        1885
        1880        1884        1886
        1880        1884        1887
        1881        1880        1882
        1881        1880        1884
        1882        1880        1884
        1882        1896        1897
        1882        1896        1898
        1883        1882        1896
        1885        1884        1886
        1885        1884        1887
        1886        1884        1887
        1888        1864        1891
        1889        1888        1890
        1891        1894        1895
        1892        1891        1893
        1892        1891        1894
        1893        1891        1894
        1896        1898        1899
        1896        1898        1900
        1896        1898        1904
        1897        1896        1898
        1898        1900        1901
        1898        1900        1902
        1898        1900        1903
        1898        1904        1905
        1898        1904        1906
        1899        1898        1900
        1899        1898        1904
        1900        1898        1904
        1901        1900        1902
        1901        1900        1903
        1902        1900        1903
        1904        1906        1907
        1904        1906        1908
        1905        1904        1906
        1906        1908        1909
        1906        1908        1910
        1906        1908        1915
        1907        1906        1908
        1908        1910        1911
        1908        1910        1912
        1908        1915        1916
        1908        1915        1917
        1908        1915        1918
        1909        1908        1910
        1909        1908        1915
        1910        1908        1915
        1910        1912        1913
        1910        1912        1914
        1911        1910        1912
        1913        1912        1914
        1915        1918        1919
        1915        1918        1920
        1915        1918        1921
        1916        1915        1917
        1916        1915        1918
        1917        1915        1918
        1918        1921        1922
        1918        1921        1923
        1919        1918        1920
        1919        1918        1921
        1920        1918        1921
        1921        1923        1924
        1921        1923        1925
        1922        1921        1923
        1923        1925        1926
        1923        1925        1927
        1923        1925        1943
        1924        1923        1925
        1925        1927        1928
        1925        1927        1929
        1925        1927        1930
        1925        1943        1944
        1925        1943        1945
        1926        1925        1927
        1926        1925        1943
        1927        1925        1943
        1927        1930        1931
        1927        1930        1932
        1927        1930        1933
        1928        1927        1929
        1928        1927        1930
        1929        1927        1930
        1930        1933        1934
        1930        1933        1935
        1930        1933        1936
        1931        1930        1932
        1931        1930        1933
        1932        1930        1933
        1933        1936        1937
        1933        1936        1938
        1933        1936        1939
        1934        1933        1935
        1934        1933        1936
        1935        1933        1936
        1936        1939        1940
        1936        1939        1941
        1936        1939        1942
        1937        1936        1938
        1937        1936        1939
        1938        1936        1939
        1940        1939        1941
        1940        1939        1942
        1941        1939        1942
        1943        1945        1946
        1943        1945        1947
        1944        1943        1945
        1945        1947        1948
        1945        1947        1949
        1945        1947        1953
        1946        1945        1947
        1947        1949        1950
        1947        1949        1951
        1947        1949        1952
        1947        1953        1954
        1947        1953        1955
        1948        1947        1949
        1948        1947        1953
        1949        1947        1953
        1950        1949        1951
        1950        1949        1952
        1951        1949        1952
        1953        1955        1956
        1953        1955        1957
        1954        1953        1955
        1955        1957        1958
        1955        1957        1959
        1955        1957        1963
        1956        1955        1957
        1957        1959        1960
        1957        1959        1961
        1957        1959        1962
        1957        1963        1964
        1957        1963        1965
        1958        1957        1959
        1958        1957        1963
        1959        1957        1963
        1960        1959        1961
        1960        1959        1962
        1961        1959        1962
        1964        1963        1965
        1966        1970        1968
        1966        1971        1972
        1966        1971        1973
        1966        1971        1981
        1966        2021        2019
        1967        1966        1970
        1967        1966        1971
        1967        1966        2021
        1968        1985        1981
        1968        1985        1986
        1968        1985        1987
        1968        1988        1989
        1968        1988        1990
        1968        1988        1991
        1969        1968        1970
        1969        1968        1985
        1969        1968        1988
        1970        1966        1971
        1970        1966        2021
        1970        1968        1985
        1970        1968        1988
        1971        1966        2021
        1971        1973        1974
        1971        1973        1975
        1971        1981        1982
        1971        1981        1983
        1971        1981        1985
        1972        1971        1973
        1972        1971        1981
        1973        1971        1981
        1973        1975        1976
        1973        1975        1977
        1974        1973        1975
        1975        1977        1978
        1975        1977        1979
        1975        1977        1980
        1976        1975        1977
        1978        1977        1979
        1978        1977        1980
        1979        1977        1980
        1981        1983        1984
        1981        1985        1986
        1981        1985        1987
        1982        1981        1983
        1982        1981        1985
        1983        1981        1985
        1985        1968        1988
        1986        1985        1987
        1988        1991        1992
        1989        1988        1990
        1989        1988        1991
        1990        1988        1991
        1993        1997        1995
        1993        1998        1999
        1993        1998        2000
        1993        1998        2008
        1993        2118        2116
        1994        1993        1997
        1994        1993        1998
        1994        1993        2118
        1995        2019        2008
        1995        2019        2020
        1995        2019        2021
        1995        2022        2023
        1995        2022        2024
        1995        2022        2025
        1996        1995        1997
        1996        1995        2019
        1996        1995        2022
        1997        1993        1998
        1997        1993        2118
        1997        1995        2019
        1997        1995        2022
        1998        1993        2118
        1998        2000        2001
        1998        2000        2002
        1998        2008        2009
        1998        2008        2010
        1998        2008        2019
        1999        1998        2000
        1999        1998        2008
        2000        1998        2008
        2000        2002        2003
        2000        2002        2004
        2001        2000        2002
        2002        2004        2005
        2002        2004        2006
        2002        2004        2007
        2003        2002        2004
        2005        2004        2006
        2005        2004        2007
        2006        2004        2007
        2008        2010        2011
        2008        2019        2020
        2008        2019        2021
        2009        2008        2010
        2009        2008        2019
        2010        2008        2019
        2010        2011        2012
        2010        2011        2013
        2010        2011        2015
        2011        2013        2014
        2011        2013        2027
        2011        2015        2016
        2011        2015        2017
        2011        2015        2018
        2012        2011        2013
        2012        2011        2015
        2013        2011        2015
        2013        2027        2028
        2013        2027        2029
        2014        2013        2027
        2016        2015        2017
        2016        2015        2018
        2017        2015        2018
        2019        1995        2022
        2020        2019        2021
        2022        2025        2026
        2023        2022        2024
        2023        2022        2025
        2024        2022        2025
        2027        2029        2030
        2027        2029        2031
        2027        2029        2035
        2028        2027        2029
        2029        2031        2032
        2029        2031        2033
        2029        2031        2034
        2029        2035        2036
        2029        2035        2037
        2030        2029        2031
        2030        2029        2035
        2031        2029        2035
        2032        2031        2033
        2032        2031        2034
        2033        2031        2034
        2035        2037        2038
        2035        2037        2039
        2036        2035        2037
        2037        2039        2040
        2037        2039        2041
        2037        2039        2046
        2038        2037        2039
        2039        2041        2042
        2039        2041        2043
        2039        2046        2047
        2039        2046        2048
        2039        2046        2049
        2040        2039        2041
        2040        2039        2046
        2041        2039        2046
        2041        2043        2044
        2041        2043        2045
        2042        2041        2043
        2044        2043        2045
        2046        2049        2050
        2046        2049        2051
        2046        2049        2052
        2047        2046        2048
        2047        2046        2049
        2048        2046        2049
        2049        2052        2053
        2049        2052        2054
        2050        2049        2051
        2050        2049        2052
        2051        2049        2052
        2052        2054        2055
        2052        2054        2056
        2053        2052        2054
        2054        2056        2057
        2054        2056        2058
        2054        2056        2074
        2055        2054        2056
        2056        2058        2059
        2056        2058        2060
        2056        2058        2061
        2056        2074        2075
        2056        2074        2076
        2057        2056        2058
        2057        2056        2074
        2058        2056        2074
        2058        2061        2062
        2058        2061        2063
        2058        2061        2064
        2059        2058        2060
        2059        2058        2061
        2060        2058        2061
        2061        2064        2065
        2061        2064        2066
        2061        2064        2067
        2062        2061        2063
        2062        2061        2064
        2063        2061        2064
        2064        2067        2068
        2064        2067        2069
        2064        2067        2070
        2065        2064        2066
        2065        2064        2067
        2066        2064        2067
        2067        2070        2071
        2067        2070        2072
        2067        2070        2073
        2068        2067        2069
        2068        2067        2070
        2069        2067        2070
        2071        2070        2072
        2071        2070        2073
        2072        2070        2073
        2074        2076        2077
        2074        2076        2078
        2075        2074        2076
        2076        2078        2079
        2076        2078        2080
        2076        2078        2084
        2077        2076        2078
        2078        2080        2081
        2078        2080        2082
        2078        2080        2083
        2078        2084        2085
        2078        2084        2086
        2079        2078        2080
        2079        2078        2084
        2080        2078        2084
        2081        2080        2082
        2081        2080        2083
        2082        2080        2083
        2084        2086        2087
        2084        2086        2088
        2085        2084        2086
        2086        2088        2089
        2086        2088        2090
        2086        2088        2094
        2087        2086        2088
        2088        2090        2091
        2088        2090        2092
        2088        2090        2093
        2088        2094        2095
        2088        2094        2096
        2089        2088        2090
        2089        2088        2094
        2090        2088        2094
        2091        2090        2092
        2091        2090        2093
        2092        2090        2093
        2095        2094        2096
        2097        2101        2099
        2097        2102        2103
        2097        2102        2104
        2097        2102        2112
        2097        2152        2150
        2098        2097        2101
        2098        2097        2102
        2098        2097        2152
        2099        2116        2112
        2099        2116        2117
        2099        2116        2118
        2099        2119        2120
        2099        2119        2121
        2099        2119        2122
        2100        2099        2101
        2100        2099        2116
        2100        2099        2119
        2101        2097        2102
        2101        2097        2152
        2101        2099        2116
        2101        2099        2119
        2102        2097        2152
        2102        2104        2105
        2102        2104        2106
        2102        2112        2113
        2102        2112        2114
        2102        2112        2116
        2103        2102        2104
        2103        2102        2112
        2104        2102        2112
        2104        2106        2107
        2104        2106        2108
        2105        2104        2106
        2106        2108        2109
        2106        2108        2110
        2106        2108        2111
        2107        2106        2108
        2109        2108        2110
        2109        2108        2111
        2110        2108        2111
        2112        2114        2115
        2112        2116        2117
        2112        2116        2118
        2113        2112        2114
        2113        2112        2116
        2114        2112        2116
        2116        2099        2119
        2117        2116        2118
        2119        2122        2123
        2120        2119        2121
        2120        2119        2122
        2121        2119        2122
        2124        2128        2126
        2124        2129        2130
        2124        2129        2131
        2124        2129        2139
        2124        2249        2247
        2125        2124        2128
        2125        2124        2129
        2125        2124        2249
        2126        2150        2139
        2126        2150        2151
        2126        2150        2152
        2126        2153        2154
        2126        2153        2155
        2126        2153        2156
        2127        2126        2128
        2127        2126        2150
        2127        2126        2153
        2128        2124        2129
        2128        2124        2249
        2128        2126        2150
        2128        2126        2153
        2129        2124        2249
        2129        2131        2132
        2129        2131        2133
        2129        2139        2140
        2129        2139        2141
        2129        2139        2150
        2130        2129        2131
        2130        2129        2139
        2131        2129        2139
        2131        2133        2134
        2131        2133        2135
        2132        2131        2133
        2133        2135        2136
        2133        2135        2137
        2133        2135        2138
        2134        2133        2135
        2136        2135        2137
        2136        2135        2138
        2137        2135        2138
        2139        2141        2142
        2139        2150        2151
        2139        2150        2152
        2140        2139        2141
        2140        2139        2150
        2141        2139        2150
        2141        2142        2143
        2141        2142        2144
        2141        2142        2146
        2142        2144        2145
        2142        2144        2158
        2142        2146        2147
        2142        2146        2148
        2142        2146        2149
        2143        2142        2144
        2143        2142        2146
        2144        2142        2146
        2144        2158        2159
        2144        2158        2160
        2145        2144        2158
        2147        2146        2148
        2147        2146        2149
        2148        2146        2149
        2150        2126        2153
        2151        2150        2152
        2153        2156        2157
        2154        2153        2155
        2154        2153        2156
        2155        2153        2156
        2158        2160        2161
        2158        2160        2162
        2158        2160        2166
        2159        2158        2160
        2160        2162        2163
        2160        2162        2164
        2160        2162        2165
        2160        2166        2167
        2160        2166        2168
        2161        2160        2162
        2161        2160        2166
        2162        2160        2166
        2163        2162        2164
        2163        2162        2165
        2164        2162        2165
        2166        2168        2169
        2166        2168        2170
        2167        2166        2168
        2168        2170        2171
        2168        2170        2172
        2168        2170        2177
        2169        2168        2170
        2170        2172        2173
        2170        2172        2174
        2170        2177        2178
        2170        2177        2179
        2170        2177        2180
        2171        2170        2172
        2171        2170        2177
        2172        2170        2177
        2172        2174        2175
        2172        2174        2176
        2173        2172        2174
        2175        2174        2176
        2177        2180        2181
        2177        2180        2182
        2177        2180        2183
        2178        2177        2179
        2178        2177        2180
        2179        2177        2180
        2180        2183        2184
        2180        2183        2185
        2181        2180        2182
        2181        2180        2183
        2182        2180        2183
        2183        2185        2186
        2183        2185        2187
        2184        2183        2185
        2185        2187        2188
        2185        2187        2189
        2185        2187        2205
        2186        2185        2187
        2187        2189        2190
        2187        2189        2191
        2187        2189        2192
        2187        2205        2206
        2187        2205        2207
        2188        2187        2189
        2188        2187        2205
        2189        2187        2205
        2189        2192        2193
        2189        2192        2194
        2189        2192        2195
        2190        2189        2191
        2190        2189        2192
        2191        2189        2192
        2192        2195        2196
        2192        2195        2197
        2192        2195        2198
        2193        2192        2194
        2193        2192        2195
        2194        2192        2195
        2195        2198        2199
        2195        2198        2200
        2195        2198        2201
        2196        2195        2197
        2196        2195        2198
        2197        2195        2198
        2198        2201        2202
        2198        2201        2203
        2198        2201        2204
        2199        2198        2200
        2199        2198        2201
        2200        2198        2201
        2202        2201        2203
        2202        2201        2204
        2203        2201        2204
        2205        2207        2208
        2205        2207        2209
        2206        2205        2207
        2207        2209        2210
        2207        2209        2211
        2207        2209        2215
        2208        2207        2209
        2209        2211        2212
        2209        2211        2213
        2209        2211        2214
        2209        2215        2216
        2209        2215        2217
        2210        2209        2211
        2210        2209        2215
        2211        2209        2215
        2212        2211        2213
        2212        2211        2214
        2213        2211        2214
        2215        2217        2218
        2215        2217        2219
        2216        2215        2217
        2217        2219        2220
        2217        2219        2221
        2217        2219        2225
        2218        2217        2219
        2219        2221        2222
        2219        2221        2223
        2219        2221        2224
        2219        2225        2226
        2219        2225        2227
        2220        2219        2221
        2220        2219        2225
        2221        2219        2225
        2222        2221        2223
        2222        2221        2224
        2223        2221        2224
        2226        2225        2227
        2228        2232        2230
        2228        2233        2234
        2228        2233        2235
        2228        2233        2243
        2228        2283        2281
        2229        2228        2232
        2229        2228        2233
        2229        2228        2283
        2230        2247        2243
        2230        2247        2248
        2230        2247        2249
        2230        2250        2251
        2230        2250        2252
        2230        2250        2253
        2231        2230        2232
        2231        2230        2247
        2231        2230        2250
        2232        2228        2233
        2232        2228        2283
        2232        2230        2247
        2232        2230        2250
        2233        2228        2283
        2233        2235        2236
        2233        2235        2237
        2233        2243        2244
        2233        2243        2245
        2233        2243        2247
        2234        2233        2235
        2234        2233        2243
        2235        2233        2243
        2235        2237        2238
        2235        2237        2239
        2236        2235        2237
        2237        2239        2240
        2237        2239        2241
        2237        2239        2242
        2238        2237        2239
        2240        2239        2241
        2240        2239        2242
        2241        2239        2242
        2243        2245        2246
        2243        2247        2248
        2243        2247        2249
        2244        2243        2245
        2244        2243        2247
        2245        2243        2247
        2247        2230        2250
        2248        2247        2249
        2250        2253        2254
        2251        2250        2252
        2251        2250        2253
        2252        2250        2253
        2255        2259        2257
        2255        2260        2261
        2255        2260        2262
        2255        2260        2270
        2255        2380        2378
        2256        2255        2259
        2256        2255        2260
        2256        2255        2380
        2257        2281        2270
        2257        2281        2282
        2257        2281        2283
        2257        2284        2285
        2257        2284        2286
        2257        2284        2287
        2258        2257        2259
        2258        2257        2281
        2258        2257        2284
        2259        2255        2260
        2259        2255        2380
        2259        2257        2281
        2259        2257        2284
        2260        2255        2380
        2260        2262        2263
        2260        2262        2264
        2260        2270        2271
        2260        2270        2272
        2260        2270        2281
        2261        2260        2262
        2261        2260        2270
        2262        2260        2270
        2262        2264        2265
        2262        2264        2266
        2263        2262        2264
        2264        2266        2267
        2264        2266        2268
        2264        2266        2269
        2265        2264        2266
        2267        2266        2268
        2267        2266        2269
        2268        2266        2269
        2270        2272        2273
        2270        2281        2282
        2270        2281        2283
        2271        2270        2272
        2271        2270        2281
        2272        2270        2281
        2272        2273        2274
        2272        2273        2275
        2272        2273        2277
        2273        2275        2276
        2273        2275        2289
        2273        2277        2278
        2273        2277        2279
        2273        2277        2280
        2274        2273        2275
        2274        2273        2277
        2275        2273        2277
        2275        2289        2290
        2275        2289        2291
        2276        2275        2289
        2278        2277        2279
        2278        2277        2280
        2279        2277        2280
        2281        2257        2284
        2282        2281        2283
        2284        2287        2288
        2285        2284        2286
        2285        2284        2287
        2286        2284        2287
        2289        2291        2292
        2289        2291        2293
        2289        2291        2297
        2290        2289        2291
        2291        2293        2294
        2291        2293        2295
        2291        2293        2296
        2291        2297        2298
        2291        2297        2299
        2292        2291        2293
        2292        2291        2297
        2293        2291        2297
        2294        2293        2295
        2294        2293        2296
        2295        2293        2296
        2297        2299        2300
        2297        2299        2301
        2298        2297        2299
        2299        2301        2302
        2299        2301        2303
        2299        2301        2308
        2300        2299        2301
        2301        2303        2304
        2301        2303        2305
        2301        2308        2309
        2301        2308        2310
        2301        2308        2311
        2302        2301        2303
        2302        2301        2308
        2303        2301        2308
        2303        2305        2306
        2303        2305        2307
        2304        2303        2305
        2306        2305        2307
        2308        2311        2312
        2308        2311        2313
        2308        2311        2314
        2309        2308        2310
        2309        2308        2311
        2310        2308        2311
        2311        2314        2315
        2311        2314        2316
        2312        2311        2313
        2312        2311        2314
        2313        2311        2314
        2314        2316        2317
        2314        2316        2318
        2315        2314        2316
        2316        2318        2319
        2316        2318        2320
        2316        2318        2336
        2317        2316        2318
        2318        2320        2321
        2318        2320        2322
        2318        2320        2323
        2318        2336        2337
        2318        2336        2338
        2319        2318        2320
        2319        2318        2336
        2320        2318        2336
        2320        2323        2324
        2320        2323        2325
        2320        2323        2326
        2321        2320        2322
        2321        2320        2323
        2322        2320        2323
        2323        2326        2327
        2323        2326        2328
        2323        2326        2329
        2324        2323        2325
        2324        2323        2326
        2325        2323        2326
        2326        2329        2330
        2326        2329        2331
        2326        2329        2332
        2327        2326        2328
        2327        2326        2329
        2328        2326        2329
        2329        2332        2333
        2329        2332        2334
        2329        2332        2335
        2330        2329        2331
        2330        2329        2332
        2331        2329        2332
        2333        2332        2334
        2333        2332        2335
        2334        2332        2335
        2336        2338        2339
        2336        2338        2340
        2337        2336        2338
        2338        2340        2341
        2338        2340        2342
        2338        2340        2346
        2339        2338        2340
        2340        2342        2343
        2340        2342        2344
        2340        2342        2345
        2340        2346        2347
        2340        2346        2348
        2341        2340        2342
        2341        2340        2346
        2342        2340        2346
        2343        2342        2344
        2343        2342        2345
        2344        2342        2345
        2346        2348        2349
        2346        2348        2350
        2347        2346        2348
        2348        2350        2351
        2348        2350        2352
        2348        2350        2356
        2349        2348        2350
        2350        2352        2353
        2350        2352        2354
        2350        2352        2355
        2350        2356        2357
        2350        2356        2358
        2351        2350        2352
        2351        2350        2356
        2352        2350        2356
        2353        2352        2354
        2353        2352        2355
        2354        2352        2355
        2357        2356        2358
        2359        2363        2361
        2359        2364        2365
        2359        2364        2366
        2359        2364        2374
        2359        2414        2412
        2360        2359        2363
        2360        2359        2364
        2360        2359        2414
        2361        2378        2374
        2361        2378        2379
        2361        2378        2380
        2361        2381        2382
        2361        2381        2383
        2361        2381        2384
        2362        2361        2363
        2362        2361        2378
        2362        2361        2381
        2363        2359        2364
        2363        2359        2414
        2363        2361        2378
        2363        2361        2381
        2364        2359        2414
        2364        2366        2367
        2364        2366        2368
        2364        2374        2375
        2364        2374        2376
        2364        2374        2378
        2365        2364        2366
        2365        2364        2374
        2366        2364        2374
        2366        2368        2369
        2366        2368        2370
        2367        2366        2368
        2368        2370        2371
        2368        2370        2372
        2368        2370        2373
        2369        2368        2370
        2371        2370        2372
        2371        2370        2373
        2372        2370        2373
        2374        2376        2377
        2374        2378        2379
        2374        2378        2380
        2375        2374        2376
        2375        2374        2378
        2376        2374        2378
        2378        2361        2381
        2379        2378        2380
        2381        2384        2385
        2382        2381        2383
        2382        2381        2384
        2383        2381        2384
        2386        2390        2388
        2386        2391        2392
        2386        2391        2393
        2386        2391        2401
        2386        2511        2509
        2387        2386        2390
        2387        2386        2391
        2387        2386        2511
        2388        2412        2401
        2388        2412        2413
        2388        2412        2414
        2388        2415        2416
        2388        2415        2417
        2388        2415        2418
        2389        2388        2390
        2389        2388        2412
        2389        2388        2415
        2390        2386        2391
        2390        2386        2511
        2390        2388        2412
        2390        2388        2415
        2391        2386        2511
        2391        2393        2394
        2391        2393        2395
        2391        2401        2402
        2391        2401        2403
        2391        2401        2412
        2392        2391        2393
        2392        2391        2401
        2393        2391        2401
        2393        2395        2396
        2393        2395        2397
        2394        2393        2395
        2395        2397        2398
        2395        2397        2399
        2395        2397        2400
        2396        2395        2397
        2398        2397        2399
        2398        2397        2400
        2399        2397        2400
        2401        2403        2404
        2401        2412        2413
        2401        2412        2414
        2402        2401        2403
        2402        2401        2412
        2403        2401        2412
        2403        2404        2405
        2403        2404        2406
        2403        2404        2408
        2404        2406        2407
        2404        2406        2420
        2404        2408        2409
        2404        2408        2410
        2404        2408        2411
        2405        2404        2406
        2405        2404        2408
        2406        2404        2408
        2406        2420        2421
        2406        2420        2422
        2407        2406        2420
        2409        2408        2410
        2409        2408        2411
        2410        2408        2411
        2412        2388        2415
        2413        2412        2414
        2415        2418        2419
        2416        2415        2417
        2416        2415        2418
        2417        2415        2418
        2420        2422        2423
        2420        2422        2424
        2420        2422        2428
        2421        2420        2422
        2422        2424        2425
        2422        2424        2426
        2422        2424        2427
        2422        2428        2429
        2422        2428        2430
        2423        2422        2424
        2423        2422        2428
        2424        2422        2428
        2425        2424        2426
        2425        2424        2427
        2426        2424        2427
        2428        2430        2431
        2428        2430        2432
        2429        2428        2430
        2430        2432        2433
        2430        2432        2434
        2430        2432        2439
        2431        2430        2432
        2432        2434        2435
        2432        2434        2436
        2432        2439        2440
        2432        2439        2441
        2432        2439        2442
        2433        2432        2434
        2433        2432        2439
        2434        2432        2439
        2434        2436        2437
        2434        2436        2438
        2435        2434        2436
        2437        2436        2438
        2439        2442        2443
        2439        2442        2444
        2439        2442        2445
        2440        2439        2441
        2440        2439        2442
        2441        2439        2442
        2442        2445        2446
        2442        2445        2447
        2443        2442        2444
        2443        2442        2445
        2444        2442        2445
        2445        2447        2448
        2445        2447        2449
        2446        2445        2447
        2447        2449        2450
        2447        2449        2451
        2447        2449        2467
        2448        2447        2449
        2449        2451        2452
        2449        2451        2453
        2449        2451        2454
        2449        2467        2468
        2449        2467        2469
        2450        2449        2451
        2450        2449        2467
        2451        2449        2467
        2451        2454        2455
        2451        2454        2456
        2451        2454        2457
        2452        2451        2453
        2452        2451        2454
        2453        2451        2454
        2454        2457        2458
        2454        2457        2459
        2454        2457        2460
        2455        2454        2456
        2455        2454        2457
        2456        2454        2457
        2457        2460        2461
        2457        2460        2462
        2457        2460        2463
        2458        2457        2459
        2458        2457        2460
        2459        2457        2460
        2460        2463        2464
        2460        2463        2465
        2460        2463        2466
        2461        2460        2462
        2461        2460        2463
        2462        2460        2463
        2464        2463        2465
        2464        2463        2466
        2465        2463        2466
        2467        2469        2470
        2467        2469        2471
        2468        2467        2469
        2469        2471        2472
        2469        2471        2473
        2469        2471        2477
        2470        2469        2471
        2471        2473        2474
        2471        2473        2475
        2471        2473        2476
        2471        2477        2478
        2471        2477        2479
        2472        2471        2473
        2472        2471        2477
        2473        2471        2477
        2474        2473        2475
        2474        2473        2476
        2475        2473        2476
        2477        2479        2480
        2477        2479        2481
        2478        2477        2479
        2479        2481        2482
        2479        2481        2483
        2479        2481        2487
        2480        2479        2481
        2481        2483        2484
        2481        2483        2485
        2481        2483        2486
        2481        2487        2488
        2481        2487        2489
        2482        2481        2483
        2482        2481        2487
        2483        2481        2487
        2484        2483        2485
        2484        2483        2486
        2485        2483        2486
        2488        2487        2489
        2490        2494        2492
        2490        2495        2496
        2490        2495        2497
        2490        2495        2505
        2490        2545        2543
        2491        2490        2494
        2491        2490        2495
        2491        2490        2545
        2492        2509        2505
        2492        2509        2510
        2492        2509        2511
        2492        2512        2513
        2492        2512        2514
        2492        2512        2515
        2493        2492        2494
        2493        2492        2509
        2493        2492        2512
        2494        2490        2495
        2494        2490        2545
        2494        2492        2509
        2494        2492        2512
        2495        2490        2545
        2495        2497        2498
        2495        2497        2499
        2495        2505        2506
        2495        2505        2507
        2495        2505        2509
        2496        2495        2497
        2496        2495        2505
        2497        2495        2505
        2497        2499        2500
        2497        2499        2501
        2498        2497        2499
        2499        2501        2502
        2499        2501        2503
        2499        2501        2504
        2500        2499        2501
        2502        2501        2503
        2502        2501        2504
        2503        2501        2504
        2505        2507        2508
        2505        2509        2510
        2505        2509        2511
        2506        2505        2507
        2506        2505        2509
        2507        2505        2509
        2509        2492        2512
        2510        2509        2511
        2512        2515        2516
        2513        2512        2514
        2513        2512        2515
        2514        2512        2515
        2517        2521        2519
        2517        2522        2523
        2517        2522        2524
        2517        2522        2532
        2517        2642        2640
        2518        2517        2521
        2518        2517        2522
        2518        2517        2642
        2519        2543        2532
        2519        2543        2544
        2519        2543        2545
        2519        2546        2547
        2519        2546        2548
        2519        2546        2549
        2520        2519        2521
        2520        2519        2543
        2520        2519        2546
        2521        2517        2522
        2521        2517        2642
        2521        2519        2543
        2521        2519        2546
        2522        2517        2642
        2522        2524        2525
        2522        2524        2526
        2522        2532        2533
        2522        2532        2534
        2522        2532        2543
        2523        2522        2524
        2523        2522        2532
        2524        2522        2532
        2524        2526        2527
        2524        2526        2528
        2525        2524        2526
        2526        2528        2529
        2526        2528        2530
        2526        2528        2531
        2527        2526        2528
        2529        2528        2530
        2529        2528        2531
        2530        2528        2531
        2532        2534        2535
        2532        2543        2544
        2532        2543        2545
        2533        2532        2534
        2533        2532        2543
        2534        2532        2543
        2534        2535        2536
        2534        2535        2537
        2534        2535        2539
        2535        2537        2538
        2535        2537        2551
        2535        2539        2540
        2535        2539        2541
        2535        2539        2542
        2536        2535        2537
        2536        2535        2539
        2537        2535        2539
        2537        2551        2552
        2537        2551        2553
        2538        2537        2551
        2540        2539        2541
        2540        2539        2542
        2541        2539        2542
        2543        2519        2546
        2544        2543        2545
        2546        2549        2550
        2547        2546        2548
        2547        2546        2549
        2548        2546        2549
        2551        2553        2554
        2551        2553        2555
        2551        2553        2559
        2552        2551        2553
        2553        2555        2556
        2553        2555        2557
        2553        2555        2558
        2553        2559        2560
        2553        2559        2561
        2554        2553        2555
        2554        2553        2559
        2555        2553        2559
        2556        2555        2557
        2556        2555        2558
        2557        2555        2558
        2559        2561        2562
        2559        2561        2563
        2560        2559        2561
        2561        2563        2564
        2561        2563        2565
        2561        2563        2570
        2562        2561        2563
        2563        2565        2566
        2563        2565        2567
        2563        2570        2571
        2563        2570        2572
        2563        2570        2573
        2564        2563        2565
        2564        2563        2570
        2565        2563        2570
        2565        2567        2568
        2565        2567        2569
        2566        2565        2567
        2568        2567        2569
        2570        2573        2574
        2570        2573        2575
        2570        2573        2576
        2571        2570        2572
        2571        2570        2573
        2572        2570        2573
        2573        2576        2577
        2573        2576        2578
        2574        2573        2575
        2574        2573        2576
        2575        2573        2576
        2576        2578        2579
        2576        2578        2580
        2577        2576        2578
        2578        2580        2581
        2578        2580        2582
        2578        2580        2598
        2579        2578        2580
        2580        2582        2583
        2580        2582        2584
        2580        2582        2585
        2580        2598        2599
        2580        2598        2600
        2581        2580        2582
        2581        2580        2598
        2582        2580        2598
        2582        2585        2586
        2582        2585        2587
        2582        2585        2588
        2583        2582        2584
        2583        2582        2585
        2584        2582        2585
        2585        2588        2589
        2585        2588        2590
        2585        2588        2591
        2586        2585        2587
        2586        2585        2588
        2587        2585        2588
        2588        2591        2592
        2588        2591        2593
        2588        2591        2594
        2589        2588        2590
        2589        2588        2591
        2590        2588        2591
        2591        2594        2595
        2591        2594        2596
        2591        2594        2597
        2592        2591        2593
        2592        2591        2594
        2593        2591        2594
        2595        2594        2596
        2595        2594        2597
        2596        2594        2597
        2598        2600        2601
        2598        2600        2602
        2599        2598        2600
        2600        2602        2603
        2600        2602        2604
        2600        2602        2608
        2601        2600        2602
        2602        2604        2605
        2602        2604        2606
        2602        2604        2607
        2602        2608        2609
        2602        2608        2610
        2603        2602        2604
        2603        2602        2608
        2604        2602        2608
        2605        2604        2606
        2605        2604        2607
        2606        2604        2607
        2608        2610        2611
        2608        2610        2612
        2609        2608        2610
        2610        2612        2613
        2610        2612        2614
        2610        2612        2618
        2611        2610        2612
        2612        2614        2615
        2612        2614        2616
        2612        2614        2617
        2612        2618        2619
        2612        2618        2620
        2613        2612        2614
        2613        2612        2618
        2614        2612        2618
        2615        2614        2616
        2615        2614        2617
        2616        2614        2617
        2619        2618        2620
        2621        2625        2623
        2621        2626        2627
        2621        2626        2628
        2621        2626        2636
        2621        2676        2674
        2622        2621        2625
        2622        2621        2626
        2622        2621        2676
        2623        2640        2636
        2623        2640        2641
        2623        2640        2642
        2623        2643        2644
        2623        2643        2645
        2623        2643        2646
        2624        2623        2625
        2624        2623        2640
        2624        2623        2643
        2625        2621        2626
        2625        2621        2676
        2625        2623        2640
        2625        2623        2643
        2626        2621        2676
        2626        2628        2629
        2626        2628        2630
        2626        2636        2637
        2626        2636        2638
        2626        2636        2640
        2627        2626        2628
        2627        2626        2636
        2628        2626        2636
        2628        2630        2631
        2628        2630        2632
        2629        2628        2630
        2630        2632        2633
        2630        2632        2634
        2630        2632        2635
        2631        2630        2632
        2633        2632        2634
        2633        2632        2635
        2634        2632        2635
        2636        2638        2639
        2636        2640        2641
        2636        2640        2642
        2637        2636        2638
        2637        2636        2640
        2638        2636        2640
        2640        2623        2643
        2641        2640        2642
        2643        2646        2647
        2644        2643        2645
        2644        2643        2646
        2645        2643        2646
        2648        2652        2650
        2648        2653        2654
        2648        2653        2655
        2648        2653        2663
        2648        2773        2771
        2649        2648        2652
        2649        2648        2653
        2649        2648        2773
        2650        2674        2663
        2650        2674        2675
        2650        2674        2676
        2650        2677        2678
        2650        2677        2679
        2650        2677        2680
        2651        2650        2652
        2651        2650        2674
        2651        2650        2677
        2652        2648        2653
        2652        2648        2773
        2652        2650        2674
        2652        2650        2677
        2653        2648        2773
        2653        2655        2656
        2653        2655        2657
        2653        2663        2664
        2653        2663        2665
        2653        2663        2674
        2654        2653        2655
        2654        2653        2663
        2655        2653        2663
        2655        2657        2658
        2655        2657        2659
        2656        2655        2657
        2657        2659        2660
        2657        2659        2661
        2657        2659        2662
        2658        2657        2659
        2660        2659        2661
        2660        2659        2662
        2661        2659        2662
        2663        2665        2666
        2663        2674        2675
        2663        2674        2676
        2664        2663        2665
        2664        2663        2674
        2665        2663        2674
        2665        2666        2667
        2665        2666        2668
        2665        2666        2670
        2666        2668        2669
        2666        2668        2682
        2666        2670        2671
        2666        2670        2672
        2666        2670        2673
        2667        2666        2668
        2667        2666        2670
        2668        2666        2670
        2668        2682        2683
        2668        2682        2684
        2669        2668        2682
        2671        2670        2672
        2671        2670        2673
        2672        2670        2673
        2674        2650        2677
        2675        2674        2676
        2677        2680        2681
        2678        2677        2679
        2678        2677        2680
        2679        2677        2680
        2682        2684        2685
        2682        2684        2686
        2682        2684        2690
        2683        2682        2684
        2684        2686        2687
        2684        2686        2688
        2684        2686        2689
        2684        2690        2691
        2684        2690        2692
        2685        2684        2686
        2685        2684        2690
        2686        2684        2690
        2687        2686        2688
        2687        2686        2689
        2688        2686        2689
        2690        2692        2693
        2690        2692        2694
        2691        2690        2692
        2692        2694        2695
        2692        2694        2696
        2692        2694        2701
        2693        2692        2694
        2694        2696        2697
        2694        2696        2698
        2694        2701        2702
        2694        2701        2703
        2694        2701        2704
        2695        2694        2696
        2695        2694        2701
        2696        2694        2701
        2696        2698        2699
        2696        2698        2700
        2697        2696        2698
        2699        2698        2700
        2701        2704        2705
        2701        2704        2706
        2701        2704        2707
        2702        2701        2703
        2702        2701        2704
        2703        2701        2704
        2704        2707        2708
        2704        2707        2709
        2705        2704        2706
        2705        2704        2707
        2706        2704        2707
        2707        2709        2710
        2707        2709        2711
        2708        2707        2709
        2709        2711        2712
        2709        2711        2713
        2709        2711        2729
        2710        2709        2711
        2711        2713        2714
        2711        2713        2715
        2711        2713        2716
        2711        2729        2730
        2711        2729        2731
        2712        2711        2713
        2712        2711        2729
        2713        2711        2729
        2713        2716        2717
        2713        2716        2718
        2713        2716        2719
        2714        2713        2715
        2714        2713        2716
        2715        2713        2716
        2716        2719        2720
        2716        2719        2721
        2716        2719        2722
        2717        2716        2718
        2717        2716        2719
        2718        2716        2719
        2719        2722        2723
        2719        2722        2724
        2719        2722        2725
        2720        2719        2721
        2720        2719        2722
        2721        2719        2722
        2722        2725        2726
        2722        2725        2727
        2722        2725        2728
        2723        2722        2724
        2723        2722        2725
        2724        2722        2725
        2726        2725        2727
        2726        2725        2728
        2727        2725        2728
        2729        2731        2732
        2729        2731        2733
        2730        2729        2731
        2731        2733        2734
        2731        2733        2735
        2731        2733        2739
        2732        2731        2733
        2733        2735        2736
        2733        2735        2737
        2733        2735        2738
        2733        2739        2740
        2733        2739        2741
        2734        2733        2735
        2734        2733        2739
        2735        2733        2739
        2736        2735        2737
        2736        2735        2738
        2737        2735        2738
        2739        2741        2742
        2739        2741        2743
        2740        2739        2741
        2741        2743        2744
        2741        2743        2745
        2741        2743        2749
        2742        2741        2743
        2743        2745        2746
        2743        2745        2747
        2743        2745        2748
        2743        2749        2750
        2743        2749        2751
        2744        2743        2745
        2744        2743        2749
        2745        2743        2749
        2746        2745        2747
        2746        2745        2748
        2747        2745        2748
        2750        2749        2751
        2752        2756        2754
        2752        2757        2758
        2752        2757        2759
        2752        2757        2767
        2752        2807        2805
        2753        2752        2756
        2753        2752        2757
        2753        2752        2807
        2754        2771        2767
        2754        2771        2772
        2754        2771        2773
        2754        2774        2775
        2754        2774        2776
        2754        2774        2777
        2755        2754        2756
        2755        2754        2771
        2755        2754        2774
        2756        2752        2757
        2756        2752        2807
        2756        2754        2771
        2756        2754        2774
        2757        2752        2807
        2757        2759        2760
        2757        2759        2761
        2757        2767        2768
        2757        2767        2769
        2757        2767        2771
        2758        2757        2759
        2758        2757        2767
        2759        2757        2767
        2759        2761        2762
        2759        2761        2763
        2760        2759        2761
        2761        2763        2764
        2761        2763        2765
        2761        2763        2766
        2762        2761        2763
        2764        2763        2765
        2764        2763        2766
        2765        2763        2766
        2767        2769        2770
        2767        2771        2772
        2767        2771        2773
        2768        2767        2769
        2768        2767        2771
        2769        2767        2771
        2771        2754        2774
        2772        2771        2773
        2774        2777        2778
        2775        2774        2776
        2775        2774        2777
        2776        2774        2777
        2779        2783        2781
        2779        2784        2785
        2779        2784        2786
        2779        2784        2794
        2779        2904        2902
        2780        2779        2783
        2780        2779        2784
        2780        2779        2904
        2781        2805        2794
        2781        2805        2806
        2781        2805        2807
        2781        2808        2809
        2781        2808        2810
        2781        2808        2811
        2782        2781        2783
        2782        2781        2805
        2782        2781        2808
        2783        2779        2784
        2783        2779        2904
        2783        2781        2805
        2783        2781        2808
        2784        2779        2904
        2784        2786        2787
        2784        2786        2788
        2784        2794        2795
        2784        2794        2796
        2784        2794        2805
        2785        2784        2786
        2785        2784        2794
        2786        2784        2794
        2786        2788        2789
        2786        2788        2790
        2787        2786        2788
        2788        2790        2791
        2788        2790        2792
        2788        2790        2793
        2789        2788        2790
        2791        2790        2792
        2791        2790        2793
        2792        2790        2793
        2794        2796        2797
        2794        2805        2806
        2794        2805        2807
        2795        2794        2796
        2795        2794        2805
        2796        2794        2805
        2796        2797        2798
        2796        2797        2799
        2796        2797        2801
        2797        2799        2800
        2797        2799        2813
        2797        2801        2802
        2797        2801        2803
        2797        2801        2804
        2798        2797        2799
        2798        2797        2801
        2799        2797        2801
        2799        2813        2814
        2799        2813        2815
        2800        2799        2813
        2802        2801        2803
        2802        2801        2804
        2803        2801        2804
        2805        2781        2808
        2806        2805        2807
        2808        2811        2812
        2809        2808        2810
        2809        2808        2811
        2810        2808        2811
        2813        2815        2816
        2813        2815        2817
        2813        2815        2821
        2814        2813        2815
        2815        2817        2818
        2815        2817        2819
        2815        2817        2820
        2815        2821        2822
        2815        2821        2823
        2816        2815        2817
        2816        2815        2821
        2817        2815        2821
        2818        2817        2819
        2818        2817        2820
        2819        2817        2820
        2821        2823        2824
        2821        2823        2825
        2822        2821        2823
        2823        2825        2826
        2823        2825        2827
        2823        2825        2832
        2824        2823        2825
        2825        2827        2828
        2825        2827        2829
        2825        2832        2833
        2825        2832        2834
        2825        2832        2835
        2826        2825        2827
        2826        2825        2832
        2827        2825        2832
        2827        2829        2830
        2827        2829        2831
        2828        2827        2829
        2830        2829        2831
        2832        2835        2836
        2832        2835        2837
        2832        2835        2838
        2833        2832        2834
        2833        2832        2835
        2834        2832        2835
        2835        2838        2839
        2835        2838        2840
        2836        2835        2837
        2836        2835        2838
        2837        2835        2838
        2838        2840        2841
        2838        2840        2842
        2839        2838        2840
        2840        2842        2843
        2840        2842        2844
        2840        2842        2860
        2841        2840        2842
        2842        2844        2845
        2842        2844        2846
        2842        2844        2847
        2842        2860        2861
        2842        2860        2862
        2843        2842        2844
        2843        2842        2860
        2844        2842        2860
        2844        2847        2848
        2844        2847        2849
        2844        2847        2850
        2845        2844        2846
        2845        2844        2847
        2846        2844        2847
        2847        2850        2851
        2847        2850        2852
        2847        2850        2853
        2848        2847        2849
        2848        2847        2850
        2849        2847        2850
        2850        2853        2854
        2850        2853        2855
        2850        2853        2856
        2851        2850        2852
        2851        2850        2853
        2852        2850        2853
        2853        2856        2857
        2853        2856        2858
        2853        2856        2859
        2854        2853        2855
        2854        2853        2856
        2855        2853        2856
        2857        2856        2858
        2857        2856        2859
        2858        2856        2859
        2860        2862        2863
        2860        2862        2864
        2861        2860        2862
        2862        2864        2865
        2862        2864        2866
        2862        2864        2870
        2863        2862        2864
        2864        2866        2867
        2864        2866        2868
        2864        2866        2869
        2864        2870        2871
        2864        2870        2872
        2865        2864        2866
        2865        2864        2870
        2866        2864        2870
        2867        2866        2868
        2867        2866        2869
        2868        2866        2869
        2870        2872        2873
        2870        2872        2874
        2871        2870        2872
        2872        2874        2875
        2872        2874        2876
        2872        2874        2880
        2873        2872        2874
        2874        2876        2877
        2874        2876        2878
        2874        2876        2879
        2874        2880        2881
        2874        2880        2882
        2875        2874        2876
        2875        2874        2880
        2876        2874        2880
        2877        2876        2878
        2877        2876        2879
        2878        2876        2879
        2881        2880        2882
        2883        2887        2885
        2883        2888        2889
        2883        2888        2890
        2883        2888        2898
        2883        2938        2936
        2884        2883        2887
        2884        2883        2888
        2884        2883        2938
        2885        2902        2898
        2885        2902        2903
        2885        2902        2904
        2885        2905        2906
        2885        2905        2907
        2885        2905        2908
        2886        2885        2887
        2886        2885        2902
        2886        2885        2905
        2887        2883        2888
        2887        2883        2938
        2887        2885        2902
        2887        2885        2905
        2888        2883        2938
        2888        2890        2891
        2888        2890        2892
        2888        2898        2899
        2888        2898        2900
        2888        2898        2902
        2889        2888        2890
        2889        2888        2898
        2890        2888        2898
        2890        2892        2893
        2890        2892        2894
        2891        2890        2892
        2892        2894        2895
        2892        2894        2896
        2892        2894        2897
        2893        2892        2894
        2895        2894        2896
        2895        2894        2897
        2896        2894        2897
        2898        2900        2901
        2898        2902        2903
        2898        2902        2904
        2899        2898        2900
        2899        2898        2902
        2900        2898        2902
        2902        2885        2905
        2903        2902        2904
        2905        2908        2909
        2906        2905        2907
        2906        2905        2908
        2907        2905        2908
        2910        2914        2912
        2910        2915        2916
        2910        2915        2917
        2910        2915        2925
        2910        3035        3033
        2911        2910        2914
        2911        2910        2915
        2911        2910        3035
        2912        2936        2925
        2912        2936        2937
        2912        2936        2938
        2912        2939        2940
        2912        2939        2941
        2912        2939        2942
        2913        2912        2914
        2913        2912        2936
        2913        2912        2939
        2914        2910        2915
        2914        2910        3035
        2914        2912        2936
        2914        2912        2939
        2915        2910        3035
        2915        2917        2918
        2915        2917        2919
        2915        2925        2926
        2915        2925        2927
        2915        2925        2936
        2916        2915        2917
        2916        2915        2925
        2917        2915        2925
        2917        2919        2920
        2917        2919        2921
        2918        2917        2919
        2919        2921        2922
        2919        2921        2923
        2919        2921        2924
        2920        2919        2921
        2922        2921        2923
        2922        2921        2924
        2923        2921        2924
        2925        2927        2928
        2925        2936        2937
        2925        2936        2938
        2926        2925        2927
        2926        2925        2936
        2927        2925        2936
        2927        2928        2929
        2927        2928        2930
        2927        2928        2932
        2928        2930        2931
        2928        2930        2944
        2928        2932        2933
        2928        2932        2934
        2928        2932        2935
        2929        2928        2930
        2929        2928        2932
        2930        2928        2932
        2930        2944        2945
        2930        2944        2946
        2931        2930        2944
        2933        2932        2934
        2933        2932        2935
        2934        2932        2935
        2936        2912        2939
        2937        2936        2938
        2939        2942        2943
        2940        2939        2941
        2940        2939        2942
        2941        2939        2942
        2944        2946        2947
        2944        2946        2948
        2944        2946        2952
        2945        2944        2946
        2946        2948        2949
        2946        2948        2950
        2946        2948        2951
        2946        2952        2953
        2946        2952        2954
        2947        2946        2948
        2947        2946        2952
        2948        2946        2952
        2949        2948        2950
        2949        2948        2951
        2950        2948        2951
        2952        2954        2955
        2952        2954        2956
        2953        2952        2954
        2954        2956        2957
        2954        2956        2958
        2954        2956        2963
        2955        2954        2956
        2956        2958        2959
        2956        2958        2960
        2956        2963        2964
        2956        2963        2965
        2956        2963        2966
        2957        2956        2958
        2957        2956        2963
        2958        2956        2963
        2958        2960        2961
        2958        2960        2962
        2959        2958        2960
        2961        2960        2962
        2963        2966        2967
        2963        2966        2968
        2963        2966        2969
        2964        2963        2965
        2964        2963        2966
        2965        2963        2966
        2966        2969        2970
        2966        2969        2971
        2967        2966        2968
        2967        2966        2969
        2968        2966        2969
        2969        2971        2972
        2969        2971        2973
        2970        2969        2971
        2971        2973        2974
        2971        2973        2975
        2971        2973        2991
        2972        2971        2973
        2973        2975        2976
        2973        2975        2977
        2973        2975        2978
        2973        2991        2992
        2973        2991        2993
        2974        2973        2975
        2974        2973        2991
        2975        2973        2991
        2975        2978        2979
        2975        2978        2980
        2975        2978        2981
        2976        2975        2977
        2976        2975        2978
        2977        2975        2978
        2978        2981        2982
        2978        2981        2983
        2978        2981        2984
        2979        2978        2980
        2979        2978        2981
        2980        2978        2981
        2981        2984        2985
        2981        2984        2986
        2981        2984        2987
        2982        2981        2983
        2982        2981        2984
        2983        2981        2984
        2984        2987        2988
        2984        2987        2989
        2984        2987        2990
        2985        2984        2986
        2985        2984        2987
        2986        2984        2987
        2988        2987        2989
        2988        2987        2990
        2989        2987        2990
        2991        2993        2994
        2991        2993        2995
        2992        2991        2993
        2993        2995        2996
        2993        2995        2997
        2993        2995        3001
        2994        2993        2995
        2995        2997        2998
        2995        2997        2999
        2995        2997        3000
        2995        3001        3002
        2995        3001        3003
        2996        2995        2997
        2996        2995        3001
        2997        2995        3001
        2998        2997        2999
        2998        2997        3000
        2999        2997        3000
        3001        3003        3004
        3001        3003        3005
        3002        3001        3003
        3003        3005        3006
        3003        3005        3007
        3003        3005        3011
        3004        3003        3005
        3005        3007        3008
        3005        3007        3009
        3005        3007        3010
        3005        3011        3012
        3005        3011        3013
        3006        3005        3007
        3006        3005        3011
        3007        3005        3011
        3008        3007        3009
        3008        3007        3010
        3009        3007        3010
        3012        3011        3013
        3014        3018        3016
        3014        3019        3020
        3014        3019        3021
        3014        3019        3029
        3014        3069        3067
        3015        3014        3018
        3015        3014        3019
        3015        3014        3069
        3016        3033        3029
        3016        3033        3034
        3016        3033        3035
        3016        3036        3037
        3016        3036        3038
        3016        3036        3039
        3017        3016        3018
        3017        3016        3033
        3017        3016        3036
        3018        3014        3019
        3018        3014        3069
        3018        3016        3033
        3018        3016        3036
        3019        3014        3069
        3019        3021        3022
        3019        3021        3023
        3019        3029        3030
        3019        3029        3031
        3019        3029        3033
        3020        3019        3021
        3020        3019        3029
        3021        3019        3029
        3021        3023        3024
        3021        3023        3025
        3022        3021        3023
        3023        3025        3026
        3023        3025        3027
        3023        3025        3028
        3024        3023        3025
        3026        3025        3027
        3026        3025        3028
        3027        3025        3028
        3029        3031        3032
        3029        3033        3034
        3029        3033        3035
        3030        3029        3031
        3030        3029        3033
        3031        3029        3033
        3033        3016        3036
        3034        3033        3035
        3036        3039        3040
        3037        3036        3038
        3037        3036        3039
        3038        3036        3039
        3041        3045        3043
        3041        3046        3047
        3041        3046        3048
        3041        3046        3056
        3041        3166        3164
        3042        3041        3045
        3042        3041        3046
        3042        3041        3166
        3043        3067        3056
        3043        3067        3068
        3043        3067        3069
        3043        3070        3071
        3043        3070        3072
        3043        3070        3073
        3044        3043        3045
        3044        3043        3067
        3044        3043        3070
        3045        3041        3046
        3045        3041        3166
        3045        3043        3067
        3045        3043        3070
        3046        3041        3166
        3046        3048        3049
        3046        3048        3050
        3046        3056        3057
        3046        3056        3058
        3046        3056        3067
        3047        3046        3048
        3047        3046        3056
        3048        3046        3056
        3048        3050        3051
        3048        3050        3052
        3049        3048        3050
        3050        3052        3053
        3050        3052        3054
        3050        3052        3055
        3051        3050        3052
        3053        3052        3054
        3053        3052        3055
        3054        3052        3055
        3056        3058        3059
        3056        3067        3068
        3056        3067        3069
        3057        3056        3058
        3057        3056        3067
        3058        3056        3067
        3058        3059        3060
        3058        3059        3061
        3058        3059        3063
        3059        3061        3062
        3059        3061        3075
        3059        3063        3064
        3059        3063        3065
        3059        3063        3066
        3060        3059        3061
        3060        3059        3063
        3061        3059        3063
        3061        3075        3076
        3061        3075        3077
        3062        3061        3075
        3064        3063        3065
        3064        3063        3066
        3065        3063        3066
        3067        3043        3070
        3068        3067        3069
        3070        3073        3074
        3071        3070        3072
        3071        3070        3073
        3072        3070        3073
        3075        3077        3078
        3075        3077        3079
        3075        3077        3083
        3076        3075        3077
        3077        3079        3080
        3077        3079        3081
        3077        3079        3082
        3077        3083        3084
        3077        3083        3085
        3078        3077        3079
        3078        3077        3083
        3079        3077        3083
        3080        3079        3081
        3080        3079        3082
        3081        3079        3082
        3083        3085        3086
        3083        3085        3087
        3084        3083        3085
        3085        3087        3088
        3085        3087        3089
        3085        3087        3094
        3086        3085        3087
        3087        3089        3090
        3087        3089        3091
        3087        3094        3095
        3087        3094        3096
        3087        3094        3097
        3088        3087        3089
        3088        3087        3094
        3089        3087        3094
        3089        3091        3092
        3089        3091        3093
        3090        3089        3091
        3092        3091        3093
        3094        3097        3098
        3094        3097        3099
        3094        3097        3100
        3095        3094        3096
        3095        3094        3097
        3096        3094        3097
        3097        3100        3101
        3097        3100        3102
        3098        3097        3099
        3098        3097        3100
        3099        3097        3100
        3100        3102        3103
        3100        3102        3104
        3101        3100        3102
        3102        3104        3105
        3102        3104        3106
        3102        3104        3122
        3103        3102        3104
        3104        3106        3107
        3104        3106        3108
        3104        3106        3109
        3104        3122        3123
        3104        3122        3124
        3105        3104        3106
        3105        3104        3122
        3106        3104        3122
        3106        3109        3110
        3106        3109        3111
        3106        3109        3112
        3107        3106        3108
        3107        3106        3109
        3108        3106        3109
        3109        3112        3113
        3109        3112        3114
        3109        3112        3115
        3110        3109        3111
        3110        3109        3112
        3111        3109        3112
        3112        3115        3116
        3112        3115        3117
        3112        3115        3118
        3113        3112        3114
        3113        3112        3115
        3114        3112        3115
        3115        3118        3119
        3115        3118        3120
        3115        3118        3121
        3116        3115        3117
        3116        3115        3118
        3117        3115        3118
        3119        3118        3120
        3119        3118        3121
        3120        3118        3121
        3122        3124        3125
        3122        3124        3126
        3123        3122        3124
        3124        3126        3127
        3124        3126        3128
        3124        3126        3132
        3125        3124        3126
        3126        3128        3129
        3126        3128        3130
        3126        3128        3131
        3126        3132        3133
        3126        3132        3134
        3127        3126        3128
        3127        3126        3132
        3128        3126        3132
        3129        3128        3130
        3129        3128        3131
        3130        3128        3131
        3132        3134        3135
        3132        3134        3136
        3133        3132        3134
        3134        3136        3137
        3134        3136        3138
        3134        3136        3142
        3135        3134        3136
        3136        3138        3139
        3136        3138        3140
        3136        3138        3141
        3136        3142        3143
        3136        3142        3144
        3137        3136        3138
        3137        3136        3142
        3138        3136        3142
        3139        3138        3140
        3139        3138        3141
        3140        3138        3141
        3143        3142        3144
        3145        3149        3147
        3145        3150        3151
        3145        3150        3152
        3145        3150        3160
        3145        3200        3198
        3146        3145        3149
        3146        3145        3150
        3146        3145        3200
        3147        3164        3160
        3147        3164        3165
        3147        3164        3166
        3147        3167        3168
        3147        3167        3169
        3147        3167        3170
        3148        3147        3149
        3148        3147        3164
        3148        3147        3167
        3149        3145        3150
        3149        3145        3200
        3149        3147        3164
        3149        3147        3167
        3150        3145        3200
        3150        3152        3153
        3150        3152        3154
        3150        3160        3161
        3150        3160        3162
        3150        3160        3164
        3151        3150        3152
        3151        3150        3160
        3152        3150        3160
        3152        3154        3155
        3152        3154        3156
        3153        3152        3154
        3154        3156        3157
        3154        3156        3158
        3154        3156        3159
        3155        3154        3156
        3157        3156        3158
        3157        3156        3159
        3158        3156        3159
        3160        3162        3163
        3160        3164        3165
        3160        3164        3166
        3161        3160        3162
        3161        3160        3164
        3162        3160        3164
        3164        3147        3167
        3165        3164        3166
        3167        3170        3171
        3168        3167        3169
        3168        3167        3170
        3169        3167        3170
        3172        3176        3174
        3172        3177        3178
        3172        3177        3179
        3172        3177        3187
        3172        3297        3295
        3173        3172        3176
        3173        3172        3177
        3173        3172        3297
        3174        3198        3187
        3174        3198        3199
        3174        3198        3200
        3174        3201        3202
        3174        3201        3203
        3174        3201        3204
        3175        3174        3176
        3175        3174        3198
        3175        3174        3201
        3176        3172        3177
        3176        3172        3297
        3176        3174        3198
        3176        3174        3201
        3177        3172        3297
        3177        3179        3180
        3177        3179        3181
        3177        3187        3188
        3177        3187        3189
        3177        3187        3198
        3178        3177        3179
        3178        3177        3187
        3179        3177        3187
        3179        3181        3182
        3179        3181        3183
        3180        3179        3181
        3181        3183        3184
        3181        3183        3185
        3181        3183        3186
        3182        3181        3183
        3184        3183        3185
        3184        3183        3186
        3185        3183        3186
        3187        3189        3190
        3187        3198        3199
        3187        3198        3200
        3188        3187        3189
        3188        3187        3198
        3189        3187        3198
        3189        3190        3191
        3189        3190        3192
        3189        3190        3194
        3190        3192        3193
        3190        3192        3206
        3190        3194        3195
        3190        3194        3196
        3190        3194        3197
        3191        3190        3192
        3191        3190        3194
        3192        3190        3194
        3192        3206        3207
        3192        3206        3208
        3193        3192        3206
        3195        3194        3196
        3195        3194        3197
        3196        3194        3197
        3198        3174        3201
        3199        3198        3200
        3201        3204        3205
        3202        3201        3203
        3202        3201        3204
        3203        3201        3204
        3206        3208        3209
        3206        3208        3210
        3206        3208        3214
        3207        3206        3208
        3208        3210        3211
        3208        3210        3212
        3208        3210        3213
        3208        3214        3215
        3208        3214        3216
        3209        3208        3210
        3209        3208        3214
        3210        3208        3214
        3211        3210        3212
        3211        3210        3213
        3212        3210        3213
        3214        3216        3217
        3214        3216        3218
        3215        3214        3216
        3216        3218        3219
        3216        3218        3220
        3216        3218        3225
        3217        3216        3218
        3218        3220        3221
        3218        3220        3222
        3218        3225        3226
        3218        3225        3227
        3218        3225        3228
        3219        3218        3220
        3219        3218        3225
        3220        3218        3225
        3220        3222        3223
        3220        3222        3224
        3221        3220        3222
        3223        3222        3224
        3225        3228        3229
        3225        3228        3230
        3225        3228        3231
        3226        3225        3227
        3226        3225        3228
        3227        3225        3228
        3228        3231        3232
        3228        3231        3233
        3229        3228        3230
        3229        3228        3231
        3230        3228        3231
        3231        3233        3234
        3231        3233        3235
        3232        3231        3233
        3233        3235        3236
        3233        3235        3237
        3233        3235        3253
        3234        3233        3235
        3235        3237        3238
        3235        3237        3239
        3235        3237        3240
        3235        3253        3254
        3235        3253        3255
        3236        3235        3237
        3236        3235        3253
        3237        3235        3253
        3237        3240        3241
        3237        3240        3242
        3237        3240        3243
        3238        3237        3239
        3238        3237        3240
        3239        3237        3240
        3240        3243        3244
        3240        3243        3245
        3240        3243        3246
        3241        3240        3242
        3241        3240        3243
        3242        3240        3243
        3243        3246        3247
        3243        3246        3248
        3243        3246        3249
        3244        3243        3245
        3244        3243        3246
        3245        3243        3246
        3246        3249        3250
        3246        3249        3251
        3246        3249        3252
        3247        3246        3248
        3247        3246        3249
        3248        3246        3249
        3250        3249        3251
        3250        3249        3252
        3251        3249        3252
        3253        3255        3256
        3253        3255        3257
        3254        3253        3255
        3255        3257        3258
        3255        3257        3259
        3255        3257        3263
        3256        3255        3257
        3257        3259        3260
        3257        3259        3261
        3257        3259        3262
        3257        3263        3264
        3257        3263        3265
        3258        3257        3259
        3258        3257        3263
        3259        3257        3263
        3260        3259        3261
        3260        3259        3262
        3261        3259        3262
        3263        3265        3266
        3263        3265        3267
        3264        3263        3265
        3265        3267        3268
        3265        3267        3269
        3265        3267        3273
        3266        3265        3267
        3267        3269        3270
        3267        3269        3271
        3267        3269        3272
        3267        3273        3274
        3267        3273        3275
        3268        3267        3269
        3268        3267        3273
        3269        3267        3273
        3270        3269        3271
        3270        3269        3272
        3271        3269        3272
        3274        3273        3275
        3276        3280        3278
        3276        3281        3282
        3276        3281        3283
        3276        3281        3291
        3276        3331        3329
        3277        3276        3280
        3277        3276        3281
        3277        3276        3331
        3278        3295        3291
        3278        3295        3296
        3278        3295        3297
        3278        3298        3299
        3278        3298        3300
        3278        3298        3301
        3279        3278        3280
        3279        3278        3295
        3279        3278        3298
        3280        3276        3281
        3280        3276        3331
        3280        3278        3295
        3280        3278        3298
        3281        3276        3331
        3281        3283        3284
        3281        3283        3285
        3281        3291        3292
        3281        3291        3293
        3281        3291        3295
        3282        3281        3283
        3282        3281        3291
        3283        3281        3291
        3283        3285        3286
        3283        3285        3287
        3284        3283        3285
        3285        3287        3288
        3285        3287        3289
        3285        3287        3290
        3286        3285        3287
        3288        3287        3289
        3288        3287        3290
        3289        3287        3290
        3291        3293        3294
        3291        3295        3296
        3291        3295        3297
        3292        3291        3293
        3292        3291        3295
        3293        3291        3295
        3295        3278        3298
        3296        3295        3297
        3298        3301        3302
        3299        3298        3300
        3299        3298        3301
        3300        3298        3301
        3303        3307        3305
        3303        3308        3309
        3303        3308        3310
        3303        3308        3318
        3304        3303        3307
        3304        3303        3308
        3305        3329        3318
        3305        3329        3330
        3305        3329        3331
        3305        3332        3333
        3305        3332        3334
        3305        3332        3335
        3306        3305        3307
        3306        3305        3329
        3306        3305        3332
        3307        3303        3308
        3307        3305        3329
        3307        3305        3332
        3308        3310        3311
        3308        3310        3312
        3308        3318        3319
        3308        3318        3320
        3308        3318        3329
        3309        3308        3310
        3309        3308        3318
        3310        3308        3318
        3310        3312        3313
        3310        3312        3314
        3311        3310        3312
        3312        3314        3315
        3312        3314        3316
        3312        3314        3317
        3313        3312        3314
        3315        3314        3316
        3315        3314        3317
        3316        3314        3317
        3318        3320        3321
        3318        3329        3330
        3318        3329        3331
        3319        3318        3320
        3319        3318        3329
        3320        3318        3329
        3320        3321        3322
        3320        3321        3323
        3320        3321        3325
        3321        3323        3324
        3321        3323        3337
        3321        3325        3326
        3321        3325        3327
        3321        3325        3328
        3322        3321        3323
        3322        3321        3325
        3323        3321        3325
        3323        3337        3338
        3323        3337        3339
        3324        3323        3337
        3326        3325        3327
        3326        3325        3328
        3327        3325        3328
        3329        3305        3332
        3330        3329        3331
        3332        3335        3336
        3333        3332        3334
        3333        3332        3335
        3334        3332        3335
        3337        3339        3340
        3337        3339        3341
        3337        3339        3345
        3338        3337        3339
        3339        3341        3342
        3339        3341        3343
        3339        3341        3344
        3339        3345        3346
        3339        3345        3347
        3340        3339        3341
        3340        3339        3345
        3341        3339        3345
        3342        3341        3343
        3342        3341        3344
        3343        3341        3344
        3345        3347        3348
        3345        3347        3349
        3346        3345        3347
        3347        3349        3350
        3347        3349        3351
        3347        3349        3356
        3348        3347        3349
        3349        3351        3352
        3349        3351        3353
        3349        3356        3357
        3349        3356        3358
        3349        3356        3359
        3350        3349        3351
        3350        3349        3356
        3351        3349        3356
        3351        3353        3354
        3351        3353        3355
        3352        3351        3353
        3354        3353        3355
        3356        3359        3360
        3356        3359        3361
        3356        3359        3362
        3357        3356        3358
        3357        3356        3359
        3358        3356        3359
        3359        3362        3363
        3359        3362        3364
        3360        3359        3361
        3360        3359        3362
        3361        3359        3362
        3362        3364        3365
        3362        3364        3366
        3363        3362        3364
        3364        3366        3367
        3364        3366        3368
        3364        3366        3384
        3365        3364        3366
        3366        3368        3369
        3366        3368        3370
        3366        3368        3371
        3366        3384        3385
        3366        3384        3386
        3367        3366        3368
        3367        3366        3384
        3368        3366        3384
        3368        3371        3372
        3368        3371        3373
        3368        3371        3374
        3369        3368        3370
        3369        3368        3371
        3370        3368        3371
        3371        3374        3375
        3371        3374        3376
        3371        3374        3377
        3372        3371        3373
        3372        3371        3374
        3373        3371        3374
        3374        3377        3378
        3374        3377        3379
        3374        3377        3380
        3375        3374        3376
        3375        3374        3377
        3376        3374        3377
        3377        3380        3381
        3377        3380        3382
        3377        3380        3383
        3378        3377        3379
        3378        3377        3380
        3379        3377        3380
        3381        3380        3382
        3381        3380        3383
        3382        3380        3383
        3384        3386        3387
        3384        3386        3388
        3385        3384        3386
        3386        3388        3389
        3386        3388        3390
        3386        3388        3394
        3387        3386        3388
        3388        3390        3391
        3388        3390        3392
        3388        3390        3393
        3388        3394        3395
        3388        3394        3396
        3389        3388        3390
        3389        3388        3394
        3390        3388        3394
        3391        3390        3392
        3391        3390        3393
        3392        3390        3393
        3394        3396        3397
        3394        3396        3398
        3395        3394        3396
        3396        3398        3399
        3396        3398        3400
        3396        3398        3404
        3397        3396        3398
        3398        3400        3401
        3398        3400        3402
        3398        3400        3403
        3398        3404        3405
        3398        3404        3406
        3399        3398        3400
        3399        3398        3404
        3400        3398        3404
        3401        3400        3402
        3401        3400        3403
        3402        3400        3403
        3405        3404        3406
        3407        3411        3409
        3407        3412        3413
        3407        3412        3414
        3407        3412        3422
        3407        3462        3460
        3408        3407        3411
        3408        3407        3412
        3408        3407        3462
        3409        3426        3422
        3409        3426        3427
        3409        3426        3428
        3409        3429        3430
        3409        3429        3431
        3409        3429        3432
        3410        3409        3411
        3410        3409        3426
        3410        3409        3429
        3411        3407        3412
        3411        3407        3462
        3411        3409        3426
        3411        3409        3429
        3412        3407        3462
        3412        3414        3415
        3412        3414        3416
        3412        3422        3423
        3412        3422        3424
        3412        3422        3426
        3413        3412        3414
        3413        3412        3422
        3414        3412        3422
        3414        3416        3417
        3414        3416        3418
        3415        3414        3416
        3416        3418        3419
        3416        3418        3420
        3416        3418        3421
        3417        3416        3418
        3419        3418        3420
        3419        3418        3421
        3420        3418        3421
        3422        3424        3425
        3422        3426        3427
        3422        3426        3428
        3423        3422        3424
        3423        3422        3426
        3424        3422        3426
        3426        3409        3429
        3426        3428        5006
        3427        3426        3428
        3428        5006        5007
        3428        5006        5010
        3428        5006        5011
        3429        3432        3433
        3430        3429        3431
        3430        3429        3432
        3431        3429        3432
        3434        3438        3436
        3434        3439        3440
        3434        3439        3441
        3434        3439        3449
        3434        3559        3557
        3435        3434        3438
        3435        3434        3439
        3435        3434        3559
        3436        3460        3449
        3436        3460        3461
        3436        3460        3462
        3436        3463        3464
        3436        3463        3465
        3436        3463        3466
        3437        3436        3438
        3437        3436        3460
        3437        3436        3463
        3438        3434        3439
        3438        3434        3559
        3438        3436        3460
        3438        3436        3463
        3439        3434        3559
        3439        3441        3442
        3439        3441        3443
        3439        3449        3450
        3439        3449        3451
        3439        3449        3460
        3440        3439        3441
        3440        3439        3449
        3441        3439        3449
        3441        3443        3444
        3441        3443        3445
        3442        3441        3443
        3443        3445        3446
        3443        3445        3447
        3443        3445        3448
        3444        3443        3445
        3446        3445        3447
        3446        3445        3448
        3447        3445        3448
        3449        3451        3452
        3449        3460        3461
        3449        3460        3462
        3450        3449        3451
        3450        3449        3460
        3451        3449        3460
        3451        3452        3453
        3451        3452        3454
        3451        3452        3456
        3452        3454        3455
        3452        3454        3468
        3452        3456        3457
        3452        3456        3458
        3452        3456        3459
        3453        3452        3454
        3453        3452        3456
        3454        3452        3456
        3454        3468        3469
        3454        3468        3470
        3455        3454        3468
        3457        3456        3458
        3457        3456        3459
        3458        3456        3459
        3460        3436        3463
        3461        3460        3462
        3463        3466        3467
        3464        3463        3465
        3464        3463        3466
        3465        3463        3466
        3468        3470        3471
        3468        3470        3472
        3468        3470        3476
        3469        3468        3470
        3470        3472        3473
        3470        3472        3474
        3470        3472        3475
        3470        3476        3477
        3470        3476        3478
        3471        3470        3472
        3471        3470        3476
        3472        3470        3476
        3473        3472        3474
        3473        3472        3475
        3474        3472        3475
        3476        3478        3479
        3476        3478        3480
        3477        3476        3478
        3478        3480        3481
        3478        3480        3482
        3478        3480        3487
        3479        3478        3480
        3480        3482        3483
        3480        3482        3484
        3480        3487        3488
        3480        3487        3489
        3480        3487        3490
        3481        3480        3482
        3481        3480        3487
        3482        3480        3487
        3482        3484        3485
        3482        3484        3486
        3483        3482        3484
        3485        3484        3486
        3487        3490        3491
        3487        3490        3492
        3487        3490        3493
        3488        3487        3489
        3488        3487        3490
        3489        3487        3490
        3490        3493        3494
        3490        3493        3495
        3491        3490        3492
        3491        3490        3493
        3492        3490        3493
        3493        3495        3496
        3493        3495        3497
        3494        3493        3495
        3495        3497        3498
        3495        3497        3499
        3495        3497        3515
        3496        3495        3497
        3497        3499        3500
        3497        3499        3501
        3497        3499        3502
        3497        3515        3516
        3497        3515        3517
        3498        3497        3499
        3498        3497        3515
        3499        3497        3515
        3499        3502        3503
        3499        3502        3504
        3499        3502        3505
        3500        3499        3501
        3500        3499        3502
        3501        3499        3502
        3502        3505        3506
        3502        3505        3507
        3502        3505        3508
        3503        3502        3504
        3503        3502        3505
        3504        3502        3505
        3505        3508        3509
        3505        3508        3510
        3505        3508        3511
        3506        3505        3507
        3506        3505        3508
        3507        3505        3508
        3508        3511        3512
        3508        3511        3513
        3508        3511        3514
        3509        3508        3510
        3509        3508        3511
        3510        3508        3511
        3512        3511        3513
        3512        3511        3514
        3513        3511        3514
        3515        3517        3518
        3515        3517        3519
        3516        3515        3517
        3517        3519        3520
        3517        3519        3521
        3517        3519        3525
        3518        3517        3519
        3519        3521        3522
        3519        3521        3523
        3519        3521        3524
        3519        3525        3526
        3519        3525        3527
        3520        3519        3521
        3520        3519        3525
        3521        3519        3525
        3522        3521        3523
        3522        3521        3524
        3523        3521        3524
        3525        3527        3528
        3525        3527        3529
        3526        3525        3527
        3527        3529        3530
        3527        3529        3531
        3527        3529        3535
        3528        3527        3529
        3529        3531        3532
        3529        3531        3533
        3529        3531        3534
        3529        3535        3536
        3529        3535        3537
        3530        3529        3531
        3530        3529        3535
        3531        3529        3535
        3532        3531        3533
        3532        3531        3534
        3533        3531        3534
        3536        3535        3537
        3538        3542        3540
        3538        3543        3544
        3538        3543        3545
        3538        3543        3553
        3538        3593        3591
        3539        3538        3542
        3539        3538        3543
        3539        3538        3593
        3540        3557        3553
        3540        3557        3558
        3540        3557        3559
        3540        3560        3561
        3540        3560        3562
        3540        3560        3563
        3541        3540        3542
        3541        3540        3557
        3541        3540        3560
        3542        3538        3543
        3542        3538        3593
        3542        3540        3557
        3542        3540        3560
        3543        3538        3593
        3543        3545        3546
        3543        3545        3547
        3543        3553        3554
        3543        3553        3555
        3543        3553        3557
        3544        3543        3545
        3544        3543        3553
        3545        3543        3553
        3545        3547        3548
        3545        3547        3549
        3546        3545        3547
        3547        3549        3550
        3547        3549        3551
        3547        3549        3552
        3548        3547        3549
        3550        3549        3551
        3550        3549        3552
        3551        3549        3552
        3553        3555        3556
        3553        3557        3558
        3553        3557        3559
        3554        3553        3555
        3554        3553        3557
        3555        3553        3557
        3557        3540        3560
        3558        3557        3559
        3560        3563        3564
        3561        3560        3562
        3561        3560        3563
        3562        3560        3563
        3565        3569        3567
        3565        3570        3571
        3565        3570        3572
        3565        3570        3580
        3565        3690        3688
        3566        3565        3569
        3566        3565        3570
        3566        3565        3690
        3567        3591        3580
        3567        3591        3592
        3567        3591        3593
        3567        3594        3595
        3567        3594        3596
        3567        3594        3597
        3568        3567        3569
        3568        3567        3591
        3568        3567        3594
        3569        3565        3570
        3569        3565        3690
        3569        3567        3591
        3569        3567        3594
        3570        3565        3690
        3570        3572        3573
        3570        3572        3574
        3570        3580        3581
        3570        3580        3582
        3570        3580        3591
        3571        3570        3572
        3571        3570        3580
        3572        3570        3580
        3572        3574        3575
        3572        3574        3576
        3573        3572        3574
        3574        3576        3577
        3574        3576        3578
        3574        3576        3579
        3575        3574        3576
        3577        3576        3578
        3577        3576        3579
        3578        3576        3579
        3580        3582        3583
        3580        3591        3592
        3580        3591        3593
        3581        3580        3582
        3581        3580        3591
        3582        3580        3591
        3582        3583        3584
        3582        3583        3585
        3582        3583        3587
        3583        3585        3586
        3583        3585        3599
        3583        3587        3588
        3583        3587        3589
        3583        3587        3590
        3584        3583        3585
        3584        3583        3587
        3585        3583        3587
        3585        3599        3600
        3585        3599        3601
        3586        3585        3599
        3588        3587        3589
        3588        3587        3590
        3589        3587        3590
        3591        3567        3594
        3592        3591        3593
        3594        3597        3598
        3595        3594        3596
        3595        3594        3597
        3596        3594        3597
        3599        3601        3602
        3599        3601        3603
        3599        3601        3607
        3600        3599        3601
        3601        3603        3604
        3601        3603        3605
        3601        3603        3606
        3601        3607        3608
        3601        3607        3609
        3602        3601        3603
        3602        3601        3607
        3603        3601        3607
        3604        3603        3605
        3604        3603        3606
        3605        3603        3606
        3607        3609        3610
        3607        3609        3611
        3608        3607        3609
        3609        3611        3612
        3609        3611        3613
        3609        3611        3618
        3610        3609        3611
        3611        3613        3614
        3611        3613        3615
        3611        3618        3619
        3611        3618        3620
        3611        3618        3621
        3612        3611        3613
        3612        3611        3618
        3613        3611        3618
        3613        3615        3616
        3613        3615        3617
        3614        3613        3615
        3616        3615        3617
        3618        3621        3622
        3618        3621        3623
        3618        3621        3624
        3619        3618        3620
        3619        3618        3621
        3620        3618        3621
        3621        3624        3625
        3621        3624        3626
        3622        3621        3623
        3622        3621        3624
        3623        3621        3624
        3624        3626        3627
        3624        3626        3628
        3625        3624        3626
        3626        3628        3629
        3626        3628        3630
        3626        3628        3646
        3627        3626        3628
        3628        3630        3631
        3628        3630        3632
        3628        3630        3633
        3628        3646        3647
        3628        3646        3648
        3629        3628        3630
        3629        3628        3646
        3630        3628        3646
        3630        3633        3634
        3630        3633        3635
        3630        3633        3636
        3631        3630        3632
        3631        3630        3633
        3632        3630        3633
        3633        3636        3637
        3633        3636        3638
        3633        3636        3639
        3634        3633        3635
        3634        3633        3636
        3635        3633        3636
        3636        3639        3640
        3636        3639        3641
        3636        3639        3642
        3637        3636        3638
        3637        3636        3639
        3638        3636        3639
        3639        3642        3643
        3639        3642        3644
        3639        3642        3645
        3640        3639        3641
        3640        3639        3642
        3641        3639        3642
        3643        3642        3644
        3643        3642        3645
        3644        3642        3645
        3646        3648        3649
        3646        3648        3650
        3647        3646        3648
        3648        3650        3651
        3648        3650        3652
        3648        3650        3656
        3649        3648        3650
        3650        3652        3653
        3650        3652        3654
        3650        3652        3655
        3650        3656        3657
        3650        3656        3658
        3651        3650        3652
        3651        3650        3656
        3652        3650        3656
        3653        3652        3654
        3653        3652        3655
        3654        3652        3655
        3656        3658        3659
        3656        3658        3660
        3657        3656        3658
        3658        3660        3661
        3658        3660        3662
        3658        3660        3666
        3659        3658        3660
        3660        3662        3663
        3660        3662        3664
        3660        3662        3665
        3660        3666        3667
        3660        3666        3668
        3661        3660        3662
        3661        3660        3666
        3662        3660        3666
        3663        3662        3664
        3663        3662        3665
        3664        3662        3665
        3667        3666        3668
        3669        3673        3671
        3669        3674        3675
        3669        3674        3676
        3669        3674        3684
        3669        3724        3722
        3670        3669        3673
        3670        3669        3674
        3670        3669        3724
        3671        3688        3684
        3671        3688        3689
        3671        3688        3690
        3671        3691        3692
        3671        3691        3693
        3671        3691        3694
        3672        3671        3673
        3672        3671        3688
        3672        3671        3691
        3673        3669        3674
        3673        3669        3724
        3673        3671        3688
        3673        3671        3691
        3674        3669        3724
        3674        3676        3677
        3674        3676        3678
        3674        3684        3685
        3674        3684        3686
        3674        3684        3688
        3675        3674        3676
        3675        3674        3684
        3676        3674        3684
        3676        3678        3679
        3676        3678        3680
        3677        3676        3678
        3678        3680        3681
        3678        3680        3682
        3678        3680        3683
        3679        3678        3680
        3681        3680        3682
        3681        3680        3683
        3682        3680        3683
        3684        3686        3687
        3684        3688        3689
        3684        3688        3690
        3685        3684        3686
        3685        3684        3688
        3686        3684        3688
        3688        3671        3691
        3689        3688        3690
        3691        3694        3695
        3692        3691        3693
        3692        3691        3694
        3693        3691        3694
        3696        3700        3698
        3696        3701        3702
        3696        3701        3703
        3696        3701        3711
        3696        3821        3819
        3697        3696        3700
        3697        3696        3701
        3697        3696        3821
        3698        3722        3711
        3698        3722        3723
        3698        3722        3724
        3698        3725        3726
        3698        3725        3727
        3698        3725        3728
        3699        3698        3700
        3699        3698        3722
        3699        3698        3725
        3700        3696        3701
        3700        3696        3821
        3700        3698        3722
        3700        3698        3725
        3701        3696        3821
        3701        3703        3704
        3701        3703        3705
        3701        3711        3712
        3701        3711        3713
        3701        3711        3722
        3702        3701        3703
        3702        3701        3711
        3703        3701        3711
        3703        3705        3706
        3703        3705        3707
        3704        3703        3705
        3705        3707        3708
        3705        3707        3709
        3705        3707        3710
        3706        3705        3707
        3708        3707        3709
        3708        3707        3710
        3709        3707        3710
        3711        3713        3714
        3711        3722        3723
        3711        3722        3724
        3712        3711        3713
        3712        3711        3722
        3713        3711        3722
        3713        3714        3715
        3713        3714        3716
        3713        3714        3718
        3714        3716        3717
        3714        3716        3730
        3714        3718        3719
        3714        3718        3720
        3714        3718        3721
        3715        3714        3716
        3715        3714        3718
        3716        3714        3718
        3716        3730        3731
        3716        3730        3732
        3717        3716        3730
        3719        3718        3720
        3719        3718        3721
        3720        3718        3721
        3722        3698        3725
        3723        3722        3724
        3725        3728        3729
        3726        3725        3727
        3726        3725        3728
        3727        3725        3728
        3730        3732        3733
        3730        3732        3734
        3730        3732        3738
        3731        3730        3732
        3732        3734        3735
        3732        3734        3736
        3732        3734        3737
        3732        3738        3739
        3732        3738        3740
        3733        3732        3734
        3733        3732        3738
        3734        3732        3738
        3735        3734        3736
        3735        3734        3737
        3736        3734        3737
        3738        3740        3741
        3738        3740        3742
        3739        3738        3740
        3740        3742        3743
        3740        3742        3744
        3740        3742        3749
        3741        3740        3742
        3742        3744        3745
        3742        3744        3746
        3742        3749        3750
        3742        3749        3751
        3742        3749        3752
        3743        3742        3744
        3743        3742        3749
        3744        3742        3749
        3744        3746        3747
        3744        3746        3748
        3745        3744        3746
        3747        3746        3748
        3749        3752        3753
        3749        3752        3754
        3749        3752        3755
        3750        3749        3751
        3750        3749        3752
        3751        3749        3752
        3752        3755        3756
        3752        3755        3757
        3753        3752        3754
        3753        3752        3755
        3754        3752        3755
        3755        3757        3758
        3755        3757        3759
        3756        3755        3757
        3757        3759        3760
        3757        3759        3761
        3757        3759        3777
        3758        3757        3759
        3759        3761        3762
        3759        3761        3763
        3759        3761        3764
        3759        3777        3778
        3759        3777        3779
        3760        3759        3761
        3760        3759        3777
        3761        3759        3777
        3761        3764        3765
        3761        3764        3766
        3761        3764        3767
        3762        3761        3763
        3762        3761        3764
        3763        3761        3764
        3764        3767        3768
        3764        3767        3769
        3764        3767        3770
        3765        3764        3766
        3765        3764        3767
        3766        3764        3767
        3767        3770        3771
        3767        3770        3772
        3767        3770        3773
        3768        3767        3769
        3768        3767        3770
        3769        3767        3770
        3770        3773        3774
        3770        3773        3775
        3770        3773        3776
        3771        3770        3772
        3771        3770        3773
        3772        3770        3773
        3774        3773        3775
        3774        3773        3776
        3775        3773        3776
        3777        3779        3780
        3777        3779        3781
        3778        3777        3779
        3779        3781        3782
        3779        3781        3783
        3779        3781        3787
        3780        3779        3781
        3781        3783        3784
        3781        3783        3785
        3781        3783        3786
        3781        3787        3788
        3781        3787        3789
        3782        3781        3783
        3782        3781        3787
        3783        3781        3787
        3784        3783        3785
        3784        3783        3786
        3785        3783        3786
        3787        3789        3790
        3787        3789        3791
        3788        3787        3789
        3789        3791        3792
        3789        3791        3793
        3789        3791        3797
        3790        3789        3791
        3791        3793        3794
        3791        3793        3795
        3791        3793        3796
        3791        3797        3798
        3791        3797        3799
        3792        3791        3793
        3792        3791        3797
        3793        3791        3797
        3794        3793        3795
        3794        3793        3796
        3795        3793        3796
        3798        3797        3799
        3800        3804        3802
        3800        3805        3806
        3800        3805        3807
        3800        3805        3815
        3800        3855        3853
        3801        3800        3804
        3801        3800        3805
        3801        3800        3855
        3802        3819        3815
        3802        3819        3820
        3802        3819        3821
        3802        3822        3823
        3802        3822        3824
        3802        3822        3825
        3803        3802        3804
        3803        3802        3819
        3803        3802        3822
        3804        3800        3805
        3804        3800        3855
        3804        3802        3819
        3804        3802        3822
        3805        3800        3855
        3805        3807        3808
        3805        3807        3809
        3805        3815        3816
        3805        3815        3817
        3805        3815        3819
        3806        3805        3807
        3806        3805        3815
        3807        3805        3815
        3807        3809        3810
        3807        3809        3811
        3808        3807        3809
        3809        3811        3812
        3809        3811        3813
        3809        3811        3814
        3810        3809        3811
        3812        3811        3813
        3812        3811        3814
        3813        3811        3814
        3815        3817        3818
        3815        3819        3820
        3815        3819        3821
        3816        3815        3817
        3816        3815        3819
        3817        3815        3819
        3819        3802        3822
        3820        3819        3821
        3822        3825        3826
        3823        3822        3824
        3823        3822        3825
        3824        3822        3825
        3827        3831        3829
        3827        3832        3833
        3827        3832        3834
        3827        3832        3842
        3827        3952        3950
        3828        3827        3831
        3828        3827        3832
        3828        3827        3952
        3829        3853        3842
        3829        3853        3854
        3829        3853        3855
        3829        3856        3857
        3829        3856        3858
        3829        3856        3859
        3830        3829        3831
        3830        3829        3853
        3830        3829        3856
        3831        3827        3832
        3831        3827        3952
        3831        3829        3853
        3831        3829        3856
        3832        3827        3952
        3832        3834        3835
        3832        3834        3836
        3832        3842        3843
        3832        3842        3844
        3832        3842        3853
        3833        3832        3834
        3833        3832        3842
        3834        3832        3842
        3834        3836        3837
        3834        3836        3838
        3835        3834        3836
        3836        3838        3839
        3836        3838        3840
        3836        3838        3841
        3837        3836        3838
        3839        3838        3840
        3839        3838        3841
        3840        3838        3841
        3842        3844        3845
        3842        3853        3854
        3842        3853        3855
        3843        3842        3844
        3843        3842        3853
        3844        3842        3853
        3844        3845        3846
        3844        3845        3847
        3844        3845        3849
        3845        3847        3848
        3845        3847        3861
        3845        3849        3850
        3845        3849        3851
        3845        3849        3852
        3846        3845        3847
        3846        3845        3849
        3847        3845        3849
        3847        3861        3862
        3847        3861        3863
        3848        3847        3861
        3850        3849        3851
        3850        3849        3852
        3851        3849        3852
        3853        3829        3856
        3854        3853        3855
        3856        3859        3860
        3857        3856        3858
        3857        3856        3859
        3858        3856        3859
        3861        3863        3864
        3861        3863        3865
        3861        3863        3869
        3862        3861        3863
        3863        3865        3866
        3863        3865        3867
        3863        3865        3868
        3863        3869        3870
        3863        3869        3871
        3864        3863        3865
        3864        3863        3869
        3865        3863        3869
        3866        3865        3867
        3866        3865        3868
        3867        3865        3868
        3869        3871        3872
        3869        3871        3873
        3870        3869        3871
        3871        3873        3874
        3871        3873        3875
        3871        3873        3880
        3872        3871        3873
        3873        3875        3876
        3873        3875        3877
        3873        3880        3881
        3873        3880        3882
        3873        3880        3883
        3874        3873        3875
        3874        3873        3880
        3875        3873        3880
        3875        3877        3878
        3875        3877        3879
        3876        3875        3877
        3878        3877        3879
        3880        3883        3884
        3880        3883        3885
        3880        3883        3886
        3881        3880        3882
        3881        3880        3883
        3882        3880        3883
        3883        3886        3887
        3883        3886        3888
        3884        3883        3885
        3884        3883        3886
        3885        3883        3886
        3886        3888        3889
        3886        3888        3890
        3887        3886        3888
        3888        3890        3891
        3888        3890        3892
        3888        3890        3908
        3889        3888        3890
        3890        3892        3893
        3890        3892        3894
        3890        3892        3895
        3890        3908        3909
        3890        3908        3910
        3891        3890        3892
        3891        3890        3908
        3892        3890        3908
        3892        3895        3896
        3892        3895        3897
        3892        3895        3898
        3893        3892        3894
        3893        3892        3895
        3894        3892        3895
        3895        3898        3899
        3895        3898        3900
        3895        3898        3901
        3896        3895        3897
        3896        3895        3898
        3897        3895        3898
        3898        3901        3902
        3898        3901        3903
        3898        3901        3904
        3899        3898        3900
        3899        3898        3901
        3900        3898        3901
        3901        3904        3905
        3901        3904        3906
        3901        3904        3907
        3902        3901        3903
        3902        3901        3904
        3903        3901        3904
        3905        3904        3906
        3905        3904        3907
        3906        3904        3907
        3908        3910        3911
        3908        3910        3912
        3909        3908        3910
        3910        3912        3913
        3910        3912        3914
        3910        3912        3918
        3911        3910        3912
        3912        3914        3915
        3912        3914        3916
        3912        3914        3917
        3912        3918        3919
        3912        3918        3920
        3913        3912        3914
        3913        3912        3918
        3914        3912        3918
        3915        3914        3916
        3915        3914        3917
        3916        3914        3917
        3918        3920        3921
        3918        3920        3922
        3919        3918        3920
        3920        3922        3923
        3920        3922        3924
        3920        3922        3928
        3921        3920        3922
        3922        3924        3925
        3922        3924        3926
        3922        3924        3927
        3922        3928        3929
        3922        3928        3930
        3923        3922        3924
        3923        3922        3928
        3924        3922        3928
        3925        3924        3926
        3925        3924        3927
        3926        3924        3927
        3929        3928        3930
        3931        3935        3933
        3931        3936        3937
        3931        3936        3938
        3931        3936        3946
        3931        3986        3984
        3932        3931        3935
        3932        3931        3936
        3932        3931        3986
        3933        3950        3946
        3933        3950        3951
        3933        3950        3952
        3933        3953        3954
        3933        3953        3955
        3933        3953        3956
        3934        3933        3935
        3934        3933        3950
        3934        3933        3953
        3935        3931        3936
        3935        3931        3986
        3935        3933        3950
        3935        3933        3953
        3936        3931        3986
        3936        3938        3939
        3936        3938        3940
        3936        3946        3947
        3936        3946        3948
        3936        3946        3950
        3937        3936        3938
        3937        3936        3946
        3938        3936        3946
        3938        3940        3941
        3938        3940        3942
        3939        3938        3940
        3940        3942        3943
        3940        3942        3944
        3940        3942        3945
        3941        3940        3942
        3943        3942        3944
        3943        3942        3945
        3944        3942        3945
        3946        3948        3949
        3946        3950        3951
        3946        3950        3952
        3947        3946        3948
        3947        3946        3950
        3948        3946        3950
        3950        3933        3953
        3951        3950        3952
        3953        3956        3957
        3954        3953        3955
        3954        3953        3956
        3955        3953        3956
        3958        3962        3960
        3958        3963        3964
        3958        3963        3965
        3958        3963        3973
        3958        4083        4081
        3959        3958        3962
        3959        3958        3963
        3959        3958        4083
        3960        3984        3973
        3960        3984        3985
        3960        3984        3986
        3960        3987        3988
        3960        3987        3989
        3960        3987        3990
        3961        3960        3962
        3961        3960        3984
        3961        3960        3987
        3962        3958        3963
        3962        3958        4083
        3962        3960        3984
        3962        3960        3987
        3963        3958        4083
        3963        3965        3966
        3963        3965        3967
        3963        3973        3974
        3963        3973        3975
        3963        3973        3984
        3964        3963        3965
        3964        3963        3973
        3965        3963        3973
        3965        3967        3968
        3965        3967        3969
        3966        3965        3967
        3967        3969        3970
        3967        3969        3971
        3967        3969        3972
        3968        3967        3969
        3970        3969        3971
        3970        3969        3972
        3971        3969        3972
        3973        3975        3976
        3973        3984        3985
        3973        3984        3986
        3974        3973        3975
        3974        3973        3984
        3975        3973        3984
        3975        3976        3977
        3975        3976        3978
        3975        3976        3980
        3976        3978        3979
        3976        3978        3992
        3976        3980        3981
        3976        3980        3982
        3976        3980        3983
        3977        3976        3978
        3977        3976        3980
        3978        3976        3980
        3978        3992        3993
        3978        3992        3994
        3979        3978        3992
        3981        3980        3982
        3981        3980        3983
        3982        3980        3983
        3984        3960        3987
        3985        3984        3986
        3987        3990        3991
        3988        3987        3989
        3988        3987        3990
        3989        3987        3990
        3992        3994        3995
        3992        3994        3996
        3992        3994        4000
        3993        3992        3994
        3994        3996        3997
        3994        3996        3998
        3994        3996        3999
        3994        4000        4001
        3994        4000        4002
        3995        3994        3996
        3995        3994        4000
        3996        3994        4000
        3997        3996        3998
        3997        3996        3999
        3998        3996        3999
        4000        4002        4003
        4000        4002        4004
        4001        4000        4002
        4002        4004        4005
        4002        4004        4006
        4002        4004        4011
        4003        4002        4004
        4004        4006        4007
        4004        4006        4008
        4004        4011        4012
        4004        4011        4013
        4004        4011        4014
        4005        4004        4006
        4005        4004        4011
        4006        4004        4011
        4006        4008        4009
        4006        4008        4010
        4007        4006        4008
        4009        4008        4010
        4011        4014        4015
        4011        4014        4016
        4011        4014        4017
        4012        4011        4013
        4012        4011        4014
        4013        4011        4014
        4014        4017        4018
        4014        4017        4019
        4015        4014        4016
        4015        4014        4017
        4016        4014        4017
        4017        4019        4020
        4017        4019        4021
        4018        4017        4019
        4019        4021        4022
        4019        4021        4023
        4019        4021        4039
        4020        4019        4021
        4021        4023        4024
        4021        4023        4025
        4021        4023        4026
        4021        4039        4040
        4021        4039        4041
        4022        4021        4023
        4022        4021        4039
        4023        4021        4039
        4023        4026        4027
        4023        4026        4028
        4023        4026        4029
        4024        4023        4025
        4024        4023        4026
        4025        4023        4026
        4026        4029        4030
        4026        4029        4031
        4026        4029        4032
        4027        4026        4028
        4027        4026        4029
        4028        4026        4029
        4029        4032        4033
        4029        4032        4034
        4029        4032        4035
        4030        4029        4031
        4030        4029        4032
        4031        4029        4032
        4032        4035        4036
        4032        4035        4037
        4032        4035        4038
        4033        4032        4034
        4033        4032        4035
        4034        4032        4035
        4036        4035        4037
        4036        4035        4038
        4037        4035        4038
        4039        4041        4042
        4039        4041        4043
        4040        4039        4041
        4041        4043        4044
        4041        4043        4045
        4041        4043        4049
        4042        4041        4043
        4043        4045        4046
        4043        4045        4047
        4043        4045        4048
        4043        4049        4050
        4043        4049        4051
        4044        4043        4045
        4044        4043        4049
        4045        4043        4049
        4046        4045        4047
        4046        4045        4048
        4047        4045        4048
        4049        4051        4052
        4049        4051        4053
        4050        4049        4051
        4051        4053        4054
        4051        4053        4055
        4051        4053        4059
        4052        4051        4053
        4053        4055        4056
        4053        4055        4057
        4053        4055        4058
        4053        4059        4060
        4053        4059        4061
        4054        4053        4055
        4054        4053        4059
        4055        4053        4059
        4056        4055        4057
        4056        4055        4058
        4057        4055        4058
        4060        4059        4061
        4062        4066        4064
        4062        4067        4068
        4062        4067        4069
        4062        4067        4077
        4062        4117        4115
        4063        4062        4066
        4063        4062        4067
        4063        4062        4117
        4064        4081        4077
        4064        4081        4082
        4064        4081        4083
        4064        4084        4085
        4064        4084        4086
        4064        4084        4087
        4065        4064        4066
        4065        4064        4081
        4065        4064        4084
        4066        4062        4067
        4066        4062        4117
        4066        4064        4081
        4066        4064        4084
        4067        4062        4117
        4067        4069        4070
        4067        4069        4071
        4067        4077        4078
        4067        4077        4079
        4067        4077        4081
        4068        4067        4069
        4068        4067        4077
        4069        4067        4077
        4069        4071        4072
        4069        4071        4073
        4070        4069        4071
        4071        4073        4074
        4071        4073        4075
        4071        4073        4076
        4072        4071        4073
        4074        4073        4075
        4074        4073        4076
        4075        4073        4076
        4077        4079        4080
        4077        4081        4082
        4077        4081        4083
        4078        4077        4079
        4078        4077        4081
        4079        4077        4081
        4081        4064        4084
        4082        4081        4083
        4084        4087        4088
        4085        4084        4086
        4085        4084        4087
        4086        4084        4087
        4089        4093        4091
        4089        4094        4095
        4089        4094        4096
        4089        4094        4104
        4089        4214        4212
        4090        4089        4093
        4090        4089        4094
        4090        4089        4214
        4091        4115        4104
        4091        4115        4116
        4091        4115        4117
        4091        4118        4119
        4091        4118        4120
        4091        4118        4121
        4092        4091        4093
        4092        4091        4115
        4092        4091        4118
        4093        4089        4094
        4093        4089        4214
        4093        4091        4115
        4093        4091        4118
        4094        4089        4214
        4094        4096        4097
        4094        4096        4098
        4094        4104        4105
        4094        4104        4106
        4094        4104        4115
        4095        4094        4096
        4095        4094        4104
        4096        4094        4104
        4096        4098        4099
        4096        4098        4100
        4097        4096        4098
        4098        4100        4101
        4098        4100        4102
        4098        4100        4103
        4099        4098        4100
        4101        4100        4102
        4101        4100        4103
        4102        4100        4103
        4104        4106        4107
        4104        4115        4116
        4104        4115        4117
        4105        4104        4106
        4105        4104        4115
        4106        4104        4115
        4106        4107        4108
        4106        4107        4109
        4106        4107        4111
        4107        4109        4110
        4107        4109        4123
        4107        4111        4112
        4107        4111        4113
        4107        4111        4114
        4108        4107        4109
        4108        4107        4111
        4109        4107        4111
        4109        4123        4124
        4109        4123        4125
        4110        4109        4123
        4112        4111        4113
        4112        4111        4114
        4113        4111        4114
        4115        4091        4118
        4116        4115        4117
        4118        4121        4122
        4119        4118        4120
        4119        4118        4121
        4120        4118        4121
        4123        4125        4126
        4123        4125        4127
        4123        4125        4131
        4124        4123        4125
        4125        4127        4128
        4125        4127        4129
        4125        4127        4130
        4125        4131        4132
        4125        4131        4133
        4126        4125        4127
        4126        4125        4131
        4127        4125        4131
        4128        4127        4129
        4128        4127        4130
        4129        4127        4130
        4131        4133        4134
        4131        4133        4135
        4132        4131        4133
        4133        4135        4136
        4133        4135        4137
        4133        4135        4142
        4134        4133        4135
        4135        4137        4138
        4135        4137        4139
        4135        4142        4143
        4135        4142        4144
        4135        4142        4145
        4136        4135        4137
        4136        4135        4142
        4137        4135        4142
        4137        4139        4140
        4137        4139        4141
        4138        4137        4139
        4140        4139        4141
        4142        4145        4146
        4142        4145        4147
        4142        4145        4148
        4143        4142        4144
        4143        4142        4145
        4144        4142        4145
        4145        4148        4149
        4145        4148        4150
        4146        4145        4147
        4146        4145        4148
        4147        4145        4148
        4148        4150        4151
        4148        4150        4152
        4149        4148        4150
        4150        4152        4153
        4150        4152        4154
        4150        4152        4170
        4151        4150        4152
        4152        4154        4155
        4152        4154        4156
        4152        4154        4157
        4152        4170        4171
        4152        4170        4172
        4153        4152        4154
        4153        4152        4170
        4154        4152        4170
        4154        4157        4158
        4154        4157        4159
        4154        4157        4160
        4155        4154        4156
        4155        4154        4157
        4156        4154        4157
        4157        4160        4161
        4157        4160        4162
        4157        4160        4163
        4158        4157        4159
        4158        4157        4160
        4159        4157        4160
        4160        4163        4164
        4160        4163        4165
        4160        4163        4166
        4161        4160        4162
        4161        4160        4163
        4162        4160        4163
        4163        4166        4167
        4163        4166        4168
        4163        4166        4169
        4164        4163        4165
        4164        4163        4166
        4165        4163        4166
        4167        4166        4168
        4167        4166        4169
        4168        4166        4169
        4170        4172        4173
        4170        4172        4174
        4171        4170        4172
        4172        4174        4175
        4172        4174        4176
        4172        4174        4180
        4173        4172        4174
        4174        4176        4177
        4174        4176        4178
        4174        4176        4179
        4174        4180        4181
        4174        4180        4182
        4175        4174        4176
        4175        4174        4180
        4176        4174        4180
        4177        4176        4178
        4177        4176        4179
        4178        4176        4179
        4180        4182        4183
        4180        4182        4184
        4181        4180        4182
        4182        4184        4185
        4182        4184        4186
        4182        4184        4190
        4183        4182        4184
        4184        4186        4187
        4184        4186        4188
        4184        4186        4189
        4184        4190        4191
        4184        4190        4192
        4185        4184        4186
        4185        4184        4190
        4186        4184        4190
        4187        4186        4188
        4187        4186        4189
        4188        4186        4189
        4191        4190        4192
        4193        4197        4195
        4193        4198        4199
        4193        4198        4200
        4193        4198        4208
        4193        4248        4246
        4194        4193        4197
        4194        4193        4198
        4194        4193        4248
        4195        4212        4208
        4195        4212        4213
        4195        4212        4214
        4195        4215        4216
        4195        4215        4217
        4195        4215        4218
        4196        4195        4197
        4196        4195        4212
        4196        4195        4215
        4197        4193        4198
        4197        4193        4248
        4197        4195        4212
        4197        4195        4215
        4198        4193        4248
        4198        4200        4201
        4198        4200        4202
        4198        4208        4209
        4198        4208        4210
        4198        4208        4212
        4199        4198        4200
        4199        4198        4208
        4200        4198        4208
        4200        4202        4203
        4200        4202        4204
        4201        4200        4202
        4202        4204        4205
        4202        4204        4206
        4202        4204        4207
        4203        4202        4204
        4205        4204        4206
        4205        4204        4207
        4206        4204        4207
        4208        4210        4211
        4208        4212        4213
        4208        4212        4214
        4209        4208        4210
        4209        4208        4212
        4210        4208        4212
        4212        4195        4215
        4213        4212        4214
        4215        4218        4219
        4216        4215        4217
        4216        4215        4218
        4217        4215        4218
        4220        4224        4222
        4220        4225        4226
        4220        4225        4227
        4220        4225        4235
        4220        4345        4343
        4221        4220        4224
        4221        4220        4225
        4221        4220        4345
        4222        4246        4235
        4222        4246        4247
        4222        4246        4248
        4222        4249        4250
        4222        4249        4251
        4222        4249        4252
        4223        4222        4224
        4223        4222        4246
        4223        4222        4249
        4224        4220        4225
        4224        4220        4345
        4224        4222        4246
        4224        4222        4249
        4225        4220        4345
        4225        4227        4228
        4225        4227        4229
        4225        4235        4236
        4225        4235        4237
        4225        4235        4246
        4226        4225        4227
        4226        4225        4235
        4227        4225        4235
        4227        4229        4230
        4227        4229        4231
        4228        4227        4229
        4229        4231        4232
        4229        4231        4233
        4229        4231        4234
        4230        4229        4231
        4232        4231        4233
        4232        4231        4234
        4233        4231        4234
        4235        4237        4238
        4235        4246        4247
        4235        4246        4248
        4236        4235        4237
        4236        4235        4246
        4237        4235        4246
        4237        4238        4239
        4237        4238        4240
        4237        4238        4242
        4238        4240        4241
        4238        4240        4254
        4238        4242        4243
        4238        4242        4244
        4238        4242        4245
        4239        4238        4240
        4239        4238        4242
        4240        4238        4242
        4240        4254        4255
        4240        4254        4256
        4241        4240        4254
        4243        4242        4244
        4243        4242        4245
        4244        4242        4245
        4246        4222        4249
        4247        4246        4248
        4249        4252        4253
        4250        4249        4251
        4250        4249        4252
        4251        4249        4252
        4254        4256        4257
        4254        4256        4258
        4254        4256        4262
        4255        4254        4256
        4256        4258        4259
        4256        4258        4260
        4256        4258        4261
        4256        4262        4263
        4256        4262        4264
        4257        4256        4258
        4257        4256        4262
        4258        4256        4262
        4259        4258        4260
        4259        4258        4261
        4260        4258        4261
        4262        4264        4265
        4262        4264        4266
        4263        4262        4264
        4264        4266        4267
        4264        4266        4268
        4264        4266        4273
        4265        4264        4266
        4266        4268        4269
        4266        4268        4270
        4266        4273        4274
        4266        4273        4275
        4266        4273        4276
        4267        4266        4268
        4267        4266        4273
        4268        4266        4273
        4268        4270        4271
        4268        4270        4272
        4269        4268        4270
        4271        4270        4272
        4273        4276        4277
        4273        4276        4278
        4273        4276        4279
        4274        4273        4275
        4274        4273        4276
        4275        4273        4276
        4276        4279        4280
        4276        4279        4281
        4277        4276        4278
        4277        4276        4279
        4278        4276        4279
        4279        4281        4282
        4279        4281        4283
        4280        4279        4281
        4281        4283        4284
        4281        4283        4285
        4281        4283        4301
        4282        4281        4283
        4283        4285        4286
        4283        4285        4287
        4283        4285        4288
        4283        4301        4302
        4283        4301        4303
        4284        4283        4285
        4284        4283        4301
        4285        4283        4301
        4285        4288        4289
        4285        4288        4290
        4285        4288        4291
        4286        4285        4287
        4286        4285        4288
        4287        4285        4288
        4288        4291        4292
        4288        4291        4293
        4288        4291        4294
        4289        4288        4290
        4289        4288        4291
        4290        4288        4291
        4291        4294        4295
        4291        4294        4296
        4291        4294        4297
        4292        4291        4293
        4292        4291        4294
        4293        4291        4294
        4294        4297        4298
        4294        4297        4299
        4294        4297        4300
        4295        4294        4296
        4295        4294        4297
        4296        4294        4297
        4298        4297        4299
        4298        4297        4300
        4299        4297        4300
        4301        4303        4304
        4301        4303        4305
        4302        4301        4303
        4303        4305        4306
        4303        4305        4307
        4303        4305        4311
        4304        4303        4305
        4305        4307        4308
        4305        4307        4309
        4305        4307        4310
        4305        4311        4312
        4305        4311        4313
        4306        4305        4307
        4306        4305        4311
        4307        4305        4311
        4308        4307        4309
        4308        4307        4310
        4309        4307        4310
        4311        4313        4314
        4311        4313        4315
        4312        4311        4313
        4313        4315        4316
        4313        4315        4317
        4313        4315        4321
        4314        4313        4315
        4315        4317        4318
        4315        4317        4319
        4315        4317        4320
        4315        4321        4322
        4315        4321        4323
        4316        4315        4317
        4316        4315        4321
        4317        4315        4321
        4318        4317        4319
        4318        4317        4320
        4319        4317        4320
        4322        4321        4323
        4324        4328        4326
        4324        4329        4330
        4324        4329        4331
        4324        4329        4339
        4324        4379        4377
        4325        4324        4328
        4325        4324        4329
        4325        4324        4379
        4326        4343        4339
        4326        4343        4344
        4326        4343        4345
        4326        4346        4347
        4326        4346        4348
        4326        4346        4349
        4327        4326        4328
        4327        4326        4343
        4327        4326        4346
        4328        4324        4329
        4328        4324        4379
        4328        4326        4343
        4328        4326        4346
        4329        4324        4379
        4329        4331        4332
        4329        4331        4333
        4329        4339        4340
        4329        4339        4341
        4329        4339        4343
        4330        4329        4331
        4330        4329        4339
        4331        4329        4339
        4331        4333        4334
        4331        4333        4335
        4332        4331        4333
        4333        4335        4336
        4333        4335        4337
        4333        4335        4338
        4334        4333        4335
        4336        4335        4337
        4336        4335        4338
        4337        4335        4338
        4339        4341        4342
        4339        4343        4344
        4339        4343        4345
        4340        4339        4341
        4340        4339        4343
        4341        4339        4343
        4343        4326        4346
        4344        4343        4345
        4346        4349        4350
        4347        4346        4348
        4347        4346        4349
        4348        4346        4349
        4351        4355        4353
        4351        4356        4357
        4351        4356        4358
        4351        4356        4366
        4351        4476        4474
        4352        4351        4355
        4352        4351        4356
        4352        4351        4476
        4353        4377        4366
        4353        4377        4378
        4353        4377        4379
        4353        4380        4381
        4353        4380        4382
        4353        4380        4383
        4354        4353        4355
        4354        4353        4377
        4354        4353        4380
        4355        4351        4356
        4355        4351        4476
        4355        4353        4377
        4355        4353        4380
        4356        4351        4476
        4356        4358        4359
        4356        4358        4360
        4356        4366        4367
        4356        4366        4368
        4356        4366        4377
        4357        4356        4358
        4357        4356        4366
        4358        4356        4366
        4358        4360        4361
        4358        4360        4362
        4359        4358        4360
        4360        4362        4363
        4360        4362        4364
        4360        4362        4365
        4361        4360        4362
        4363        4362        4364
        4363        4362        4365
        4364        4362        4365
        4366        4368        4369
        4366        4377        4378
        4366        4377        4379
        4367        4366        4368
        4367        4366        4377
        4368        4366        4377
        4368        4369        4370
        4368        4369        4371
        4368        4369        4373
        4369        4371        4372
        4369        4371        4385
        4369        4373        4374
        4369        4373        4375
        4369        4373        4376
        4370        4369        4371
        4370        4369        4373
        4371        4369        4373
        4371        4385        4386
        4371        4385        4387
        4372        4371        4385
        4374        4373        4375
        4374        4373        4376
        4375        4373        4376
        4377        4353        4380
        4378        4377        4379
        4380        4383        4384
        4381        4380        4382
        4381        4380        4383
        4382        4380        4383
        4385        4387        4388
        4385        4387        4389
        4385        4387        4393
        4386        4385        4387
        4387        4389        4390
        4387        4389        4391
        4387        4389        4392
        4387        4393        4394
        4387        4393        4395
        4388        4387        4389
        4388        4387        4393
        4389        4387        4393
        4390        4389        4391
        4390        4389        4392
        4391        4389        4392
        4393        4395        4396
        4393        4395        4397
        4394        4393        4395
        4395        4397        4398
        4395        4397        4399
        4395        4397        4404
        4396        4395        4397
        4397        4399        4400
        4397        4399        4401
        4397        4404        4405
        4397        4404        4406
        4397        4404        4407
        4398        4397        4399
        4398        4397        4404
        4399        4397        4404
        4399        4401        4402
        4399        4401        4403
        4400        4399        4401
        4402        4401        4403
        4404        4407        4408
        4404        4407        4409
        4404        4407        4410
        4405        4404        4406
        4405        4404        4407
        4406        4404        4407
        4407        4410        4411
        4407        4410        4412
        4408        4407        4409
        4408        4407        4410
        4409        4407        4410
        4410        4412        4413
        4410        4412        4414
        4411        4410        4412
        4412        4414        4415
        4412        4414        4416
        4412        4414        4432
        4413        4412        4414
        4414        4416        4417
        4414        4416        4418
        4414        4416        4419
        4414        4432        4433
        4414        4432        4434
        4415        4414        4416
        4415        4414        4432
        4416        4414        4432
        4416        4419        4420
        4416        4419        4421
        4416        4419        4422
        4417        4416        4418
        4417        4416        4419
        4418        4416        4419
        4419        4422        4423
        4419        4422        4424
        4419        4422        4425
        4420        4419        4421
        4420        4419        4422
        4421        4419        4422
        4422        4425        4426
        4422        4425        4427
        4422        4425        4428
        4423        4422        4424
        4423        4422        4425
        4424        4422        4425
        4425        4428        4429
        4425        4428        4430
        4425        4428        4431
        4426        4425        4427
        4426        4425        4428
        4427        4425        4428
        4429        4428        4430
        4429        4428        4431
        4430        4428        4431
        4432        4434        4435
        4432        4434        4436
        4433        4432        4434
        4434        4436        4437
        4434        4436        4438
        4434        4436        4442
        4435        4434        4436
        4436        4438        4439
        4436        4438        4440
        4436        4438        4441
        4436        4442        4443
        4436        4442        4444
        4437        4436        4438
        4437        4436        4442
        4438        4436        4442
        4439        4438        4440
        4439        4438        4441
        4440        4438        4441
        4442        4444        4445
        4442        4444        4446
        4443        4442        4444
        4444        4446        4447
        4444        4446        4448
        4444        4446        4452
        4445        4444        4446
        4446        4448        4449
        4446        4448        4450
        4446        4448        4451
        4446        4452        4453
        4446        4452        4454
        4447        4446        4448
        4447        4446        4452
        4448        4446        4452
        4449        4448        4450
        4449        4448        4451
        4450        4448        4451
        4453        4452        4454
        4455        4459        4457
        4455        4460        4461
        4455        4460        4462
        4455        4460        4470
        4455        4510        4508
        4456        4455        4459
        4456        4455        4460
        4456        4455        4510
        4457        4474        4470
        4457        4474        4475
        4457        4474        4476
        4457        4477        4478
        4457        4477        4479
        4457        4477        4480
        4458        4457        4459
        4458        4457        4474
        4458        4457        4477
        4459        4455        4460
        4459        4455        4510
        4459        4457        4474
        4459        4457        4477
        4460        4455        4510
        4460        4462        4463
        4460        4462        4464
        4460        4470        4471
        4460        4470        4472
        4460        4470        4474
        4461        4460        4462
        4461        4460        4470
        4462        4460        4470
        4462        4464        4465
        4462        4464        4466
        4463        4462        4464
        4464        4466        4467
        4464        4466        4468
        4464        4466        4469
        4465        4464        4466
        4467        4466        4468
        4467        4466        4469
        4468        4466        4469
        4470        4472        4473
        4470        4474        4475
        4470        4474        4476
        4471        4470        4472
        4471        4470        4474
        4472        4470        4474
        4474        4457        4477
        4475        4474        4476
        4477        4480        4481
        4478        4477        4479
        4478        4477        4480
        4479        4477        4480
        4482        4486        4484
        4482        4487        4488
        4482        4487        4489
        4482        4487        4497
        4482        4607        4605
        4483        4482        4486
        4483        4482        4487
        4483        4482        4607
        4484        4508        4497
        4484        4508        4509
        4484        4508        4510
        4484        4511        4512
        4484        4511        4513
        4484        4511        4514
        4485        4484        4486
        4485        4484        4508
        4485        4484        4511
        4486        4482        4487
        4486        4482        4607
        4486        4484        4508
        4486        4484        4511
        4487        4482        4607
        4487        4489        4490
        4487        4489        4491
        4487        4497        4498
        4487        4497        4499
        4487        4497        4508
        4488        4487        4489
        4488        4487        4497
        4489        4487        4497
        4489        4491        4492
        4489        4491        4493
        4490        4489        4491
        4491        4493        4494
        4491        4493        4495
        4491        4493        4496
        4492        4491        4493
        4494        4493        4495
        4494        4493        4496
        4495        4493        4496
        4497        4499        4500
        4497        4508        4509
        4497        4508        4510
        4498        4497        4499
        4498        4497        4508
        4499        4497        4508
        4499        4500        4501
        4499        4500        4502
        4499        4500        4504
        4500        4502        4503
        4500        4502        4516
        4500        4504        4505
        4500        4504        4506
        4500        4504        4507
        4501        4500        4502
        4501        4500        4504
        4502        4500        4504
        4502        4516        4517
        4502        4516        4518
        4503        4502        4516
        4505        4504        4506
        4505        4504        4507
        4506        4504        4507
        4508        4484        4511
        4509        4508        4510
        4511        4514        4515
        4512        4511        4513
        4512        4511        4514
        4513        4511        4514
        4516        4518        4519
        4516        4518        4520
        4516        4518        4524
        4517        4516        4518
        4518        4520        4521
        4518        4520        4522
        4518        4520        4523
        4518        4524        4525
        4518        4524        4526
        4519        4518        4520
        4519        4518        4524
        4520        4518        4524
        4521        4520        4522
        4521        4520        4523
        4522        4520        4523
        4524        4526        4527
        4524        4526        4528
        4525        4524        4526
        4526        4528        4529
        4526        4528        4530
        4526        4528        4535
        4527        4526        4528
        4528        4530        4531
        4528        4530        4532
        4528        4535        4536
        4528        4535        4537
        4528        4535        4538
        4529        4528        4530
        4529        4528        4535
        4530        4528        4535
        4530        4532        4533
        4530        4532        4534
        4531        4530        4532
        4533        4532        4534
        4535        4538        4539
        4535        4538        4540
        4535        4538        4541
        4536        4535        4537
        4536        4535        4538
        4537        4535        4538
        4538        4541        4542
        4538        4541        4543
        4539        4538        4540
        4539        4538        4541
        4540        4538        4541
        4541        4543        4544
        4541        4543        4545
        4542        4541        4543
        4543        4545        4546
        4543        4545        4547
        4543        4545        4563
        4544        4543        4545
        4545        4547        4548
        4545        4547        4549
        4545        4547        4550
        4545        4563        4564
        4545        4563        4565
        4546        4545        4547
        4546        4545        4563
        4547        4545        4563
        4547        4550        4551
        4547        4550        4552
        4547        4550        4553
        4548        4547        4549
        4548        4547        4550
        4549        4547        4550
        4550        4553        4554
        4550        4553        4555
        4550        4553        4556
        4551        4550        4552
        4551        4550        4553
        4552        4550        4553
        4553        4556        4557
        4553        4556        4558
        4553        4556        4559
        4554        4553        4555
        4554        4553        4556
        4555        4553        4556
        4556        4559        4560
        4556        4559        4561
        4556        4559        4562
        4557        4556        4558
        4557        4556        4559
        4558        4556        4559
        4560        4559        4561
        4560        4559        4562
        4561        4559        4562
        4563        4565        4566
        4563        4565        4567
        4564        4563        4565
        4565        4567        4568
        4565        4567        4569
        4565        4567        4573
        4566        4565        4567
        4567        4569        4570
        4567        4569        4571
        4567        4569        4572
        4567        4573        4574
        4567        4573        4575
        4568        4567        4569
        4568        4567        4573
        4569        4567        4573
        4570        4569        4571
        4570        4569        4572
        4571        4569        4572
        4573        4575        4576
        4573        4575        4577
        4574        4573        4575
        4575        4577        4578
        4575        4577        4579
        4575        4577        4583
        4576        4575        4577
        4577        4579        4580
        4577        4579        4581
        4577        4579        4582
        4577        4583        4584
        4577        4583        4585
        4578        4577        4579
        4578        4577        4583
        4579        4577        4583
        4580        4579        4581
        4580        4579        4582
        4581        4579        4582
        4584        4583        4585
        4586        4590        4588
        4586        4591        4592
        4586        4591        4593
        4586        4591        4601
        4586        4641        4639
        4587        4586        4590
        4587        4586        4591
        4587        4586        4641
        4588        4605        4601
        4588        4605        4606
        4588        4605        4607
        4588        4608        4609
        4588        4608        4610
        4588        4608        4611
        4589        4588        4590
        4589        4588        4605
        4589        4588        4608
        4590        4586        4591
        4590        4586        4641
        4590        4588        4605
        4590        4588        4608
        4591        4586        4641
        4591        4593        4594
        4591        4593        4595
        4591        4601        4602
        4591        4601        4603
        4591        4601        4605
        4592        4591        4593
        4592        4591        4601
        4593        4591        4601
        4593        4595        4596
        4593        4595        4597
        4594        4593        4595
        4595        4597        4598
        4595        4597        4599
        4595        4597        4600
        4596        4595        4597
        4598        4597        4599
        4598        4597        4600
        4599        4597        4600
        4601        4603        4604
        4601        4605        4606
        4601        4605        4607
        4602        4601        4603
        4602        4601        4605
        4603        4601        4605
        4605        4588        4608
        4606        4605        4607
        4608        4611        4612
        4609        4608        4610
        4609        4608        4611
        4610        4608        4611
        4613        4617        4615
        4613        4618        4619
        4613        4618        4620
        4613        4618        4628
        4613        4738        4736
        4614        4613        4617
        4614        4613        4618
        4614        4613        4738
        4615        4639        4628
        4615        4639        4640
        4615        4639        4641
        4615        4642        4643
        4615        4642        4644
        4615        4642        4645
        4616        4615        4617
        4616        4615        4639
        4616        4615        4642
        4617        4613        4618
        4617        4613        4738
        4617        4615        4639
        4617        4615        4642
        4618        4613        4738
        4618        4620        4621
        4618        4620        4622
        4618        4628        4629
        4618        4628        4630
        4618        4628        4639
        4619        4618        4620
        4619        4618        4628
        4620        4618        4628
        4620        4622        4623
        4620        4622        4624
        4621        4620        4622
        4622        4624        4625
        4622        4624        4626
        4622        4624        4627
        4623        4622        4624
        4625        4624        4626
        4625        4624        4627
        4626        4624        4627
        4628        4630        4631
        4628        4639        4640
        4628        4639        4641
        4629        4628        4630
        4629        4628        4639
        4630        4628        4639
        4630        4631        4632
        4630        4631        4633
        4630        4631        4635
        4631        4633        4634
        4631        4633        4647
        4631        4635        4636
        4631        4635        4637
        4631        4635        4638
        4632        4631        4633
        4632        4631        4635
        4633        4631        4635
        4633        4647        4648
        4633        4647        4649
        4634        4633        4647
        4636        4635        4637
        4636        4635        4638
        4637        4635        4638
        4639        4615        4642
        4640        4639        4641
        4642        4645        4646
        4643        4642        4644
        4643        4642        4645
        4644        4642        4645
        4647        4649        4650
        4647        4649        4651
        4647        4649        4655
        4648        4647        4649
        4649        4651        4652
        4649        4651        4653
        4649        4651        4654
        4649        4655        4656
        4649        4655        4657
        4650        4649        4651
        4650        4649        4655
        4651        4649        4655
        4652        4651        4653
        4652        4651        4654
        4653        4651        4654
        4655        4657        4658
        4655        4657        4659
        4656        4655        4657
        4657        4659        4660
        4657        4659        4661
        4657        4659        4666
        4658        4657        4659
        4659        4661        4662
        4659        4661        4663
        4659        4666        4667
        4659        4666        4668
        4659        4666        4669
        4660        4659        4661
        4660        4659        4666
        4661        4659        4666
        4661        4663        4664
        4661        4663        4665
        4662        4661        4663
        4664        4663        4665
        4666        4669        4670
        4666        4669        4671
        4666        4669        4672
        4667        4666        4668
        4667        4666        4669
        4668        4666        4669
        4669        4672        4673
        4669        4672        4674
        4670        4669        4671
        4670        4669        4672
        4671        4669        4672
        4672        4674        4675
        4672        4674        4676
        4673        4672        4674
        4674        4676        4677
        4674        4676        4678
        4674        4676        4694
        4675        4674        4676
        4676        4678        4679
        4676        4678        4680
        4676        4678        4681
        4676        4694        4695
        4676        4694        4696
        4677        4676        4678
        4677        4676        4694
        4678        4676        4694
        4678        4681        4682
        4678        4681        4683
        4678        4681        4684
        4679        4678        4680
        4679        4678        4681
        4680        4678        4681
        4681        4684        4685
        4681        4684        4686
        4681        4684        4687
        4682        4681        4683
        4682        4681        4684
        4683        4681        4684
        4684        4687        4688
        4684        4687        4689
        4684        4687        4690
        4685        4684        4686
        4685        4684        4687
        4686        4684        4687
        4687        4690        4691
        4687        4690        4692
        4687        4690        4693
        4688        4687        4689
        4688        4687        4690
        4689        4687        4690
        4691        4690        4692
        4691        4690        4693
        4692        4690        4693
        4694        4696        4697
        4694        4696        4698
        4695        4694        4696
        4696        4698        4699
        4696        4698        4700
        4696        4698        4704
        4697        4696        4698
        4698        4700        4701
        4698        4700        4702
        4698        4700        4703
        4698        4704        4705
        4698        4704        4706
        4699        4698        4700
        4699        4698        4704
        4700        4698        4704
        4701        4700        4702
        4701        4700        4703
        4702        4700        4703
        4704        4706        4707
        4704        4706        4708
        4705        4704        4706
        4706        4708        4709
        4706        4708        4710
        4706        4708        4714
        4707        4706        4708
        4708        4710        4711
        4708        4710        4712
        4708        4710        4713
        4708        4714        4715
        4708        4714        4716
        4709        4708        4710
        4709        4708        4714
        4710        4708        4714
        4711        4710        4712
        4711        4710        4713
        4712        4710        4713
        4715        4714        4716
        4717        4721        4719
        4717        4722        4723
        4717        4722        4724
        4717        4722        4732
        4717        4772        4770
        4718        4717        4721
        4718        4717        4722
        4718        4717        4772
        4719        4736        4732
        4719        4736        4737
        4719        4736        4738
        4719        4739        4740
        4719        4739        4741
        4719        4739        4742
        4720        4719        4721
        4720        4719        4736
        4720        4719        4739
        4721        4717        4722
        4721        4717        4772
        4721        4719        4736
        4721        4719        4739
        4722        4717        4772
        4722        4724        4725
        4722        4724        4726
        4722        4732        4733
        4722        4732        4734
        4722        4732        4736
        4723        4722        4724
        4723        4722        4732
        4724        4722        4732
        4724        4726        4727
        4724        4726        4728
        4725        4724        4726
        4726        4728        4729
        4726        4728        4730
        4726        4728        4731
        4727        4726        4728
        4729        4728        4730
        4729        4728        4731
        4730        4728        4731
        4732        4734        4735
        4732        4736        4737
        4732        4736        4738
        4733        4732        4734
        4733        4732        4736
        4734        4732        4736
        4736        4719        4739
        4737        4736        4738
        4739        4742        4743
        4740        4739        4741
        4740        4739        4742
        4741        4739        4742
        4744        4748        4746
        4744        4749        4750
        4744        4749        4751
        4744        4749        4759
        4744        4869        4867
        4745        4744        4748
        4745        4744        4749
        4745        4744        4869
        4746        4770        4759
        4746        4770        4771
        4746        4770        4772
        4746        4773        4774
        4746        4773        4775
        4746        4773        4776
        4747        4746        4748
        4747        4746        4770
        4747        4746        4773
        4748        4744        4749
        4748        4744        4869
        4748        4746        4770
        4748        4746        4773
        4749        4744        4869
        4749        4751        4752
        4749        4751        4753
        4749        4759        4760
        4749        4759        4761
        4749        4759        4770
        4750        4749        4751
        4750        4749        4759
        4751        4749        4759
        4751        4753        4754
        4751        4753        4755
        4752        4751        4753
        4753        4755        4756
        4753        4755        4757
        4753        4755        4758
        4754        4753        4755
        4756        4755        4757
        4756        4755        4758
        4757        4755        4758
        4759        4761        4762
        4759        4770        4771
        4759        4770        4772
        4760        4759        4761
        4760        4759        4770
        4761        4759        4770
        4761        4762        4763
        4761        4762        4764
        4761        4762        4766
        4762        4764        4765
        4762        4764        4778
        4762        4766        4767
        4762        4766        4768
        4762        4766        4769
        4763        4762        4764
        4763        4762        4766
        4764        4762        4766
        4764        4778        4779
        4764        4778        4780
        4765        4764        4778
        4767        4766        4768
        4767        4766        4769
        4768        4766        4769
        4770        4746        4773
        4771        4770        4772
        4773        4776        4777
        4774        4773        4775
        4774        4773        4776
        4775        4773        4776
        4778        4780        4781
        4778        4780        4782
        4778        4780        4786
        4779        4778        4780
        4780        4782        4783
        4780        4782        4784
        4780        4782        4785
        4780        4786        4787
        4780        4786        4788
        4781        4780        4782
        4781        4780        4786
        4782        4780        4786
        4783        4782        4784
        4783        4782        4785
        4784        4782        4785
        4786        4788        4789
        4786        4788        4790
        4787        4786        4788
        4788        4790        4791
        4788        4790        4792
        4788        4790        4797
        4789        4788        4790
        4790        4792        4793
        4790        4792        4794
        4790        4797        4798
        4790        4797        4799
        4790        4797        4800
        4791        4790        4792
        4791        4790        4797
        4792        4790        4797
        4792        4794        4795
        4792        4794        4796
        4793        4792        4794
        4795        4794        4796
        4797        4800        4801
        4797        4800        4802
        4797        4800        4803
        4798        4797        4799
        4798        4797        4800
        4799        4797        4800
        4800        4803        4804
        4800        4803        4805
        4801        4800        4802
        4801        4800        4803
        4802        4800        4803
        4803        4805        4806
        4803        4805        4807
        4804        4803        4805
        4805        4807        4808
        4805        4807        4809
        4805        4807        4825
        4806        4805        4807
        4807        4809        4810
        4807        4809        4811
        4807        4809        4812
        4807        4825        4826
        4807        4825        4827
        4808        4807        4809
        4808        4807        4825
        4809        4807        4825
        4809        4812        4813
        4809        4812        4814
        4809        4812        4815
        4810        4809        4811
        4810        4809        4812
        4811        4809        4812
        4812        4815        4816
        4812        4815        4817
        4812        4815        4818
        4813        4812        4814
        4813        4812        4815
        4814        4812        4815
        4815        4818        4819
        4815        4818        4820
        4815        4818        4821
        4816        4815        4817
        4816        4815        4818
        4817        4815        4818
        4818        4821        4822
        4818        4821        4823
        4818        4821        4824
        4819        4818        4820
        4819        4818        4821
        4820        4818        4821
        4822        4821        4823
        4822        4821        4824
        4823        4821        4824
        4825        4827        4828
        4825        4827        4829
        4826        4825        4827
        4827        4829        4830
        4827        4829        4831
        4827        4829        4835
        4828        4827        4829
        4829        4831        4832
        4829        4831        4833
        4829        4831        4834
        4829        4835        4836
        4829        4835        4837
        4830        4829        4831
        4830        4829        4835
        4831        4829        4835
        4832        4831        4833
        4832        4831        4834
        4833        4831        4834
        4835        4837        4838
        4835        4837        4839
        4836        4835        4837
        4837        4839        4840
        4837        4839        4841
        4837        4839        4845
        4838        4837        4839
        4839        4841        4842
        4839        4841        4843
        4839        4841        4844
        4839        4845        4846
        4839        4845        4847
        4840        4839        4841
        4840        4839        4845
        4841        4839        4845
        4842        4841        4843
        4842        4841        4844
        4843        4841        4844
        4846        4845        4847
        4848        4852        4850
        4848        4853        4854
        4848        4853        4855
        4848        4853        4863
        4848        4903        4901
        4849        4848        4852
        4849        4848        4853
        4849        4848        4903
        4850        4867        4863
        4850        4867        4868
        4850        4867        4869
        4850        4870        4871
        4850        4870        4872
        4850        4870        4873
        4851        4850        4852
        4851        4850        4867
        4851        4850        4870
        4852        4848        4853
        4852        4848        4903
        4852        4850        4867
        4852        4850        4870
        4853        4848        4903
        4853        4855        4856
        4853        4855        4857
        4853        4863        4864
        4853        4863        4865
        4853        4863        4867
        4854        4853        4855
        4854        4853        4863
        4855        4853        4863
        4855        4857        4858
        4855        4857        4859
        4856        4855        4857
        4857        4859        4860
        4857        4859        4861
        4857        4859        4862
        4858        4857        4859
        4860        4859        4861
        4860        4859        4862
        4861        4859        4862
        4863        4865        4866
        4863        4867        4868
        4863        4867        4869
        4864        4863        4865
        4864        4863        4867
        4865        4863        4867
        4867        4850        4870
        4868        4867        4869
        4870        4873        4874
        4871        4870        4872
        4871        4870        4873
        4872        4870        4873
        4875        4879        4877
        4875        4880        4881
        4875        4880        4882
        4875        4880        4890
        4875        5000        4998
        4876        4875        4879
        4876        4875        4880
        4876        4875        5000
        4877        4901        4890
        4877        4901        4902
        4877        4901        4903
        4877        4904        4905
        4877        4904        4906
        4877        4904        4907
        4878        4877        4879
        4878        4877        4901
        4878        4877        4904
        4879        4875        4880
        4879        4875        5000
        4879        4877        4901
        4879        4877        4904
        4880        4875        5000
        4880        4882        4883
        4880        4882        4884
        4880        4890        4891
        4880        4890        4892
        4880        4890        4901
        4881        4880        4882
        4881        4880        4890
        4882        4880        4890
        4882        4884        4885
        4882        4884        4886
        4883        4882        4884
        4884        4886        4887
        4884        4886        4888
        4884        4886        4889
        4885        4884        4886
        4887        4886        4888
        4887        4886        4889
        4888        4886        4889
        4890        4892        4893
        4890        4901        4902
        4890        4901        4903
        4891        4890        4892
        4891        4890        4901
        4892        4890        4901
        4892        4893        4894
        4892        4893        4895
        4892        4893        4897
        4893        4895        4896
        4893        4895        4909
        4893        4897        4898
        4893        4897        4899
        4893        4897        4900
        4894        4893        4895
        4894        4893        4897
        4895        4893        4897
        4895        4909        4910
        4895        4909        4911
        4896        4895        4909
        4898        4897        4899
        4898        4897        4900
        4899        4897        4900
        4901        4877        4904
        4902        4901        4903
        4904        4907        4908
        4905        4904        4906
        4905        4904        4907
        4906        4904        4907
        4909        4911        4912
        4909        4911        4913
        4909        4911        4917
        4910        4909        4911
        4911        4913        4914
        4911        4913        4915
        4911        4913        4916
        4911        4917        4918
        4911        4917        4919
        4912        4911        4913
        4912        4911        4917
        4913        4911        4917
        4914        4913        4915
        4914        4913        4916
        4915        4913        4916
        4917        4919        4920
        4917        4919        4921
        4918        4917        4919
        4919        4921        4922
        4919        4921        4923
        4919        4921        4928
        4920        4919        4921
        4921        4923        4924
        4921        4923        4925
        4921        4928        4929
        4921        4928        4930
        4921        4928        4931
        4922        4921        4923
        4922        4921        4928
        4923        4921        4928
        4923        4925        4926
        4923        4925        4927
        4924        4923        4925
        4926        4925        4927
        4928        4931        4932
        4928        4931        4933
        4928        4931        4934
        4929        4928        4930
        4929        4928        4931
        4930        4928        4931
        4931        4934        4935
        4931        4934        4936
        4932        4931        4933
        4932        4931        4934
        4933        4931        4934
        4934        4936        4937
        4934        4936        4938
        4935        4934        4936
        4936        4938        4939
        4936        4938        4940
        4936        4938        4956
        4937        4936        4938
        4938        4940        4941
        4938        4940        4942
        4938        4940        4943
        4938        4956        4957
        4938        4956        4958
        4939        4938        4940
        4939        4938        4956
        4940        4938        4956
        4940        4943        4944
        4940        4943        4945
        4940        4943        4946
        4941        4940        4942
        4941        4940        4943
        4942        4940        4943
        4943        4946        4947
        4943        4946        4948
        4943        4946        4949
        4944        4943        4945
        4944        4943        4946
        4945        4943        4946
        4946        4949        4950
        4946        4949        4951
        4946        4949        4952
        4947        4946        4948
        4947        4946        4949
        4948        4946        4949
        4949        4952        4953
        4949        4952        4954
        4949        4952        4955
        4950        4949        4951
        4950        4949        4952
        4951        4949        4952
        4953        4952        4954
        4953        4952        4955
        4954        4952        4955
        4956        4958        4959
        4956        4958        4960
        4957        4956        4958
        4958        4960        4961
        4958        4960        4962
        4958        4960        4966
        4959        4958        4960
        4960        4962        4963
        4960        4962        4964
        4960        4962        4965
        4960        4966        4967
        4960        4966        4968
        4961        4960        4962
        4961        4960        4966
        4962        4960        4966
        4963        4962        4964
        4963        4962        4965
        4964        4962        4965
        4966        4968        4969
        4966        4968        4970
        4967        4966        4968
        4968        4970        4971
        4968        4970        4972
        4968        4970        4976
        4969        4968        4970
        4970        4972        4973
        4970        4972        4974
        4970        4972        4975
        4970        4976        4977
        4970        4976        4978
        4971        4970        4972
        4971        4970        4976
        4972        4970        4976
        4973        4972        4974
        4973        4972        4975
        4974        4972        4975
        4977        4976        4978
        4979        4983        4981
        4979        4984        4985
        4979        4984        4986
        4979        4984        4994
        4979        5034        5032
        4980        4979        4983
        4980        4979        4984
        4980        4979        5034
        4981        4998        4994
        4981        4998        4999
        4981        4998        5000
        4981        5001        5002
        4981        5001        5003
        4981        5001        5004
        4982        4981        4983
        4982        4981        4998
        4982        4981        5001
        4983        4979        4984
        4983        4979        5034
        4983        4981        4998
        4983        4981        5001
        4984        4979        5034
        4984        4986        4987
        4984        4986        4988
        4984        4994        4995
        4984        4994        4996
        4984        4994        4998
        4985        4984        4986
        4985        4984        4994
        4986        4984        4994
        4986        4988        4989
        4986        4988        4990
        4987        4986        4988
        4988        4990        4991
        4988        4990        4992
        4988        4990        4993
        4989        4988        4990
        4991        4990        4992
        4991        4990        4993
        4992        4990        4993
        4994        4996        4997
        4994        4998        4999
        4994        4998        5000
        4995        4994        4996
        4995        4994        4998
        4996        4994        4998
        4998        4981        5001
        4999        4998        5000
        5001        5004        5005
        5002        5001        5003
        5002        5001        5004
        5003        5001        5004
        5006        5010        5008
        5006        5011        5012
        5006        5011        5013
        5006        5011        5021
        5007        5006        5010
        5007        5006        5011
        5008        5032        5021
        5008        5032        5033
        5008        5032        5034
        5008        5035        5036
        5008        5035        5037
        5008        5035        5038
        5009        5008        5010
        5009        5008        5032
        5009        5008        5035
        5010        5006        5011
        5010        5008        5032
        5010        5008        5035
        5011        5013        5014
        5011        5013        5015
        5011        5021        5022
        5011        5021        5023
        5011        5021        5032
        5012        5011        5013
        5012        5011        5021
        5013        5011        5021
        5013        5015        5016
        5013        5015        5017
        5014        5013        5015
        5015        5017        5018
        5015        5017        5019
        5015        5017        5020
        5016        5015        5017
        5018        5017        5019
        5018        5017        5020
        5019        5017        5020
        5021        5023        5024
        5021        5032        5033
        5021        5032        5034
        5022        5021        5023
        5022        5021        5032
        5023        5021        5032
        5023        5024        5025
        5023        5024        5026
        5023        5024        5028
        5024        5026        5027
        5024        5026        5040
        5024        5028        5029
        5024        5028        5030
        5024        5028        5031
        5025        5024        5026
        5025        5024        5028
        5026        5024        5028
        5026        5040        5041
        5026        5040        5042
        5027        5026        5040
        5029        5028        5030
        5029        5028        5031
        5030        5028        5031
        5032        5008        5035
        5033        5032        5034
        5035        5038        5039
        5036        5035        5037
        5036        5035        5038
        5037        5035        5038
        5040        5042        5043
        5040        5042        5044
        5040        5042        5048
        5041        5040        5042
        5042        5044        5045
        5042        5044        5046
        5042        5044        5047
        5042        5048        5049
        5042        5048        5050
        5043        5042        5044
        5043        5042        5048
        5044        5042        5048
        5045        5044        5046
        5045        5044        5047
        5046        5044        5047
        5048        5050        5051
        5048        5050        5052
        5049        5048        5050
        5050        5052        5053
        5050        5052        5054
        5050        5052        5059
        5051        5050        5052
        5052        5054        5055
        5052        5054        5056
        5052        5059        5060
        5052        5059        5061
        5052        5059        5062
        5053        5052        5054
        5053        5052        5059
        5054        5052        5059
        5054        5056        5057
        5054        5056        5058
        5055        5054        5056
        5057        5056        5058
        5059        5062        5063
        5059        5062        5064
        5059        5062        5065
        5060        5059        5061
        5060        5059        5062
        5061        5059        5062
        5062        5065        5066
        5062        5065        5067
        5063        5062        5064
        5063        5062        5065
        5064        5062        5065
        5065        5067        5068
        5065        5067        5069
        5066        5065        5067
        5067        5069        5070
        5067        5069        5071
        5067        5069        5087
        5068        5067        5069
        5069        5071        5072
        5069        5071        5073
        5069        5071        5074
        5069        5087        5088
        5069        5087        5089
        5070        5069        5071
        5070        5069        5087
        5071        5069        5087
        5071        5074        5075
        5071        5074        5076
        5071        5074        5077
        5072        5071        5073
        5072        5071        5074
        5073        5071        5074
        5074        5077        5078
        5074        5077        5079
        5074        5077        5080
        5075        5074        5076
        5075        5074        5077
        5076        5074        5077
        5077        5080        5081
        5077        5080        5082
        5077        5080        5083
        5078        5077        5079
        5078        5077        5080
        5079        5077        5080
        5080        5083        5084
        5080        5083        5085
        5080        5083        5086
        5081        5080        5082
        5081        5080        5083
        5082        5080        5083
        5084        5083        5085
        5084        5083        5086
        5085        5083        5086
        5087        5089        5090
        5087        5089        5091
        5088        5087        5089
        5089        5091        5092
        5089        5091        5093
        5089        5091        5097
        5090        5089        5091
        5091        5093        5094
        5091        5093        5095
        5091        5093        5096
        5091        5097        5098
        5091        5097        5099
        5092        5091        5093
        5092        5091        5097
        5093        5091        5097
        5094        5093        5095
        5094        5093        5096
        5095        5093        5096
        5097        5099        5100
        5097        5099        5101
        5098        5097        5099
        5099        5101        5102
        5099        5101        5103
        5099        5101        5107
        5100        5099        5101
        5101        5103        5104
        5101        5103        5105
        5101        5103        5106
        5101        5107        5108
        5101        5107        5109
        5102        5101        5103
        5102        5101        5107
        5103        5101        5107
        5104        5103        5105
        5104        5103        5106
        5105        5103        5106
        5108        5107        5109
        5110        5114        5112
        5110        5115        5116
        5110        5115        5117
        5110        5115        5125
        5110        5165        5163
        5111        5110        5114
        5111        5110        5115
        5111        5110        5165
        5112        5129        5125
        5112        5129        5130
        5112        5129        5131
        5112        5132        5133
        5112        5132        5134
        5112        5132        5135
        5113        5112        5114
        5113        5112        5129
        5113        5112        5132
        5114        5110        5115
        5114        5110        5165
        5114        5112        5129
        5114        5112        5132
        5115        5110        5165
        5115        5117        5118
        5115        5117        5119
        5115        5125        5126
        5115        5125        5127
        5115        5125        5129
        5116        5115        5117
        5116        5115        5125
        5117        5115        5125
        5117        5119        5120
        5117        5119        5121
        5118        5117        5119
        5119        5121        5122
        5119        5121        5123
        5119        5121        5124
        5120        5119        5121
        5122        5121        5123
        5122        5121        5124
        5123        5121        5124
        5125        5127        5128
        5125        5129        5130
        5125        5129        5131
        5126        5125        5127
        5126        5125        5129
        5127        5125        5129
        5129        5112        5132
        5129        5131        6709
        5130        5129        5131
        5131        6709        6710
        5131        6709        6713
        5131        6709        6714
        5132        5135        5136
        5133        5132        5134
        5133        5132        5135
        5134        5132        5135
        5137        5141        5139
        5137        5142        5143
        5137        5142        5144
        5137        5142        5152
        5137        5262        5260
        5138        5137        5141
        5138        5137        5142
        5138        5137        5262
        5139        5163        5152
        5139        5163        5164
        5139        5163        5165
        5139        5166        5167
        5139        5166        5168
        5139        5166        5169
        5140        5139        5141
        5140        5139        5163
        5140        5139        5166
        5141        5137        5142
        5141        5137        5262
        5141        5139        5163
        5141        5139        5166
        5142        5137        5262
        5142        5144        5145
        5142        5144        5146
        5142        5152        5153
        5142        5152        5154
        5142        5152        5163
        5143        5142        5144
        5143        5142        5152
        5144        5142        5152
        5144        5146        5147
        5144        5146        5148
        5145        5144        5146
        5146        5148        5149
        5146        5148        5150
        5146        5148        5151
        5147        5146        5148
        5149        5148        5150
        5149        5148        5151
        5150        5148        5151
        5152        5154        5155
        5152        5163        5164
        5152        5163        5165
        5153        5152        5154
        5153        5152        5163
        5154        5152        5163
        5154        5155        5156
        5154        5155        5157
        5154        5155        5159
        5155        5157        5158
        5155        5157        5171
        5155        5159        5160
        5155        5159        5161
        5155        5159        5162
        5156        5155        5157
        5156        5155        5159
        5157        5155        5159
        5157        5171        5172
        5157        5171        5173
        5158        5157        5171
        5160        5159        5161
        5160        5159        5162
        5161        5159        5162
        5163        5139        5166
        5164        5163        5165
        5166        5169        5170
        5167        5166        5168
        5167        5166        5169
        5168        5166        5169
        5171        5173        5174
        5171        5173        5175
        5171        5173        5179
        5172        5171        5173
        5173        5175        5176
        5173        5175        5177
        5173        5175        5178
        5173        5179        5180
        5173        5179        5181
        5174        5173        5175
        5174        5173        5179
        5175        5173        5179
        5176        5175        5177
        5176        5175        5178
        5177        5175        5178
        5179        5181        5182
        5179        5181        5183
        5180        5179        5181
        5181        5183        5184
        5181        5183        5185
        5181        5183        5190
        5182        5181        5183
        5183        5185        5186
        5183        5185        5187
        5183        5190        5191
        5183        5190        5192
        5183        5190        5193
        5184        5183        5185
        5184        5183        5190
        5185        5183        5190
        5185        5187        5188
        5185        5187        5189
        5186        5185        5187
        5188        5187        5189
        5190        5193        5194
        5190        5193        5195
        5190        5193        5196
        5191        5190        5192
        5191        5190        5193
        5192        5190        5193
        5193        5196        5197
        5193        5196        5198
        5194        5193        5195
        5194        5193        5196
        5195        5193        5196
        5196        5198        5199
        5196        5198        5200
        5197        5196        5198
        5198        5200        5201
        5198        5200        5202
        5198        5200        5218
        5199        5198        5200
        5200        5202        5203
        5200        5202        5204
        5200        5202        5205
        5200        5218        5219
        5200        5218        5220
        5201        5200        5202
        5201        5200        5218
        5202        5200        5218
        5202        5205        5206
        5202        5205        5207
        5202        5205        5208
        5203        5202        5204
        5203        5202        5205
        5204        5202        5205
        5205        5208        5209
        5205        5208        5210
        5205        5208        5211
        5206        5205        5207
        5206        5205        5208
        5207        5205        5208
        5208        5211        5212
        5208        5211        5213
        5208        5211        5214
        5209        5208        5210
        5209        5208        5211
        5210        5208        5211
        5211        5214        5215
        5211        5214        5216
        5211        5214        5217
        5212        5211        5213
        5212        5211        5214
        5213        5211        5214
        5215        5214        5216
        5215        5214        5217
        5216        5214        5217
        5218        5220        5221
        5218        5220        5222
        5219        5218        5220
        5220        5222        5223
        5220        5222        5224
        5220        5222        5228
        5221        5220        5222
        5222        5224        5225
        5222        5224        5226
        5222        5224        5227
        5222        5228        5229
        5222        5228        5230
        5223        5222        5224
        5223        5222        5228
        5224        5222        5228
        5225        5224        5226
        5225        5224        5227
        5226        5224        5227
        5228        5230        5231
        5228        5230        5232
        5229        5228        5230
        5230        5232        5233
        5230        5232        5234
        5230        5232        5238
        5231        5230        5232
        5232        5234        5235
        5232        5234        5236
        5232        5234        5237
        5232        5238        5239
        5232        5238        5240
        5233        5232        5234
        5233        5232        5238
        5234        5232        5238
        5235        5234        5236
        5235        5234        5237
        5236        5234        5237
        5239        5238        5240
        5241        5245        5243
        5241        5246        5247
        5241        5246        5248
        5241        5246        5256
        5241        5296        5294
        5242        5241        5245
        5242        5241        5246
        5242        5241        5296
        5243        5260        5256
        5243        5260        5261
        5243        5260        5262
        5243        5263        5264
        5243        5263        5265
        5243        5263        5266
        5244        5243        5245
        5244        5243        5260
        5244        5243        5263
        5245        5241        5246
        5245        5241        5296
        5245        5243        5260
        5245        5243        5263
        5246        5241        5296
        5246        5248        5249
        5246        5248        5250
        5246        5256        5257
        5246        5256        5258
        5246        5256        5260
        5247        5246        5248
        5247        5246        5256
        5248        5246        5256
        5248        5250        5251
        5248        5250        5252
        5249        5248        5250
        5250        5252        5253
        5250        5252        5254
        5250        5252        5255
        5251        5250        5252
        5253        5252        5254
        5253        5252        5255
        5254        5252        5255
        5256        5258        5259
        5256        5260        5261
        5256        5260        5262
        5257        5256        5258
        5257        5256        5260
        5258        5256        5260
        5260        5243        5263
        5261        5260        5262
        5263        5266        5267
        5264        5263        5265
        5264        5263        5266
        5265        5263        5266
        5268        5272        5270
        5268        5273        5274
        5268        5273        5275
        5268        5273        5283
        5268        5393        5391
        5269        5268        5272
        5269        5268        5273
        5269        5268        5393
        5270        5294        5283
        5270        5294        5295
        5270        5294        5296
        5270        5297        5298
        5270        5297        5299
        5270        5297        5300
        5271        5270        5272
        5271        5270        5294
        5271        5270        5297
        5272        5268        5273
        5272        5268        5393
        5272        5270        5294
        5272        5270        5297
        5273        5268        5393
        5273        5275        5276
        5273        5275        5277
        5273        5283        5284
        5273        5283        5285
        5273        5283        5294
        5274        5273        5275
        5274        5273        5283
        5275        5273        5283
        5275        5277        5278
        5275        5277        5279
        5276        5275        5277
        5277        5279        5280
        5277        5279        5281
        5277        5279        5282
        5278        5277        5279
        5280        5279        5281
        5280        5279        5282
        5281        5279        5282
        5283        5285        5286
        5283        5294        5295
        5283        5294        5296
        5284        5283        5285
        5284        5283        5294
        5285        5283        5294
        5285        5286        5287
        5285        5286        5288
        5285        5286        5290
        5286        5288        5289
        5286        5288        5302
        5286        5290        5291
        5286        5290        5292
        5286        5290        5293
        5287        5286        5288
        5287        5286        5290
        5288        5286        5290
        5288        5302        5303
        5288        5302        5304
        5289        5288        5302
        5291        5290        5292
        5291        5290        5293
        5292        5290        5293
        5294        5270        5297
        5295        5294        5296
        5297        5300        5301
        5298        5297        5299
        5298        5297        5300
        5299        5297        5300
        5302        5304        5305
        5302        5304        5306
        5302        5304        5310
        5303        5302        5304
        5304        5306        5307
        5304        5306        5308
        5304        5306        5309
        5304        5310        5311
        5304        5310        5312
        5305        5304        5306
        5305        5304        5310
        5306        5304        5310
        5307        5306        5308
        5307        5306        5309
        5308        5306        5309
        5310        5312        5313
        5310        5312        5314
        5311        5310        5312
        5312        5314        5315
        5312        5314        5316
        5312        5314        5321
        5313        5312        5314
        5314        5316        5317
        5314        5316        5318
        5314        5321        5322
        5314        5321        5323
        5314        5321        5324
        5315        5314        5316
        5315        5314        5321
        5316        5314        5321
        5316        5318        5319
        5316        5318        5320
        5317        5316        5318
        5319        5318        5320
        5321        5324        5325
        5321        5324        5326
        5321        5324        5327
        5322        5321        5323
        5322        5321        5324
        5323        5321        5324
        5324        5327        5328
        5324        5327        5329
        5325        5324        5326
        5325        5324        5327
        5326        5324        5327
        5327        5329        5330
        5327        5329        5331
        5328        5327        5329
        5329        5331        5332
        5329        5331        5333
        5329        5331        5349
        5330        5329        5331
        5331        5333        5334
        5331        5333        5335
        5331        5333        5336
        5331        5349        5350
        5331        5349        5351
        5332        5331        5333
        5332        5331        5349
        5333        5331        5349
        5333        5336        5337
        5333        5336        5338
        5333        5336        5339
        5334        5333        5335
        5334        5333        5336
        5335        5333        5336
        5336        5339        5340
        5336        5339        5341
        5336        5339        5342
        5337        5336        5338
        5337        5336        5339
        5338        5336        5339
        5339        5342        5343
        5339        5342        5344
        5339        5342        5345
        5340        5339        5341
        5340        5339        5342
        5341        5339        5342
        5342        5345        5346
        5342        5345        5347
        5342        5345        5348
        5343        5342        5344
        5343        5342        5345
        5344        5342        5345
        5346        5345        5347
        5346        5345        5348
        5347        5345        5348
        5349        5351        5352
        5349        5351        5353
        5350        5349        5351
        5351        5353        5354
        5351        5353        5355
        5351        5353        5359
        5352        5351        5353
        5353        5355        5356
        5353        5355        5357
        5353        5355        5358
        5353        5359        5360
        5353        5359        5361
        5354        5353        5355
        5354        5353        5359
        5355        5353        5359
        5356        5355        5357
        5356        5355        5358
        5357        5355        5358
        5359        5361        5362
        5359        5361        5363
        5360        5359        5361
        5361        5363        5364
        5361        5363        5365
        5361        5363        5369
        5362        5361        5363
        5363        5365        5366
        5363        5365        5367
        5363        5365        5368
        5363        5369        5370
        5363        5369        5371
        5364        5363        5365
        5364        5363        5369
        5365        5363        5369
        5366        5365        5367
        5366        5365        5368
        5367        5365        5368
        5370        5369        5371
        5372        5376        5374
        5372        5377        5378
        5372        5377        5379
        5372        5377        5387
        5372        5427        5425
        5373        5372        5376
        5373        5372        5377
        5373        5372        5427
        5374        5391        5387
        5374        5391        5392
        5374        5391        5393
        5374        5394        5395
        5374        5394        5396
        5374        5394        5397
        5375        5374        5376
        5375        5374        5391
        5375        5374        5394
        5376        5372        5377
        5376        5372        5427
        5376        5374        5391
        5376        5374        5394
        5377        5372        5427
        5377        5379        5380
        5377        5379        5381
        5377        5387        5388
        5377        5387        5389
        5377        5387        5391
        5378        5377        5379
        5378        5377        5387
        5379        5377        5387
        5379        5381        5382
        5379        5381        5383
        5380        5379        5381
        5381        5383        5384
        5381        5383        5385
        5381        5383        5386
        5382        5381        5383
        5384        5383        5385
        5384        5383        5386
        5385        5383        5386
        5387        5389        5390
        5387        5391        5392
        5387        5391        5393
        5388        5387        5389
        5388        5387        5391
        5389        5387        5391
        5391        5374        5394
        5392        5391        5393
        5394        5397        5398
        5395        5394        5396
        5395        5394        5397
        5396        5394        5397
        5399        5403        5401
        5399        5404        5405
        5399        5404        5406
        5399        5404        5414
        5399        5524        5522
        5400        5399        5403
        5400        5399        5404
        5400        5399        5524
        5401        5425        5414
        5401        5425        5426
        5401        5425        5427
        5401        5428        5429
        5401        5428        5430
        5401        5428        5431
        5402        5401        5403
        5402        5401        5425
        5402        5401        5428
        5403        5399        5404
        5403        5399        5524
        5403        5401        5425
        5403        5401        5428
        5404        5399        5524
        5404        5406        5407
        5404        5406        5408
        5404        5414        5415
        5404        5414        5416
        5404        5414        5425
        5405        5404        5406
        5405        5404        5414
        5406        5404        5414
        5406        5408        5409
        5406        5408        5410
        5407        5406        5408
        5408        5410        5411
        5408        5410        5412
        5408        5410        5413
        5409        5408        5410
        5411        5410        5412
        5411        5410        5413
        5412        5410        5413
        5414        5416        5417
        5414        5425        5426
        5414        5425        5427
        5415        5414        5416
        5415        5414        5425
        5416        5414        5425
        5416        5417        5418
        5416        5417        5419
        5416        5417        5421
        5417        5419        5420
        5417        5419        5433
        5417        5421        5422
        5417        5421        5423
        5417        5421        5424
        5418        5417        5419
        5418        5417        5421
        5419        5417        5421
        5419        5433        5434
        5419        5433        5435
        5420        5419        5433
        5422        5421        5423
        5422        5421        5424
        5423        5421        5424
        5425        5401        5428
        5426        5425        5427
        5428        5431        5432
        5429        5428        5430
        5429        5428        5431
        5430        5428        5431
        5433        5435        5436
        5433        5435        5437
        5433        5435        5441
        5434        5433        5435
        5435        5437        5438
        5435        5437        5439
        5435        5437        5440
        5435        5441        5442
        5435        5441        5443
        5436        5435        5437
        5436        5435        5441
        5437        5435        5441
        5438        5437        5439
        5438        5437        5440
        5439        5437        5440
        5441        5443        5444
        5441        5443        5445
        5442        5441        5443
        5443        5445        5446
        5443        5445        5447
        5443        5445        5452
        5444        5443        5445
        5445        5447        5448
        5445        5447        5449
        5445        5452        5453
        5445        5452        5454
        5445        5452        5455
        5446        5445        5447
        5446        5445        5452
        5447        5445        5452
        5447        5449        5450
        5447        5449        5451
        5448        5447        5449
        5450        5449        5451
        5452        5455        5456
        5452        5455        5457
        5452        5455        5458
        5453        5452        5454
        5453        5452        5455
        5454        5452        5455
        5455        5458        5459
        5455        5458        5460
        5456        5455        5457
        5456        5455        5458
        5457        5455        5458
        5458        5460        5461
        5458        5460        5462
        5459        5458        5460
        5460        5462        5463
        5460        5462        5464
        5460        5462        5480
        5461        5460        5462
        5462        5464        5465
        5462        5464        5466
        5462        5464        5467
        5462        5480        5481
        5462        5480        5482
        5463        5462        5464
        5463        5462        5480
        5464        5462        5480
        5464        5467        5468
        5464        5467        5469
        5464        5467        5470
        5465        5464        5466
        5465        5464        5467
        5466        5464        5467
        5467        5470        5471
        5467        5470        5472
        5467        5470        5473
        5468        5467        5469
        5468        5467        5470
        5469        5467        5470
        5470        5473        5474
        5470        5473        5475
        5470        5473        5476
        5471        5470        5472
        5471        5470        5473
        5472        5470        5473
        5473        5476        5477
        5473        5476        5478
        5473        5476        5479
        5474        5473        5475
        5474        5473        5476
        5475        5473        5476
        5477        5476        5478
        5477        5476        5479
        5478        5476        5479
        5480        5482        5483
        5480        5482        5484
        5481        5480        5482
        5482        5484        5485
        5482        5484        5486
        5482        5484        5490
        5483        5482        5484
        5484        5486        5487
        5484        5486        5488
        5484        5486        5489
        5484        5490        5491
        5484        5490        5492
        5485        5484        5486
        5485        5484        5490
        5486        5484        5490
        5487        5486        5488
        5487        5486        5489
        5488        5486        5489
        5490        5492        5493
        5490        5492        5494
        5491        5490        5492
        5492        5494        5495
        5492        5494        5496
        5492        5494        5500
        5493        5492        5494
        5494        5496        5497
        5494        5496        5498
        5494        5496        5499
        5494        5500        5501
        5494        5500        5502
        5495        5494        5496
        5495        5494        5500
        5496        5494        5500
        5497        5496        5498
        5497        5496        5499
        5498        5496        5499
        5501        5500        5502
        5503        5507        5505
        5503        5508        5509
        5503        5508        5510
        5503        5508        5518
        5503        5558        5556
        5504        5503        5507
        5504        5503        5508
        5504        5503        5558
        5505        5522        5518
        5505        5522        5523
        5505        5522        5524
        5505        5525        5526
        5505        5525        5527
        5505        5525        5528
        5506        5505        5507
        5506        5505        5522
        5506        5505        5525
        5507        5503        5508
        5507        5503        5558
        5507        5505        5522
        5507        5505        5525
        5508        5503        5558
        5508        5510        5511
        5508        5510        5512
        5508        5518        5519
        5508        5518        5520
        5508        5518        5522
        5509        5508        5510
        5509        5508        5518
        5510        5508        5518
        5510        5512        5513
        5510        5512        5514
        5511        5510        5512
        5512        5514        5515
        5512        5514        5516
        5512        5514        5517
        5513        5512        5514
        5515        5514        5516
        5515        5514        5517
        5516        5514        5517
        5518        5520        5521
        5518        5522        5523
        5518        5522        5524
        5519        5518        5520
        5519        5518        5522
        5520        5518        5522
        5522        5505        5525
        5523        5522        5524
        5525        5528        5529
        5526        5525        5527
        5526        5525        5528
        5527        5525        5528
        5530        5534        5532
        5530        5535        5536
        5530        5535        5537
        5530        5535        5545
        5530        5655        5653
        5531        5530        5534
        5531        5530        5535
        5531        5530        5655
        5532        5556        5545
        5532        5556        5557
        5532        5556        5558
        5532        5559        5560
        5532        5559        5561
        5532        5559        5562
        5533        5532        5534
        5533        5532        5556
        5533        5532        5559
        5534        5530        5535
        5534        5530        5655
        5534        5532        5556
        5534        5532        5559
        5535        5530        5655
        5535        5537        5538
        5535        5537        5539
        5535        5545        5546
        5535        5545        5547
        5535        5545        5556
        5536        5535        5537
        5536        5535        5545
        5537        5535        5545
        5537        5539        5540
        5537        5539        5541
        5538        5537        5539
        5539        5541        5542
        5539        5541        5543
        5539        5541        5544
        5540        5539        5541
        5542        5541        5543
        5542        5541        5544
        5543        5541        5544
        5545        5547        5548
        5545        5556        5557
        5545        5556        5558
        5546        5545        5547
        5546        5545        5556
        5547        5545        5556
        5547        5548        5549
        5547        5548        5550
        5547        5548        5552
        5548        5550        5551
        5548        5550        5564
        5548        5552        5553
        5548        5552        5554
        5548        5552        5555
        5549        5548        5550
        5549        5548        5552
        5550        5548        5552
        5550        5564        5565
        5550        5564        5566
        5551        5550        5564
        5553        5552        5554
        5553        5552        5555
        5554        5552        5555
        5556        5532        5559
        5557        5556        5558
        5559        5562        5563
        5560        5559        5561
        5560        5559        5562
        5561        5559        5562
        5564        5566        5567
        5564        5566        5568
        5564        5566        5572
        5565        5564        5566
        5566        5568        5569
        5566        5568        5570
        5566        5568        5571
        5566        5572        5573
        5566        5572        5574
        5567        5566        5568
        5567        5566        5572
        5568        5566        5572
        5569        5568        5570
        5569        5568        5571
        5570        5568        5571
        5572        5574        5575
        5572        5574        5576
        5573        5572        5574
        5574        5576        5577
        5574        5576        5578
        5574        5576        5583
        5575        5574        5576
        5576        5578        5579
        5576        5578        5580
        5576        5583        5584
        5576        5583        5585
        5576        5583        5586
        5577        5576        5578
        5577        5576        5583
        5578        5576        5583
        5578        5580        5581
        5578        5580        5582
        5579        5578        5580
        5581        5580        5582
        5583        5586        5587
        5583        5586        5588
        5583        5586        5589
        5584        5583        5585
        5584        5583        5586
        5585        5583        5586
        5586        5589        5590
        5586        5589        5591
        5587        5586        5588
        5587        5586        5589
        5588        5586        5589
        5589        5591        5592
        5589        5591        5593
        5590        5589        5591
        5591        5593        5594
        5591        5593        5595
        5591        5593        5611
        5592        5591        5593
        5593        5595        5596
        5593        5595        5597
        5593        5595        5598
        5593        5611        5612
        5593        5611        5613
        5594        5593        5595
        5594        5593        5611
        5595        5593        5611
        5595        5598        5599
        5595        5598        5600
        5595        5598        5601
        5596        5595        5597
        5596        5595        5598
        5597        5595        5598
        5598        5601        5602
        5598        5601        5603
        5598        5601        5604
        5599        5598        5600
        5599        5598        5601
        5600        5598        5601
        5601        5604        5605
        5601        5604        5606
        5601        5604        5607
        5602        5601        5603
        5602        5601        5604
        5603        5601        5604
        5604        5607        5608
        5604        5607        5609
        5604        5607        5610
        5605        5604        5606
        5605        5604        5607
        5606        5604        5607
        5608        5607        5609
        5608        5607        5610
        5609        5607        5610
        5611        5613        5614
        5611        5613        5615
        5612        5611        5613
        5613        5615        5616
        5613        5615        5617
        5613        5615        5621
        5614        5613        5615
        5615        5617        5618
        5615        5617        5619
        5615        5617        5620
        5615        5621        5622
        5615        5621        5623
        5616        5615        5617
        5616        5615        5621
        5617        5615        5621
        5618        5617        5619
        5618        5617        5620
        5619        5617        5620
        5621        5623        5624
        5621        5623        5625
        5622        5621        5623
        5623        5625        5626
        5623        5625        5627
        5623        5625        5631
        5624        5623        5625
        5625        5627        5628
        5625        5627        5629
        5625        5627        5630
        5625        5631        5632
        5625        5631        5633
        5626        5625        5627
        5626        5625        5631
        5627        5625        5631
        5628        5627        5629
        5628        5627        5630
        5629        5627        5630
        5632        5631        5633
        5634        5638        5636
        5634        5639        5640
        5634        5639        5641
        5634        5639        5649
        5634        5689        5687
        5635        5634        5638
        5635        5634        5639
        5635        5634        5689
        5636        5653        5649
        5636        5653        5654
        5636        5653        5655
        5636        5656        5657
        5636        5656        5658
        5636        5656        5659
        5637        5636        5638
        5637        5636        5653
        5637        5636        5656
        5638        5634        5639
        5638        5634        5689
        5638        5636        5653
        5638        5636        5656
        5639        5634        5689
        5639        5641        5642
        5639        5641        5643
        5639        5649        5650
        5639        5649        5651
        5639        5649        5653
        5640        5639        5641
        5640        5639        5649
        5641        5639        5649
        5641        5643        5644
        5641        5643        5645
        5642        5641        5643
        5643        5645        5646
        5643        5645        5647
        5643        5645        5648
        5644        5643        5645
        5646        5645        5647
        5646        5645        5648
        5647        5645        5648
        5649        5651        5652
        5649        5653        5654
        5649        5653        5655
        5650        5649        5651
        5650        5649        5653
        5651        5649        5653
        5653        5636        5656
        5654        5653        5655
        5656        5659        5660
        5657        5656        5658
        5657        5656        5659
        5658        5656        5659
        5661        5665        5663
        5661        5666        5667
        5661        5666        5668
        5661        5666        5676
        5661        5786        5784
        5662        5661        5665
        5662        5661        5666
        5662        5661        5786
        5663        5687        5676
        5663        5687        5688
        5663        5687        5689
        5663        5690        5691
        5663        5690        5692
        5663        5690        5693
        5664        5663        5665
        5664        5663        5687
        5664        5663        5690
        5665        5661        5666
        5665        5661        5786
        5665        5663        5687
        5665        5663        5690
        5666        5661        5786
        5666        5668        5669
        5666        5668        5670
        5666        5676        5677
        5666        5676        5678
        5666        5676        5687
        5667        5666        5668
        5667        5666        5676
        5668        5666        5676
        5668        5670        5671
        5668        5670        5672
        5669        5668        5670
        5670        5672        5673
        5670        5672        5674
        5670        5672        5675
        5671        5670        5672
        5673        5672        5674
        5673        5672        5675
        5674        5672        5675
        5676        5678        5679
        5676        5687        5688
        5676        5687        5689
        5677        5676        5678
        5677        5676        5687
        5678        5676        5687
        5678        5679        5680
        5678        5679        5681
        5678        5679        5683
        5679        5681        5682
        5679        5681        5695
        5679        5683        5684
        5679        5683        5685
        5679        5683        5686
        5680        5679        5681
        5680        5679        5683
        5681        5679        5683
        5681        5695        5696
        5681        5695        5697
        5682        5681        5695
        5684        5683        5685
        5684        5683        5686
        5685        5683        5686
        5687        5663        5690
        5688        5687        5689
        5690        5693        5694
        5691        5690        5692
        5691        5690        5693
        5692        5690        5693
        5695        5697        5698
        5695        5697        5699
        5695        5697        5703
        5696        5695        5697
        5697        5699        5700
        5697        5699        5701
        5697        5699        5702
        5697        5703        5704
        5697        5703        5705
        5698        5697        5699
        5698        5697        5703
        5699        5697        5703
        5700        5699        5701
        5700        5699        5702
        5701        5699        5702
        5703        5705        5706
        5703        5705        5707
        5704        5703        5705
        5705        5707        5708
        5705        5707        5709
        5705        5707        5714
        5706        5705        5707
        5707        5709        5710
        5707        5709        5711
        5707        5714        5715
        5707        5714        5716
        5707        5714        5717
        5708        5707        5709
        5708        5707        5714
        5709        5707        5714
        5709        5711        5712
        5709        5711        5713
        5710        5709        5711
        5712        5711        5713
        5714        5717        5718
        5714        5717        5719
        5714        5717        5720
        5715        5714        5716
        5715        5714        5717
        5716        5714        5717
        5717        5720        5721
        5717        5720        5722
        5718        5717        5719
        5718        5717        5720
        5719        5717        5720
        5720        5722        5723
        5720        5722        5724
        5721        5720        5722
        5722        5724        5725
        5722        5724        5726
        5722        5724        5742
        5723        5722        5724
        5724        5726        5727
        5724        5726        5728
        5724        5726        5729
        5724        5742        5743
        5724        5742        5744
        5725        5724        5726
        5725        5724        5742
        5726        5724        5742
        5726        5729        5730
        5726        5729        5731
        5726        5729        5732
        5727        5726        5728
        5727        5726        5729
        5728        5726        5729
        5729        5732        5733
        5729        5732        5734
        5729        5732        5735
        5730        5729        5731
        5730        5729        5732
        5731        5729        5732
        5732        5735        5736
        5732        5735        5737
        5732        5735        5738
        5733        5732        5734
        5733        5732        5735
        5734        5732        5735
        5735        5738        5739
        5735        5738        5740
        5735        5738        5741
        5736        5735        5737
        5736        5735        5738
        5737        5735        5738
        5739        5738        5740
        5739        5738        5741
        5740        5738        5741
        5742        5744        5745
        5742        5744        5746
        5743        5742        5744
        5744        5746        5747
        5744        5746        5748
        5744        5746        5752
        5745        5744        5746
        5746        5748        5749
        5746        5748        5750
        5746        5748        5751
        5746        5752        5753
        5746        5752        5754
        5747        5746        5748
        5747        5746        5752
        5748        5746        5752
        5749        5748        5750
        5749        5748        5751
        5750        5748        5751
        5752        5754        5755
        5752        5754        5756
        5753        5752        5754
        5754        5756        5757
        5754        5756        5758
        5754        5756        5762
        5755        5754        5756
        5756        5758        5759
        5756        5758        5760
        5756        5758        5761
        5756        5762        5763
        5756        5762        5764
        5757        5756        5758
        5757        5756        5762
        5758        5756        5762
        5759        5758        5760
        5759        5758        5761
        5760        5758        5761
        5763        5762        5764
        5765        5769        5767
        5765        5770        5771
        5765        5770        5772
        5765        5770        5780
        5765        5820        5818
        5766        5765        5769
        5766        5765        5770
        5766        5765        5820
        5767        5784        5780
        5767        5784        5785
        5767        5784        5786
        5767        5787        5788
        5767        5787        5789
        5767        5787        5790
        5768        5767        5769
        5768        5767        5784
        5768        5767        5787
        5769        5765        5770
        5769        5765        5820
        5769        5767        5784
        5769        5767        5787
        5770        5765        5820
        5770        5772        5773
        5770        5772        5774
        5770        5780        5781
        5770        5780        5782
        5770        5780        5784
        5771        5770        5772
        5771        5770        5780
        5772        5770        5780
        5772        5774        5775
        5772        5774        5776
        5773        5772        5774
        5774        5776        5777
        5774        5776        5778
        5774        5776        5779
        5775        5774        5776
        5777        5776        5778
        5777        5776        5779
        5778        5776        5779
        5780        5782        5783
        5780        5784        5785
        5780        5784        5786
        5781        5780        5782
        5781        5780        5784
        5782        5780        5784
        5784        5767        5787
        5785        5784        5786
        5787        5790        5791
        5788        5787        5789
        5788        5787        5790
        5789        5787        5790
        5792        5796        5794
        5792        5797        5798
        5792        5797        5799
        5792        5797        5807
        5792        5917        5915
        5793        5792        5796
        5793        5792        5797
        5793        5792        5917
        5794        5818        5807
        5794        5818        5819
        5794        5818        5820
        5794        5821        5822
        5794        5821        5823
        5794        5821        5824
        5795        5794        5796
        5795        5794        5818
        5795        5794        5821
        5796        5792        5797
        5796        5792        5917
        5796        5794        5818
        5796        5794        5821
        5797        5792        5917
        5797        5799        5800
        5797        5799        5801
        5797        5807        5808
        5797        5807        5809
        5797        5807        5818
        5798        5797        5799
        5798        5797        5807
        5799        5797        5807
        5799        5801        5802
        5799        5801        5803
        5800        5799        5801
        5801        5803        5804
        5801        5803        5805
        5801        5803        5806
        5802        5801        5803
        5804        5803        5805
        5804        5803        5806
        5805        5803        5806
        5807        5809        5810
        5807        5818        5819
        5807        5818        5820
        5808        5807        5809
        5808        5807        5818
        5809        5807        5818
        5809        5810        5811
        5809        5810        5812
        5809        5810        5814
        5810        5812        5813
        5810        5812        5826
        5810        5814        5815
        5810        5814        5816
        5810        5814        5817
        5811        5810        5812
        5811        5810        5814
        5812        5810        5814
        5812        5826        5827
        5812        5826        5828
        5813        5812        5826
        5815        5814        5816
        5815        5814        5817
        5816        5814        5817
        5818        5794        5821
        5819        5818        5820
        5821        5824        5825
        5822        5821        5823
        5822        5821        5824
        5823        5821        5824
        5826        5828        5829
        5826        5828        5830
        5826        5828        5834
        5827        5826        5828
        5828        5830        5831
        5828        5830        5832
        5828        5830        5833
        5828        5834        5835
        5828        5834        5836
        5829        5828        5830
        5829        5828        5834
        5830        5828        5834
        5831        5830        5832
        5831        5830        5833
        5832        5830        5833
        5834        5836        5837
        5834        5836        5838
        5835        5834        5836
        5836        5838        5839
        5836        5838        5840
        5836        5838        5845
        5837        5836        5838
        5838        5840        5841
        5838        5840        5842
        5838        5845        5846
        5838        5845        5847
        5838        5845        5848
        5839        5838        5840
        5839        5838        5845
        5840        5838        5845
        5840        5842        5843
        5840        5842        5844
        5841        5840        5842
        5843        5842        5844
        5845        5848        5849
        5845        5848        5850
        5845        5848        5851
        5846        5845        5847
        5846        5845        5848
        5847        5845        5848
        5848        5851        5852
        5848        5851        5853
        5849        5848        5850
        5849        5848        5851
        5850        5848        5851
        5851        5853        5854
        5851        5853        5855
        5852        5851        5853
        5853        5855        5856
        5853        5855        5857
        5853        5855        5873
        5854        5853        5855
        5855        5857        5858
        5855        5857        5859
        5855        5857        5860
        5855        5873        5874
        5855        5873        5875
        5856        5855        5857
        5856        5855        5873
        5857        5855        5873
        5857        5860        5861
        5857        5860        5862
        5857        5860        5863
        5858        5857        5859
        5858        5857        5860
        5859        5857        5860
        5860        5863        5864
        5860        5863        5865
        5860        5863        5866
        5861        5860        5862
        5861        5860        5863
        5862        5860        5863
        5863        5866        5867
        5863        5866        5868
        5863        5866        5869
        5864        5863        5865
        5864        5863        5866
        5865        5863        5866
        5866        5869        5870
        5866        5869        5871
        5866        5869        5872
        5867        5866        5868
        5867        5866        5869
        5868        5866        5869
        5870        5869        5871
        5870        5869        5872
        5871        5869        5872
        5873        5875        5876
        5873        5875        5877
        5874        5873        5875
        5875        5877        5878
        5875        5877        5879
        5875        5877        5883
        5876        5875        5877
        5877        5879        5880
        5877        5879        5881
        5877        5879        5882
        5877        5883        5884
        5877        5883        5885
        5878        5877        5879
        5878        5877        5883
        5879        5877        5883
        5880        5879        5881
        5880        5879        5882
        5881        5879        5882
        5883        5885        5886
        5883        5885        5887
        5884        5883        5885
        5885        5887        5888
        5885        5887        5889
        5885        5887        5893
        5886        5885        5887
        5887        5889        5890
        5887        5889        5891
        5887        5889        5892
        5887        5893        5894
        5887        5893        5895
        5888        5887        5889
        5888        5887        5893
        5889        5887        5893
        5890        5889        5891
        5890        5889        5892
        5891        5889        5892
        5894        5893        5895
        5896        5900        5898
        5896        5901        5902
        5896        5901        5903
        5896        5901        5911
        5896        5951        5949
        5897        5896        5900
        5897        5896        5901
        5897        5896        5951
        5898        5915        5911
        5898        5915        5916
        5898        5915        5917
        5898        5918        5919
        5898        5918        5920
        5898        5918        5921
        5899        5898        5900
        5899        5898        5915
        5899        5898        5918
        5900        5896        5901
        5900        5896        5951
        5900        5898        5915
        5900        5898        5918
        5901        5896        5951
        5901        5903        5904
        5901        5903        5905
        5901        5911        5912
        5901        5911        5913
        5901        5911        5915
        5902        5901        5903
        5902        5901        5911
        5903        5901        5911
        5903        5905        5906
        5903        5905        5907
        5904        5903        5905
        5905        5907        5908
        5905        5907        5909
        5905        5907        5910
        5906        5905        5907
        5908        5907        5909
        5908        5907        5910
        5909        5907        5910
        5911        5913        5914
        5911        5915        5916
        5911        5915        5917
        5912        5911        5913
        5912        5911        5915
        5913        5911        5915
        5915        5898        5918
        5916        5915        5917
        5918        5921        5922
        5919        5918        5920
        5919        5918        5921
        5920        5918        5921
        5923        5927        5925
        5923        5928        5929
        5923        5928        5930
        5923        5928        5938
        5923        6048        6046
        5924        5923        5927
        5924        5923        5928
        5924        5923        6048
        5925        5949        5938
        5925        5949        5950
        5925        5949        5951
        5925        5952        5953
        5925        5952        5954
        5925        5952        5955
        5926        5925        5927
        5926        5925        5949
        5926        5925        5952
        5927        5923        5928
        5927        5923        6048
        5927        5925        5949
        5927        5925        5952
        5928        5923        6048
        5928        5930        5931
        5928        5930        5932
        5928        5938        5939
        5928        5938        5940
        5928        5938        5949
        5929        5928        5930
        5929        5928        5938
        5930        5928        5938
        5930        5932        5933
        5930        5932        5934
        5931        5930        5932
        5932        5934        5935
        5932        5934        5936
        5932        5934        5937
        5933        5932        5934
        5935        5934        5936
        5935        5934        5937
        5936        5934        5937
        5938        5940        5941
        5938        5949        5950
        5938        5949        5951
        5939        5938        5940
        5939        5938        5949
        5940        5938        5949
        5940        5941        5942
        5940        5941        5943
        5940        5941        5945
        5941        5943        5944
        5941        5943        5957
        5941        5945        5946
        5941        5945        5947
        5941        5945        5948
        5942        5941        5943
        5942        5941        5945
        5943        5941        5945
        5943        5957        5958
        5943        5957        5959
        5944        5943        5957
        5946        5945        5947
        5946        5945        5948
        5947        5945        5948
        5949        5925        5952
        5950        5949        5951
        5952        5955        5956
        5953        5952        5954
        5953        5952        5955
        5954        5952        5955
        5957        5959        5960
        5957        5959        5961
        5957        5959        5965
        5958        5957        5959
        5959        5961        5962
        5959        5961        5963
        5959        5961        5964
        5959        5965        5966
        5959        5965        5967
        5960        5959        5961
        5960        5959        5965
        5961        5959        5965
        5962        5961        5963
        5962        5961        5964
        5963        5961        5964
        5965        5967        5968
        5965        5967        5969
        5966        5965        5967
        5967        5969        5970
        5967        5969        5971
        5967        5969        5976
        5968        5967        5969
        5969        5971        5972
        5969        5971        5973
        5969        5976        5977
        5969        5976        5978
        5969        5976        5979
        5970        5969        5971
        5970        5969        5976
        5971        5969        5976
        5971        5973        5974
        5971        5973        5975
        5972        5971        5973
        5974        5973        5975
        5976        5979        5980
        5976        5979        5981
        5976        5979        5982
        5977        5976        5978
        5977        5976        5979
        5978        5976        5979
        5979        5982        5983
        5979        5982        5984
        5980        5979        5981
        5980        5979        5982
        5981        5979        5982
        5982        5984        5985
        5982        5984        5986
        5983        5982        5984
        5984        5986        5987
        5984        5986        5988
        5984        5986        6004
        5985        5984        5986
        5986        5988        5989
        5986        5988        5990
        5986        5988        5991
        5986        6004        6005
        5986        6004        6006
        5987        5986        5988
        5987        5986        6004
        5988        5986        6004
        5988        5991        5992
        5988        5991        5993
        5988        5991        5994
        5989        5988        5990
        5989        5988        5991
        5990        5988        5991
        5991        5994        5995
        5991        5994        5996
        5991        5994        5997
        5992        5991        5993
        5992        5991        5994
        5993        5991        5994
        5994        5997        5998
        5994        5997        5999
        5994        5997        6000
        5995        5994        5996
        5995        5994        5997
        5996        5994        5997
        5997        6000        6001
        5997        6000        6002
        5997        6000        6003
        5998        5997        5999
        5998        5997        6000
        5999        5997        6000
        6001        6000        6002
        6001        6000        6003
        6002        6000        6003
        6004        6006        6007
        6004        6006        6008
        6005        6004        6006
        6006        6008        6009
        6006        6008        6010
        6006        6008        6014
        6007        6006        6008
        6008        6010        6011
        6008        6010        6012
        6008        6010        6013
        6008        6014        6015
        6008        6014        6016
        6009        6008        6010
        6009        6008        6014
        6010        6008        6014
        6011        6010        6012
        6011        6010        6013
        6012        6010        6013
        6014        6016        6017
        6014        6016        6018
        6015        6014        6016
        6016        6018        6019
        6016        6018        6020
        6016        6018        6024
        6017        6016        6018
        6018        6020        6021
        6018        6020        6022
        6018        6020        6023
        6018        6024        6025
        6018        6024        6026
        6019        6018        6020
        6019        6018        6024
        6020        6018        6024
        6021        6020        6022
        6021        6020        6023
        6022        6020        6023
        6025        6024        6026
        6027        6031        6029
        6027        6032        6033
        6027        6032        6034
        6027        6032        6042
        6027        6082        6080
        6028        6027        6031
        6028        6027        6032
        6028        6027        6082
        6029        6046        6042
        6029        6046        6047
        6029        6046        6048
        6029        6049        6050
        6029        6049        6051
        6029        6049        6052
        6030        6029        6031
        6030        6029        6046
        6030        6029        6049
        6031        6027        6032
        6031        6027        6082
        6031        6029        6046
        6031        6029        6049
        6032        6027        6082
        6032        6034        6035
        6032        6034        6036
        6032        6042        6043
        6032        6042        6044
        6032        6042        6046
        6033        6032        6034
        6033        6032        6042
        6034        6032        6042
        6034        6036        6037
        6034        6036        6038
        6035        6034        6036
        6036        6038        6039
        6036        6038        6040
        6036        6038        6041
        6037        6036        6038
        6039        6038        6040
        6039        6038        6041
        6040        6038        6041
        6042        6044        6045
        6042        6046        6047
        6042        6046        6048
        6043        6042        6044
        6043        6042        6046
        6044        6042        6046
        6046        6029        6049
        6047        6046        6048
        6049        6052        6053
        6050        6049        6051
        6050        6049        6052
        6051        6049        6052
        6054        6058        6056
        6054        6059        6060
        6054        6059        6061
        6054        6059        6069
        6054        6179        6177
        6055        6054        6058
        6055        6054        6059
        6055        6054        6179
        6056        6080        6069
        6056        6080        6081
        6056        6080        6082
        6056        6083        6084
        6056        6083        6085
        6056        6083        6086
        6057        6056        6058
        6057        6056        6080
        6057        6056        6083
        6058        6054        6059
        6058        6054        6179
        6058        6056        6080
        6058        6056        6083
        6059        6054        6179
        6059        6061        6062
        6059        6061        6063
        6059        6069        6070
        6059        6069        6071
        6059        6069        6080
        6060        6059        6061
        6060        6059        6069
        6061        6059        6069
        6061        6063        6064
        6061        6063        6065
        6062        6061        6063
        6063        6065        6066
        6063        6065        6067
        6063        6065        6068
        6064        6063        6065
        6066        6065        6067
        6066        6065        6068
        6067        6065        6068
        6069        6071        6072
        6069        6080        6081
        6069        6080        6082
        6070        6069        6071
        6070        6069        6080
        6071        6069        6080
        6071        6072        6073
        6071        6072        6074
        6071        6072        6076
        6072        6074        6075
        6072        6074        6088
        6072        6076        6077
        6072        6076        6078
        6072        6076        6079
        6073        6072        6074
        6073        6072        6076
        6074        6072        6076
        6074        6088        6089
        6074        6088        6090
        6075        6074        6088
        6077        6076        6078
        6077        6076        6079
        6078        6076        6079
        6080        6056        6083
        6081        6080        6082
        6083        6086        6087
        6084        6083        6085
        6084        6083        6086
        6085        6083        6086
        6088        6090        6091
        6088        6090        6092
        6088        6090        6096
        6089        6088        6090
        6090        6092        6093
        6090        6092        6094
        6090        6092        6095
        6090        6096        6097
        6090        6096        6098
        6091        6090        6092
        6091        6090        6096
        6092        6090        6096
        6093        6092        6094
        6093        6092        6095
        6094        6092        6095
        6096        6098        6099
        6096        6098        6100
        6097        6096        6098
        6098        6100        6101
        6098        6100        6102
        6098        6100        6107
        6099        6098        6100
        6100        6102        6103
        6100        6102        6104
        6100        6107        6108
        6100        6107        6109
        6100        6107        6110
        6101        6100        6102
        6101        6100        6107
        6102        6100        6107
        6102        6104        6105
        6102        6104        6106
        6103        6102        6104
        6105        6104        6106
        6107        6110        6111
        6107        6110        6112
        6107        6110        6113
        6108        6107        6109
        6108        6107        6110
        6109        6107        6110
        6110        6113        6114
        6110        6113        6115
        6111        6110        6112
        6111        6110        6113
        6112        6110        6113
        6113        6115        6116
        6113        6115        6117
        6114        6113        6115
        6115        6117        6118
        6115        6117        6119
        6115        6117        6135
        6116        6115        6117
        6117        6119        6120
        6117        6119        6121
        6117        6119        6122
        6117        6135        6136
        6117        6135        6137
        6118        6117        6119
        6118        6117        6135
        6119        6117        6135
        6119        6122        6123
        6119        6122        6124
        6119        6122        6125
        6120        6119        6121
        6120        6119        6122
        6121        6119        6122
        6122        6125        6126
        6122        6125        6127
        6122        6125        6128
        6123        6122        6124
        6123        6122        6125
        6124        6122        6125
        6125        6128        6129
        6125        6128        6130
        6125        6128        6131
        6126        6125        6127
        6126        6125        6128
        6127        6125        6128
        6128        6131        6132
        6128        6131        6133
        6128        6131        6134
        6129        6128        6130
        6129        6128        6131
        6130        6128        6131
        6132        6131        6133
        6132        6131        6134
        6133        6131        6134
        6135        6137        6138
        6135        6137        6139
        6136        6135        6137
        6137        6139        6140
        6137        6139        6141
        6137        6139        6145
        6138        6137        6139
        6139        6141        6142
        6139        6141        6143
        6139        6141        6144
        6139        6145        6146
        6139        6145        6147
        6140        6139        6141
        6140        6139        6145
        6141        6139        6145
        6142        6141        6143
        6142        6141        6144
        6143        6141        6144
        6145        6147        6148
        6145        6147        6149
        6146        6145        6147
        6147        6149        6150
        6147        6149        6151
        6147        6149        6155
        6148        6147        6149
        6149        6151        6152
        6149        6151        6153
        6149        6151        6154
        6149        6155        6156
        6149        6155        6157
        6150        6149        6151
        6150        6149        6155
        6151        6149        6155
        6152        6151        6153
        6152        6151        6154
        6153        6151        6154
        6156        6155        6157
        6158        6162        6160
        6158        6163        6164
        6158        6163        6165
        6158        6163        6173
        6158        6213        6211
        6159        6158        6162
        6159        6158        6163
        6159        6158        6213
        6160        6177        6173
        6160        6177        6178
        6160        6177        6179
        6160        6180        6181
        6160        6180        6182
        6160        6180        6183
        6161        6160        6162
        6161        6160        6177
        6161        6160        6180
        6162        6158        6163
        6162        6158        6213
        6162        6160        6177
        6162        6160        6180
        6163        6158        6213
        6163        6165        6166
        6163        6165        6167
        6163        6173        6174
        6163        6173        6175
        6163        6173        6177
        6164        6163        6165
        6164        6163        6173
        6165        6163        6173
        6165        6167        6168
        6165        6167        6169
        6166        6165        6167
        6167        6169        6170
        6167        6169        6171
        6167        6169        6172
        6168        6167        6169
        6170        6169        6171
        6170        6169        6172
        6171        6169        6172
        6173        6175        6176
        6173        6177        6178
        6173        6177        6179
        6174        6173        6175
        6174        6173        6177
        6175        6173        6177
        6177        6160        6180
        6178        6177        6179
        6180        6183        6184
        6181        6180        6182
        6181        6180        6183
        6182        6180        6183
        6185        6189        6187
        6185        6190        6191
        6185        6190        6192
        6185        6190        6200
        6185        6310        6308
        6186        6185        6189
        6186        6185        6190
        6186        6185        6310
        6187        6211        6200
        6187        6211        6212
        6187        6211        6213
        6187        6214        6215
        6187        6214        6216
        6187        6214        6217
        6188        6187        6189
        6188        6187        6211
        6188        6187        6214
        6189        6185        6190
        6189        6185        6310
        6189        6187        6211
        6189        6187        6214
        6190        6185        6310
        6190        6192        6193
        6190        6192        6194
        6190        6200        6201
        6190        6200        6202
        6190        6200        6211
        6191        6190        6192
        6191        6190        6200
        6192        6190        6200
        6192        6194        6195
        6192        6194        6196
        6193        6192        6194
        6194        6196        6197
        6194        6196        6198
        6194        6196        6199
        6195        6194        6196
        6197        6196        6198
        6197        6196        6199
        6198        6196        6199
        6200        6202        6203
        6200        6211        6212
        6200        6211        6213
        6201        6200        6202
        6201        6200        6211
        6202        6200        6211
        6202        6203        6204
        6202        6203        6205
        6202        6203        6207
        6203        6205        6206
        6203        6205        6219
        6203        6207        6208
        6203        6207        6209
        6203        6207        6210
        6204        6203        6205
        6204        6203        6207
        6205        6203        6207
        6205        6219        6220
        6205        6219        6221
        6206        6205        6219
        6208        6207        6209
        6208        6207        6210
        6209        6207        6210
        6211        6187        6214
        6212        6211        6213
        6214        6217        6218
        6215        6214        6216
        6215        6214        6217
        6216        6214        6217
        6219        6221        6222
        6219        6221        6223
        6219        6221        6227
        6220        6219        6221
        6221        6223        6224
        6221        6223        6225
        6221        6223        6226
        6221        6227        6228
        6221        6227        6229
        6222        6221        6223
        6222        6221        6227
        6223        6221        6227
        6224        6223        6225
        6224        6223        6226
        6225        6223        6226
        6227        6229        6230
        6227        6229        6231
        6228        6227        6229
        6229        6231        6232
        6229        6231        6233
        6229        6231        6238
        6230        6229        6231
        6231        6233        6234
        6231        6233        6235
        6231        6238        6239
        6231        6238        6240
        6231        6238        6241
        6232        6231        6233
        6232        6231        6238
        6233        6231        6238
        6233        6235        6236
        6233        6235        6237
        6234        6233        6235
        6236        6235        6237
        6238        6241        6242
        6238        6241        6243
        6238        6241        6244
        6239        6238        6240
        6239        6238        6241
        6240        6238        6241
        6241        6244        6245
        6241        6244        6246
        6242        6241        6243
        6242        6241        6244
        6243        6241        6244
        6244        6246        6247
        6244        6246        6248
        6245        6244        6246
        6246        6248        6249
        6246        6248        6250
        6246        6248        6266
        6247        6246        6248
        6248        6250        6251
        6248        6250        6252
        6248        6250        6253
        6248        6266        6267
        6248        6266        6268
        6249        6248        6250
        6249        6248        6266
        6250        6248        6266
        6250        6253        6254
        6250        6253        6255
        6250        6253        6256
        6251        6250        6252
        6251        6250        6253
        6252        6250        6253
        6253        6256        6257
        6253        6256        6258
        6253        6256        6259
        6254        6253        6255
        6254        6253        6256
        6255        6253        6256
        6256        6259        6260
        6256        6259        6261
        6256        6259        6262
        6257        6256        6258
        6257        6256        6259
        6258        6256        6259
        6259        6262        6263
        6259        6262        6264
        6259        6262        6265
        6260        6259        6261
        6260        6259        6262
        6261        6259        6262
        6263        6262        6264
        6263        6262        6265
        6264        6262        6265
        6266        6268        6269
        6266        6268        6270
        6267        6266        6268
        6268        6270        6271
        6268        6270        6272
        6268        6270        6276
        6269        6268        6270
        6270        6272        6273
        6270        6272        6274
        6270        6272        6275
        6270        6276        6277
        6270        6276        6278
        6271        6270        6272
        6271        6270        6276
        6272        6270        6276
        6273        6272        6274
        6273        6272        6275
        6274        6272        6275
        6276        6278        6279
        6276        6278        6280
        6277        6276        6278
        6278        6280        6281
        6278        6280        6282
        6278        6280        6286
        6279        6278        6280
        6280        6282        6283
        6280        6282        6284
        6280        6282        6285
        6280        6286        6287
        6280        6286        6288
        6281        6280        6282
        6281        6280        6286
        6282        6280        6286
        6283        6282        6284
        6283        6282        6285
        6284        6282        6285
        6287        6286        6288
        6289        6293        6291
        6289        6294        6295
        6289        6294        6296
        6289        6294        6304
        6289        6344        6342
        6290        6289        6293
        6290        6289        6294
        6290        6289        6344
        6291        6308        6304
        6291        6308        6309
        6291        6308        6310
        6291        6311        6312
        6291        6311        6313
        6291        6311        6314
        6292        6291        6293
        6292        6291        6308
        6292        6291        6311
        6293        6289        6294
        6293        6289        6344
        6293        6291        6308
        6293        6291        6311
        6294        6289        6344
        6294        6296        6297
        6294        6296        6298
        6294        6304        6305
        6294        6304        6306
        6294        6304        6308
        6295        6294        6296
        6295        6294        6304
        6296        6294        6304
        6296        6298        6299
        6296        6298        6300
        6297        6296        6298
        6298        6300        6301
        6298        6300        6302
        6298        6300        6303
        6299        6298        6300
        6301        6300        6302
        6301        6300        6303
        6302        6300        6303
        6304        6306        6307
        6304        6308        6309
        6304        6308        6310
        6305        6304        6306
        6305        6304        6308
        6306        6304        6308
        6308        6291        6311
        6309        6308        6310
        6311        6314        6315
        6312        6311        6313
        6312        6311        6314
        6313        6311        6314
        6316        6320        6318
        6316        6321        6322
        6316        6321        6323
        6316        6321        6331
        6316        6441        6439
        6317        6316        6320
        6317        6316        6321
        6317        6316        6441
        6318        6342        6331
        6318        6342        6343
        6318        6342        6344
        6318        6345        6346
        6318        6345        6347
        6318        6345        6348
        6319        6318        6320
        6319        6318        6342
        6319        6318        6345
        6320        6316        6321
        6320        6316        6441
        6320        6318        6342
        6320        6318        6345
        6321        6316        6441
        6321        6323        6324
        6321        6323        6325
        6321        6331        6332
        6321        6331        6333
        6321        6331        6342
        6322        6321        6323
        6322        6321        6331
        6323        6321        6331
        6323        6325        6326
        6323        6325        6327
        6324        6323        6325
        6325        6327        6328
        6325        6327        6329
        6325        6327        6330
        6326        6325        6327
        6328        6327        6329
        6328        6327        6330
        6329        6327        6330
        6331        6333        6334
        6331        6342        6343
        6331        6342        6344
        6332        6331        6333
        6332        6331        6342
        6333        6331        6342
        6333        6334        6335
        6333        6334        6336
        6333        6334        6338
        6334        6336        6337
        6334        6336        6350
        6334        6338        6339
        6334        6338        6340
        6334        6338        6341
        6335        6334        6336
        6335        6334        6338
        6336        6334        6338
        6336        6350        6351
        6336        6350        6352
        6337        6336        6350
        6339        6338        6340
        6339        6338        6341
        6340        6338        6341
        6342        6318        6345
        6343        6342        6344
        6345        6348        6349
        6346        6345        6347
        6346        6345        6348
        6347        6345        6348
        6350        6352        6353
        6350        6352        6354
        6350        6352        6358
        6351        6350        6352
        6352        6354        6355
        6352        6354        6356
        6352        6354        6357
        6352        6358        6359
        6352        6358        6360
        6353        6352        6354
        6353        6352        6358
        6354        6352        6358
        6355        6354        6356
        6355        6354        6357
        6356        6354        6357
        6358        6360        6361
        6358        6360        6362
        6359        6358        6360
        6360        6362        6363
        6360        6362        6364
        6360        6362        6369
        6361        6360        6362
        6362        6364        6365
        6362        6364        6366
        6362        6369        6370
        6362        6369        6371
        6362        6369        6372
        6363        6362        6364
        6363        6362        6369
        6364        6362        6369
        6364        6366        6367
        6364        6366        6368
        6365        6364        6366
        6367        6366        6368
        6369        6372        6373
        6369        6372        6374
        6369        6372        6375
        6370        6369        6371
        6370        6369        6372
        6371        6369        6372
        6372        6375        6376
        6372        6375        6377
        6373        6372        6374
        6373        6372        6375
        6374        6372        6375
        6375        6377        6378
        6375        6377        6379
        6376        6375        6377
        6377        6379        6380
        6377        6379        6381
        6377        6379        6397
        6378        6377        6379
        6379        6381        6382
        6379        6381        6383
        6379        6381        6384
        6379        6397        6398
        6379        6397        6399
        6380        6379        6381
        6380        6379        6397
        6381        6379        6397
        6381        6384        6385
        6381        6384        6386
        6381        6384        6387
        6382        6381        6383
        6382        6381        6384
        6383        6381        6384
        6384        6387        6388
        6384        6387        6389
        6384        6387        6390
        6385        6384        6386
        6385        6384        6387
        6386        6384        6387
        6387        6390        6391
        6387        6390        6392
        6387        6390        6393
        6388        6387        6389
        6388        6387        6390
        6389        6387        6390
        6390        6393        6394
        6390        6393        6395
        6390        6393        6396
        6391        6390        6392
        6391        6390        6393
        6392        6390        6393
        6394        6393        6395
        6394        6393        6396
        6395        6393        6396
        6397        6399        6400
        6397        6399        6401
        6398        6397        6399
        6399        6401        6402
        6399        6401        6403
        6399        6401        6407
        6400        6399        6401
        6401        6403        6404
        6401        6403        6405
        6401        6403        6406
        6401        6407        6408
        6401        6407        6409
        6402        6401        6403
        6402        6401        6407
        6403        6401        6407
        6404        6403        6405
        6404        6403        6406
        6405        6403        6406
        6407        6409        6410
        6407        6409        6411
        6408        6407        6409
        6409        6411        6412
        6409        6411        6413
        6409        6411        6417
        6410        6409        6411
        6411        6413        6414
        6411        6413        6415
        6411        6413        6416
        6411        6417        6418
        6411        6417        6419
        6412        6411        6413
        6412        6411        6417
        6413        6411        6417
        6414        6413        6415
        6414        6413        6416
        6415        6413        6416
        6418        6417        6419
        6420        6424        6422
        6420        6425        6426
        6420        6425        6427
        6420        6425        6435
        6420        6475        6473
        6421        6420        6424
        6421        6420        6425
        6421        6420        6475
        6422        6439        6435
        6422        6439        6440
        6422        6439        6441
        6422        6442        6443
        6422        6442        6444
        6422        6442        6445
        6423        6422        6424
        6423        6422        6439
        6423        6422        6442
        6424        6420        6425
        6424        6420        6475
        6424        6422        6439
        6424        6422        6442
        6425        6420        6475
        6425        6427        6428
        6425        6427        6429
        6425        6435        6436
        6425        6435        6437
        6425        6435        6439
        6426        6425        6427
        6426        6425        6435
        6427        6425        6435
        6427        6429        6430
        6427        6429        6431
        6428        6427        6429
        6429        6431        6432
        6429        6431        6433
        6429        6431        6434
        6430        6429        6431
        6432        6431        6433
        6432        6431        6434
        6433        6431        6434
        6435        6437        6438
        6435        6439        6440
        6435        6439        6441
        6436        6435        6437
        6436        6435        6439
        6437        6435        6439
        6439        6422        6442
        6440        6439        6441
        6442        6445        6446
        6443        6442        6444
        6443        6442        6445
        6444        6442        6445
        6447        6451        6449
        6447        6452        6453
        6447        6452        6454
        6447        6452        6462
        6447        6572        6570
        6448        6447        6451
        6448        6447        6452
        6448        6447        6572
        6449        6473        6462
        6449        6473        6474
        6449        6473        6475
        6449        6476        6477
        6449        6476        6478
        6449        6476        6479
        6450        6449        6451
        6450        6449        6473
        6450        6449        6476
        6451        6447        6452
        6451        6447        6572
        6451        6449        6473
        6451        6449        6476
        6452        6447        6572
        6452        6454        6455
        6452        6454        6456
        6452        6462        6463
        6452        6462        6464
        6452        6462        6473
        6453        6452        6454
        6453        6452        6462
        6454        6452        6462
        6454        6456        6457
        6454        6456        6458
        6455        6454        6456
        6456        6458        6459
        6456        6458        6460
        6456        6458        6461
        6457        6456        6458
        6459        6458        6460
        6459        6458        6461
        6460        6458        6461
        6462        6464        6465
        6462        6473        6474
        6462        6473        6475
        6463        6462        6464
        6463        6462        6473
        6464        6462        6473
        6464        6465        6466
        6464        6465        6467
        6464        6465        6469
        6465        6467        6468
        6465        6467        6481
        6465        6469        6470
        6465        6469        6471
        6465        6469        6472
        6466        6465        6467
        6466        6465        6469
        6467        6465        6469
        6467        6481        6482
        6467        6481        6483
        6468        6467        6481
        6470        6469        6471
        6470        6469        6472
        6471        6469        6472
        6473        6449        6476
        6474        6473        6475
        6476        6479        6480
        6477        6476        6478
        6477        6476        6479
        6478        6476        6479
        6481        6483        6484
        6481        6483        6485
        6481        6483        6489
        6482        6481        6483
        6483        6485        6486
        6483        6485        6487
        6483        6485        6488
        6483        6489        6490
        6483        6489        6491
        6484        6483        6485
        6484        6483        6489
        6485        6483        6489
        6486        6485        6487
        6486        6485        6488
        6487        6485        6488
        6489        6491        6492
        6489        6491        6493
        6490        6489        6491
        6491        6493        6494
        6491        6493        6495
        6491        6493        6500
        6492        6491        6493
        6493        6495        6496
        6493        6495        6497
        6493        6500        6501
        6493        6500        6502
        6493        6500        6503
        6494        6493        6495
        6494        6493        6500
        6495        6493        6500
        6495        6497        6498
        6495        6497        6499
        6496        6495        6497
        6498        6497        6499
        6500        6503        6504
        6500        6503        6505
        6500        6503        6506
        6501        6500        6502
        6501        6500        6503
        6502        6500        6503
        6503        6506        6507
        6503        6506        6508
        6504        6503        6505
        6504        6503        6506
        6505        6503        6506
        6506        6508        6509
        6506        6508        6510
        6507        6506        6508
        6508        6510        6511
        6508        6510        6512
        6508        6510        6528
        6509        6508        6510
        6510        6512        6513
        6510        6512        6514
        6510        6512        6515
        6510        6528        6529
        6510        6528        6530
        6511        6510        6512
        6511        6510        6528
        6512        6510        6528
        6512        6515        6516
        6512        6515        6517
        6512        6515        6518
        6513        6512        6514
        6513        6512        6515
        6514        6512        6515
        6515        6518        6519
        6515        6518        6520
        6515        6518        6521
        6516        6515        6517
        6516        6515        6518
        6517        6515        6518
        6518        6521        6522
        6518        6521        6523
        6518        6521        6524
        6519        6518        6520
        6519        6518        6521
        6520        6518        6521
        6521        6524        6525
        6521        6524        6526
        6521        6524        6527
        6522        6521        6523
        6522        6521        6524
        6523        6521        6524
        6525        6524        6526
        6525        6524        6527
        6526        6524        6527
        6528        6530        6531
        6528        6530        6532
        6529        6528        6530
        6530        6532        6533
        6530        6532        6534
        6530        6532        6538
        6531        6530        6532
        6532        6534        6535
        6532        6534        6536
        6532        6534        6537
        6532        6538        6539
        6532        6538        6540
        6533        6532        6534
        6533        6532        6538
        6534        6532        6538
        6535        6534        6536
        6535        6534        6537
        6536        6534        6537
        6538        6540        6541
        6538        6540        6542
        6539        6538        6540
        6540        6542        6543
        6540        6542        6544
        6540        6542        6548
        6541        6540        6542
        6542        6544        6545
        6542        6544        6546
        6542        6544        6547
        6542        6548        6549
        6542        6548        6550
        6543        6542        6544
        6543        6542        6548
        6544        6542        6548
        6545        6544        6546
        6545        6544        6547
        6546        6544        6547
        6549        6548        6550
        6551        6555        6553
        6551        6556        6557
        6551        6556        6558
        6551        6556        6566
        6551        6606        6604
        6552        6551        6555
        6552        6551        6556
        6552        6551        6606
        6553        6570        6566
        6553        6570        6571
        6553        6570        6572
        6553        6573        6574
        6553        6573        6575
        6553        6573        6576
        6554        6553        6555
        6554        6553        6570
        6554        6553        6573
        6555        6551        6556
        6555        6551        6606
        6555        6553        6570
        6555        6553        6573
        6556        6551        6606
        6556        6558        6559
        6556        6558        6560
        6556        6566        6567
        6556        6566        6568
        6556        6566        6570
        6557        6556        6558
        6557        6556        6566
        6558        6556        6566
        6558        6560        6561
        6558        6560        6562
        6559        6558        6560
        6560        6562        6563
        6560        6562        6564
        6560        6562        6565
        6561        6560        6562
        6563        6562        6564
        6563        6562        6565
        6564        6562        6565
        6566        6568        6569
        6566        6570        6571
        6566        6570        6572
        6567        6566        6568
        6567        6566        6570
        6568        6566        6570
        6570        6553        6573
        6571        6570        6572
        6573        6576        6577
        6574        6573        6575
        6574        6573        6576
        6575        6573        6576
        6578        6582        6580
        6578        6583        6584
        6578        6583        6585
        6578        6583        6593
        6578        6703        6701
        6579        6578        6582
        6579        6578        6583
        6579        6578        6703
        6580        6604        6593
        6580        6604        6605
        6580        6604        6606
        6580        6607        6608
        6580        6607        6609
        6580        6607        6610
        6581        6580        6582
        6581        6580        6604
        6581        6580        6607
        6582        6578        6583
        6582        6578        6703
        6582        6580        6604
        6582        6580        6607
        6583        6578        6703
        6583        6585        6586
        6583        6585        6587
        6583        6593        6594
        6583        6593        6595
        6583        6593        6604
        6584        6583        6585
        6584        6583        6593
        6585        6583        6593
        6585        6587        6588
        6585        6587        6589
        6586        6585        6587
        6587        6589        6590
        6587        6589        6591
        6587        6589        6592
        6588        6587        6589
        6590        6589        6591
        6590        6589        6592
        6591        6589        6592
        6593        6595        6596
        6593        6604        6605
        6593        6604        6606
        6594        6593        6595
        6594        6593        6604
        6595        6593        6604
        6595        6596        6597
        6595        6596        6598
        6595        6596        6600
        6596        6598        6599
        6596        6598        6612
        6596        6600        6601
        6596        6600        6602
        6596        6600        6603
        6597        6596        6598
        6597        6596        6600
        6598        6596        6600
        6598        6612        6613
        6598        6612        6614
        6599        6598        6612
        6601        6600        6602
        6601        6600        6603
        6602        6600        6603
        6604        6580        6607
        6605        6604        6606
        6607        6610        6611
        6608        6607        6609
        6608        6607        6610
        6609        6607        6610
        6612        6614        6615
        6612        6614        6616
        6612        6614        6620
        6613        6612        6614
        6614        6616        6617
        6614        6616        6618
        6614        6616        6619
        6614        6620        6621
        6614        6620        6622
        6615        6614        6616
        6615        6614        6620
        6616        6614        6620
        6617        6616        6618
        6617        6616        6619
        6618        6616        6619
        6620        6622        6623
        6620        6622        6624
        6621        6620        6622
        6622        6624        6625
        6622        6624        6626
        6622        6624        6631
        6623        6622        6624
        6624        6626        6627
        6624        6626        6628
        6624        6631        6632
        6624        6631        6633
        6624        6631        6634
        6625        6624        6626
        6625        6624        6631
        6626        6624        6631
        6626        6628        6629
        6626        6628        6630
        6627        6626        6628
        6629        6628        6630
        6631        6634        6635
        6631        6634        6636
        6631        6634        6637
        6632        6631        6633
        6632        6631        6634
        6633        6631        6634
        6634        6637        6638
        6634        6637        6639
        6635        6634        6636
        6635        6634        6637
        6636        6634        6637
        6637        6639        6640
        6637        6639        6641
        6638        6637        6639
        6639        6641        6642
        6639        6641        6643
        6639        6641        6659
        6640        6639        6641
        6641        6643        6644
        6641        6643        6645
        6641        6643        6646
        6641        6659        6660
        6641        6659        6661
        6642        6641        6643
        6642        6641        6659
        6643        6641        6659
        6643        6646        6647
        6643        6646        6648
        6643        6646        6649
        6644        6643        6645
        6644        6643        6646
        6645        6643        6646
        6646        6649        6650
        6646        6649        6651
        6646        6649        6652
        6647        6646        6648
        6647        6646        6649
        6648        6646        6649
        6649        6652        6653
        6649        6652        6654
        6649        6652        6655
        6650        6649        6651
        6650        6649        6652
        6651        6649        6652
        6652        6655        6656
        6652        6655        6657
        6652        6655        6658
        6653        6652        6654
        6653        6652        6655
        6654        6652        6655
        6656        6655        6657
        6656        6655        6658
        6657        6655        6658
        6659        6661        6662
        6659        6661        6663
        6660        6659        6661
        6661        6663        6664
        6661        6663        6665
        6661        6663        6669
        6662        6661        6663
        6663        6665        6666
        6663        6665        6667
        6663        6665        6668
        6663        6669        6670
        6663        6669        6671
        6664        6663        6665
        6664        6663        6669
        6665        6663        6669
        6666        6665        6667
        6666        6665        6668
        6667        6665        6668
        6669        6671        6672
        6669        6671        6673
        6670        6669        6671
        6671        6673        6674
        6671        6673        6675
        6671        6673        6679
        6672        6671        6673
        6673        6675        6676
        6673        6675        6677
        6673        6675        6678
        6673        6679        6680
        6673        6679        6681
        6674        6673        6675
        6674        6673        6679
        6675        6673        6679
        6676        6675        6677
        6676        6675        6678
        6677        6675        6678
        6680        6679        6681
        6682        6686        6684
        6682        6687        6688
        6682        6687        6689
        6682        6687        6697
        6682        6737        6735
        6683        6682        6686
        6683        6682        6687
        6683        6682        6737
        6684        6701        6697
        6684        6701        6702
        6684        6701        6703
        6684        6704        6705
        6684        6704        6706
        6684        6704        6707
        6685        6684        6686
        6685        6684        6701
        6685        6684        6704
        6686        6682        6687
        6686        6682        6737
        6686        6684        6701
        6686        6684        6704
        6687        6682        6737
        6687        6689        6690
        6687        6689        6691
        6687        6697        6698
        6687        6697        6699
        6687        6697        6701
        6688        6687        6689
        6688        6687        6697
        6689        6687        6697
        6689        6691        6692
        6689        6691        6693
        6690        6689        6691
        6691        6693        6694
        6691        6693        6695
        6691        6693        6696
        6692        6691        6693
        6694        6693        6695
        6694        6693        6696
        6695        6693        6696
        6697        6699        6700
        6697        6701        6702
        6697        6701        6703
        6698        6697        6699
        6698        6697        6701
        6699        6697        6701
        6701        6684        6704
        6702        6701        6703
        6704        6707        6708
        6705        6704        6706
        6705        6704        6707
        6706        6704        6707
        6709        6713        6711
        6709        6714        6715
        6709        6714        6716
        6709        6714        6724
        6710        6709        6713
        6710        6709        6714
        6711        6735        6724
        6711        6735        6736
        6711        6735        6737
        6711        6738        6739
        6711        6738        6740
        6711        6738        6741
        6712        6711        6713
        6712        6711        6735
        6712        6711        6738
        6713        6709        6714
        6713        6711        6735
        6713        6711        6738
        6714        6716        6717
        6714        6716        6718
        6714        6724        6725
        6714        6724        6726
        6714        6724        6735
        6715        6714        6716
        6715        6714        6724
        6716        6714        6724
        6716        6718        6719
        6716        6718        6720
        6717        6716        6718
        6718        6720        6721
        6718        6720        6722
        6718        6720        6723
        6719        6718        6720
        6721        6720        6722
        6721        6720        6723
        6722        6720        6723
        6724        6726        6727
        6724        6735        6736
        6724        6735        6737
        6725        6724        6726
        6725        6724        6735
        6726        6724        6735
        6726        6727        6728
        6726        6727        6729
        6726        6727        6731
        6727        6729        6730
        6727        6729        6743
        6727        6731        6732
        6727        6731        6733
        6727        6731        6734
        6728        6727        6729
        6728        6727        6731
        6729        6727        6731
        6729        6743        6744
        6729        6743        6745
        6730        6729        6743
        6732        6731        6733
        6732        6731        6734
        6733        6731        6734
        6735        6711        6738
        6736        6735        6737
        6738        6741        6742
        6739        6738        6740
        6739        6738        6741
        6740        6738        6741
        6743        6745        6746
        6743        6745        6747
        6743        6745        6751
        6744        6743        6745
        6745        6747        6748
        6745        6747        6749
        6745        6747        6750
        6745        6751        6752
        6745        6751        6753
        6746        6745        6747
        6746        6745        6751
        6747        6745        6751
        6748        6747        6749
        6748        6747        6750
        6749        6747        6750
        6751        6753        6754
        6751        6753        6755
        6752        6751        6753
        6753        6755        6756
        6753        6755        6757
        6753        6755        6762
        6754        6753        6755
        6755        6757        6758
        6755        6757        6759
        6755        6762        6763
        6755        6762        6764
        6755        6762        6765
        6756        6755        6757
        6756        6755        6762
        6757        6755        6762
        6757        6759        6760
        6757        6759        6761
        6758        6757        6759
        6760        6759        6761
        6762        6765        6766
        6762        6765        6767
        6762        6765        6768
        6763        6762        6764
        6763        6762        6765
        6764        6762        6765
        6765        6768        6769
        6765        6768        6770
        6766        6765        6767
        6766        6765        6768
        6767        6765        6768
        6768        6770        6771
        6768        6770        6772
        6769        6768        6770
        6770        6772        6773
        6770        6772        6774
        6770        6772        6790
        6771        6770        6772
        6772        6774        6775
        6772        6774        6776
        6772        6774        6777
        6772        6790        6791
        6772        6790        6792
        6773        6772        6774
        6773        6772        6790
        6774        6772        6790
        6774        6777        6778
        6774        6777        6779
        6774        6777        6780
        6775        6774        6776
        6775        6774        6777
        6776        6774        6777
        6777        6780        6781
        6777        6780        6782
        6777        6780        6783
        6778        6777        6779
        6778        6777        6780
        6779        6777        6780
        6780        6783        6784
        6780        6783        6785
        6780        6783        6786
        6781        6780        6782
        6781        6780        6783
        6782        6780        6783
        6783        6786        6787
        6783        6786        6788
        6783        6786        6789
        6784        6783        6785
        6784        6783        6786
        6785        6783        6786
        6787        6786        6788
        6787        6786        6789
        6788        6786        6789
        6790        6792        6793
        6790        6792        6794
        6791        6790        6792
        6792        6794        6795
        6792        6794        6796
        6792        6794        6800
        6793        6792        6794
        6794        6796        6797
        6794        6796        6798
        6794        6796        6799
        6794        6800        6801
        6794        6800        6802
        6795        6794        6796
        6795        6794        6800
        6796        6794        6800
        6797        6796        6798
        6797        6796        6799
        6798        6796        6799
        6800        6802        6803
        6800        6802        6804
        6801        6800        6802
        6802        6804        6805
        6802        6804        6806
        6802        6804        6810
        6803        6802        6804
        6804        6806        6807
        6804        6806        6808
        6804        6806        6809
        6804        6810        6811
        6804        6810        6812
        6805        6804        6806
        6805        6804        6810
        6806        6804        6810
        6807        6806        6808
        6807        6806        6809
        6808        6806        6809
        6811        6810        6812
        6813        6817        6815
        6813        6818        6819
        6813        6818        6820
        6813        6818        6828
        6813        6868        6866
        6814        6813        6817
        6814        6813        6818
        6814        6813        6868
        6815        6832        6828
        6815        6832        6833
        6815        6832        6834
        6815        6835        6836
        6815        6835        6837
        6815        6835        6838
        6816        6815        6817
        6816        6815        6832
        6816        6815        6835
        6817        6813        6818
        6817        6813        6868
        6817        6815        6832
        6817        6815        6835
        6818        6813        6868
        6818        6820        6821
        6818        6820        6822
        6818        6828        6829
        6818        6828        6830
        6818        6828        6832
        6819        6818        6820
        6819        6818        6828
        6820        6818        6828
        6820        6822        6823
        6820        6822        6824
        6821        6820        6822
        6822        6824        6825
        6822        6824        6826
        6822        6824        6827
        6823        6822        6824
        6825        6824        6826
        6825        6824        6827
        6826        6824        6827
        6828        6830        6831
        6828        6832        6833
        6828        6832        6834
        6829        6828        6830
        6829        6828        6832
        6830        6828        6832
        6832        6815        6835
        6832        6834        8412
        6833        6832        6834
        6834        8412        8413
        6834        8412        8416
        6834        8412        8417
        6835        6838        6839
        6836        6835        6837
        6836        6835        6838
        6837        6835        6838
        6840        6844        6842
        6840        6845        6846
        6840        6845        6847
        6840        6845        6855
        6840        6965        6963
        6841        6840        6844
        6841        6840        6845
        6841        6840        6965
        6842        6866        6855
        6842        6866        6867
        6842        6866        6868
        6842        6869        6870
        6842        6869        6871
        6842        6869        6872
        6843        6842        6844
        6843        6842        6866
        6843        6842        6869
        6844        6840        6845
        6844        6840        6965
        6844        6842        6866
        6844        6842        6869
        6845        6840        6965
        6845        6847        6848
        6845        6847        6849
        6845        6855        6856
        6845        6855        6857
        6845        6855        6866
        6846        6845        6847
        6846        6845        6855
        6847        6845        6855
        6847        6849        6850
        6847        6849        6851
        6848        6847        6849
        6849        6851        6852
        6849        6851        6853
        6849        6851        6854
        6850        6849        6851
        6852        6851        6853
        6852        6851        6854
        6853        6851        6854
        6855        6857        6858
        6855        6866        6867
        6855        6866        6868
        6856        6855        6857
        6856        6855        6866
        6857        6855        6866
        6857        6858        6859
        6857        6858        6860
        6857        6858        6862
        6858        6860        6861
        6858        6860        6874
        6858        6862        6863
        6858        6862        6864
        6858        6862        6865
        6859        6858        6860
        6859        6858        6862
        6860        6858        6862
        6860        6874        6875
        6860        6874        6876
        6861        6860        6874
        6863        6862        6864
        6863        6862        6865
        6864        6862        6865
        6866        6842        6869
        6867        6866        6868
        6869        6872        6873
        6870        6869        6871
        6870        6869        6872
        6871        6869        6872
        6874        6876        6877
        6874        6876        6878
        6874        6876        6882
        6875        6874        6876
        6876        6878        6879
        6876        6878        6880
        6876        6878        6881
        6876        6882        6883
        6876        6882        6884
        6877        6876        6878
        6877        6876        6882
        6878        6876        6882
        6879        6878        6880
        6879        6878        6881
        6880        6878        6881
        6882        6884        6885
        6882        6884        6886
        6883        6882        6884
        6884        6886        6887
        6884        6886        6888
        6884        6886        6893
        6885        6884        6886
        6886        6888        6889
        6886        6888        6890
        6886        6893        6894
        6886        6893        6895
        6886        6893        6896
        6887        6886        6888
        6887        6886        6893
        6888        6886        6893
        6888        6890        6891
        6888        6890        6892
        6889        6888        6890
        6891        6890        6892
        6893        6896        6897
        6893        6896        6898
        6893        6896        6899
        6894        6893        6895
        6894        6893        6896
        6895        6893        6896
        6896        6899        6900
        6896        6899        6901
        6897        6896        6898
        6897        6896        6899
        6898        6896        6899
        6899        6901        6902
        6899        6901        6903
        6900        6899        6901
        6901        6903        6904
        6901        6903        6905
        6901        6903        6921
        6902        6901        6903
        6903        6905        6906
        6903        6905        6907
        6903        6905        6908
        6903        6921        6922
        6903        6921        6923
        6904        6903        6905
        6904        6903        6921
        6905        6903        6921
        6905        6908        6909
        6905        6908        6910
        6905        6908        6911
        6906        6905        6907
        6906        6905        6908
        6907        6905        6908
        6908        6911        6912
        6908        6911        6913
        6908        6911        6914
        6909        6908        6910
        6909        6908        6911
        6910        6908        6911
        6911        6914        6915
        6911        6914        6916
        6911        6914        6917
        6912        6911        6913
        6912        6911        6914
        6913        6911        6914
        6914        6917        6918
        6914        6917        6919
        6914        6917        6920
        6915        6914        6916
        6915        6914        6917
        6916        6914        6917
        6918        6917        6919
        6918        6917        6920
        6919        6917        6920
        6921        6923        6924
        6921        6923        6925
        6922        6921        6923
        6923        6925        6926
        6923        6925        6927
        6923        6925        6931
        6924        6923        6925
        6925        6927        6928
        6925        6927        6929
        6925        6927        6930
        6925        6931        6932
        6925        6931        6933
        6926        6925        6927
        6926        6925        6931
        6927        6925        6931
        6928        6927        6929
        6928        6927        6930
        6929        6927        6930
        6931        6933        6934
        6931        6933        6935
        6932        6931        6933
        6933        6935        6936
        6933        6935        6937
        6933        6935        6941
        6934        6933        6935
        6935        6937        6938
        6935        6937        6939
        6935        6937        6940
        6935        6941        6942
        6935        6941        6943
        6936        6935        6937
        6936        6935        6941
        6937        6935        6941
        6938        6937        6939
        6938        6937        6940
        6939        6937        6940
        6942        6941        6943
        6944        6948        6946
        6944        6949        6950
        6944        6949        6951
        6944        6949        6959
        6944        6999        6997
        6945        6944        6948
        6945        6944        6949
        6945        6944        6999
        6946        6963        6959
        6946        6963        6964
        6946        6963        6965
        6946        6966        6967
        6946        6966        6968
        6946        6966        6969
        6947        6946        6948
        6947        6946        6963
        6947        6946        6966
        6948        6944        6949
        6948        6944        6999
        6948        6946        6963
        6948        6946        6966
        6949        6944        6999
        6949        6951        6952
        6949        6951        6953
        6949        6959        6960
        6949        6959        6961
        6949        6959        6963
        6950        6949        6951
        6950        6949        6959
        6951        6949        6959
        6951        6953        6954
        6951        6953        6955
        6952        6951        6953
        6953        6955        6956
        6953        6955        6957
        6953        6955        6958
        6954        6953        6955
        6956        6955        6957
        6956        6955        6958
        6957        6955        6958
        6959        6961        6962
        6959        6963        6964
        6959        6963        6965
        6960        6959        6961
        6960        6959        6963
        6961        6959        6963
        6963        6946        6966
        6964        6963        6965
        6966        6969        6970
        6967        6966        6968
        6967        6966        6969
        6968        6966        6969
        6971        6975        6973
        6971        6976        6977
        6971        6976        6978
        6971        6976        6986
        6971        7096        7094
        6972        6971        6975
        6972        6971        6976
        6972        6971        7096
        6973        6997        6986
        6973        6997        6998
        6973        6997        6999
        6973        7000        7001
        6973        7000        7002
        6973        7000        7003
        6974        6973        6975
        6974        6973        6997
        6974        6973        7000
        6975        6971        6976
        6975        6971        7096
        6975        6973        6997
        6975        6973        7000
        6976        6971        7096
        6976        6978        6979
        6976        6978        6980
        6976        6986        6987
        6976        6986        6988
        6976        6986        6997
        6977        6976        6978
        6977        6976        6986
        6978        6976        6986
        6978        6980        6981
        6978        6980        6982
        6979        6978        6980
        6980        6982        6983
        6980        6982        6984
        6980        6982        6985
        6981        6980        6982
        6983        6982        6984
        6983        6982        6985
        6984        6982        6985
        6986        6988        6989
        6986        6997        6998
        6986        6997        6999
        6987        6986        6988
        6987        6986        6997
        6988        6986        6997
        6988        6989        6990
        6988        6989        6991
        6988        6989        6993
        6989        6991        6992
        6989        6991        7005
        6989        6993        6994
        6989        6993        6995
        6989        6993        6996
        6990        6989        6991
        6990        6989        6993
        6991        6989        6993
        6991        7005        7006
        6991        7005        7007
        6992        6991        7005
        6994        6993        6995
        6994        6993        6996
        6995        6993        6996
        6997        6973        7000
        6998        6997        6999
        7000        7003        7004
        7001        7000        7002
        7001        7000        7003
        7002        7000        7003
        7005        7007        7008
        7005        7007        7009
        7005        7007        7013
        7006        7005        7007
        7007        7009        7010
        7007        7009        7011
        7007        7009        7012
        7007        7013        7014
        7007        7013        7015
        7008        7007        7009
        7008        7007        7013
        7009        7007        7013
        7010        7009        7011
        7010        7009        7012
        7011        7009        7012
        7013        7015        7016
        7013        7015        7017
        7014        7013        7015
        7015        7017        7018
        7015        7017        7019
        7015        7017        7024
        7016        7015        7017
        7017        7019        7020
        7017        7019        7021
        7017        7024        7025
        7017        7024        7026
        7017        7024        7027
        7018        7017        7019
        7018        7017        7024
        7019        7017        7024
        7019        7021        7022
        7019        7021        7023
        7020        7019        7021
        7022        7021        7023
        7024        7027        7028
        7024        7027        7029
        7024        7027        7030
        7025        7024        7026
        7025        7024        7027
        7026        7024        7027
        7027        7030        7031
        7027        7030        7032
        7028        7027        7029
        7028        7027        7030
        7029        7027        7030
        7030        7032        7033
        7030        7032        7034
        7031        7030        7032
        7032        7034        7035
        7032        7034        7036
        7032        7034        7052
        7033        7032        7034
        7034        7036        7037
        7034        7036        7038
        7034        7036        7039
        7034        7052        7053
        7034        7052        7054
        7035        7034        7036
        7035        7034        7052
        7036        7034        7052
        7036        7039        7040
        7036        7039        7041
        7036        7039        7042
        7037        7036        7038
        7037        7036        7039
        7038        7036        7039
        7039        7042        7043
        7039        7042        7044
        7039        7042        7045
        7040        7039        7041
        7040        7039        7042
        7041        7039        7042
        7042        7045        7046
        7042        7045        7047
        7042        7045        7048
        7043        7042        7044
        7043        7042        7045
        7044        7042        7045
        7045        7048        7049
        7045        7048        7050
        7045        7048        7051
        7046        7045        7047
        7046        7045        7048
        7047        7045        7048
        7049        7048        7050
        7049        7048        7051
        7050        7048        7051
        7052        7054        7055
        7052        7054        7056
        7053        7052        7054
        7054        7056        7057
        7054        7056        7058
        7054        7056        7062
        7055        7054        7056
        7056        7058        7059
        7056        7058        7060
        7056        7058        7061
        7056        7062        7063
        7056        7062        7064
        7057        7056        7058
        7057        7056        7062
        7058        7056        7062
        7059        7058        7060
        7059        7058        7061
        7060        7058        7061
        7062        7064        7065
        7062        7064        7066
        7063        7062        7064
        7064        7066        7067
        7064        7066        7068
        7064        7066        7072
        7065        7064        7066
        7066        7068        7069
        7066        7068        7070
        7066        7068        7071
        7066        7072        7073
        7066        7072        7074
        7067        7066        7068
        7067        7066        7072
        7068        7066        7072
        7069        7068        7070
        7069        7068        7071
        7070        7068        7071
        7073        7072        7074
        7075        7079        7077
        7075        7080        7081
        7075        7080        7082
        7075        7080        7090
        7075        7130        7128
        7076        7075        7079
        7076        7075        7080
        7076        7075        7130
        7077        7094        7090
        7077        7094        7095
        7077        7094        7096
        7077        7097        7098
        7077        7097        7099
        7077        7097        7100
        7078        7077        7079
        7078        7077        7094
        7078        7077        7097
        7079        7075        7080
        7079        7075        7130
        7079        7077        7094
        7079        7077        7097
        7080        7075        7130
        7080        7082        7083
        7080        7082        7084
        7080        7090        7091
        7080        7090        7092
        7080        7090        7094
        7081        7080        7082
        7081        7080        7090
        7082        7080        7090
        7082        7084        7085
        7082        7084        7086
        7083        7082        7084
        7084        7086        7087
        7084        7086        7088
        7084        7086        7089
        7085        7084        7086
        7087        7086        7088
        7087        7086        7089
        7088        7086        7089
        7090        7092        7093
        7090        7094        7095
        7090        7094        7096
        7091        7090        7092
        7091        7090        7094
        7092        7090        7094
        7094        7077        7097
        7095        7094        7096
        7097        7100        7101
        7098        7097        7099
        7098        7097        7100
        7099        7097        7100
        7102        7106        7104
        7102        7107        7108
        7102        7107        7109
        7102        7107        7117
        7102        7227        7225
        7103        7102        7106
        7103        7102        7107
        7103        7102        7227
        7104        7128        7117
        7104        7128        7129
        7104        7128        7130
        7104        7131        7132
        7104        7131        7133
        7104        7131        7134
        7105        7104        7106
        7105        7104        7128
        7105        7104        7131
        7106        7102        7107
        7106        7102        7227
        7106        7104        7128
        7106        7104        7131
        7107        7102        7227
        7107        7109        7110
        7107        7109        7111
        7107        7117        7118
        7107        7117        7119
        7107        7117        7128
        7108        7107        7109
        7108        7107        7117
        7109        7107        7117
        7109        7111        7112
        7109        7111        7113
        7110        7109        7111
        7111        7113        7114
        7111        7113        7115
        7111        7113        7116
        7112        7111        7113
        7114        7113        7115
        7114        7113        7116
        7115        7113        7116
        7117        7119        7120
        7117        7128        7129
        7117        7128        7130
        7118        7117        7119
        7118        7117        7128
        7119        7117        7128
        7119        7120        7121
        7119        7120        7122
        7119        7120        7124
        7120        7122        7123
        7120        7122        7136
        7120        7124        7125
        7120        7124        7126
        7120        7124        7127
        7121        7120        7122
        7121        7120        7124
        7122        7120        7124
        7122        7136        7137
        7122        7136        7138
        7123        7122        7136
        7125        7124        7126
        7125        7124        7127
        7126        7124        7127
        7128        7104        7131
        7129        7128        7130
        7131        7134        7135
        7132        7131        7133
        7132        7131        7134
        7133        7131        7134
        7136        7138        7139
        7136        7138        7140
        7136        7138        7144
        7137        7136        7138
        7138        7140        7141
        7138        7140        7142
        7138        7140        7143
        7138        7144        7145
        7138        7144        7146
        7139        7138        7140
        7139        7138        7144
        7140        7138        7144
        7141        7140        7142
        7141        7140        7143
        7142        7140        7143
        7144        7146        7147
        7144        7146        7148
        7145        7144        7146
        7146        7148        7149
        7146        7148        7150
        7146        7148        7155
        7147        7146        7148
        7148        7150        7151
        7148        7150        7152
        7148        7155        7156
        7148        7155        7157
        7148        7155        7158
        7149        7148        7150
        7149        7148        7155
        7150        7148        7155
        7150        7152        7153
        7150        7152        7154
        7151        7150        7152
        7153        7152        7154
        7155        7158        7159
        7155        7158        7160
        7155        7158        7161
        7156        7155        7157
        7156        7155        7158
        7157        7155        7158
        7158        7161        7162
        7158        7161        7163
        7159        7158        7160
        7159        7158        7161
        7160        7158        7161
        7161        7163        7164
        7161        7163        7165
        7162        7161        7163
        7163        7165        7166
        7163        7165        7167
        7163        7165        7183
        7164        7163        7165
        7165        7167        7168
        7165        7167        7169
        7165        7167        7170
        7165        7183        7184
        7165        7183        7185
        7166        7165        7167
        7166        7165        7183
        7167        7165        7183
        7167        7170        7171
        7167        7170        7172
        7167        7170        7173
        7168        7167        7169
        7168        7167        7170
        7169        7167        7170
        7170        7173        7174
        7170        7173        7175
        7170        7173        7176
        7171        7170        7172
        7171        7170        7173
        7172        7170        7173
        7173        7176        7177
        7173        7176        7178
        7173        7176        7179
        7174        7173        7175
        7174        7173        7176
        7175        7173        7176
        7176        7179        7180
        7176        7179        7181
        7176        7179        7182
        7177        7176        7178
        7177        7176        7179
        7178        7176        7179
        7180        7179        7181
        7180        7179        7182
        7181        7179        7182
        7183        7185        7186
        7183        7185        7187
        7184        7183        7185
        7185        7187        7188
        7185        7187        7189
        7185        7187        7193
        7186        7185        7187
        7187        7189        7190
        7187        7189        7191
        7187        7189        7192
        7187        7193        7194
        7187        7193        7195
        7188        7187        7189
        7188        7187        7193
        7189        7187        7193
        7190        7189        7191
        7190        7189        7192
        7191        7189        7192
        7193        7195        7196
        7193        7195        7197
        7194        7193        7195
        7195        7197        7198
        7195        7197        7199
        7195        7197        7203
        7196        7195        7197
        7197        7199        7200
        7197        7199        7201
        7197        7199        7202
        7197        7203        7204
        7197        7203        7205
        7198        7197        7199
        7198        7197        7203
        7199        7197        7203
        7200        7199        7201
        7200        7199        7202
        7201        7199        7202
        7204        7203        7205
        7206        7210        7208
        7206        7211        7212
        7206        7211        7213
        7206        7211        7221
        7206        7261        7259
        7207        7206        7210
        7207        7206        7211
        7207        7206        7261
        7208        7225        7221
        7208        7225        7226
        7208        7225        7227
        7208        7228        7229
        7208        7228        7230
        7208        7228        7231
        7209        7208        7210
        7209        7208        7225
        7209        7208        7228
        7210        7206        7211
        7210        7206        7261
        7210        7208        7225
        7210        7208        7228
        7211        7206        7261
        7211        7213        7214
        7211        7213        7215
        7211        7221        7222
        7211        7221        7223
        7211        7221        7225
        7212        7211        7213
        7212        7211        7221
        7213        7211        7221
        7213        7215        7216
        7213        7215        7217
        7214        7213        7215
        7215        7217        7218
        7215        7217        7219
        7215        7217        7220
        7216        7215        7217
        7218        7217        7219
        7218        7217        7220
        7219        7217        7220
        7221        7223        7224
        7221        7225        7226
        7221        7225        7227
        7222        7221        7223
        7222        7221        7225
        7223        7221        7225
        7225        7208        7228
        7226        7225        7227
        7228        7231        7232
        7229        7228        7230
        7229        7228        7231
        7230        7228        7231
        7233        7237        7235
        7233        7238        7239
        7233        7238        7240
        7233        7238        7248
        7233        7358        7356
        7234        7233        7237
        7234        7233        7238
        7234        7233        7358
        7235        7259        7248
        7235        7259        7260
        7235        7259        7261
        7235        7262        7263
        7235        7262        7264
        7235        7262        7265
        7236        7235        7237
        7236        7235        7259
        7236        7235        7262
        7237        7233        7238
        7237        7233        7358
        7237        7235        7259
        7237        7235        7262
        7238        7233        7358
        7238        7240        7241
        7238        7240        7242
        7238        7248        7249
        7238        7248        7250
        7238        7248        7259
        7239        7238        7240
        7239        7238        7248
        7240        7238        7248
        7240        7242        7243
        7240        7242        7244
        7241        7240        7242
        7242        7244        7245
        7242        7244        7246
        7242        7244        7247
        7243        7242        7244
        7245        7244        7246
        7245        7244        7247
        7246        7244        7247
        7248        7250        7251
        7248        7259        7260
        7248        7259        7261
        7249        7248        7250
        7249        7248        7259
        7250        7248        7259
        7250        7251        7252
        7250        7251        7253
        7250        7251        7255
        7251        7253        7254
        7251        7253        7267
        7251        7255        7256
        7251        7255        7257
        7251        7255        7258
        7252        7251        7253
        7252        7251        7255
        7253        7251        7255
        7253        7267        7268
        7253        7267        7269
        7254        7253        7267
        7256        7255        7257
        7256        7255        7258
        7257        7255        7258
        7259        7235        7262
        7260        7259        7261
        7262        7265        7266
        7263        7262        7264
        7263        7262        7265
        7264        7262        7265
        7267        7269        7270
        7267        7269        7271
        7267        7269        7275
        7268        7267        7269
        7269        7271        7272
        7269        7271        7273
        7269        7271        7274
        7269        7275        7276
        7269        7275        7277
        7270        7269        7271
        7270        7269        7275
        7271        7269        7275
        7272        7271        7273
        7272        7271        7274
        7273        7271        7274
        7275        7277        7278
        7275        7277        7279
        7276        7275        7277
        7277        7279        7280
        7277        7279        7281
        7277        7279        7286
        7278        7277        7279
        7279        7281        7282
        7279        7281        7283
        7279        7286        7287
        7279        7286        7288
        7279        7286        7289
        7280        7279        7281
        7280        7279        7286
        7281        7279        7286
        7281        7283        7284
        7281        7283        7285
        7282        7281        7283
        7284        7283        7285
        7286        7289        7290
        7286        7289        7291
        7286        7289        7292
        7287        7286        7288
        7287        7286        7289
        7288        7286        7289
        7289        7292        7293
        7289        7292        7294
        7290        7289        7291
        7290        7289        7292
        7291        7289        7292
        7292        7294        7295
        7292        7294        7296
        7293        7292        7294
        7294        7296        7297
        7294        7296        7298
        7294        7296        7314
        7295        7294        7296
        7296        7298        7299
        7296        7298        7300
        7296        7298        7301
        7296        7314        7315
        7296        7314        7316
        7297        7296        7298
        7297        7296        7314
        7298        7296        7314
        7298        7301        7302
        7298        7301        7303
        7298        7301        7304
        7299        7298        7300
        7299        7298        7301
        7300        7298        7301
        7301        7304        7305
        7301        7304        7306
        7301        7304        7307
        7302        7301        7303
        7302        7301        7304
        7303        7301        7304
        7304        7307        7308
        7304        7307        7309
        7304        7307        7310
        7305        7304        7306
        7305        7304        7307
        7306        7304        7307
        7307        7310        7311
        7307        7310        7312
        7307        7310        7313
        7308        7307        7309
        7308        7307        7310
        7309        7307        7310
        7311        7310        7312
        7311        7310        7313
        7312        7310        7313
        7314        7316        7317
        7314        7316        7318
        7315        7314        7316
        7316        7318        7319
        7316        7318        7320
        7316        7318        7324
        7317        7316        7318
        7318        7320        7321
        7318        7320        7322
        7318        7320        7323
        7318        7324        7325
        7318        7324        7326
        7319        7318        7320
        7319        7318        7324
        7320        7318        7324
        7321        7320        7322
        7321        7320        7323
        7322        7320        7323
        7324        7326        7327
        7324        7326        7328
        7325        7324        7326
        7326        7328        7329
        7326        7328        7330
        7326        7328        7334
        7327        7326        7328
        7328        7330        7331
        7328        7330        7332
        7328        7330        7333
        7328        7334        7335
        7328        7334        7336
        7329        7328        7330
        7329        7328        7334
        7330        7328        7334
        7331        7330        7332
        7331        7330        7333
        7332        7330        7333
        7335        7334        7336
        7337        7341        7339
        7337        7342        7343
        7337        7342        7344
        7337        7342        7352
        7337        7392        7390
        7338        7337        7341
        7338        7337        7342
        7338        7337        7392
        7339        7356        7352
        7339        7356        7357
        7339        7356        7358
        7339        7359        7360
        7339        7359        7361
        7339        7359        7362
        7340        7339        7341
        7340        7339        7356
        7340        7339        7359
        7341        7337        7342
        7341        7337        7392
        7341        7339        7356
        7341        7339        7359
        7342        7337        7392
        7342        7344        7345
        7342        7344        7346
        7342        7352        7353
        7342        7352        7354
        7342        7352        7356
        7343        7342        7344
        7343        7342        7352
        7344        7342        7352
        7344        7346        7347
        7344        7346        7348
        7345        7344        7346
        7346        7348        7349
        7346        7348        7350
        7346        7348        7351
        7347        7346        7348
        7349        7348        7350
        7349        7348        7351
        7350        7348        7351
        7352        7354        7355
        7352        7356        7357
        7352        7356        7358
        7353        7352        7354
        7353        7352        7356
        7354        7352        7356
        7356        7339        7359
        7357        7356        7358
        7359        7362        7363
        7360        7359        7361
        7360        7359        7362
        7361        7359        7362
        7364        7368        7366
        7364        7369        7370
        7364        7369        7371
        7364        7369        7379
        7364        7489        7487
        7365        7364        7368
        7365        7364        7369
        7365        7364        7489
        7366        7390        7379
        7366        7390        7391
        7366        7390        7392
        7366        7393        7394
        7366        7393        7395
        7366        7393        7396
        7367        7366        7368
        7367        7366        7390
        7367        7366        7393
        7368        7364        7369
        7368        7364        7489
        7368        7366        7390
        7368        7366        7393
        7369        7364        7489
        7369        7371        7372
        7369        7371        7373
        7369        7379        7380
        7369        7379        7381
        7369        7379        7390
        7370        7369        7371
        7370        7369        7379
        7371        7369        7379
        7371        7373        7374
        7371        7373        7375
        7372        7371        7373
        7373        7375        7376
        7373        7375        7377
        7373        7375        7378
        7374        7373        7375
        7376        7375        7377
        7376        7375        7378
        7377        7375        7378
        7379        7381        7382
        7379        7390        7391
        7379        7390        7392
        7380        7379        7381
        7380        7379        7390
        7381        7379        7390
        7381        7382        7383
        7381        7382        7384
        7381        7382        7386
        7382        7384        7385
        7382        7384        7398
        7382        7386        7387
        7382        7386        7388
        7382        7386        7389
        7383        7382        7384
        7383        7382        7386
        7384        7382        7386
        7384        7398        7399
        7384        7398        7400
        7385        7384        7398
        7387        7386        7388
        7387        7386        7389
        7388        7386        7389
        7390        7366        7393
        7391        7390        7392
        7393        7396        7397
        7394        7393        7395
        7394        7393        7396
        7395        7393        7396
        7398        7400        7401
        7398        7400        7402
        7398        7400        7406
        7399        7398        7400
        7400        7402        7403
        7400        7402        7404
        7400        7402        7405
        7400        7406        7407
        7400        7406        7408
        7401        7400        7402
        7401        7400        7406
        7402        7400        7406
        7403        7402        7404
        7403        7402        7405
        7404        7402        7405
        7406        7408        7409
        7406        7408        7410
        7407        7406        7408
        7408        7410        7411
        7408        7410        7412
        7408        7410        7417
        7409        7408        7410
        7410        7412        7413
        7410        7412        7414
        7410        7417        7418
        7410        7417        7419
        7410        7417        7420
        7411        7410        7412
        7411        7410        7417
        7412        7410        7417
        7412        7414        7415
        7412        7414        7416
        7413        7412        7414
        7415        7414        7416
        7417        7420        7421
        7417        7420        7422
        7417        7420        7423
        7418        7417        7419
        7418        7417        7420
        7419        7417        7420
        7420        7423        7424
        7420        7423        7425
        7421        7420        7422
        7421        7420        7423
        7422        7420        7423
        7423        7425        7426
        7423        7425        7427
        7424        7423        7425
        7425        7427        7428
        7425        7427        7429
        7425        7427        7445
        7426        7425        7427
        7427        7429        7430
        7427        7429        7431
        7427        7429        7432
        7427        7445        7446
        7427        7445        7447
        7428        7427        7429
        7428        7427        7445
        7429        7427        7445
        7429        7432        7433
        7429        7432        7434
        7429        7432        7435
        7430        7429        7431
        7430        7429        7432
        7431        7429        7432
        7432        7435        7436
        7432        7435        7437
        7432        7435        7438
        7433        7432        7434
        7433        7432        7435
        7434        7432        7435
        7435        7438        7439
        7435        7438        7440
        7435        7438        7441
        7436        7435        7437
        7436        7435        7438
        7437        7435        7438
        7438        7441        7442
        7438        7441        7443
        7438        7441        7444
        7439        7438        7440
        7439        7438        7441
        7440        7438        7441
        7442        7441        7443
        7442        7441        7444
        7443        7441        7444
        7445        7447        7448
        7445        7447        7449
        7446        7445        7447
        7447        7449        7450
        7447        7449        7451
        7447        7449        7455
        7448        7447        7449
        7449        7451        7452
        7449        7451        7453
        7449        7451        7454
        7449        7455        7456
        7449        7455        7457
        7450        7449        7451
        7450        7449        7455
        7451        7449        7455
        7452        7451        7453
        7452        7451        7454
        7453        7451        7454
        7455        7457        7458
        7455        7457        7459
        7456        7455        7457
        7457        7459        7460
        7457        7459        7461
        7457        7459        7465
        7458        7457        7459
        7459        7461        7462
        7459        7461        7463
        7459        7461        7464
        7459        7465        7466
        7459        7465        7467
        7460        7459        7461
        7460        7459        7465
        7461        7459        7465
        7462        7461        7463
        7462        7461        7464
        7463        7461        7464
        7466        7465        7467
        7468        7472        7470
        7468        7473        7474
        7468        7473        7475
        7468        7473        7483
        7468        7523        7521
        7469        7468        7472
        7469        7468        7473
        7469        7468        7523
        7470        7487        7483
        7470        7487        7488
        7470        7487        7489
        7470        7490        7491
        7470        7490        7492
        7470        7490        7493
        7471        7470        7472
        7471        7470        7487
        7471        7470        7490
        7472        7468        7473
        7472        7468        7523
        7472        7470        7487
        7472        7470        7490
        7473        7468        7523
        7473        7475        7476
        7473        7475        7477
        7473        7483        7484
        7473        7483        7485
        7473        7483        7487
        7474        7473        7475
        7474        7473        7483
        7475        7473        7483
        7475        7477        7478
        7475        7477        7479
        7476        7475        7477
        7477        7479        7480
        7477        7479        7481
        7477        7479        7482
        7478        7477        7479
        7480        7479        7481
        7480        7479        7482
        7481        7479        7482
        7483        7485        7486
        7483        7487        7488
        7483        7487        7489
        7484        7483        7485
        7484        7483        7487
        7485        7483        7487
        7487        7470        7490
        7488        7487        7489
        7490        7493        7494
        7491        7490        7492
        7491        7490        7493
        7492        7490        7493
        7495        7499        7497
        7495        7500        7501
        7495        7500        7502
        7495        7500        7510
        7495        7620        7618
        7496        7495        7499
        7496        7495        7500
        7496        7495        7620
        7497        7521        7510
        7497        7521        7522
        7497        7521        7523
        7497        7524        7525
        7497        7524        7526
        7497        7524        7527
        7498        7497        7499
        7498        7497        7521
        7498        7497        7524
        7499        7495        7500
        7499        7495        7620
        7499        7497        7521
        7499        7497        7524
        7500        7495        7620
        7500        7502        7503
        7500        7502        7504
        7500        7510        7511
        7500        7510        7512
        7500        7510        7521
        7501        7500        7502
        7501        7500        7510
        7502        7500        7510
        7502        7504        7505
        7502        7504        7506
        7503        7502        7504
        7504        7506        7507
        7504        7506        7508
        7504        7506        7509
        7505        7504        7506
        7507        7506        7508
        7507        7506        7509
        7508        7506        7509
        7510        7512        7513
        7510        7521        7522
        7510        7521        7523
        7511        7510        7512
        7511        7510        7521
        7512        7510        7521
        7512        7513        7514
        7512        7513        7515
        7512        7513        7517
        7513        7515        7516
        7513        7515        7529
        7513        7517        7518
        7513        7517        7519
        7513        7517        7520
        7514        7513        7515
        7514        7513        7517
        7515        7513        7517
        7515        7529        7530
        7515        7529        7531
        7516        7515        7529
        7518        7517        7519
        7518        7517        7520
        7519        7517        7520
        7521        7497        7524
        7522        7521        7523
        7524        7527        7528
        7525        7524        7526
        7525        7524        7527
        7526        7524        7527
        7529        7531        7532
        7529        7531        7533
        7529        7531        7537
        7530        7529        7531
        7531        7533        7534
        7531        7533        7535
        7531        7533        7536
        7531        7537        7538
        7531        7537        7539
        7532        7531        7533
        7532        7531        7537
        7533        7531        7537
        7534        7533        7535
        7534        7533        7536
        7535        7533        7536
        7537        7539        7540
        7537        7539        7541
        7538        7537        7539
        7539        7541        7542
        7539        7541        7543
        7539        7541        7548
        7540        7539        7541
        7541        7543        7544
        7541        7543        7545
        7541        7548        7549
        7541        7548        7550
        7541        7548        7551
        7542        7541        7543
        7542        7541        7548
        7543        7541        7548
        7543        7545        7546
        7543        7545        7547
        7544        7543        7545
        7546        7545        7547
        7548        7551        7552
        7548        7551        7553
        7548        7551        7554
        7549        7548        7550
        7549        7548        7551
        7550        7548        7551
        7551        7554        7555
        7551        7554        7556
        7552        7551        7553
        7552        7551        7554
        7553        7551        7554
        7554        7556        7557
        7554        7556        7558
        7555        7554        7556
        7556        7558        7559
        7556        7558        7560
        7556        7558        7576
        7557        7556        7558
        7558        7560        7561
        7558        7560        7562
        7558        7560        7563
        7558        7576        7577
        7558        7576        7578
        7559        7558        7560
        7559        7558        7576
        7560        7558        7576
        7560        7563        7564
        7560        7563        7565
        7560        7563        7566
        7561        7560        7562
        7561        7560        7563
        7562        7560        7563
        7563        7566        7567
        7563        7566        7568
        7563        7566        7569
        7564        7563        7565
        7564        7563        7566
        7565        7563        7566
        7566        7569        7570
        7566        7569        7571
        7566        7569        7572
        7567        7566        7568
        7567        7566        7569
        7568        7566        7569
        7569        7572        7573
        7569        7572        7574
        7569        7572        7575
        7570        7569        7571
        7570        7569        7572
        7571        7569        7572
        7573        7572        7574
        7573        7572        7575
        7574        7572        7575
        7576        7578        7579
        7576        7578        7580
        7577        7576        7578
        7578        7580        7581
        7578        7580        7582
        7578        7580        7586
        7579        7578        7580
        7580        7582        7583
        7580        7582        7584
        7580        7582        7585
        7580        7586        7587
        7580        7586        7588
        7581        7580        7582
        7581        7580        7586
        7582        7580        7586
        7583        7582        7584
        7583        7582        7585
        7584        7582        7585
        7586        7588        7589
        7586        7588        7590
        7587        7586        7588
        7588        7590        7591
        7588        7590        7592
        7588        7590        7596
        7589        7588        7590
        7590        7592        7593
        7590        7592        7594
        7590        7592        7595
        7590        7596        7597
        7590        7596        7598
        7591        7590        7592
        7591        7590        7596
        7592        7590        7596
        7593        7592        7594
        7593        7592        7595
        7594        7592        7595
        7597        7596        7598
        7599        7603        7601
        7599        7604        7605
        7599        7604        7606
        7599        7604        7614
        7599        7654        7652
        7600        7599        7603
        7600        7599        7604
        7600        7599        7654
        7601        7618        7614
        7601        7618        7619
        7601        7618        7620
        7601        7621        7622
        7601        7621        7623
        7601        7621        7624
        7602        7601        7603
        7602        7601        7618
        7602        7601        7621
        7603        7599        7604
        7603        7599        7654
        7603        7601        7618
        7603        7601        7621
        7604        7599        7654
        7604        7606        7607
        7604        7606        7608
        7604        7614        7615
        7604        7614        7616
        7604        7614        7618
        7605        7604        7606
        7605        7604        7614
        7606        7604        7614
        7606        7608        7609
        7606        7608        7610
        7607        7606        7608
        7608        7610        7611
        7608        7610        7612
        7608        7610        7613
        7609        7608        7610
        7611        7610        7612
        7611        7610        7613
        7612        7610        7613
        7614        7616        7617
        7614        7618        7619
        7614        7618        7620
        7615        7614        7616
        7615        7614        7618
        7616        7614        7618
        7618        7601        7621
        7619        7618        7620
        7621        7624        7625
        7622        7621        7623
        7622        7621        7624
        7623        7621        7624
        7626        7630        7628
        7626        7631        7632
        7626        7631        7633
        7626        7631        7641
        7626        7751        7749
        7627        7626        7630
        7627        7626        7631
        7627        7626        7751
        7628        7652        7641
        7628        7652        7653
        7628        7652        7654
        7628        7655        7656
        7628        7655        7657
        7628        7655        7658
        7629        7628        7630
        7629        7628        7652
        7629        7628        7655
        7630        7626        7631
        7630        7626        7751
        7630        7628        7652
        7630        7628        7655
        7631        7626        7751
        7631        7633        7634
        7631        7633        7635
        7631        7641        7642
        7631        7641        7643
        7631        7641        7652
        7632        7631        7633
        7632        7631        7641
        7633        7631        7641
        7633        7635        7636
        7633        7635        7637
        7634        7633        7635
        7635        7637        7638
        7635        7637        7639
        7635        7637        7640
        7636        7635        7637
        7638        7637        7639
        7638        7637        7640
        7639        7637        7640
        7641        7643        7644
        7641        7652        7653
        7641        7652        7654
        7642        7641        7643
        7642        7641        7652
        7643        7641        7652
        7643        7644        7645
        7643        7644        7646
        7643        7644        7648
        7644        7646        7647
        7644        7646        7660
        7644        7648        7649
        7644        7648        7650
        7644        7648        7651
        7645        7644        7646
        7645        7644        7648
        7646        7644        7648
        7646        7660        7661
        7646        7660        7662
        7647        7646        7660
        7649        7648        7650
        7649        7648        7651
        7650        7648        7651
        7652        7628        7655
        7653        7652        7654
        7655        7658        7659
        7656        7655        7657
        7656        7655        7658
        7657        7655        7658
        7660        7662        7663
        7660        7662        7664
        7660        7662        7668
        7661        7660        7662
        7662        7664        7665
        7662        7664        7666
        7662        7664        7667
        7662        7668        7669
        7662        7668        7670
        7663        7662        7664
        7663        7662        7668
        7664        7662        7668
        7665        7664        7666
        7665        7664        7667
        7666        7664        7667
        7668        7670        7671
        7668        7670        7672
        7669        7668        7670
        7670        7672        7673
        7670        7672        7674
        7670        7672        7679
        7671        7670        7672
        7672        7674        7675
        7672        7674        7676
        7672        7679        7680
        7672        7679        7681
        7672        7679        7682
        7673        7672        7674
        7673        7672        7679
        7674        7672        7679
        7674        7676        7677
        7674        7676        7678
        7675        7674        7676
        7677        7676        7678
        7679        7682        7683
        7679        7682        7684
        7679        7682        7685
        7680        7679        7681
        7680        7679        7682
        7681        7679        7682
        7682        7685        7686
        7682        7685        7687
        7683        7682        7684
        7683        7682        7685
        7684        7682        7685
        7685        7687        7688
        7685        7687        7689
        7686        7685        7687
        7687        7689        7690
        7687        7689        7691
        7687        7689        7707
        7688        7687        7689
        7689        7691        7692
        7689        7691        7693
        7689        7691        7694
        7689        7707        7708
        7689        7707        7709
        7690        7689        7691
        7690        7689        7707
        7691        7689        7707
        7691        7694        7695
        7691        7694        7696
        7691        7694        7697
        7692        7691        7693
        7692        7691        7694
        7693        7691        7694
        7694        7697        7698
        7694        7697        7699
        7694        7697        7700
        7695        7694        7696
        7695        7694        7697
        7696        7694        7697
        7697        7700        7701
        7697        7700        7702
        7697        7700        7703
        7698        7697        7699
        7698        7697        7700
        7699        7697        7700
        7700        7703        7704
        7700        7703        7705
        7700        7703        7706
        7701        7700        7702
        7701        7700        7703
        7702        7700        7703
        7704        7703        7705
        7704        7703        7706
        7705        7703        7706
        7707        7709        7710
        7707        7709        7711
        7708        7707        7709
        7709        7711        7712
        7709        7711        7713
        7709        7711        7717
        7710        7709        7711
        7711        7713        7714
        7711        7713        7715
        7711        7713        7716
        7711        7717        7718
        7711        7717        7719
        7712        7711        7713
        7712        7711        7717
        7713        7711        7717
        7714        7713        7715
        7714        7713        7716
        7715        7713        7716
        7717        7719        7720
        7717        7719        7721
        7718        7717        7719
        7719        7721        7722
        7719        7721        7723
        7719        7721        7727
        7720        7719        7721
        7721        7723        7724
        7721        7723        7725
        7721        7723        7726
        7721        7727        7728
        7721        7727        7729
        7722        7721        7723
        7722        7721        7727
        7723        7721        7727
        7724        7723        7725
        7724        7723        7726
        7725        7723        7726
        7728        7727        7729
        7730        7734        7732
        7730        7735        7736
        7730        7735        7737
        7730        7735        7745
        7730        7785        7783
        7731        7730        7734
        7731        7730        7735
        7731        7730        7785
        7732        7749        7745
        7732        7749        7750
        7732        7749        7751
        7732        7752        7753
        7732        7752        7754
        7732        7752        7755
        7733        7732        7734
        7733        7732        7749
        7733        7732        7752
        7734        7730        7735
        7734        7730        7785
        7734        7732        7749
        7734        7732        7752
        7735        7730        7785
        7735        7737        7738
        7735        7737        7739
        7735        7745        7746
        7735        7745        7747
        7735        7745        7749
        7736        7735        7737
        7736        7735        7745
        7737        7735        7745
        7737        7739        7740
        7737        7739        7741
        7738        7737        7739
        7739        7741        7742
        7739        7741        7743
        7739        7741        7744
        7740        7739        7741
        7742        7741        7743
        7742        7741        7744
        7743        7741        7744
        7745        7747        7748
        7745        7749        7750
        7745        7749        7751
        7746        7745        7747
        7746        7745        7749
        7747        7745        7749
        7749        7732        7752
        7750        7749        7751
        7752        7755        7756
        7753        7752        7754
        7753        7752        7755
        7754        7752        7755
        7757        7761        7759
        7757        7762        7763
        7757        7762        7764
        7757        7762        7772
        7757        7882        7880
        7758        7757        7761
        7758        7757        7762
        7758        7757        7882
        7759        7783        7772
        7759        7783        7784
        7759        7783        7785
        7759        7786        7787
        7759        7786        7788
        7759        7786        7789
        7760        7759        7761
        7760        7759        7783
        7760        7759        7786
        7761        7757        7762
        7761        7757        7882
        7761        7759        7783
        7761        7759        7786
        7762        7757        7882
        7762        7764        7765
        7762        7764        7766
        7762        7772        7773
        7762        7772        7774
        7762        7772        7783
        7763        7762        7764
        7763        7762        7772
        7764        7762        7772
        7764        7766        7767
        7764        7766        7768
        7765        7764        7766
        7766        7768        7769
        7766        7768        7770
        7766        7768        7771
        7767        7766        7768
        7769        7768        7770
        7769        7768        7771
        7770        7768        7771
        7772        7774        7775
        7772        7783        7784
        7772        7783        7785
        7773        7772        7774
        7773        7772        7783
        7774        7772        7783
        7774        7775        7776
        7774        7775        7777
        7774        7775        7779
        7775        7777        7778
        7775        7777        7791
        7775        7779        7780
        7775        7779        7781
        7775        7779        7782
        7776        7775        7777
        7776        7775        7779
        7777        7775        7779
        7777        7791        7792
        7777        7791        7793
        7778        7777        7791
        7780        7779        7781
        7780        7779        7782
        7781        7779        7782
        7783        7759        7786
        7784        7783        7785
        7786        7789        7790
        7787        7786        7788
        7787        7786        7789
        7788        7786        7789
        7791        7793        7794
        7791        7793        7795
        7791        7793        7799
        7792        7791        7793
        7793        7795        7796
        7793        7795        7797
        7793        7795        7798
        7793        7799        7800
        7793        7799        7801
        7794        7793        7795
        7794        7793        7799
        7795        7793        7799
        7796        7795        7797
        7796        7795        7798
        7797        7795        7798
        7799        7801        7802
        7799        7801        7803
        7800        7799        7801
        7801        7803        7804
        7801        7803        7805
        7801        7803        7810
        7802        7801        7803
        7803        7805        7806
        7803        7805        7807
        7803        7810        7811
        7803        7810        7812
        7803        7810        7813
        7804        7803        7805
        7804        7803        7810
        7805        7803        7810
        7805        7807        7808
        7805        7807        7809
        7806        7805        7807
        7808        7807        7809
        7810        7813        7814
        7810        7813        7815
        7810        7813        7816
        7811        7810        7812
        7811        7810        7813
        7812        7810        7813
        7813        7816        7817
        7813        7816        7818
        7814        7813        7815
        7814        7813        7816
        7815        7813        7816
        7816        7818        7819
        7816        7818        7820
        7817        7816        7818
        7818        7820        7821
        7818        7820        7822
        7818        7820        7838
        7819        7818        7820
        7820        7822        7823
        7820        7822        7824
        7820        7822        7825
        7820        7838        7839
        7820        7838        7840
        7821        7820        7822
        7821        7820        7838
        7822        7820        7838
        7822        7825        7826
        7822        7825        7827
        7822        7825        7828
        7823        7822        7824
        7823        7822        7825
        7824        7822        7825
        7825        7828        7829
        7825        7828        7830
        7825        7828        7831
        7826        7825        7827
        7826        7825        7828
        7827        7825        7828
        7828        7831        7832
        7828        7831        7833
        7828        7831        7834
        7829        7828        7830
        7829        7828        7831
        7830        7828        7831
        7831        7834        7835
        7831        7834        7836
        7831        7834        7837
        7832        7831        7833
        7832        7831        7834
        7833        7831        7834
        7835        7834        7836
        7835        7834        7837
        7836        7834        7837
        7838        7840        7841
        7838        7840        7842
        7839        7838        7840
        7840        7842        7843
        7840        7842        7844
        7840        7842        7848
        7841        7840        7842
        7842        7844        7845
        7842        7844        7846
        7842        7844        7847
        7842        7848        7849
        7842        7848        7850
        7843        7842        7844
        7843        7842        7848
        7844        7842        7848
        7845        7844        7846
        7845        7844        7847
        7846        7844        7847
        7848        7850        7851
        7848        7850        7852
        7849        7848        7850
        7850        7852        7853
        7850        7852        7854
        7850        7852        7858
        7851        7850        7852
        7852        7854        7855
        7852        7854        7856
        7852        7854        7857
        7852        7858        7859
        7852        7858        7860
        7853        7852        7854
        7853        7852        7858
        7854        7852        7858
        7855        7854        7856
        7855        7854        7857
        7856        7854        7857
        7859        7858        7860
        7861        7865        7863
        7861        7866        7867
        7861        7866        7868
        7861        7866        7876
        7861        7916        7914
        7862        7861        7865
        7862        7861        7866
        7862        7861        7916
        7863        7880        7876
        7863        7880        7881
        7863        7880        7882
        7863        7883        7884
        7863        7883        7885
        7863        7883        7886
        7864        7863        7865
        7864        7863        7880
        7864        7863        7883
        7865        7861        7866
        7865        7861        7916
        7865        7863        7880
        7865        7863        7883
        7866        7861        7916
        7866        7868        7869
        7866        7868        7870
        7866        7876        7877
        7866        7876        7878
        7866        7876        7880
        7867        7866        7868
        7867        7866        7876
        7868        7866        7876
        7868        7870        7871
        7868        7870        7872
        7869        7868        7870
        7870        7872        7873
        7870        7872        7874
        7870        7872        7875
        7871        7870        7872
        7873        7872        7874
        7873        7872        7875
        7874        7872        7875
        7876        7878        7879
        7876        7880        7881
        7876        7880        7882
        7877        7876        7878
        7877        7876        7880
        7878        7876        7880
        7880        7863        7883
        7881        7880        7882
        7883        7886        7887
        7884        7883        7885
        7884        7883        7886
        7885        7883        7886
        7888        7892        7890
        7888        7893        7894
        7888        7893        7895
        7888        7893        7903
        7888        8013        8011
        7889        7888        7892
        7889        7888        7893
        7889        7888        8013
        7890        7914        7903
        7890        7914        7915
        7890        7914        7916
        7890        7917        7918
        7890        7917        7919
        7890        7917        7920
        7891        7890        7892
        7891        7890        7914
        7891        7890        7917
        7892        7888        7893
        7892        7888        8013
        7892        7890        7914
        7892        7890        7917
        7893        7888        8013
        7893        7895        7896
        7893        7895        7897
        7893        7903        7904
        7893        7903        7905
        7893        7903        7914
        7894        7893        7895
        7894        7893        7903
        7895        7893        7903
        7895        7897        7898
        7895        7897        7899
        7896        7895        7897
        7897        7899        7900
        7897        7899        7901
        7897        7899        7902
        7898        7897        7899
        7900        7899        7901
        7900        7899        7902
        7901        7899        7902
        7903        7905        7906
        7903        7914        7915
        7903        7914        7916
        7904        7903        7905
        7904        7903        7914
        7905        7903        7914
        7905        7906        7907
        7905        7906        7908
        7905        7906        7910
        7906        7908        7909
        7906        7908        7922
        7906        7910        7911
        7906        7910        7912
        7906        7910        7913
        7907        7906        7908
        7907        7906        7910
        7908        7906        7910
        7908        7922        7923
        7908        7922        7924
        7909        7908        7922
        7911        7910        7912
        7911        7910        7913
        7912        7910        7913
        7914        7890        7917
        7915        7914        7916
        7917        7920        7921
        7918        7917        7919
        7918        7917        7920
        7919        7917        7920
        7922        7924        7925
        7922        7924        7926
        7922        7924        7930
        7923        7922        7924
        7924        7926        7927
        7924        7926        7928
        7924        7926        7929
        7924        7930        7931
        7924        7930        7932
        7925        7924        7926
        7925        7924        7930
        7926        7924        7930
        7927        7926        7928
        7927        7926        7929
        7928        7926        7929
        7930        7932        7933
        7930        7932        7934
        7931        7930        7932
        7932        7934        7935
        7932        7934        7936
        7932        7934        7941
        7933        7932        7934
        7934        7936        7937
        7934        7936        7938
        7934        7941        7942
        7934        7941        7943
        7934        7941        7944
        7935        7934        7936
        7935        7934        7941
        7936        7934        7941
        7936        7938        7939
        7936        7938        7940
        7937        7936        7938
        7939        7938        7940
        7941        7944        7945
        7941        7944        7946
        7941        7944        7947
        7942        7941        7943
        7942        7941        7944
        7943        7941        7944
        7944        7947        7948
        7944        7947        7949
        7945        7944        7946
        7945        7944        7947
        7946        7944        7947
        7947        7949        7950
        7947        7949        7951
        7948        7947        7949
        7949        7951        7952
        7949        7951        7953
        7949        7951        7969
        7950        7949        7951
        7951        7953        7954
        7951        7953        7955
        7951        7953        7956
        7951        7969        7970
        7951        7969        7971
        7952        7951        7953
        7952        7951        7969
        7953        7951        7969
        7953        7956        7957
        7953        7956        7958
        7953        7956        7959
        7954        7953        7955
        7954        7953        7956
        7955        7953        7956
        7956        7959        7960
        7956        7959        7961
        7956        7959        7962
        7957        7956        7958
        7957        7956        7959
        7958        7956        7959
        7959        7962        7963
        7959        7962        7964
        7959        7962        7965
        7960        7959        7961
        7960        7959        7962
        7961        7959        7962
        7962        7965        7966
        7962        7965        7967
        7962        7965        7968
        7963        7962        7964
        7963        7962        7965
        7964        7962        7965
        7966        7965        7967
        7966        7965        7968
        7967        7965        7968
        7969        7971        7972
        7969        7971        7973
        7970        7969        7971
        7971        7973        7974
        7971        7973        7975
        7971        7973        7979
        7972        7971        7973
        7973        7975        7976
        7973        7975        7977
        7973        7975        7978
        7973        7979        7980
        7973        7979        7981
        7974        7973        7975
        7974        7973        7979
        7975        7973        7979
        7976        7975        7977
        7976        7975        7978
        7977        7975        7978
        7979        7981        7982
        7979        7981        7983
        7980        7979        7981
        7981        7983        7984
        7981        7983        7985
        7981        7983        7989
        7982        7981        7983
        7983        7985        7986
        7983        7985        7987
        7983        7985        7988
        7983        7989        7990
        7983        7989        7991
        7984        7983        7985
        7984        7983        7989
        7985        7983        7989
        7986        7985        7987
        7986        7985        7988
        7987        7985        7988
        7990        7989        7991
        7992        7996        7994
        7992        7997        7998
        7992        7997        7999
        7992        7997        8007
        7992        8047        8045
        7993        7992        7996
        7993        7992        7997
        7993        7992        8047
        7994        8011        8007
        7994        8011        8012
        7994        8011        8013
        7994        8014        8015
        7994        8014        8016
        7994        8014        8017
        7995        7994        7996
        7995        7994        8011
        7995        7994        8014
        7996        7992        7997
        7996        7992        8047
        7996        7994        8011
        7996        7994        8014
        7997        7992        8047
        7997        7999        8000
        7997        7999        8001
        7997        8007        8008
        7997        8007        8009
        7997        8007        8011
        7998        7997        7999
        7998        7997        8007
        7999        7997        8007
        7999        8001        8002
        7999        8001        8003
        8000        7999        8001
        8001        8003        8004
        8001        8003        8005
        8001        8003        8006
        8002        8001        8003
        8004        8003        8005
        8004        8003        8006
        8005        8003        8006
        8007        8009        8010
        8007        8011        8012
        8007        8011        8013
        8008        8007        8009
        8008        8007        8011
        8009        8007        8011
        8011        7994        8014
        8012        8011        8013
        8014        8017        8018
        8015        8014        8016
        8015        8014        8017
        8016        8014        8017
        8019        8023        8021
        8019        8024        8025
        8019        8024        8026
        8019        8024        8034
        8019        8144        8142
        8020        8019        8023
        8020        8019        8024
        8020        8019        8144
        8021        8045        8034
        8021        8045        8046
        8021        8045        8047
        8021        8048        8049
        8021        8048        8050
        8021        8048        8051
        8022        8021        8023
        8022        8021        8045
        8022        8021        8048
        8023        8019        8024
        8023        8019        8144
        8023        8021        8045
        8023        8021        8048
        8024        8019        8144
        8024        8026        8027
        8024        8026        8028
        8024        8034        8035
        8024        8034        8036
        8024        8034        8045
        8025        8024        8026
        8025        8024        8034
        8026        8024        8034
        8026        8028        8029
        8026        8028        8030
        8027        8026        8028
        8028        8030        8031
        8028        8030        8032
        8028        8030        8033
        8029        8028        8030
        8031        8030        8032
        8031        8030        8033
        8032        8030        8033
        8034        8036        8037
        8034        8045        8046
        8034        8045        8047
        8035        8034        8036
        8035        8034        8045
        8036        8034        8045
        8036        8037        8038
        8036        8037        8039
        8036        8037        8041
        8037        8039        8040
        8037        8039        8053
        8037        8041        8042
        8037        8041        8043
        8037        8041        8044
        8038        8037        8039
        8038        8037        8041
        8039        8037        8041
        8039        8053        8054
        8039        8053        8055
        8040        8039        8053
        8042        8041        8043
        8042        8041        8044
        8043        8041        8044
        8045        8021        8048
        8046        8045        8047
        8048        8051        8052
        8049        8048        8050
        8049        8048        8051
        8050        8048        8051
        8053        8055        8056
        8053        8055        8057
        8053        8055        8061
        8054        8053        8055
        8055        8057        8058
        8055        8057        8059
        8055        8057        8060
        8055        8061        8062
        8055        8061        8063
        8056        8055        8057
        8056        8055        8061
        8057        8055        8061
        8058        8057        8059
        8058        8057        8060
        8059        8057        8060
        8061        8063        8064
        8061        8063        8065
        8062        8061        8063
        8063        8065        8066
        8063        8065        8067
        8063        8065        8072
        8064        8063        8065
        8065        8067        8068
        8065        8067        8069
        8065        8072        8073
        8065        8072        8074
        8065        8072        8075
        8066        8065        8067
        8066        8065        8072
        8067        8065        8072
        8067        8069        8070
        8067        8069        8071
        8068        8067        8069
        8070        8069        8071
        8072        8075        8076
        8072        8075        8077
        8072        8075        8078
        8073        8072        8074
        8073        8072        8075
        8074        8072        8075
        8075        8078        8079
        8075        8078        8080
        8076        8075        8077
        8076        8075        8078
        8077        8075        8078
        8078        8080        8081
        8078        8080        8082
        8079        8078        8080
        8080        8082        8083
        8080        8082        8084
        8080        8082        8100
        8081        8080        8082
        8082        8084        8085
        8082        8084        8086
        8082        8084        8087
        8082        8100        8101
        8082        8100        8102
        8083        8082        8084
        8083        8082        8100
        8084        8082        8100
        8084        8087        8088
        8084        8087        8089
        8084        8087        8090
        8085        8084        8086
        8085        8084        8087
        8086        8084        8087
        8087        8090        8091
        8087        8090        8092
        8087        8090        8093
        8088        8087        8089
        8088        8087        8090
        8089        8087        8090
        8090        8093        8094
        8090        8093        8095
        8090        8093        8096
        8091        8090        8092
        8091        8090        8093
        8092        8090        8093
        8093        8096        8097
        8093        8096        8098
        8093        8096        8099
        8094        8093        8095
        8094        8093        8096
        8095        8093        8096
        8097        8096        8098
        8097        8096        8099
        8098        8096        8099
        8100        8102        8103
        8100        8102        8104
        8101        8100        8102
        8102        8104        8105
        8102        8104        8106
        8102        8104        8110
        8103        8102        8104
        8104        8106        8107
        8104        8106        8108
        8104        8106        8109
        8104        8110        8111
        8104        8110        8112
        8105        8104        8106
        8105        8104        8110
        8106        8104        8110
        8107        8106        8108
        8107        8106        8109
        8108        8106        8109
        8110        8112        8113
        8110        8112        8114
        8111        8110        8112
        8112        8114        8115
        8112        8114        8116
        8112        8114        8120
        8113        8112        8114
        8114        8116        8117
        8114        8116        8118
        8114        8116        8119
        8114        8120        8121
        8114        8120        8122
        8115        8114        8116
        8115        8114        8120
        8116        8114        8120
        8117        8116        8118
        8117        8116        8119
        8118        8116        8119
        8121        8120        8122
        8123        8127        8125
        8123        8128        8129
        8123        8128        8130
        8123        8128        8138
        8123        8178        8176
        8124        8123        8127
        8124        8123        8128
        8124        8123        8178
        8125        8142        8138
        8125        8142        8143
        8125        8142        8144
        8125        8145        8146
        8125        8145        8147
        8125        8145        8148
        8126        8125        8127
        8126        8125        8142
        8126        8125        8145
        8127        8123        8128
        8127        8123        8178
        8127        8125        8142
        8127        8125        8145
        8128        8123        8178
        8128        8130        8131
        8128        8130        8132
        8128        8138        8139
        8128        8138        8140
        8128        8138        8142
        8129        8128        8130
        8129        8128        8138
        8130        8128        8138
        8130        8132        8133
        8130        8132        8134
        8131        8130        8132
        8132        8134        8135
        8132        8134        8136
        8132        8134        8137
        8133        8132        8134
        8135        8134        8136
        8135        8134        8137
        8136        8134        8137
        8138        8140        8141
        8138        8142        8143
        8138        8142        8144
        8139        8138        8140
        8139        8138        8142
        8140        8138        8142
        8142        8125        8145
        8143        8142        8144
        8145        8148        8149
        8146        8145        8147
        8146        8145        8148
        8147        8145        8148
        8150        8154        8152
        8150        8155        8156
        8150        8155        8157
        8150        8155        8165
        8150        8275        8273
        8151        8150        8154
        8151        8150        8155
        8151        8150        8275
        8152        8176        8165
        8152        8176        8177
        8152        8176        8178
        8152        8179        8180
        8152        8179        8181
        8152        8179        8182
        8153        8152        8154
        8153        8152        8176
        8153        8152        8179
        8154        8150        8155
        8154        8150        8275
        8154        8152        8176
        8154        8152        8179
        8155        8150        8275
        8155        8157        8158
        8155        8157        8159
        8155        8165        8166
        8155        8165        8167
        8155        8165        8176
        8156        8155        8157
        8156        8155        8165
        8157        8155        8165
        8157        8159        8160
        8157        8159        8161
        8158        8157        8159
        8159        8161        8162
        8159        8161        8163
        8159        8161        8164
        8160        8159        8161
        8162        8161        8163
        8162        8161        8164
        8163        8161        8164
        8165        8167        8168
        8165        8176        8177
        8165        8176        8178
        8166        8165        8167
        8166        8165        8176
        8167        8165        8176
        8167        8168        8169
        8167        8168        8170
        8167        8168        8172
        8168        8170        8171
        8168        8170        8184
        8168        8172        8173
        8168        8172        8174
        8168        8172        8175
        8169        8168        8170
        8169        8168        8172
        8170        8168        8172
        8170        8184        8185
        8170        8184        8186
        8171        8170        8184
        8173        8172        8174
        8173        8172        8175
        8174        8172        8175
        8176        8152        8179
        8177        8176        8178
        8179        8182        8183
        8180        8179        8181
        8180        8179        8182
        8181        8179        8182
        8184        8186        8187
        8184        8186        8188
        8184        8186        8192
        8185        8184        8186
        8186        8188        8189
        8186        8188        8190
        8186        8188        8191
        8186        8192        8193
        8186        8192        8194
        8187        8186        8188
        8187        8186        8192
        8188        8186        8192
        8189        8188        8190
        8189        8188        8191
        8190        8188        8191
        8192        8194        8195
        8192        8194        8196
        8193        8192        8194
        8194        8196        8197
        8194        8196        8198
        8194        8196        8203
        8195        8194        8196
        8196        8198        8199
        8196        8198        8200
        8196        8203        8204
        8196        8203        8205
        8196        8203        8206
        8197        8196        8198
        8197        8196        8203
        8198        8196        8203
        8198        8200        8201
        8198        8200        8202
        8199        8198        8200
        8201        8200        8202
        8203        8206        8207
        8203        8206        8208
        8203        8206        8209
        8204        8203        8205
        8204        8203        8206
        8205        8203        8206
        8206        8209        8210
        8206        8209        8211
        8207        8206        8208
        8207        8206        8209
        8208        8206        8209
        8209        8211        8212
        8209        8211        8213
        8210        8209        8211
        8211        8213        8214
        8211        8213        8215
        8211        8213        8231
        8212        8211        8213
        8213        8215        8216
        8213        8215        8217
        8213        8215        8218
        8213        8231        8232
        8213        8231        8233
        8214        8213        8215
        8214        8213        8231
        8215        8213        8231
        8215        8218        8219
        8215        8218        8220
        8215        8218        8221
        8216        8215        8217
        8216        8215        8218
        8217        8215        8218
        8218        8221        8222
        8218        8221        8223
        8218        8221        8224
        8219        8218        8220
        8219        8218        8221
        8220        8218        8221
        8221        8224        8225
        8221        8224        8226
        8221        8224        8227
        8222        8221        8223
        8222        8221        8224
        8223        8221        8224
        8224        8227        8228
        8224        8227        8229
        8224        8227        8230
        8225        8224        8226
        8225        8224        8227
        8226        8224        8227
        8228        8227        8229
        8228        8227        8230
        8229        8227        8230
        8231        8233        8234
        8231        8233        8235
        8232        8231        8233
        8233        8235        8236
        8233        8235        8237
        8233        8235        8241
        8234        8233        8235
        8235        8237        8238
        8235        8237        8239
        8235        8237        8240
        8235        8241        8242
        8235        8241        8243
        8236        8235        8237
        8236        8235        8241
        8237        8235        8241
        8238        8237        8239
        8238        8237        8240
        8239        8237        8240
        8241        8243        8244
        8241        8243        8245
        8242        8241        8243
        8243        8245        8246
        8243        8245        8247
        8243        8245        8251
        8244        8243        8245
        8245        8247        8248
        8245        8247        8249
        8245        8247        8250
        8245        8251        8252
        8245        8251        8253
        8246        8245        8247
        8246        8245        8251
        8247        8245        8251
        8248        8247        8249
        8248        8247        8250
        8249        8247        8250
        8252        8251        8253
        8254        8258        8256
        8254        8259        8260
        8254        8259        8261
        8254        8259        8269
        8254        8309        8307
        8255        8254        8258
        8255        8254        8259
        8255        8254        8309
        8256        8273        8269
        8256        8273        8274
        8256        8273        8275
        8256        8276        8277
        8256        8276        8278
        8256        8276        8279
        8257        8256        8258
        8257        8256        8273
        8257        8256        8276
        8258        8254        8259
        8258        8254        8309
        8258        8256        8273
        8258        8256        8276
        8259        8254        8309
        8259        8261        8262
        8259        8261        8263
        8259        8269        8270
        8259        8269        8271
        8259        8269        8273
        8260        8259        8261
        8260        8259        8269
        8261        8259        8269
        8261        8263        8264
        8261        8263        8265
        8262        8261        8263
        8263        8265        8266
        8263        8265        8267
        8263        8265        8268
        8264        8263        8265
        8266        8265        8267
        8266        8265        8268
        8267        8265        8268
        8269        8271        8272
        8269        8273        8274
        8269        8273        8275
        8270        8269        8271
        8270        8269        8273
        8271        8269        8273
        8273        8256        8276
        8274        8273        8275
        8276        8279        8280
        8277        8276        8278
        8277        8276        8279
        8278        8276        8279
        8281        8285        8283
        8281        8286        8287
        8281        8286        8288
        8281        8286        8296
        8281        8406        8404
        8282        8281        8285
        8282        8281        8286
        8282        8281        8406
        8283        8307        8296
        8283        8307        8308
        8283        8307        8309
        8283        8310        8311
        8283        8310        8312
        8283        8310        8313
        8284        8283        8285
        8284        8283        8307
        8284        8283        8310
        8285        8281        8286
        8285        8281        8406
        8285        8283        8307
        8285        8283        8310
        8286        8281        8406
        8286        8288        8289
        8286        8288        8290
        8286        8296        8297
        8286        8296        8298
        8286        8296        8307
        8287        8286        8288
        8287        8286        8296
        8288        8286        8296
        8288        8290        8291
        8288        8290        8292
        8289        8288        8290
        8290        8292        8293
        8290        8292        8294
        8290        8292        8295
        8291        8290        8292
        8293        8292        8294
        8293        8292        8295
        8294        8292        8295
        8296        8298        8299
        8296        8307        8308
        8296        8307        8309
        8297        8296        8298
        8297        8296        8307
        8298        8296        8307
        8298        8299        8300
        8298        8299        8301
        8298        8299        8303
        8299        8301        8302
        8299        8301        8315
        8299        8303        8304
        8299        8303        8305
        8299        8303        8306
        8300        8299        8301
        8300        8299        8303
        8301        8299        8303
        8301        8315        8316
        8301        8315        8317
        8302        8301        8315
        8304        8303        8305
        8304        8303        8306
        8305        8303        8306
        8307        8283        8310
        8308        8307        8309
        8310        8313        8314
        8311        8310        8312
        8311        8310        8313
        8312        8310        8313
        8315        8317        8318
        8315        8317        8319
        8315        8317        8323
        8316        8315        8317
        8317        8319        8320
        8317        8319        8321
        8317        8319        8322
        8317        8323        8324
        8317        8323        8325
        8318        8317        8319
        8318        8317        8323
        8319        8317        8323
        8320        8319        8321
        8320        8319        8322
        8321        8319        8322
        8323        8325        8326
        8323        8325        8327
        8324        8323        8325
        8325        8327        8328
        8325        8327        8329
        8325        8327        8334
        8326        8325        8327
        8327        8329        8330
        8327        8329        8331
        8327        8334        8335
        8327        8334        8336
        8327        8334        8337
        8328        8327        8329
        8328        8327        8334
        8329        8327        8334
        8329        8331        8332
        8329        8331        8333
        8330        8329        8331
        8332        8331        8333
        8334        8337        8338
        8334        8337        8339
        8334        8337        8340
        8335        8334        8336
        8335        8334        8337
        8336        8334        8337
        8337        8340        8341
        8337        8340        8342
        8338        8337        8339
        8338        8337        8340
        8339        8337        8340
        8340        8342        8343
        8340        8342        8344
        8341        8340        8342
        8342        8344        8345
        8342        8344        8346
        8342        8344        8362
        8343        8342        8344
        8344        8346        8347
        8344        8346        8348
        8344        8346        8349
        8344        8362        8363
        8344        8362        8364
        8345        8344        8346
        8345        8344        8362
        8346        8344        8362
        8346        8349        8350
        8346        8349        8351
        8346        8349        8352
        8347        8346        8348
        8347        8346        8349
        8348        8346        8349
        8349        8352        8353
        8349        8352        8354
        8349        8352        8355
        8350        8349        8351
        8350        8349        8352
        8351        8349        8352
        8352        8355        8356
        8352        8355        8357
        8352        8355        8358
        8353        8352        8354
        8353        8352        8355
        8354        8352        8355
        8355        8358        8359
        8355        8358        8360
        8355        8358        8361
        8356        8355        8357
        8356        8355        8358
        8357        8355        8358
        8359        8358        8360
        8359        8358        8361
        8360        8358        8361
        8362        8364        8365
        8362        8364        8366
        8363        8362        8364
        8364        8366        8367
        8364        8366        8368
        8364        8366        8372
        8365        8364        8366
        8366        8368        8369
        8366        8368        8370
        8366        8368        8371
        8366        8372        8373
        8366        8372        8374
        8367        8366        8368
        8367        8366        8372
        8368        8366        8372
        8369        8368        8370
        8369        8368        8371
        8370        8368        8371
        8372        8374        8375
        8372        8374        8376
        8373        8372        8374
        8374        8376        8377
        8374        8376        8378
        8374        8376        8382
        8375        8374        8376
        8376        8378        8379
        8376        8378        8380
        8376        8378        8381
        8376        8382        8383
        8376        8382        8384
        8377        8376        8378
        8377        8376        8382
        8378        8376        8382
        8379        8378        8380
        8379        8378        8381
        8380        8378        8381
        8383        8382        8384
        8385        8389        8387
        8385        8390        8391
        8385        8390        8392
        8385        8390        8400
        8385        8440        8438
        8386        8385        8389
        8386        8385        8390
        8386        8385        8440
        8387        8404        8400
        8387        8404        8405
        8387        8404        8406
        8387        8407        8408
        8387        8407        8409
        8387        8407        8410
        8388        8387        8389
        8388        8387        8404
        8388        8387        8407
        8389        8385        8390
        8389        8385        8440
        8389        8387        8404
        8389        8387        8407
        8390        8385        8440
        8390        8392        8393
        8390        8392        8394
        8390        8400        8401
        8390        8400        8402
        8390        8400        8404
        8391        8390        8392
        8391        8390        8400
        8392        8390        8400
        8392        8394        8395
        8392        8394        8396
        8393        8392        8394
        8394        8396        8397
        8394        8396        8398
        8394        8396        8399
        8395        8394        8396
        8397        8396        8398
        8397        8396        8399
        8398        8396        8399
        8400        8402        8403
        8400        8404        8405
        8400        8404        8406
        8401        8400        8402
        8401        8400        8404
        8402        8400        8404
        8404        8387        8407
        8405        8404        8406
        8407        8410        8411
        8408        8407        8409
        8408        8407        8410
        8409        8407        8410
        8412        8416        8414
        8412        8417        8418
        8412        8417        8419
        8412        8417        8427
        8413        8412        8416
        8413        8412        8417
        8414        8438        8427
        8414        8438        8439
        8414        8438        8440
        8414        8441        8442
        8414        8441        8443
        8414        8441        8444
        8415        8414        8416
        8415        8414        8438
        8415        8414        8441
        8416        8412        8417
        8416        8414        8438
        8416        8414        8441
        8417        8419        8420
        8417        8419        8421
        8417        8427        8428
        8417        8427        8429
        8417        8427        8438
        8418        8417        8419
        8418        8417        8427
        8419        8417        8427
        8419        8421        8422
        8419        8421        8423
        8420        8419        8421
        8421        8423        8424
        8421        8423        8425
        8421        8423        8426
        8422        8421        8423
        8424        8423        8425
        8424        8423        8426
        8425        8423        8426
        8427        8429        8430
        8427        8438        8439
        8427        8438        8440
        8428        8427        8429
        8428        8427        8438
        8429        8427        8438
        8429        8430        8431
        8429        8430        8432
        8429        8430        8434
        8430        8432        8433
        8430        8432        8446
        8430        8434        8435
        8430        8434        8436
        8430        8434        8437
        8431        8430        8432
        8431        8430        8434
        8432        8430        8434
        8432        8446        8447
        8432        8446        8448
        8433        8432        8446
        8435        8434        8436
        8435        8434        8437
        8436        8434        8437
        8438        8414        8441
        8439        8438        8440
        8441        8444        8445
        8442        8441        8443
        8442        8441        8444
        8443        8441        8444
        8446        8448        8449
        8446        8448        8450
        8446        8448        8454
        8447        8446        8448
        8448        8450        8451
        8448        8450        8452
        8448        8450        8453
        8448        8454        8455
        8448        8454        8456
        8449        8448        8450
        8449        8448        8454
        8450        8448        8454
        8451        8450        8452
        8451        8450        8453
        8452        8450        8453
        8454        8456        8457
        8454        8456        8458
        8455        8454        8456
        8456        8458        8459
        8456        8458        8460
        8456        8458        8465
        8457        8456        8458
        8458        8460        8461
        8458        8460        8462
        8458        8465        8466
        8458        8465        8467
        8458        8465        8468
        8459        8458        8460
        8459        8458        8465
        8460        8458        8465
        8460        8462        8463
        8460        8462        8464
        8461        8460        8462
        8463        8462        8464
        8465        8468        8469
        8465        8468        8470
        8465        8468        8471
        8466        8465        8467
        8466        8465        8468
        8467        8465        8468
        8468        8471        8472
        8468        8471        8473
        8469        8468        8470
        8469        8468        8471
        8470        8468        8471
        8471        8473        8474
        8471        8473        8475
        8472        8471        8473
        8473        8475        8476
        8473        8475        8477
        8473        8475        8493
        8474        8473        8475
        8475        8477        8478
        8475        8477        8479
        8475        8477        8480
        8475        8493        8494
        8475        8493        8495
        8476        8475        8477
        8476        8475        8493
        8477        8475        8493
        8477        8480        8481
        8477        8480        8482
        8477        8480        8483
        8478        8477        8479
        8478        8477        8480
        8479        8477        8480
        8480        8483        8484
        8480        8483        8485
        8480        8483        8486
        8481        8480        8482
        8481        8480        8483
        8482        8480        8483
        8483        8486        8487
        8483        8486        8488
        8483        8486        8489
        8484        8483        8485
        8484        8483        8486
        8485        8483        8486
        8486        8489        8490
        8486        8489        8491
        8486        8489        8492
        8487        8486        8488
        8487        8486        8489
        8488        8486        8489
        8490        8489        8491
        8490        8489        8492
        8491        8489        8492
        8493        8495        8496
        8493        8495        8497
        8494        8493        8495
        8495        8497        8498
        8495        8497        8499
        8495        8497        8503
        8496        8495        8497
        8497        8499        8500
        8497        8499        8501
        8497        8499        8502
        8497        8503        8504
        8497        8503        8505
        8498        8497        8499
        8498        8497        8503
        8499        8497        8503
        8500        8499        8501
        8500        8499        8502
        8501        8499        8502
        8503        8505        8506
        8503        8505        8507
        8504        8503        8505
        8505        8507        8508
        8505        8507        8509
        8505        8507        8513
        8506        8505        8507
        8507        8509        8510
        8507        8509        8511
        8507        8509        8512
        8507        8513        8514
        8507        8513        8515
        8508        8507        8509
        8508        8507        8513
        8509        8507        8513
        8510        8509        8511
        8510        8509        8512
        8511        8509        8512
        8514        8513        8515
        8516        8520        8518
        8516        8521        8522
        8516        8521        8523
        8516        8521        8531
        8516        8571        8569
        8517        8516        8520
        8517        8516        8521
        8517        8516        8571
        8518        8535        8531
        8518        8535        8536
        8518        8535        8537
        8518        8538        8539
        8518        8538        8540
        8518        8538        8541
        8519        8518        8520
        8519        8518        8535
        8519        8518        8538
        8520        8516        8521
        8520        8516        8571
        8520        8518        8535
        8520        8518        8538
        8521        8516        8571
        8521        8523        8524
        8521        8523        8525
        8521        8531        8532
        8521        8531        8533
        8521        8531        8535
        8522        8521        8523
        8522        8521        8531
        8523        8521        8531
        8523        8525        8526
        8523        8525        8527
        8524        8523        8525
        8525        8527        8528
        8525        8527        8529
        8525        8527        8530
        8526        8525        8527
        8528        8527        8529
        8528        8527        8530
        8529        8527        8530
        8531        8533        8534
        8531        8535        8536
        8531        8535        8537
        8532        8531        8533
        8532        8531        8535
        8533        8531        8535
        8535        8518        8538
        8535        8537       10115
        8536        8535        8537
        8537       10115       10116
        8537       10115       10119
        8537       10115       10120
        8538        8541        8542
        8539        8538        8540
        8539        8538        8541
        8540        8538        8541
        8543        8547        8545
        8543        8548        8549
        8543        8548        8550
        8543        8548        8558
        8543        8668        8666
        8544        8543        8547
        8544        8543        8548
        8544        8543        8668
        8545        8569        8558
        8545        8569        8570
        8545        8569        8571
        8545        8572        8573
        8545        8572        8574
        8545        8572        8575
        8546        8545        8547
        8546        8545        8569
        8546        8545        8572
        8547        8543        8548
        8547        8543        8668
        8547        8545        8569
        8547        8545        8572
        8548        8543        8668
        8548        8550        8551
        8548        8550        8552
        8548        8558        8559
        8548        8558        8560
        8548        8558        8569
        8549        8548        8550
        8549        8548        8558
        8550        8548        8558
        8550        8552        8553
        8550        8552        8554
        8551        8550        8552
        8552        8554        8555
        8552        8554        8556
        8552        8554        8557
        8553        8552        8554
        8555        8554        8556
        8555        8554        8557
        8556        8554        8557
        8558        8560        8561
        8558        8569        8570
        8558        8569        8571
        8559        8558        8560
        8559        8558        8569
        8560        8558        8569
        8560        8561        8562
        8560        8561        8563
        8560        8561        8565
        8561        8563        8564
        8561        8563        8577
        8561        8565        8566
        8561        8565        8567
        8561        8565        8568
        8562        8561        8563
        8562        8561        8565
        8563        8561        8565
        8563        8577        8578
        8563        8577        8579
        8564        8563        8577
        8566        8565        8567
        8566        8565        8568
        8567        8565        8568
        8569        8545        8572
        8570        8569        8571
        8572        8575        8576
        8573        8572        8574
        8573        8572        8575
        8574        8572        8575
        8577        8579        8580
        8577        8579        8581
        8577        8579        8585
        8578        8577        8579
        8579        8581        8582
        8579        8581        8583
        8579        8581        8584
        8579        8585        8586
        8579        8585        8587
        8580        8579        8581
        8580        8579        8585
        8581        8579        8585
        8582        8581        8583
        8582        8581        8584
        8583        8581        8584
        8585        8587        8588
        8585        8587        8589
        8586        8585        8587
        8587        8589        8590
        8587        8589        8591
        8587        8589        8596
        8588        8587        8589
        8589        8591        8592
        8589        8591        8593
        8589        8596        8597
        8589        8596        8598
        8589        8596        8599
        8590        8589        8591
        8590        8589        8596
        8591        8589        8596
        8591        8593        8594
        8591        8593        8595
        8592        8591        8593
        8594        8593        8595
        8596        8599        8600
        8596        8599        8601
        8596        8599        8602
        8597        8596        8598
        8597        8596        8599
        8598        8596        8599
        8599        8602        8603
        8599        8602        8604
        8600        8599        8601
        8600        8599        8602
        8601        8599        8602
        8602        8604        8605
        8602        8604        8606
        8603        8602        8604
        8604        8606        8607
        8604        8606        8608
        8604        8606        8624
        8605        8604        8606
        8606        8608        8609
        8606        8608        8610
        8606        8608        8611
        8606        8624        8625
        8606        8624        8626
        8607        8606        8608
        8607        8606        8624
        8608        8606        8624
        8608        8611        8612
        8608        8611        8613
        8608        8611        8614
        8609        8608        8610
        8609        8608        8611
        8610        8608        8611
        8611        8614        8615
        8611        8614        8616
        8611        8614        8617
        8612        8611        8613
        8612        8611        8614
        8613        8611        8614
        8614        8617        8618
        8614        8617        8619
        8614        8617        8620
        8615        8614        8616
        8615        8614        8617
        8616        8614        8617
        8617        8620        8621
        8617        8620        8622
        8617        8620        8623
        8618        8617        8619
        8618        8617        8620
        8619        8617        8620
        8621        8620        8622
        8621        8620        8623
        8622        8620        8623
        8624        8626        8627
        8624        8626        8628
        8625        8624        8626
        8626        8628        8629
        8626        8628        8630
        8626        8628        8634
        8627        8626        8628
        8628        8630        8631
        8628        8630        8632
        8628        8630        8633
        8628        8634        8635
        8628        8634        8636
        8629        8628        8630
        8629        8628        8634
        8630        8628        8634
        8631        8630        8632
        8631        8630        8633
        8632        8630        8633
        8634        8636        8637
        8634        8636        8638
        8635        8634        8636
        8636        8638        8639
        8636        8638        8640
        8636        8638        8644
        8637        8636        8638
        8638        8640        8641
        8638        8640        8642
        8638        8640        8643
        8638        8644        8645
        8638        8644        8646
        8639        8638        8640
        8639        8638        8644
        8640        8638        8644
        8641        8640        8642
        8641        8640        8643
        8642        8640        8643
        8645        8644        8646
        8647        8651        8649
        8647        8652        8653
        8647        8652        8654
        8647        8652        8662
        8647        8702        8700
        8648        8647        8651
        8648        8647        8652
        8648        8647        8702
        8649        8666        8662
        8649        8666        8667
        8649        8666        8668
        8649        8669        8670
        8649        8669        8671
        8649        8669        8672
        8650        8649        8651
        8650        8649        8666
        8650        8649        8669
        8651        8647        8652
        8651        8647        8702
        8651        8649        8666
        8651        8649        8669
        8652        8647        8702
        8652        8654        8655
        8652        8654        8656
        8652        8662        8663
        8652        8662        8664
        8652        8662        8666
        8653        8652        8654
        8653        8652        8662
        8654        8652        8662
        8654        8656        8657
        8654        8656        8658
        8655        8654        8656
        8656        8658        8659
        8656        8658        8660
        8656        8658        8661
        8657        8656        8658
        8659        8658        8660
        8659        8658        8661
        8660        8658        8661
        8662        8664        8665
        8662        8666        8667
        8662        8666        8668
        8663        8662        8664
        8663        8662        8666
        8664        8662        8666
        8666        8649        8669
        8667        8666        8668
        8669        8672        8673
        8670        8669        8671
        8670        8669        8672
        8671        8669        8672
        8674        8678        8676
        8674        8679        8680
        8674        8679        8681
        8674        8679        8689
        8674        8799        8797
        8675        8674        8678
        8675        8674        8679
        8675        8674        8799
        8676        8700        8689
        8676        8700        8701
        8676        8700        8702
        8676        8703        8704
        8676        8703        8705
        8676        8703        8706
        8677        8676        8678
        8677        8676        8700
        8677        8676        8703
        8678        8674        8679
        8678        8674        8799
        8678        8676        8700
        8678        8676        8703
        8679        8674        8799
        8679        8681        8682
        8679        8681        8683
        8679        8689        8690
        8679        8689        8691
        8679        8689        8700
        8680        8679        8681
        8680        8679        8689
        8681        8679        8689
        8681        8683        8684
        8681        8683        8685
        8682        8681        8683
        8683        8685        8686
        8683        8685        8687
        8683        8685        8688
        8684        8683        8685
        8686        8685        8687
        8686        8685        8688
        8687        8685        8688
        8689        8691        8692
        8689        8700        8701
        8689        8700        8702
        8690        8689        8691
        8690        8689        8700
        8691        8689        8700
        8691        8692        8693
        8691        8692        8694
        8691        8692        8696
        8692        8694        8695
        8692        8694        8708
        8692        8696        8697
        8692        8696        8698
        8692        8696        8699
        8693        8692        8694
        8693        8692        8696
        8694        8692        8696
        8694        8708        8709
        8694        8708        8710
        8695        8694        8708
        8697        8696        8698
        8697        8696        8699
        8698        8696        8699
        8700        8676        8703
        8701        8700        8702
        8703        8706        8707
        8704        8703        8705
        8704        8703        8706
        8705        8703        8706
        8708        8710        8711
        8708        8710        8712
        8708        8710        8716
        8709        8708        8710
        8710        8712        8713
        8710        8712        8714
        8710        8712        8715
        8710        8716        8717
        8710        8716        8718
        8711        8710        8712
        8711        8710        8716
        8712        8710        8716
        8713        8712        8714
        8713        8712        8715
        8714        8712        8715
        8716        8718        8719
        8716        8718        8720
        8717        8716        8718
        8718        8720        8721
        8718        8720        8722
        8718        8720        8727
        8719        8718        8720
        8720        8722        8723
        8720        8722        8724
        8720        8727        8728
        8720        8727        8729
        8720        8727        8730
        8721        8720        8722
        8721        8720        8727
        8722        8720        8727
        8722        8724        8725
        8722        8724        8726
        8723        8722        8724
        8725        8724        8726
        8727        8730        8731
        8727        8730        8732
        8727        8730        8733
        8728        8727        8729
        8728        8727        8730
        8729        8727        8730
        8730        8733        8734
        8730        8733        8735
        8731        8730        8732
        8731        8730        8733
        8732        8730        8733
        8733        8735        8736
        8733        8735        8737
        8734        8733        8735
        8735        8737        8738
        8735        8737        8739
        8735        8737        8755
        8736        8735        8737
        8737        8739        8740
        8737        8739        8741
        8737        8739        8742
        8737        8755        8756
        8737        8755        8757
        8738        8737        8739
        8738        8737        8755
        8739        8737        8755
        8739        8742        8743
        8739        8742        8744
        8739        8742        8745
        8740        8739        8741
        8740        8739        8742
        8741        8739        8742
        8742        8745        8746
        8742        8745        8747
        8742        8745        8748
        8743        8742        8744
        8743        8742        8745
        8744        8742        8745
        8745        8748        8749
        8745        8748        8750
        8745        8748        8751
        8746        8745        8747
        8746        8745        8748
        8747        8745        8748
        8748        8751        8752
        8748        8751        8753
        8748        8751        8754
        8749        8748        8750
        8749        8748        8751
        8750        8748        8751
        8752        8751        8753
        8752        8751        8754
        8753        8751        8754
        8755        8757        8758
        8755        8757        8759
        8756        8755        8757
        8757        8759        8760
        8757        8759        8761
        8757        8759        8765
        8758        8757        8759
        8759        8761        8762
        8759        8761        8763
        8759        8761        8764
        8759        8765        8766
        8759        8765        8767
        8760        8759        8761
        8760        8759        8765
        8761        8759        8765
        8762        8761        8763
        8762        8761        8764
        8763        8761        8764
        8765        8767        8768
        8765        8767        8769
        8766        8765        8767
        8767        8769        8770
        8767        8769        8771
        8767        8769        8775
        8768        8767        8769
        8769        8771        8772
        8769        8771        8773
        8769        8771        8774
        8769        8775        8776
        8769        8775        8777
        8770        8769        8771
        8770        8769        8775
        8771        8769        8775
        8772        8771        8773
        8772        8771        8774
        8773        8771        8774
        8776        8775        8777
        8778        8782        8780
        8778        8783        8784
        8778        8783        8785
        8778        8783        8793
        8778        8833        8831
        8779        8778        8782
        8779        8778        8783
        8779        8778        8833
        8780        8797        8793
        8780        8797        8798
        8780        8797        8799
        8780        8800        8801
        8780        8800        8802
        8780        8800        8803
        8781        8780        8782
        8781        8780        8797
        8781        8780        8800
        8782        8778        8783
        8782        8778        8833
        8782        8780        8797
        8782        8780        8800
        8783        8778        8833
        8783        8785        8786
        8783        8785        8787
        8783        8793        8794
        8783        8793        8795
        8783        8793        8797
        8784        8783        8785
        8784        8783        8793
        8785        8783        8793
        8785        8787        8788
        8785        8787        8789
        8786        8785        8787
        8787        8789        8790
        8787        8789        8791
        8787        8789        8792
        8788        8787        8789
        8790        8789        8791
        8790        8789        8792
        8791        8789        8792
        8793        8795        8796
        8793        8797        8798
        8793        8797        8799
        8794        8793        8795
        8794        8793        8797
        8795        8793        8797
        8797        8780        8800
        8798        8797        8799
        8800        8803        8804
        8801        8800        8802
        8801        8800        8803
        8802        8800        8803
        8805        8809        8807
        8805        8810        8811
        8805        8810        8812
        8805        8810        8820
        8805        8930        8928
        8806        8805        8809
        8806        8805        8810
        8806        8805        8930
        8807        8831        8820
        8807        8831        8832
        8807        8831        8833
        8807        8834        8835
        8807        8834        8836
        8807        8834        8837
        8808        8807        8809
        8808        8807        8831
        8808        8807        8834
        8809        8805        8810
        8809        8805        8930
        8809        8807        8831
        8809        8807        8834
        8810        8805        8930
        8810        8812        8813
        8810        8812        8814
        8810        8820        8821
        8810        8820        8822
        8810        8820        8831
        8811        8810        8812
        8811        8810        8820
        8812        8810        8820
        8812        8814        8815
        8812        8814        8816
        8813        8812        8814
        8814        8816        8817
        8814        8816        8818
        8814        8816        8819
        8815        8814        8816
        8817        8816        8818
        8817        8816        8819
        8818        8816        8819
        8820        8822        8823
        8820        8831        8832
        8820        8831        8833
        8821        8820        8822
        8821        8820        8831
        8822        8820        8831
        8822        8823        8824
        8822        8823        8825
        8822        8823        8827
        8823        8825        8826
        8823        8825        8839
        8823        8827        8828
        8823        8827        8829
        8823        8827        8830
        8824        8823        8825
        8824        8823        8827
        8825        8823        8827
        8825        8839        8840
        8825        8839        8841
        8826        8825        8839
        8828        8827        8829
        8828        8827        8830
        8829        8827        8830
        8831        8807        8834
        8832        8831        8833
        8834        8837        8838
        8835        8834        8836
        8835        8834        8837
        8836        8834        8837
        8839        8841        8842
        8839        8841        8843
        8839        8841        8847
        8840        8839        8841
        8841        8843        8844
        8841        8843        8845
        8841        8843        8846
        8841        8847        8848
        8841        8847        8849
        8842        8841        8843
        8842        8841        8847
        8843        8841        8847
        8844        8843        8845
        8844        8843        8846
        8845        8843        8846
        8847        8849        8850
        8847        8849        8851
        8848        8847        8849
        8849        8851        8852
        8849        8851        8853
        8849        8851        8858
        8850        8849        8851
        8851        8853        8854
        8851        8853        8855
        8851        8858        8859
        8851        8858        8860
        8851        8858        8861
        8852        8851        8853
        8852        8851        8858
        8853        8851        8858
        8853        8855        8856
        8853        8855        8857
        8854        8853        8855
        8856        8855        8857
        8858        8861        8862
        8858        8861        8863
        8858        8861        8864
        8859        8858        8860
        8859        8858        8861
        8860        8858        8861
        8861        8864        8865
        8861        8864        8866
        8862        8861        8863
        8862        8861        8864
        8863        8861        8864
        8864        8866        8867
        8864        8866        8868
        8865        8864        8866
        8866        8868        8869
        8866        8868        8870
        8866        8868        8886
        8867        8866        8868
        8868        8870        8871
        8868        8870        8872
        8868        8870        8873
        8868        8886        8887
        8868        8886        8888
        8869        8868        8870
        8869        8868        8886
        8870        8868        8886
        8870        8873        8874
        8870        8873        8875
        8870        8873        8876
        8871        8870        8872
        8871        8870        8873
        8872        8870        8873
        8873        8876        8877
        8873        8876        8878
        8873        8876        8879
        8874        8873        8875
        8874        8873        8876
        8875        8873        8876
        8876        8879        8880
        8876        8879        8881
        8876        8879        8882
        8877        8876        8878
        8877        8876        8879
        8878        8876        8879
        8879        8882        8883
        8879        8882        8884
        8879        8882        8885
        8880        8879        8881
        8880        8879        8882
        8881        8879        8882
        8883        8882        8884
        8883        8882        8885
        8884        8882        8885
        8886        8888        8889
        8886        8888        8890
        8887        8886        8888
        8888        8890        8891
        8888        8890        8892
        8888        8890        8896
        8889        8888        8890
        8890        8892        8893
        8890        8892        8894
        8890        8892        8895
        8890        8896        8897
        8890        8896        8898
        8891        8890        8892
        8891        8890        8896
        8892        8890        8896
        8893        8892        8894
        8893        8892        8895
        8894        8892        8895
        8896        8898        8899
        8896        8898        8900
        8897        8896        8898
        8898        8900        8901
        8898        8900        8902
        8898        8900        8906
        8899        8898        8900
        8900        8902        8903
        8900        8902        8904
        8900        8902        8905
        8900        8906        8907
        8900        8906        8908
        8901        8900        8902
        8901        8900        8906
        8902        8900        8906
        8903        8902        8904
        8903        8902        8905
        8904        8902        8905
        8907        8906        8908
        8909        8913        8911
        8909        8914        8915
        8909        8914        8916
        8909        8914        8924
        8909        8964        8962
        8910        8909        8913
        8910        8909        8914
        8910        8909        8964
        8911        8928        8924
        8911        8928        8929
        8911        8928        8930
        8911        8931        8932
        8911        8931        8933
        8911        8931        8934
        8912        8911        8913
        8912        8911        8928
        8912        8911        8931
        8913        8909        8914
        8913        8909        8964
        8913        8911        8928
        8913        8911        8931
        8914        8909        8964
        8914        8916        8917
        8914        8916        8918
        8914        8924        8925
        8914        8924        8926
        8914        8924        8928
        8915        8914        8916
        8915        8914        8924
        8916        8914        8924
        8916        8918        8919
        8916        8918        8920
        8917        8916        8918
        8918        8920        8921
        8918        8920        8922
        8918        8920        8923
        8919        8918        8920
        8921        8920        8922
        8921        8920        8923
        8922        8920        8923
        8924        8926        8927
        8924        8928        8929
        8924        8928        8930
        8925        8924        8926
        8925        8924        8928
        8926        8924        8928
        8928        8911        8931
        8929        8928        8930
        8931        8934        8935
        8932        8931        8933
        8932        8931        8934
        8933        8931        8934
        8936        8940        8938
        8936        8941        8942
        8936        8941        8943
        8936        8941        8951
        8936        9061        9059
        8937        8936        8940
        8937        8936        8941
        8937        8936        9061
        8938        8962        8951
        8938        8962        8963
        8938        8962        8964
        8938        8965        8966
        8938        8965        8967
        8938        8965        8968
        8939        8938        8940
        8939        8938        8962
        8939        8938        8965
        8940        8936        8941
        8940        8936        9061
        8940        8938        8962
        8940        8938        8965
        8941        8936        9061
        8941        8943        8944
        8941        8943        8945
        8941        8951        8952
        8941        8951        8953
        8941        8951        8962
        8942        8941        8943
        8942        8941        8951
        8943        8941        8951
        8943        8945        8946
        8943        8945        8947
        8944        8943        8945
        8945        8947        8948
        8945        8947        8949
        8945        8947        8950
        8946        8945        8947
        8948        8947        8949
        8948        8947        8950
        8949        8947        8950
        8951        8953        8954
        8951        8962        8963
        8951        8962        8964
        8952        8951        8953
        8952        8951        8962
        8953        8951        8962
        8953        8954        8955
        8953        8954        8956
        8953        8954        8958
        8954        8956        8957
        8954        8956        8970
        8954        8958        8959
        8954        8958        8960
        8954        8958        8961
        8955        8954        8956
        8955        8954        8958
        8956        8954        8958
        8956        8970        8971
        8956        8970        8972
        8957        8956        8970
        8959        8958        8960
        8959        8958        8961
        8960        8958        8961
        8962        8938        8965
        8963        8962        8964
        8965        8968        8969
        8966        8965        8967
        8966        8965        8968
        8967        8965        8968
        8970        8972        8973
        8970        8972        8974
        8970        8972        8978
        8971        8970        8972
        8972        8974        8975
        8972        8974        8976
        8972        8974        8977
        8972        8978        8979
        8972        8978        8980
        8973        8972        8974
        8973        8972        8978
        8974        8972        8978
        8975        8974        8976
        8975        8974        8977
        8976        8974        8977
        8978        8980        8981
        8978        8980        8982
        8979        8978        8980
        8980        8982        8983
        8980        8982        8984
        8980        8982        8989
        8981        8980        8982
        8982        8984        8985
        8982        8984        8986
        8982        8989        8990
        8982        8989        8991
        8982        8989        8992
        8983        8982        8984
        8983        8982        8989
        8984        8982        8989
        8984        8986        8987
        8984        8986        8988
        8985        8984        8986
        8987        8986        8988
        8989        8992        8993
        8989        8992        8994
        8989        8992        8995
        8990        8989        8991
        8990        8989        8992
        8991        8989        8992
        8992        8995        8996
        8992        8995        8997
        8993        8992        8994
        8993        8992        8995
        8994        8992        8995
        8995        8997        8998
        8995        8997        8999
        8996        8995        8997
        8997        8999        9000
        8997        8999        9001
        8997        8999        9017
        8998        8997        8999
        8999        9001        9002
        8999        9001        9003
        8999        9001        9004
        8999        9017        9018
        8999        9017        9019
        9000        8999        9001
        9000        8999        9017
        9001        8999        9017
        9001        9004        9005
        9001        9004        9006
        9001        9004        9007
        9002        9001        9003
        9002        9001        9004
        9003        9001        9004
        9004        9007        9008
        9004        9007        9009
        9004        9007        9010
        9005        9004        9006
        9005        9004        9007
        9006        9004        9007
        9007        9010        9011
        9007        9010        9012
        9007        9010        9013
        9008        9007        9009
        9008        9007        9010
        9009        9007        9010
        9010        9013        9014
        9010        9013        9015
        9010        9013        9016
        9011        9010        9012
        9011        9010        9013
        9012        9010        9013
        9014        9013        9015
        9014        9013        9016
        9015        9013        9016
        9017        9019        9020
        9017        9019        9021
        9018        9017        9019
        9019        9021        9022
        9019        9021        9023
        9019        9021        9027
        9020        9019        9021
        9021        9023        9024
        9021        9023        9025
        9021        9023        9026
        9021        9027        9028
        9021        9027        9029
        9022        9021        9023
        9022        9021        9027
        9023        9021        9027
        9024        9023        9025
        9024        9023        9026
        9025        9023        9026
        9027        9029        9030
        9027        9029        9031
        9028        9027        9029
        9029        9031        9032
        9029        9031        9033
        9029        9031        9037
        9030        9029        9031
        9031        9033        9034
        9031        9033        9035
        9031        9033        9036
        9031        9037        9038
        9031        9037        9039
        9032        9031        9033
        9032        9031        9037
        9033        9031        9037
        9034        9033        9035
        9034        9033        9036
        9035        9033        9036
        9038        9037        9039
        9040        9044        9042
        9040        9045        9046
        9040        9045        9047
        9040        9045        9055
        9040        9095        9093
        9041        9040        9044
        9041        9040        9045
        9041        9040        9095
        9042        9059        9055
        9042        9059        9060
        9042        9059        9061
        9042        9062        9063
        9042        9062        9064
        9042        9062        9065
        9043        9042        9044
        9043        9042        9059
        9043        9042        9062
        9044        9040        9045
        9044        9040        9095
        9044        9042        9059
        9044        9042        9062
        9045        9040        9095
        9045        9047        9048
        9045        9047        9049
        9045        9055        9056
        9045        9055        9057
        9045        9055        9059
        9046        9045        9047
        9046        9045        9055
        9047        9045        9055
        9047        9049        9050
        9047        9049        9051
        9048        9047        9049
        9049        9051        9052
        9049        9051        9053
        9049        9051        9054
        9050        9049        9051
        9052        9051        9053
        9052        9051        9054
        9053        9051        9054
        9055        9057        9058
        9055        9059        9060
        9055        9059        9061
        9056        9055        9057
        9056        9055        9059
        9057        9055        9059
        9059        9042        9062
        9060        9059        9061
        9062        9065        9066
        9063        9062        9064
        9063        9062        9065
        9064        9062        9065
        9067        9071        9069
        9067        9072        9073
        9067        9072        9074
        9067        9072        9082
        9067        9192        9190
        9068        9067        9071
        9068        9067        9072
        9068        9067        9192
        9069        9093        9082
        9069        9093        9094
        9069        9093        9095
        9069        9096        9097
        9069        9096        9098
        9069        9096        9099
        9070        9069        9071
        9070        9069        9093
        9070        9069        9096
        9071        9067        9072
        9071        9067        9192
        9071        9069        9093
        9071        9069        9096
        9072        9067        9192
        9072        9074        9075
        9072        9074        9076
        9072        9082        9083
        9072        9082        9084
        9072        9082        9093
        9073        9072        9074
        9073        9072        9082
        9074        9072        9082
        9074        9076        9077
        9074        9076        9078
        9075        9074        9076
        9076        9078        9079
        9076        9078        9080
        9076        9078        9081
        9077        9076        9078
        9079        9078        9080
        9079        9078        9081
        9080        9078        9081
        9082        9084        9085
        9082        9093        9094
        9082        9093        9095
        9083        9082        9084
        9083        9082        9093
        9084        9082        9093
        9084        9085        9086
        9084        9085        9087
        9084        9085        9089
        9085        9087        9088
        9085        9087        9101
        9085        9089        9090
        9085        9089        9091
        9085        9089        9092
        9086        9085        9087
        9086        9085        9089
        9087        9085        9089
        9087        9101        9102
        9087        9101        9103
        9088        9087        9101
        9090        9089        9091
        9090        9089        9092
        9091        9089        9092
        9093        9069        9096
        9094        9093        9095
        9096        9099        9100
        9097        9096        9098
        9097        9096        9099
        9098        9096        9099
        9101        9103        9104
        9101        9103        9105
        9101        9103        9109
        9102        9101        9103
        9103        9105        9106
        9103        9105        9107
        9103        9105        9108
        9103        9109        9110
        9103        9109        9111
        9104        9103        9105
        9104        9103        9109
        9105        9103        9109
        9106        9105        9107
        9106        9105        9108
        9107        9105        9108
        9109        9111        9112
        9109        9111        9113
        9110        9109        9111
        9111        9113        9114
        9111        9113        9115
        9111        9113        9120
        9112        9111        9113
        9113        9115        9116
        9113        9115        9117
        9113        9120        9121
        9113        9120        9122
        9113        9120        9123
        9114        9113        9115
        9114        9113        9120
        9115        9113        9120
        9115        9117        9118
        9115        9117        9119
        9116        9115        9117
        9118        9117        9119
        9120        9123        9124
        9120        9123        9125
        9120        9123        9126
        9121        9120        9122
        9121        9120        9123
        9122        9120        9123
        9123        9126        9127
        9123        9126        9128
        9124        9123        9125
        9124        9123        9126
        9125        9123        9126
        9126        9128        9129
        9126        9128        9130
        9127        9126        9128
        9128        9130        9131
        9128        9130        9132
        9128        9130        9148
        9129        9128        9130
        9130        9132        9133
        9130        9132        9134
        9130        9132        9135
        9130        9148        9149
        9130        9148        9150
        9131        9130        9132
        9131        9130        9148
        9132        9130        9148
        9132        9135        9136
        9132        9135        9137
        9132        9135        9138
        9133        9132        9134
        9133        9132        9135
        9134        9132        9135
        9135        9138        9139
        9135        9138        9140
        9135        9138        9141
        9136        9135        9137
        9136        9135        9138
        9137        9135        9138
        9138        9141        9142
        9138        9141        9143
        9138        9141        9144
        9139        9138        9140
        9139        9138        9141
        9140        9138        9141
        9141        9144        9145
        9141        9144        9146
        9141        9144        9147
        9142        9141        9143
        9142        9141        9144
        9143        9141        9144
        9145        9144        9146
        9145        9144        9147
        9146        9144        9147
        9148        9150        9151
        9148        9150        9152
        9149        9148        9150
        9150        9152        9153
        9150        9152        9154
        9150        9152        9158
        9151        9150        9152
        9152        9154        9155
        9152        9154        9156
        9152        9154        9157
        9152        9158        9159
        9152        9158        9160
        9153        9152        9154
        9153        9152        9158
        9154        9152        9158
        9155        9154        9156
        9155        9154        9157
        9156        9154        9157
        9158        9160        9161
        9158        9160        9162
        9159        9158        9160
        9160        9162        9163
        9160        9162        9164
        9160        9162        9168
        9161        9160        9162
        9162        9164        9165
        9162        9164        9166
        9162        9164        9167
        9162        9168        9169
        9162        9168        9170
        9163        9162        9164
        9163        9162        9168
        9164        9162        9168
        9165        9164        9166
        9165        9164        9167
        9166        9164        9167
        9169        9168        9170
        9171        9175        9173
        9171        9176        9177
        9171        9176        9178
        9171        9176        9186
        9171        9226        9224
        9172        9171        9175
        9172        9171        9176
        9172        9171        9226
        9173        9190        9186
        9173        9190        9191
        9173        9190        9192
        9173        9193        9194
        9173        9193        9195
        9173        9193        9196
        9174        9173        9175
        9174        9173        9190
        9174        9173        9193
        9175        9171        9176
        9175        9171        9226
        9175        9173        9190
        9175        9173        9193
        9176        9171        9226
        9176        9178        9179
        9176        9178        9180
        9176        9186        9187
        9176        9186        9188
        9176        9186        9190
        9177        9176        9178
        9177        9176        9186
        9178        9176        9186
        9178        9180        9181
        9178        9180        9182
        9179        9178        9180
        9180        9182        9183
        9180        9182        9184
        9180        9182        9185
        9181        9180        9182
        9183        9182        9184
        9183        9182        9185
        9184        9182        9185
        9186        9188        9189
        9186        9190        9191
        9186        9190        9192
        9187        9186        9188
        9187        9186        9190
        9188        9186        9190
        9190        9173        9193
        9191        9190        9192
        9193        9196        9197
        9194        9193        9195
        9194        9193        9196
        9195        9193        9196
        9198        9202        9200
        9198        9203        9204
        9198        9203        9205
        9198        9203        9213
        9198        9323        9321
        9199        9198        9202
        9199        9198        9203
        9199        9198        9323
        9200        9224        9213
        9200        9224        9225
        9200        9224        9226
        9200        9227        9228
        9200        9227        9229
        9200        9227        9230
        9201        9200        9202
        9201        9200        9224
        9201        9200        9227
        9202        9198        9203
        9202        9198        9323
        9202        9200        9224
        9202        9200        9227
        9203        9198        9323
        9203        9205        9206
        9203        9205        9207
        9203        9213        9214
        9203        9213        9215
        9203        9213        9224
        9204        9203        9205
        9204        9203        9213
        9205        9203        9213
        9205        9207        9208
        9205        9207        9209
        9206        9205        9207
        9207        9209        9210
        9207        9209        9211
        9207        9209        9212
        9208        9207        9209
        9210        9209        9211
        9210        9209        9212
        9211        9209        9212
        9213        9215        9216
        9213        9224        9225
        9213        9224        9226
        9214        9213        9215
        9214        9213        9224
        9215        9213        9224
        9215        9216        9217
        9215        9216        9218
        9215        9216        9220
        9216        9218        9219
        9216        9218        9232
        9216        9220        9221
        9216        9220        9222
        9216        9220        9223
        9217        9216        9218
        9217        9216        9220
        9218        9216        9220
        9218        9232        9233
        9218        9232        9234
        9219        9218        9232
        9221        9220        9222
        9221        9220        9223
        9222        9220        9223
        9224        9200        9227
        9225        9224        9226
        9227        9230        9231
        9228        9227        9229
        9228        9227        9230
        9229        9227        9230
        9232        9234        9235
        9232        9234        9236
        9232        9234        9240
        9233        9232        9234
        9234        9236        9237
        9234        9236        9238
        9234        9236        9239
        9234        9240        9241
        9234        9240        9242
        9235        9234        9236
        9235        9234        9240
        9236        9234        9240
        9237        9236        9238
        9237        9236        9239
        9238        9236        9239
        9240        9242        9243
        9240        9242        9244
        9241        9240        9242
        9242        9244        9245
        9242        9244        9246
        9242        9244        9251
        9243        9242        9244
        9244        9246        9247
        9244        9246        9248
        9244        9251        9252
        9244        9251        9253
        9244        9251        9254
        9245        9244        9246
        9245        9244        9251
        9246        9244        9251
        9246        9248        9249
        9246        9248        9250
        9247        9246        9248
        9249        9248        9250
        9251        9254        9255
        9251        9254        9256
        9251        9254        9257
        9252        9251        9253
        9252        9251        9254
        9253        9251        9254
        9254        9257        9258
        9254        9257        9259
        9255        9254        9256
        9255        9254        9257
        9256        9254        9257
        9257        9259        9260
        9257        9259        9261
        9258        9257        9259
        9259        9261        9262
        9259        9261        9263
        9259        9261        9279
        9260        9259        9261
        9261        9263        9264
        9261        9263        9265
        9261        9263        9266
        9261        9279        9280
        9261        9279        9281
        9262        9261        9263
        9262        9261        9279
        9263        9261        9279
        9263        9266        9267
        9263        9266        9268
        9263        9266        9269
        9264        9263        9265
        9264        9263        9266
        9265        9263        9266
        9266        9269        9270
        9266        9269        9271
        9266        9269        9272
        9267        9266        9268
        9267        9266        9269
        9268        9266        9269
        9269        9272        9273
        9269        9272        9274
        9269        9272        9275
        9270        9269        9271
        9270        9269        9272
        9271        9269        9272
        9272        9275        9276
        9272        9275        9277
        9272        9275        9278
        9273        9272        9274
        9273        9272        9275
        9274        9272        9275
        9276        9275        9277
        9276        9275        9278
        9277        9275        9278
        9279        9281        9282
        9279        9281        9283
        9280        9279        9281
        9281        9283        9284
        9281        9283        9285
        9281        9283        9289
        9282        9281        9283
        9283        9285        9286
        9283        9285        9287
        9283        9285        9288
        9283        9289        9290
        9283        9289        9291
        9284        9283        9285
        9284        9283        9289
        9285        9283        9289
        9286        9285        9287
        9286        9285        9288
        9287        9285        9288
        9289        9291        9292
        9289        9291        9293
        9290        9289        9291
        9291        9293        9294
        9291        9293        9295
        9291        9293        9299
        9292        9291        9293
        9293        9295        9296
        9293        9295        9297
        9293        9295        9298
        9293        9299        9300
        9293        9299        9301
        9294        9293        9295
        9294        9293        9299
        9295        9293        9299
        9296        9295        9297
        9296        9295        9298
        9297        9295        9298
        9300        9299        9301
        9302        9306        9304
        9302        9307        9308
        9302        9307        9309
        9302        9307        9317
        9302        9357        9355
        9303        9302        9306
        9303        9302        9307
        9303        9302        9357
        9304        9321        9317
        9304        9321        9322
        9304        9321        9323
        9304        9324        9325
        9304        9324        9326
        9304        9324        9327
        9305        9304        9306
        9305        9304        9321
        9305        9304        9324
        9306        9302        9307
        9306        9302        9357
        9306        9304        9321
        9306        9304        9324
        9307        9302        9357
        9307        9309        9310
        9307        9309        9311
        9307        9317        9318
        9307        9317        9319
        9307        9317        9321
        9308        9307        9309
        9308        9307        9317
        9309        9307        9317
        9309        9311        9312
        9309        9311        9313
        9310        9309        9311
        9311        9313        9314
        9311        9313        9315
        9311        9313        9316
        9312        9311        9313
        9314        9313        9315
        9314        9313        9316
        9315        9313        9316
        9317        9319        9320
        9317        9321        9322
        9317        9321        9323
        9318        9317        9319
        9318        9317        9321
        9319        9317        9321
        9321        9304        9324
        9322        9321        9323
        9324        9327        9328
        9325        9324        9326
        9325        9324        9327
        9326        9324        9327
        9329        9333        9331
        9329        9334        9335
        9329        9334        9336
        9329        9334        9344
        9329        9454        9452
        9330        9329        9333
        9330        9329        9334
        9330        9329        9454
        9331        9355        9344
        9331        9355        9356
        9331        9355        9357
        9331        9358        9359
        9331        9358        9360
        9331        9358        9361
        9332        9331        9333
        9332        9331        9355
        9332        9331        9358
        9333        9329        9334
        9333        9329        9454
        9333        9331        9355
        9333        9331        9358
        9334        9329        9454
        9334        9336        9337
        9334        9336        9338
        9334        9344        9345
        9334        9344        9346
        9334        9344        9355
        9335        9334        9336
        9335        9334        9344
        9336        9334        9344
        9336        9338        9339
        9336        9338        9340
        9337        9336        9338
        9338        9340        9341
        9338        9340        9342
        9338        9340        9343
        9339        9338        9340
        9341        9340        9342
        9341        9340        9343
        9342        9340        9343
        9344        9346        9347
        9344        9355        9356
        9344        9355        9357
        9345        9344        9346
        9345        9344        9355
        9346        9344        9355
        9346        9347        9348
        9346        9347        9349
        9346        9347        9351
        9347        9349        9350
        9347        9349        9363
        9347        9351        9352
        9347        9351        9353
        9347        9351        9354
        9348        9347        9349
        9348        9347        9351
        9349        9347        9351
        9349        9363        9364
        9349        9363        9365
        9350        9349        9363
        9352        9351        9353
        9352        9351        9354
        9353        9351        9354
        9355        9331        9358
        9356        9355        9357
        9358        9361        9362
        9359        9358        9360
        9359        9358        9361
        9360        9358        9361
        9363        9365        9366
        9363        9365        9367
        9363        9365        9371
        9364        9363        9365
        9365        9367        9368
        9365        9367        9369
        9365        9367        9370
        9365        9371        9372
        9365        9371        9373
        9366        9365        9367
        9366        9365        9371
        9367        9365        9371
        9368        9367        9369
        9368        9367        9370
        9369        9367        9370
        9371        9373        9374
        9371        9373        9375
        9372        9371        9373
        9373        9375        9376
        9373        9375        9377
        9373        9375        9382
        9374        9373        9375
        9375        9377        9378
        9375        9377        9379
        9375        9382        9383
        9375        9382        9384
        9375        9382        9385
        9376        9375        9377
        9376        9375        9382
        9377        9375        9382
        9377        9379        9380
        9377        9379        9381
        9378        9377        9379
        9380        9379        9381
        9382        9385        9386
        9382        9385        9387
        9382        9385        9388
        9383        9382        9384
        9383        9382        9385
        9384        9382        9385
        9385        9388        9389
        9385        9388        9390
        9386        9385        9387
        9386        9385        9388
        9387        9385        9388
        9388        9390        9391
        9388        9390        9392
        9389        9388        9390
        9390        9392        9393
        9390        9392        9394
        9390        9392        9410
        9391        9390        9392
        9392        9394        9395
        9392        9394        9396
        9392        9394        9397
        9392        9410        9411
        9392        9410        9412
        9393        9392        9394
        9393        9392        9410
        9394        9392        9410
        9394        9397        9398
        9394        9397        9399
        9394        9397        9400
        9395        9394        9396
        9395        9394        9397
        9396        9394        9397
        9397        9400        9401
        9397        9400        9402
        9397        9400        9403
        9398        9397        9399
        9398        9397        9400
        9399        9397        9400
        9400        9403        9404
        9400        9403        9405
        9400        9403        9406
        9401        9400        9402
        9401        9400        9403
        9402        9400        9403
        9403        9406        9407
        9403        9406        9408
        9403        9406        9409
        9404        9403        9405
        9404        9403        9406
        9405        9403        9406
        9407        9406        9408
        9407        9406        9409
        9408        9406        9409
        9410        9412        9413
        9410        9412        9414
        9411        9410        9412
        9412        9414        9415
        9412        9414        9416
        9412        9414        9420
        9413        9412        9414
        9414        9416        9417
        9414        9416        9418
        9414        9416        9419
        9414        9420        9421
        9414        9420        9422
        9415        9414        9416
        9415        9414        9420
        9416        9414        9420
        9417        9416        9418
        9417        9416        9419
        9418        9416        9419
        9420        9422        9423
        9420        9422        9424
        9421        9420        9422
        9422        9424        9425
        9422        9424        9426
        9422        9424        9430
        9423        9422        9424
        9424        9426        9427
        9424        9426        9428
        9424        9426        9429
        9424        9430        9431
        9424        9430        9432
        9425        9424        9426
        9425        9424        9430
        9426        9424        9430
        9427        9426        9428
        9427        9426        9429
        9428        9426        9429
        9431        9430        9432
        9433        9437        9435
        9433        9438        9439
        9433        9438        9440
        9433        9438        9448
        9433        9488        9486
        9434        9433        9437
        9434        9433        9438
        9434        9433        9488
        9435        9452        9448
        9435        9452        9453
        9435        9452        9454
        9435        9455        9456
        9435        9455        9457
        9435        9455        9458
        9436        9435        9437
        9436        9435        9452
        9436        9435        9455
        9437        9433        9438
        9437        9433        9488
        9437        9435        9452
        9437        9435        9455
        9438        9433        9488
        9438        9440        9441
        9438        9440        9442
        9438        9448        9449
        9438        9448        9450
        9438        9448        9452
        9439        9438        9440
        9439        9438        9448
        9440        9438        9448
        9440        9442        9443
        9440        9442        9444
        9441        9440        9442
        9442        9444        9445
        9442        9444        9446
        9442        9444        9447
        9443        9442        9444
        9445        9444        9446
        9445        9444        9447
        9446        9444        9447
        9448        9450        9451
        9448        9452        9453
        9448        9452        9454
        9449        9448        9450
        9449        9448        9452
        9450        9448        9452
        9452        9435        9455
        9453        9452        9454
        9455        9458        9459
        9456        9455        9457
        9456        9455        9458
        9457        9455        9458
        9460        9464        9462
        9460        9465        9466
        9460        9465        9467
        9460        9465        9475
        9460        9585        9583
        9461        9460        9464
        9461        9460        9465
        9461        9460        9585
        9462        9486        9475
        9462        9486        9487
        9462        9486        9488
        9462        9489        9490
        9462        9489        9491
        9462        9489        9492
        9463        9462        9464
        9463        9462        9486
        9463        9462        9489
        9464        9460        9465
        9464        9460        9585
        9464        9462        9486
        9464        9462        9489
        9465        9460        9585
        9465        9467        9468
        9465        9467        9469
        9465        9475        9476
        9465        9475        9477
        9465        9475        9486
        9466        9465        9467
        9466        9465        9475
        9467        9465        9475
        9467        9469        9470
        9467        9469        9471
        9468        9467        9469
        9469        9471        9472
        9469        9471        9473
        9469        9471        9474
        9470        9469        9471
        9472        9471        9473
        9472        9471        9474
        9473        9471        9474
        9475        9477        9478
        9475        9486        9487
        9475        9486        9488
        9476        9475        9477
        9476        9475        9486
        9477        9475        9486
        9477        9478        9479
        9477        9478        9480
        9477        9478        9482
        9478        9480        9481
        9478        9480        9494
        9478        9482        9483
        9478        9482        9484
        9478        9482        9485
        9479        9478        9480
        9479        9478        9482
        9480        9478        9482
        9480        9494        9495
        9480        9494        9496
        9481        9480        9494
        9483        9482        9484
        9483        9482        9485
        9484        9482        9485
        9486        9462        9489
        9487        9486        9488
        9489        9492        9493
        9490        9489        9491
        9490        9489        9492
        9491        9489        9492
        9494        9496        9497
        9494        9496        9498
        9494        9496        9502
        9495        9494        9496
        9496        9498        9499
        9496        9498        9500
        9496        9498        9501
        9496        9502        9503
        9496        9502        9504
        9497        9496        9498
        9497        9496        9502
        9498        9496        9502
        9499        9498        9500
        9499        9498        9501
        9500        9498        9501
        9502        9504        9505
        9502        9504        9506
        9503        9502        9504
        9504        9506        9507
        9504        9506        9508
        9504        9506        9513
        9505        9504        9506
        9506        9508        9509
        9506        9508        9510
        9506        9513        9514
        9506        9513        9515
        9506        9513        9516
        9507        9506        9508
        9507        9506        9513
        9508        9506        9513
        9508        9510        9511
        9508        9510        9512
        9509        9508        9510
        9511        9510        9512
        9513        9516        9517
        9513        9516        9518
        9513        9516        9519
        9514        9513        9515
        9514        9513        9516
        9515        9513        9516
        9516        9519        9520
        9516        9519        9521
        9517        9516        9518
        9517        9516        9519
        9518        9516        9519
        9519        9521        9522
        9519        9521        9523
        9520        9519        9521
        9521        9523        9524
        9521        9523        9525
        9521        9523        9541
        9522        9521        9523
        9523        9525        9526
        9523        9525        9527
        9523        9525        9528
        9523        9541        9542
        9523        9541        9543
        9524        9523        9525
        9524        9523        9541
        9525        9523        9541
        9525        9528        9529
        9525        9528        9530
        9525        9528        9531
        9526        9525        9527
        9526        9525        9528
        9527        9525        9528
        9528        9531        9532
        9528        9531        9533
        9528        9531        9534
        9529        9528        9530
        9529        9528        9531
        9530        9528        9531
        9531        9534        9535
        9531        9534        9536
        9531        9534        9537
        9532        9531        9533
        9532        9531        9534
        9533        9531        9534
        9534        9537        9538
        9534        9537        9539
        9534        9537        9540
        9535        9534        9536
        9535        9534        9537
        9536        9534        9537
        9538        9537        9539
        9538        9537        9540
        9539        9537        9540
        9541        9543        9544
        9541        9543        9545
        9542        9541        9543
        9543        9545        9546
        9543        9545        9547
        9543        9545        9551
        9544        9543        9545
        9545        9547        9548
        9545        9547        9549
        9545        9547        9550
        9545        9551        9552
        9545        9551        9553
        9546        9545        9547
        9546        9545        9551
        9547        9545        9551
        9548        9547        9549
        9548        9547        9550
        9549        9547        9550
        9551        9553        9554
        9551        9553        9555
        9552        9551        9553
        9553        9555        9556
        9553        9555        9557
        9553        9555        9561
        9554        9553        9555
        9555        9557        9558
        9555        9557        9559
        9555        9557        9560
        9555        9561        9562
        9555        9561        9563
        9556        9555        9557
        9556        9555        9561
        9557        9555        9561
        9558        9557        9559
        9558        9557        9560
        9559        9557        9560
        9562        9561        9563
        9564        9568        9566
        9564        9569        9570
        9564        9569        9571
        9564        9569        9579
        9564        9619        9617
        9565        9564        9568
        9565        9564        9569
        9565        9564        9619
        9566        9583        9579
        9566        9583        9584
        9566        9583        9585
        9566        9586        9587
        9566        9586        9588
        9566        9586        9589
        9567        9566        9568
        9567        9566        9583
        9567        9566        9586
        9568        9564        9569
        9568        9564        9619
        9568        9566        9583
        9568        9566        9586
        9569        9564        9619
        9569        9571        9572
        9569        9571        9573
        9569        9579        9580
        9569        9579        9581
        9569        9579        9583
        9570        9569        9571
        9570        9569        9579
        9571        9569        9579
        9571        9573        9574
        9571        9573        9575
        9572        9571        9573
        9573        9575        9576
        9573        9575        9577
        9573        9575        9578
        9574        9573        9575
        9576        9575        9577
        9576        9575        9578
        9577        9575        9578
        9579        9581        9582
        9579        9583        9584
        9579        9583        9585
        9580        9579        9581
        9580        9579        9583
        9581        9579        9583
        9583        9566        9586
        9584        9583        9585
        9586        9589        9590
        9587        9586        9588
        9587        9586        9589
        9588        9586        9589
        9591        9595        9593
        9591        9596        9597
        9591        9596        9598
        9591        9596        9606
        9591        9716        9714
        9592        9591        9595
        9592        9591        9596
        9592        9591        9716
        9593        9617        9606
        9593        9617        9618
        9593        9617        9619
        9593        9620        9621
        9593        9620        9622
        9593        9620        9623
        9594        9593        9595
        9594        9593        9617
        9594        9593        9620
        9595        9591        9596
        9595        9591        9716
        9595        9593        9617
        9595        9593        9620
        9596        9591        9716
        9596        9598        9599
        9596        9598        9600
        9596        9606        9607
        9596        9606        9608
        9596        9606        9617
        9597        9596        9598
        9597        9596        9606
        9598        9596        9606
        9598        9600        9601
        9598        9600        9602
        9599        9598        9600
        9600        9602        9603
        9600        9602        9604
        9600        9602        9605
        9601        9600        9602
        9603        9602        9604
        9603        9602        9605
        9604        9602        9605
        9606        9608        9609
        9606        9617        9618
        9606        9617        9619
        9607        9606        9608
        9607        9606        9617
        9608        9606        9617
        9608        9609        9610
        9608        9609        9611
        9608        9609        9613
        9609        9611        9612
        9609        9611        9625
        9609        9613        9614
        9609        9613        9615
        9609        9613        9616
        9610        9609        9611
        9610        9609        9613
        9611        9609        9613
        9611        9625        9626
        9611        9625        9627
        9612        9611        9625
        9614        9613        9615
        9614        9613        9616
        9615        9613        9616
        9617        9593        9620
        9618        9617        9619
        9620        9623        9624
        9621        9620        9622
        9621        9620        9623
        9622        9620        9623
        9625        9627        9628
        9625        9627        9629
        9625        9627        9633
        9626        9625        9627
        9627        9629        9630
        9627        9629        9631
        9627        9629        9632
        9627        9633        9634
        9627        9633        9635
        9628        9627        9629
        9628        9627        9633
        9629        9627        9633
        9630        9629        9631
        9630        9629        9632
        9631        9629        9632
        9633        9635        9636
        9633        9635        9637
        9634        9633        9635
        9635        9637        9638
        9635        9637        9639
        9635        9637        9644
        9636        9635        9637
        9637        9639        9640
        9637        9639        9641
        9637        9644        9645
        9637        9644        9646
        9637        9644        9647
        9638        9637        9639
        9638        9637        9644
        9639        9637        9644
        9639        9641        9642
        9639        9641        9643
        9640        9639        9641
        9642        9641        9643
        9644        9647        9648
        9644        9647        9649
        9644        9647        9650
        9645        9644        9646
        9645        9644        9647
        9646        9644        9647
        9647        9650        9651
        9647        9650        9652
        9648        9647        9649
        9648        9647        9650
        9649        9647        9650
        9650        9652        9653
        9650        9652        9654
        9651        9650        9652
        9652        9654        9655
        9652        9654        9656
        9652        9654        9672
        9653        9652        9654
        9654        9656        9657
        9654        9656        9658
        9654        9656        9659
        9654        9672        9673
        9654        9672        9674
        9655        9654        9656
        9655        9654        9672
        9656        9654        9672
        9656        9659        9660
        9656        9659        9661
        9656        9659        9662
        9657        9656        9658
        9657        9656        9659
        9658        9656        9659
        9659        9662        9663
        9659        9662        9664
        9659        9662        9665
        9660        9659        9661
        9660        9659        9662
        9661        9659        9662
        9662        9665        9666
        9662        9665        9667
        9662        9665        9668
        9663        9662        9664
        9663        9662        9665
        9664        9662        9665
        9665        9668        9669
        9665        9668        9670
        9665        9668        9671
        9666        9665        9667
        9666        9665        9668
        9667        9665        9668
        9669        9668        9670
        9669        9668        9671
        9670        9668        9671
        9672        9674        9675
        9672        9674        9676
        9673        9672        9674
        9674        9676        9677
        9674        9676        9678
        9674        9676        9682
        9675        9674        9676
        9676        9678        9679
        9676        9678        9680
        9676        9678        9681
        9676        9682        9683
        9676        9682        9684
        9677        9676        9678
        9677        9676        9682
        9678        9676        9682
        9679        9678        9680
        9679        9678        9681
        9680        9678        9681
        9682        9684        9685
        9682        9684        9686
        9683        9682        9684
        9684        9686        9687
        9684        9686        9688
        9684        9686        9692
        9685        9684        9686
        9686        9688        9689
        9686        9688        9690
        9686        9688        9691
        9686        9692        9693
        9686        9692        9694
        9687        9686        9688
        9687        9686        9692
        9688        9686        9692
        9689        9688        9690
        9689        9688        9691
        9690        9688        9691
        9693        9692        9694
        9695        9699        9697
        9695        9700        9701
        9695        9700        9702
        9695        9700        9710
        9695        9750        9748
        9696        9695        9699
        9696        9695        9700
        9696        9695        9750
        9697        9714        9710
        9697        9714        9715
        9697        9714        9716
        9697        9717        9718
        9697        9717        9719
        9697        9717        9720
        9698        9697        9699
        9698        9697        9714
        9698        9697        9717
        9699        9695        9700
        9699        9695        9750
        9699        9697        9714
        9699        9697        9717
        9700        9695        9750
        9700        9702        9703
        9700        9702        9704
        9700        9710        9711
        9700        9710        9712
        9700        9710        9714
        9701        9700        9702
        9701        9700        9710
        9702        9700        9710
        9702        9704        9705
        9702        9704        9706
        9703        9702        9704
        9704        9706        9707
        9704        9706        9708
        9704        9706        9709
        9705        9704        9706
        9707        9706        9708
        9707        9706        9709
        9708        9706        9709
        9710        9712        9713
        9710        9714        9715
        9710        9714        9716
        9711        9710        9712
        9711        9710        9714
        9712        9710        9714
        9714        9697        9717
        9715        9714        9716
        9717        9720        9721
        9718        9717        9719
        9718        9717        9720
        9719        9717        9720
        9722        9726        9724
        9722        9727        9728
        9722        9727        9729
        9722        9727        9737
        9722        9847        9845
        9723        9722        9726
        9723        9722        9727
        9723        9722        9847
        9724        9748        9737
        9724        9748        9749
        9724        9748        9750
        9724        9751        9752
        9724        9751        9753
        9724        9751        9754
        9725        9724        9726
        9725        9724        9748
        9725        9724        9751
        9726        9722        9727
        9726        9722        9847
        9726        9724        9748
        9726        9724        9751
        9727        9722        9847
        9727        9729        9730
        9727        9729        9731
        9727        9737        9738
        9727        9737        9739
        9727        9737        9748
        9728        9727        9729
        9728        9727        9737
        9729        9727        9737
        9729        9731        9732
        9729        9731        9733
        9730        9729        9731
        9731        9733        9734
        9731        9733        9735
        9731        9733        9736
        9732        9731        9733
        9734        9733        9735
        9734        9733        9736
        9735        9733        9736
        9737        9739        9740
        9737        9748        9749
        9737        9748        9750
        9738        9737        9739
        9738        9737        9748
        9739        9737        9748
        9739        9740        9741
        9739        9740        9742
        9739        9740        9744
        9740        9742        9743
        9740        9742        9756
        9740        9744        9745
        9740        9744        9746
        9740        9744        9747
        9741        9740        9742
        9741        9740        9744
        9742        9740        9744
        9742        9756        9757
        9742        9756        9758
        9743        9742        9756
        9745        9744        9746
        9745        9744        9747
        9746        9744        9747
        9748        9724        9751
        9749        9748        9750
        9751        9754        9755
        9752        9751        9753
        9752        9751        9754
        9753        9751        9754
        9756        9758        9759
        9756        9758        9760
        9756        9758        9764
        9757        9756        9758
        9758        9760        9761
        9758        9760        9762
        9758        9760        9763
        9758        9764        9765
        9758        9764        9766
        9759        9758        9760
        9759        9758        9764
        9760        9758        9764
        9761        9760        9762
        9761        9760        9763
        9762        9760        9763
        9764        9766        9767
        9764        9766        9768
        9765        9764        9766
        9766        9768        9769
        9766        9768        9770
        9766        9768        9775
        9767        9766        9768
        9768        9770        9771
        9768        9770        9772
        9768        9775        9776
        9768        9775        9777
        9768        9775        9778
        9769        9768        9770
        9769        9768        9775
        9770        9768        9775
        9770        9772        9773
        9770        9772        9774
        9771        9770        9772
        9773        9772        9774
        9775        9778        9779
        9775        9778        9780
        9775        9778        9781
        9776        9775        9777
        9776        9775        9778
        9777        9775        9778
        9778        9781        9782
        9778        9781        9783
        9779        9778        9780
        9779        9778        9781
        9780        9778        9781
        9781        9783        9784
        9781        9783        9785
        9782        9781        9783
        9783        9785        9786
        9783        9785        9787
        9783        9785        9803
        9784        9783        9785
        9785        9787        9788
        9785        9787        9789
        9785        9787        9790
        9785        9803        9804
        9785        9803        9805
        9786        9785        9787
        9786        9785        9803
        9787        9785        9803
        9787        9790        9791
        9787        9790        9792
        9787        9790        9793
        9788        9787        9789
        9788        9787        9790
        9789        9787        9790
        9790        9793        9794
        9790        9793        9795
        9790        9793        9796
        9791        9790        9792
        9791        9790        9793
        9792        9790        9793
        9793        9796        9797
        9793        9796        9798
        9793        9796        9799
        9794        9793        9795
        9794        9793        9796
        9795        9793        9796
        9796        9799        9800
        9796        9799        9801
        9796        9799        9802
        9797        9796        9798
        9797        9796        9799
        9798        9796        9799
        9800        9799        9801
        9800        9799        9802
        9801        9799        9802
        9803        9805        9806
        9803        9805        9807
        9804        9803        9805
        9805        9807        9808
        9805        9807        9809
        9805        9807        9813
        9806        9805        9807
        9807        9809        9810
        9807        9809        9811
        9807        9809        9812
        9807        9813        9814
        9807        9813        9815
        9808        9807        9809
        9808        9807        9813
        9809        9807        9813
        9810        9809        9811
        9810        9809        9812
        9811        9809        9812
        9813        9815        9816
        9813        9815        9817
        9814        9813        9815
        9815        9817        9818
        9815        9817        9819
        9815        9817        9823
        9816        9815        9817
        9817        9819        9820
        9817        9819        9821
        9817        9819        9822
        9817        9823        9824
        9817        9823        9825
        9818        9817        9819
        9818        9817        9823
        9819        9817        9823
        9820        9819        9821
        9820        9819        9822
        9821        9819        9822
        9824        9823        9825
        9826        9830        9828
        9826        9831        9832
        9826        9831        9833
        9826        9831        9841
        9826        9881        9879
        9827        9826        9830
        9827        9826        9831
        9827        9826        9881
        9828        9845        9841
        9828        9845        9846
        9828        9845        9847
        9828        9848        9849
        9828        9848        9850
        9828        9848        9851
        9829        9828        9830
        9829        9828        9845
        9829        9828        9848
        9830        9826        9831
        9830        9826        9881
        9830        9828        9845
        9830        9828        9848
        9831        9826        9881
        9831        9833        9834
        9831        9833        9835
        9831        9841        9842
        9831        9841        9843
        9831        9841        9845
        9832        9831        9833
        9832        9831        9841
        9833        9831        9841
        9833        9835        9836
        9833        9835        9837
        9834        9833        9835
        9835        9837        9838
        9835        9837        9839
        9835        9837        9840
        9836        9835        9837
        9838        9837        9839
        9838        9837        9840
        9839        9837        9840
        9841        9843        9844
        9841        9845        9846
        9841        9845        9847
        9842        9841        9843
        9842        9841        9845
        9843        9841        9845
        9845        9828        9848
        9846        9845        9847
        9848        9851        9852
        9849        9848        9850
        9849        9848        9851
        9850        9848        9851
        9853        9857        9855
        9853        9858        9859
        9853        9858        9860
        9853        9858        9868
        9853        9978        9976
        9854        9853        9857
        9854        9853        9858
        9854        9853        9978
        9855        9879        9868
        9855        9879        9880
        9855        9879        9881
        9855        9882        9883
        9855        9882        9884
        9855        9882        9885
        9856        9855        9857
        9856        9855        9879
        9856        9855        9882
        9857        9853        9858
        9857        9853        9978
        9857        9855        9879
        9857        9855        9882
        9858        9853        9978
        9858        9860        9861
        9858        9860        9862
        9858        9868        9869
        9858        9868        9870
        9858        9868        9879
        9859        9858        9860
        9859        9858        9868
        9860        9858        9868
        9860        9862        9863
        9860        9862        9864
        9861        9860        9862
        9862        9864        9865
        9862        9864        9866
        9862        9864        9867
        9863        9862        9864
        9865        9864        9866
        9865        9864        9867
        9866        9864        9867
        9868        9870        9871
        9868        9879        9880
        9868        9879        9881
        9869        9868        9870
        9869        9868        9879
        9870        9868        9879
        9870        9871        9872
        9870        9871        9873
        9870        9871        9875
        9871        9873        9874
        9871        9873        9887
        9871        9875        9876
        9871        9875        9877
        9871        9875        9878
        9872        9871        9873
        9872        9871        9875
        9873        9871        9875
        9873        9887        9888
        9873        9887        9889
        9874        9873        9887
        9876        9875        9877
        9876        9875        9878
        9877        9875        9878
        9879        9855        9882
        9880        9879        9881
        9882        9885        9886
        9883        9882        9884
        9883        9882        9885
        9884        9882        9885
        9887        9889        9890
        9887        9889        9891
        9887        9889        9895
        9888        9887        9889
        9889        9891        9892
        9889        9891        9893
        9889        9891        9894
        9889        9895        9896
        9889        9895        9897
        9890        9889        9891
        9890        9889        9895
        9891        9889        9895
        9892        9891        9893
        9892        9891        9894
        9893        9891        9894
        9895        9897        9898
        9895        9897        9899
        9896        9895        9897
        9897        9899        9900
        9897        9899        9901
        9897        9899        9906
        9898        9897        9899
        9899        9901        9902
        9899        9901        9903
        9899        9906        9907
        9899        9906        9908
        9899        9906        9909
        9900        9899        9901
        9900        9899        9906
        9901        9899        9906
        9901        9903        9904
        9901        9903        9905
        9902        9901        9903
        9904        9903        9905
        9906        9909        9910
        9906        9909        9911
        9906        9909        9912
        9907        9906        9908
        9907        9906        9909
        9908        9906        9909
        9909        9912        9913
        9909        9912        9914
        9910        9909        9911
        9910        9909        9912
        9911        9909        9912
        9912        9914        9915
        9912        9914        9916
        9913        9912        9914
        9914        9916        9917
        9914        9916        9918
        9914        9916        9934
        9915        9914        9916
        9916        9918        9919
        9916        9918        9920
        9916        9918        9921
        9916        9934        9935
        9916        9934        9936
        9917        9916        9918
        9917        9916        9934
        9918        9916        9934
        9918        9921        9922
        9918        9921        9923
        9918        9921        9924
        9919        9918        9920
        9919        9918        9921
        9920        9918        9921
        9921        9924        9925
        9921        9924        9926
        9921        9924        9927
        9922        9921        9923
        9922        9921        9924
        9923        9921        9924
        9924        9927        9928
        9924        9927        9929
        9924        9927        9930
        9925        9924        9926
        9925        9924        9927
        9926        9924        9927
        9927        9930        9931
        9927        9930        9932
        9927        9930        9933
        9928        9927        9929
        9928        9927        9930
        9929        9927        9930
        9931        9930        9932
        9931        9930        9933
        9932        9930        9933
        9934        9936        9937
        9934        9936        9938
        9935        9934        9936
        9936        9938        9939
        9936        9938        9940
        9936        9938        9944
        9937        9936        9938
        9938        9940        9941
        9938        9940        9942
        9938        9940        9943
        9938        9944        9945
        9938        9944        9946
        9939        9938        9940
        9939        9938        9944
        9940        9938        9944
        9941        9940        9942
        9941        9940        9943
        9942        9940        9943
        9944        9946        9947
        9944        9946        9948
        9945        9944        9946
        9946        9948        9949
        9946        9948        9950
        9946        9948        9954
        9947        9946        9948
        9948        9950        9951
        9948        9950        9952
        9948        9950        9953
        9948        9954        9955
        9948        9954        9956
        9949        9948        9950
        9949        9948        9954
        9950        9948        9954
        9951        9950        9952
        9951        9950        9953
        9952        9950        9953
        9955        9954        9956
        9957        9961        9959
        9957        9962        9963
        9957        9962        9964
        9957        9962        9972
        9957       10012       10010
        9958        9957        9961
        9958        9957        9962
        9958        9957       10012
        9959        9976        9972
        9959        9976        9977
        9959        9976        9978
        9959        9979        9980
        9959        9979        9981
        9959        9979        9982
        9960        9959        9961
        9960        9959        9976
        9960        9959        9979
        9961        9957        9962
        9961        9957       10012
        9961        9959        9976
        9961        9959        9979
        9962        9957       10012
        9962        9964        9965
        9962        9964        9966
        9962        9972        9973
        9962        9972        9974
        9962        9972        9976
        9963        9962        9964
        9963        9962        9972
        9964        9962        9972
        9964        9966        9967
        9964        9966        9968
        9965        9964        9966
        9966        9968        9969
        9966        9968        9970
        9966        9968        9971
        9967        9966        9968
        9969        9968        9970
        9969        9968        9971
        9970        9968        9971
        9972        9974        9975
        9972        9976        9977
        9972        9976        9978
        9973        9972        9974
        9973        9972        9976
        9974        9972        9976
        9976        9959        9979
        9977        9976        9978
        9979        9982        9983
        9980        9979        9981
        9980        9979        9982
        9981        9979        9982
        9984        9988        9986
        9984        9989        9990
        9984        9989        9991
        9984        9989        9999
        9984       10109       10107
        9985        9984        9988
        9985        9984        9989
        9985        9984       10109
        9986       10010        9999
        9986       10010       10011
        9986       10010       10012
        9986       10013       10014
        9986       10013       10015
        9986       10013       10016
        9987        9986        9988
        9987        9986       10010
        9987        9986       10013
        9988        9984        9989
        9988        9984       10109
        9988        9986       10010
        9988        9986       10013
        9989        9984       10109
        9989        9991        9992
        9989        9991        9993
        9989        9999       10000
        9989        9999       10001
        9989        9999       10010
        9990        9989        9991
        9990        9989        9999
        9991        9989        9999
        9991        9993        9994
        9991        9993        9995
        9992        9991        9993
        9993        9995        9996
        9993        9995        9997
        9993        9995        9998
        9994        9993        9995
        9996        9995        9997
        9996        9995        9998
        9997        9995        9998
        9999       10001       10002
        9999       10010       10011
        9999       10010       10012
       10000        9999       10001
       10000        9999       10010
       10001        9999       10010
       10001       10002       10003
       10001       10002       10004
       10001       10002       10006
       10002       10004       10005
       10002       10004       10018
       10002       10006       10007
       10002       10006       10008
       10002       10006       10009
       10003       10002       10004
       10003       10002       10006
       10004       10002       10006
       10004       10018       10019
       10004       10018       10020
       10005       10004       10018
       10007       10006       10008
       10007       10006       10009
       10008       10006       10009
       10010        9986       10013
       10011       10010       10012
       10013       10016       10017
       10014       10013       10015
       10014       10013       10016
       10015       10013       10016
       10018       10020       10021
       10018       10020       10022
       10018       10020       10026
       10019       10018       10020
       10020       10022       10023
       10020       10022       10024
       10020       10022       10025
       10020       10026       10027
       10020       10026       10028
       10021       10020       10022
       10021       10020       10026
       10022       10020       10026
       10023       10022       10024
       10023       10022       10025
       10024       10022       10025
       10026       10028       10029
       10026       10028       10030
       10027       10026       10028
       10028       10030       10031
       10028       10030       10032
       10028       10030       10037
       10029       10028       10030
       10030       10032       10033
       10030       10032       10034
       10030       10037       10038
       10030       10037       10039
       10030       10037       10040
       10031       10030       10032
       10031       10030       10037
       10032       10030       10037
       10032       10034       10035
       10032       10034       10036
       10033       10032       10034
       10035       10034       10036
       10037       10040       10041
       10037       10040       10042
       10037       10040       10043
       10038       10037       10039
       10038       10037       10040
       10039       10037       10040
       10040       10043       10044
       10040       10043       10045
       10041       10040       10042
       10041       10040       10043
       10042       10040       10043
       10043       10045       10046
       10043       10045       10047
       10044       10043       10045
       10045       10047       10048
       10045       10047       10049
       10045       10047       10065
       10046       10045       10047
       10047       10049       10050
       10047       10049       10051
       10047       10049       10052
       10047       10065       10066
       10047       10065       10067
       10048       10047       10049
       10048       10047       10065
       10049       10047       10065
       10049       10052       10053
       10049       10052       10054
       10049       10052       10055
       10050       10049       10051
       10050       10049       10052
       10051       10049       10052
       10052       10055       10056
       10052       10055       10057
       10052       10055       10058
       10053       10052       10054
       10053       10052       10055
       10054       10052       10055
       10055       10058       10059
       10055       10058       10060
       10055       10058       10061
       10056       10055       10057
       10056       10055       10058
       10057       10055       10058
       10058       10061       10062
       10058       10061       10063
       10058       10061       10064
       10059       10058       10060
       10059       10058       10061
       10060       10058       10061
       10062       10061       10063
       10062       10061       10064
       10063       10061       10064
       10065       10067       10068
       10065       10067       10069
       10066       10065       10067
       10067       10069       10070
       10067       10069       10071
       10067       10069       10075
       10068       10067       10069
       10069       10071       10072
       10069       10071       10073
       10069       10071       10074
       10069       10075       10076
       10069       10075       10077
       10070       10069       10071
       10070       10069       10075
       10071       10069       10075
       10072       10071       10073
       10072       10071       10074
       10073       10071       10074
       10075       10077       10078
       10075       10077       10079
       10076       10075       10077
       10077       10079       10080
       10077       10079       10081
       10077       10079       10085
       10078       10077       10079
       10079       10081       10082
       10079       10081       10083
       10079       10081       10084
       10079       10085       10086
       10079       10085       10087
       10080       10079       10081
       10080       10079       10085
       10081       10079       10085
       10082       10081       10083
       10082       10081       10084
       10083       10081       10084
       10086       10085       10087
       10088       10092       10090
       10088       10093       10094
       10088       10093       10095
       10088       10093       10103
       10088       10143       10141
       10089       10088       10092
       10089       10088       10093
       10089       10088       10143
       10090       10107       10103
       10090       10107       10108
       10090       10107       10109
       10090       10110       10111
       10090       10110       10112
       10090       10110       10113
       10091       10090       10092
       10091       10090       10107
       10091       10090       10110
       10092       10088       10093
       10092       10088       10143
       10092       10090       10107
       10092       10090       10110
       10093       10088       10143
       10093       10095       10096
       10093       10095       10097
       10093       10103       10104
       10093       10103       10105
       10093       10103       10107
       10094       10093       10095
       10094       10093       10103
       10095       10093       10103
       10095       10097       10098
       10095       10097       10099
       10096       10095       10097
       10097       10099       10100
       10097       10099       10101
       10097       10099       10102
       10098       10097       10099
       10100       10099       10101
       10100       10099       10102
       10101       10099       10102
       10103       10105       10106
       10103       10107       10108
       10103       10107       10109
       10104       10103       10105
       10104       10103       10107
       10105       10103       10107
       10107       10090       10110
       10108       10107       10109
       10110       10113       10114
       10111       10110       10112
       10111       10110       10113
       10112       10110       10113
       10115       10119       10117
       10115       10120       10121
       10115       10120       10122
       10115       10120       10130
       10116       10115       10119
       10116       10115       10120
       10117       10141       10130
       10117       10141       10142
       10117       10141       10143
       10117       10144       10145
       10117       10144       10146
       10117       10144       10147
       10118       10117       10119
       10118       10117       10141
       10118       10117       10144
       10119       10115       10120
       10119       10117       10141
       10119       10117       10144
       10120       10122       10123
       10120       10122       10124
       10120       10130       10131
       10120       10130       10132
       10120       10130       10141
       10121       10120       10122
       10121       10120       10130
       10122       10120       10130
       10122       10124       10125
       10122       10124       10126
       10123       10122       10124
       10124       10126       10127
       10124       10126       10128
       10124       10126       10129
       10125       10124       10126
       10127       10126       10128
       10127       10126       10129
       10128       10126       10129
       10130       10132       10133
       10130       10141       10142
       10130       10141       10143
       10131       10130       10132
       10131       10130       10141
       10132       10130       10141
       10132       10133       10134
       10132       10133       10135
       10132       10133       10137
       10133       10135       10136
       10133       10135       10149
       10133       10137       10138
       10133       10137       10139
       10133       10137       10140
       10134       10133       10135
       10134       10133       10137
       10135       10133       10137
       10135       10149       10150
       10135       10149       10151
       10136       10135       10149
       10138       10137       10139
       10138       10137       10140
       10139       10137       10140
       10141       10117       10144
       10142       10141       10143
       10144       10147       10148
       10145       10144       10146
       10145       10144       10147
       10146       10144       10147
       10149       10151       10152
       10149       10151       10153
       10149       10151       10157
       10150       10149       10151
       10151       10153       10154
       10151       10153       10155
       10151       10153       10156
       10151       10157       10158
       10151       10157       10159
       10152       10151       10153
       10152       10151       10157
       10153       10151       10157
       10154       10153       10155
       10154       10153       10156
       10155       10153       10156
       10157       10159       10160
       10157       10159       10161
       10158       10157       10159
       10159       10161       10162
       10159       10161       10163
       10159       10161       10168
       10160       10159       10161
       10161       10163       10164
       10161       10163       10165
       10161       10168       10169
       10161       10168       10170
       10161       10168       10171
       10162       10161       10163
       10162       10161       10168
       10163       10161       10168
       10163       10165       10166
       10163       10165       10167
       10164       10163       10165
       10166       10165       10167
       10168       10171       10172
       10168       10171       10173
       10168       10171       10174
       10169       10168       10170
       10169       10168       10171
       10170       10168       10171
       10171       10174       10175
       10171       10174       10176
       10172       10171       10173
       10172       10171       10174
       10173       10171       10174
       10174       10176       10177
       10174       10176       10178
       10175       10174       10176
       10176       10178       10179
       10176       10178       10180
       10176       10178       10196
       10177       10176       10178
       10178       10180       10181
       10178       10180       10182
       10178       10180       10183
       10178       10196       10197
       10178       10196       10198
       10179       10178       10180
       10179       10178       10196
       10180       10178       10196
       10180       10183       10184
       10180       10183       10185
       10180       10183       10186
       10181       10180       10182
       10181       10180       10183
       10182       10180       10183
       10183       10186       10187
       10183       10186       10188
       10183       10186       10189
       10184       10183       10185
       10184       10183       10186
       10185       10183       10186
       10186       10189       10190
       10186       10189       10191
       10186       10189       10192
       10187       10186       10188
       10187       10186       10189
       10188       10186       10189
       10189       10192       10193
       10189       10192       10194
       10189       10192       10195
       10190       10189       10191
       10190       10189       10192
       10191       10189       10192
       10193       10192       10194
       10193       10192       10195
       10194       10192       10195
       10196       10198       10199
       10196       10198       10200
       10197       10196       10198
       10198       10200       10201
       10198       10200       10202
       10198       10200       10206
       10199       10198       10200
       10200       10202       10203
       10200       10202       10204
       10200       10202       10205
       10200       10206       10207
       10200       10206       10208
       10201       10200       10202
       10201       10200       10206
       10202       10200       10206
       10203       10202       10204
       10203       10202       10205
       10204       10202       10205
       10206       10208       10209
       10206       10208       10210
       10207       10206       10208
       10208       10210       10211
       10208       10210       10212
       10208       10210       10216
       10209       10208       10210
       10210       10212       10213
       10210       10212       10214
       10210       10212       10215
       10210       10216       10217
       10210       10216       10218
       10211       10210       10212
       10211       10210       10216
       10212       10210       10216
       10213       10212       10214
       10213       10212       10215
       10214       10212       10215
       10217       10216       10218
       10219       10223       10221
       10219       10224       10225
       10219       10224       10226
       10219       10224       10234
       10219       10274       10272
       10220       10219       10223
       10220       10219       10224
       10220       10219       10274
       10221       10238       10234
       10221       10238       10239
       10221       10238       10240
       10221       10241       10242
       10221       10241       10243
       10221       10241       10244
       10222       10221       10223
       10222       10221       10238
       10222       10221       10241
       10223       10219       10224
       10223       10219       10274
       10223       10221       10238
       10223       10221       10241
       10224       10219       10274
       10224       10226       10227
       10224       10226       10228
       10224       10234       10235
       10224       10234       10236
       10224       10234       10238
       10225       10224       10226
       10225       10224       10234
       10226       10224       10234
       10226       10228       10229
       10226       10228       10230
       10227       10226       10228
       10228       10230       10231
       10228       10230       10232
       10228       10230       10233
       10229       10228       10230
       10231       10230       10232
       10231       10230       10233
       10232       10230       10233
       10234       10236       10237
       10234       10238       10239
       10234       10238       10240
       10235       10234       10236
       10235       10234       10238
       10236       10234       10238
       10238       10221       10241
       10238       10240       11818
       10239       10238       10240
       10240       11818       11819
       10240       11818       11822
       10240       11818       11823
       10241       10244       10245
       10242       10241       10243
       10242       10241       10244
       10243       10241       10244
       10246       10250       10248
       10246       10251       10252
       10246       10251       10253
       10246       10251       10261
       10246       10371       10369
       10247       10246       10250
       10247       10246       10251
       10247       10246       10371
       10248       10272       10261
       10248       10272       10273
       10248       10272       10274
       10248       10275       10276
       10248       10275       10277
       10248       10275       10278
       10249       10248       10250
       10249       10248       10272
       10249       10248       10275
       10250       10246       10251
       10250       10246       10371
       10250       10248       10272
       10250       10248       10275
       10251       10246       10371
       10251       10253       10254
       10251       10253       10255
       10251       10261       10262
       10251       10261       10263
       10251       10261       10272
       10252       10251       10253
       10252       10251       10261
       10253       10251       10261
       10253       10255       10256
       10253       10255       10257
       10254       10253       10255
       10255       10257       10258
       10255       10257       10259
       10255       10257       10260
       10256       10255       10257
       10258       10257       10259
       10258       10257       10260
       10259       10257       10260
       10261       10263       10264
       10261       10272       10273
       10261       10272       10274
       10262       10261       10263
       10262       10261       10272
       10263       10261       10272
       10263       10264       10265
       10263       10264       10266
       10263       10264       10268
       10264       10266       10267
       10264       10266       10280
       10264       10268       10269
       10264       10268       10270
       10264       10268       10271
       10265       10264       10266
       10265       10264       10268
       10266       10264       10268
       10266       10280       10281
       10266       10280       10282
       10267       10266       10280
       10269       10268       10270
       10269       10268       10271
       10270       10268       10271
       10272       10248       10275
       10273       10272       10274
       10275       10278       10279
       10276       10275       10277
       10276       10275       10278
       10277       10275       10278
       10280       10282       10283
       10280       10282       10284
       10280       10282       10288
       10281       10280       10282
       10282       10284       10285
       10282       10284       10286
       10282       10284       10287
       10282       10288       10289
       10282       10288       10290
       10283       10282       10284
       10283       10282       10288
       10284       10282       10288
       10285       10284       10286
       10285       10284       10287
       10286       10284       10287
       10288       10290       10291
       10288       10290       10292
       10289       10288       10290
       10290       10292       10293
       10290       10292       10294
       10290       10292       10299
       10291       10290       10292
       10292       10294       10295
       10292       10294       10296
       10292       10299       10300
       10292       10299       10301
       10292       10299       10302
       10293       10292       10294
       10293       10292       10299
       10294       10292       10299
       10294       10296       10297
       10294       10296       10298
       10295       10294       10296
       10297       10296       10298
       10299       10302       10303
       10299       10302       10304
       10299       10302       10305
       10300       10299       10301
       10300       10299       10302
       10301       10299       10302
       10302       10305       10306
       10302       10305       10307
       10303       10302       10304
       10303       10302       10305
       10304       10302       10305
       10305       10307       10308
       10305       10307       10309
       10306       10305       10307
       10307       10309       10310
       10307       10309       10311
       10307       10309       10327
       10308       10307       10309
       10309       10311       10312
       10309       10311       10313
       10309       10311       10314
       10309       10327       10328
       10309       10327       10329
       10310       10309       10311
       10310       10309       10327
       10311       10309       10327
       10311       10314       10315
       10311       10314       10316
       10311       10314       10317
       10312       10311       10313
       10312       10311       10314
       10313       10311       10314
       10314       10317       10318
       10314       10317       10319
       10314       10317       10320
       10315       10314       10316
       10315       10314       10317
       10316       10314       10317
       10317       10320       10321
       10317       10320       10322
       10317       10320       10323
       10318       10317       10319
       10318       10317       10320
       10319       10317       10320
       10320       10323       10324
       10320       10323       10325
       10320       10323       10326
       10321       10320       10322
       10321       10320       10323
       10322       10320       10323
       10324       10323       10325
       10324       10323       10326
       10325       10323       10326
       10327       10329       10330
       10327       10329       10331
       10328       10327       10329
       10329       10331       10332
       10329       10331       10333
       10329       10331       10337
       10330       10329       10331
       10331       10333       10334
       10331       10333       10335
       10331       10333       10336
       10331       10337       10338
       10331       10337       10339
       10332       10331       10333
       10332       10331       10337
       10333       10331       10337
       10334       10333       10335
       10334       10333       10336
       10335       10333       10336
       10337       10339       10340
       10337       10339       10341
       10338       10337       10339
       10339       10341       10342
       10339       10341       10343
       10339       10341       10347
       10340       10339       10341
       10341       10343       10344
       10341       10343       10345
       10341       10343       10346
       10341       10347       10348
       10341       10347       10349
       10342       10341       10343
       10342       10341       10347
       10343       10341       10347
       10344       10343       10345
       10344       10343       10346
       10345       10343       10346
       10348       10347       10349
       10350       10354       10352
       10350       10355       10356
       10350       10355       10357
       10350       10355       10365
       10350       10405       10403
       10351       10350       10354
       10351       10350       10355
       10351       10350       10405
       10352       10369       10365
       10352       10369       10370
       10352       10369       10371
       10352       10372       10373
       10352       10372       10374
       10352       10372       10375
       10353       10352       10354
       10353       10352       10369
       10353       10352       10372
       10354       10350       10355
       10354       10350       10405
       10354       10352       10369
       10354       10352       10372
       10355       10350       10405
       10355       10357       10358
       10355       10357       10359
       10355       10365       10366
       10355       10365       10367
       10355       10365       10369
       10356       10355       10357
       10356       10355       10365
       10357       10355       10365
       10357       10359       10360
       10357       10359       10361
       10358       10357       10359
       10359       10361       10362
       10359       10361       10363
       10359       10361       10364
       10360       10359       10361
       10362       10361       10363
       10362       10361       10364
       10363       10361       10364
       10365       10367       10368
       10365       10369       10370
       10365       10369       10371
       10366       10365       10367
       10366       10365       10369
       10367       10365       10369
       10369       10352       10372
       10370       10369       10371
       10372       10375       10376
       10373       10372       10374
       10373       10372       10375
       10374       10372       10375
       10377       10381       10379
       10377       10382       10383
       10377       10382       10384
       10377       10382       10392
       10377       10502       10500
       10378       10377       10381
       10378       10377       10382
       10378       10377       10502
       10379       10403       10392
       10379       10403       10404
       10379       10403       10405
       10379       10406       10407
       10379       10406       10408
       10379       10406       10409
       10380       10379       10381
       10380       10379       10403
       10380       10379       10406
       10381       10377       10382
       10381       10377       10502
       10381       10379       10403
       10381       10379       10406
       10382       10377       10502
       10382       10384       10385
       10382       10384       10386
       10382       10392       10393
       10382       10392       10394
       10382       10392       10403
       10383       10382       10384
       10383       10382       10392
       10384       10382       10392
       10384       10386       10387
       10384       10386       10388
       10385       10384       10386
       10386       10388       10389
       10386       10388       10390
       10386       10388       10391
       10387       10386       10388
       10389       10388       10390
       10389       10388       10391
       10390       10388       10391
       10392       10394       10395
       10392       10403       10404
       10392       10403       10405
       10393       10392       10394
       10393       10392       10403
       10394       10392       10403
       10394       10395       10396
       10394       10395       10397
       10394       10395       10399
       10395       10397       10398
       10395       10397       10411
       10395       10399       10400
       10395       10399       10401
       10395       10399       10402
       10396       10395       10397
       10396       10395       10399
       10397       10395       10399
       10397       10411       10412
       10397       10411       10413
       10398       10397       10411
       10400       10399       10401
       10400       10399       10402
       10401       10399       10402
       10403       10379       10406
       10404       10403       10405
       10406       10409       10410
       10407       10406       10408
       10407       10406       10409
       10408       10406       10409
       10411       10413       10414
       10411       10413       10415
       10411       10413       10419
       10412       10411       10413
       10413       10415       10416
       10413       10415       10417
       10413       10415       10418
       10413       10419       10420
       10413       10419       10421
       10414       10413       10415
       10414       10413       10419
       10415       10413       10419
       10416       10415       10417
       10416       10415       10418
       10417       10415       10418
       10419       10421       10422
       10419       10421       10423
       10420       10419       10421
       10421       10423       10424
       10421       10423       10425
       10421       10423       10430
       10422       10421       10423
       10423       10425       10426
       10423       10425       10427
       10423       10430       10431
       10423       10430       10432
       10423       10430       10433
       10424       10423       10425
       10424       10423       10430
       10425       10423       10430
       10425       10427       10428
       10425       10427       10429
       10426       10425       10427
       10428       10427       10429
       10430       10433       10434
       10430       10433       10435
       10430       10433       10436
       10431       10430       10432
       10431       10430       10433
       10432       10430       10433
       10433       10436       10437
       10433       10436       10438
       10434       10433       10435
       10434       10433       10436
       10435       10433       10436
       10436       10438       10439
       10436       10438       10440
       10437       10436       10438
       10438       10440       10441
       10438       10440       10442
       10438       10440       10458
       10439       10438       10440
       10440       10442       10443
       10440       10442       10444
       10440       10442       10445
       10440       10458       10459
       10440       10458       10460
       10441       10440       10442
       10441       10440       10458
       10442       10440       10458
       10442       10445       10446
       10442       10445       10447
       10442       10445       10448
       10443       10442       10444
       10443       10442       10445
       10444       10442       10445
       10445       10448       10449
       10445       10448       10450
       10445       10448       10451
       10446       10445       10447
       10446       10445       10448
       10447       10445       10448
       10448       10451       10452
       10448       10451       10453
       10448       10451       10454
       10449       10448       10450
       10449       10448       10451
       10450       10448       10451
       10451       10454       10455
       10451       10454       10456
       10451       10454       10457
       10452       10451       10453
       10452       10451       10454
       10453       10451       10454
       10455       10454       10456
       10455       10454       10457
       10456       10454       10457
       10458       10460       10461
       10458       10460       10462
       10459       10458       10460
       10460       10462       10463
       10460       10462       10464
       10460       10462       10468
       10461       10460       10462
       10462       10464       10465
       10462       10464       10466
       10462       10464       10467
       10462       10468       10469
       10462       10468       10470
       10463       10462       10464
       10463       10462       10468
       10464       10462       10468
       10465       10464       10466
       10465       10464       10467
       10466       10464       10467
       10468       10470       10471
       10468       10470       10472
       10469       10468       10470
       10470       10472       10473
       10470       10472       10474
       10470       10472       10478
       10471       10470       10472
       10472       10474       10475
       10472       10474       10476
       10472       10474       10477
       10472       10478       10479
       10472       10478       10480
       10473       10472       10474
       10473       10472       10478
       10474       10472       10478
       10475       10474       10476
       10475       10474       10477
       10476       10474       10477
       10479       10478       10480
       10481       10485       10483
       10481       10486       10487
       10481       10486       10488
       10481       10486       10496
       10481       10536       10534
       10482       10481       10485
       10482       10481       10486
       10482       10481       10536
       10483       10500       10496
       10483       10500       10501
       10483       10500       10502
       10483       10503       10504
       10483       10503       10505
       10483       10503       10506
       10484       10483       10485
       10484       10483       10500
       10484       10483       10503
       10485       10481       10486
       10485       10481       10536
       10485       10483       10500
       10485       10483       10503
       10486       10481       10536
       10486       10488       10489
       10486       10488       10490
       10486       10496       10497
       10486       10496       10498
       10486       10496       10500
       10487       10486       10488
       10487       10486       10496
       10488       10486       10496
       10488       10490       10491
       10488       10490       10492
       10489       10488       10490
       10490       10492       10493
       10490       10492       10494
       10490       10492       10495
       10491       10490       10492
       10493       10492       10494
       10493       10492       10495
       10494       10492       10495
       10496       10498       10499
       10496       10500       10501
       10496       10500       10502
       10497       10496       10498
       10497       10496       10500
       10498       10496       10500
       10500       10483       10503
       10501       10500       10502
       10503       10506       10507
       10504       10503       10505
       10504       10503       10506
       10505       10503       10506
       10508       10512       10510
       10508       10513       10514
       10508       10513       10515
       10508       10513       10523
       10508       10633       10631
       10509       10508       10512
       10509       10508       10513
       10509       10508       10633
       10510       10534       10523
       10510       10534       10535
       10510       10534       10536
       10510       10537       10538
       10510       10537       10539
       10510       10537       10540
       10511       10510       10512
       10511       10510       10534
       10511       10510       10537
       10512       10508       10513
       10512       10508       10633
       10512       10510       10534
       10512       10510       10537
       10513       10508       10633
       10513       10515       10516
       10513       10515       10517
       10513       10523       10524
       10513       10523       10525
       10513       10523       10534
       10514       10513       10515
       10514       10513       10523
       10515       10513       10523
       10515       10517       10518
       10515       10517       10519
       10516       10515       10517
       10517       10519       10520
       10517       10519       10521
       10517       10519       10522
       10518       10517       10519
       10520       10519       10521
       10520       10519       10522
       10521       10519       10522
       10523       10525       10526
       10523       10534       10535
       10523       10534       10536
       10524       10523       10525
       10524       10523       10534
       10525       10523       10534
       10525       10526       10527
       10525       10526       10528
       10525       10526       10530
       10526       10528       10529
       10526       10528       10542
       10526       10530       10531
       10526       10530       10532
       10526       10530       10533
       10527       10526       10528
       10527       10526       10530
       10528       10526       10530
       10528       10542       10543
       10528       10542       10544
       10529       10528       10542
       10531       10530       10532
       10531       10530       10533
       10532       10530       10533
       10534       10510       10537
       10535       10534       10536
       10537       10540       10541
       10538       10537       10539
       10538       10537       10540
       10539       10537       10540
       10542       10544       10545
       10542       10544       10546
       10542       10544       10550
       10543       10542       10544
       10544       10546       10547
       10544       10546       10548
       10544       10546       10549
       10544       10550       10551
       10544       10550       10552
       10545       10544       10546
       10545       10544       10550
       10546       10544       10550
       10547       10546       10548
       10547       10546       10549
       10548       10546       10549
       10550       10552       10553
       10550       10552       10554
       10551       10550       10552
       10552       10554       10555
       10552       10554       10556
       10552       10554       10561
       10553       10552       10554
       10554       10556       10557
       10554       10556       10558
       10554       10561       10562
       10554       10561       10563
       10554       10561       10564
       10555       10554       10556
       10555       10554       10561
       10556       10554       10561
       10556       10558       10559
       10556       10558       10560
       10557       10556       10558
       10559       10558       10560
       10561       10564       10565
       10561       10564       10566
       10561       10564       10567
       10562       10561       10563
       10562       10561       10564
       10563       10561       10564
       10564       10567       10568
       10564       10567       10569
       10565       10564       10566
       10565       10564       10567
       10566       10564       10567
       10567       10569       10570
       10567       10569       10571
       10568       10567       10569
       10569       10571       10572
       10569       10571       10573
       10569       10571       10589
       10570       10569       10571
       10571       10573       10574
       10571       10573       10575
       10571       10573       10576
       10571       10589       10590
       10571       10589       10591
       10572       10571       10573
       10572       10571       10589
       10573       10571       10589
       10573       10576       10577
       10573       10576       10578
       10573       10576       10579
       10574       10573       10575
       10574       10573       10576
       10575       10573       10576
       10576       10579       10580
       10576       10579       10581
       10576       10579       10582
       10577       10576       10578
       10577       10576       10579
       10578       10576       10579
       10579       10582       10583
       10579       10582       10584
       10579       10582       10585
       10580       10579       10581
       10580       10579       10582
       10581       10579       10582
       10582       10585       10586
       10582       10585       10587
       10582       10585       10588
       10583       10582       10584
       10583       10582       10585
       10584       10582       10585
       10586       10585       10587
       10586       10585       10588
       10587       10585       10588
       10589       10591       10592
       10589       10591       10593
       10590       10589       10591
       10591       10593       10594
       10591       10593       10595
       10591       10593       10599
       10592       10591       10593
       10593       10595       10596
       10593       10595       10597
       10593       10595       10598
       10593       10599       10600
       10593       10599       10601
       10594       10593       10595
       10594       10593       10599
       10595       10593       10599
       10596       10595       10597
       10596       10595       10598
       10597       10595       10598
       10599       10601       10602
       10599       10601       10603
       10600       10599       10601
       10601       10603       10604
       10601       10603       10605
       10601       10603       10609
       10602       10601       10603
       10603       10605       10606
       10603       10605       10607
       10603       10605       10608
       10603       10609       10610
       10603       10609       10611
       10604       10603       10605
       10604       10603       10609
       10605       10603       10609
       10606       10605       10607
       10606       10605       10608
       10607       10605       10608
       10610       10609       10611
       10612       10616       10614
       10612       10617       10618
       10612       10617       10619
       10612       10617       10627
       10612       10667       10665
       10613       10612       10616
       10613       10612       10617
       10613       10612       10667
       10614       10631       10627
       10614       10631       10632
       10614       10631       10633
       10614       10634       10635
       10614       10634       10636
       10614       10634       10637
       10615       10614       10616
       10615       10614       10631
       10615       10614       10634
       10616       10612       10617
       10616       10612       10667
       10616       10614       10631
       10616       10614       10634
       10617       10612       10667
       10617       10619       10620
       10617       10619       10621
       10617       10627       10628
       10617       10627       10629
       10617       10627       10631
       10618       10617       10619
       10618       10617       10627
       10619       10617       10627
       10619       10621       10622
       10619       10621       10623
       10620       10619       10621
       10621       10623       10624
       10621       10623       10625
       10621       10623       10626
       10622       10621       10623
       10624       10623       10625
       10624       10623       10626
       10625       10623       10626
       10627       10629       10630
       10627       10631       10632
       10627       10631       10633
       10628       10627       10629
       10628       10627       10631
       10629       10627       10631
       10631       10614       10634
       10632       10631       10633
       10634       10637       10638
       10635       10634       10636
       10635       10634       10637
       10636       10634       10637
       10639       10643       10641
       10639       10644       10645
       10639       10644       10646
       10639       10644       10654
       10639       10764       10762
       10640       10639       10643
       10640       10639       10644
       10640       10639       10764
       10641       10665       10654
       10641       10665       10666
       10641       10665       10667
       10641       10668       10669
       10641       10668       10670
       10641       10668       10671
       10642       10641       10643
       10642       10641       10665
       10642       10641       10668
       10643       10639       10644
       10643       10639       10764
       10643       10641       10665
       10643       10641       10668
       10644       10639       10764
       10644       10646       10647
       10644       10646       10648
       10644       10654       10655
       10644       10654       10656
       10644       10654       10665
       10645       10644       10646
       10645       10644       10654
       10646       10644       10654
       10646       10648       10649
       10646       10648       10650
       10647       10646       10648
       10648       10650       10651
       10648       10650       10652
       10648       10650       10653
       10649       10648       10650
       10651       10650       10652
       10651       10650       10653
       10652       10650       10653
       10654       10656       10657
       10654       10665       10666
       10654       10665       10667
       10655       10654       10656
       10655       10654       10665
       10656       10654       10665
       10656       10657       10658
       10656       10657       10659
       10656       10657       10661
       10657       10659       10660
       10657       10659       10673
       10657       10661       10662
       10657       10661       10663
       10657       10661       10664
       10658       10657       10659
       10658       10657       10661
       10659       10657       10661
       10659       10673       10674
       10659       10673       10675
       10660       10659       10673
       10662       10661       10663
       10662       10661       10664
       10663       10661       10664
       10665       10641       10668
       10666       10665       10667
       10668       10671       10672
       10669       10668       10670
       10669       10668       10671
       10670       10668       10671
       10673       10675       10676
       10673       10675       10677
       10673       10675       10681
       10674       10673       10675
       10675       10677       10678
       10675       10677       10679
       10675       10677       10680
       10675       10681       10682
       10675       10681       10683
       10676       10675       10677
       10676       10675       10681
       10677       10675       10681
       10678       10677       10679
       10678       10677       10680
       10679       10677       10680
       10681       10683       10684
       10681       10683       10685
       10682       10681       10683
       10683       10685       10686
       10683       10685       10687
       10683       10685       10692
       10684       10683       10685
       10685       10687       10688
       10685       10687       10689
       10685       10692       10693
       10685       10692       10694
       10685       10692       10695
       10686       10685       10687
       10686       10685       10692
       10687       10685       10692
       10687       10689       10690
       10687       10689       10691
       10688       10687       10689
       10690       10689       10691
       10692       10695       10696
       10692       10695       10697
       10692       10695       10698
       10693       10692       10694
       10693       10692       10695
       10694       10692       10695
       10695       10698       10699
       10695       10698       10700
       10696       10695       10697
       10696       10695       10698
       10697       10695       10698
       10698       10700       10701
       10698       10700       10702
       10699       10698       10700
       10700       10702       10703
       10700       10702       10704
       10700       10702       10720
       10701       10700       10702
       10702       10704       10705
       10702       10704       10706
       10702       10704       10707
       10702       10720       10721
       10702       10720       10722
       10703       10702       10704
       10703       10702       10720
       10704       10702       10720
       10704       10707       10708
       10704       10707       10709
       10704       10707       10710
       10705       10704       10706
       10705       10704       10707
       10706       10704       10707
       10707       10710       10711
       10707       10710       10712
       10707       10710       10713
       10708       10707       10709
       10708       10707       10710
       10709       10707       10710
       10710       10713       10714
       10710       10713       10715
       10710       10713       10716
       10711       10710       10712
       10711       10710       10713
       10712       10710       10713
       10713       10716       10717
       10713       10716       10718
       10713       10716       10719
       10714       10713       10715
       10714       10713       10716
       10715       10713       10716
       10717       10716       10718
       10717       10716       10719
       10718       10716       10719
       10720       10722       10723
       10720       10722       10724
       10721       10720       10722
       10722       10724       10725
       10722       10724       10726
       10722       10724       10730
       10723       10722       10724
       10724       10726       10727
       10724       10726       10728
       10724       10726       10729
       10724       10730       10731
       10724       10730       10732
       10725       10724       10726
       10725       10724       10730
       10726       10724       10730
       10727       10726       10728
       10727       10726       10729
       10728       10726       10729
       10730       10732       10733
       10730       10732       10734
       10731       10730       10732
       10732       10734       10735
       10732       10734       10736
       10732       10734       10740
       10733       10732       10734
       10734       10736       10737
       10734       10736       10738
       10734       10736       10739
       10734       10740       10741
       10734       10740       10742
       10735       10734       10736
       10735       10734       10740
       10736       10734       10740
       10737       10736       10738
       10737       10736       10739
       10738       10736       10739
       10741       10740       10742
       10743       10747       10745
       10743       10748       10749
       10743       10748       10750
       10743       10748       10758
       10743       10798       10796
       10744       10743       10747
       10744       10743       10748
       10744       10743       10798
       10745       10762       10758
       10745       10762       10763
       10745       10762       10764
       10745       10765       10766
       10745       10765       10767
       10745       10765       10768
       10746       10745       10747
       10746       10745       10762
       10746       10745       10765
       10747       10743       10748
       10747       10743       10798
       10747       10745       10762
       10747       10745       10765
       10748       10743       10798
       10748       10750       10751
       10748       10750       10752
       10748       10758       10759
       10748       10758       10760
       10748       10758       10762
       10749       10748       10750
       10749       10748       10758
       10750       10748       10758
       10750       10752       10753
       10750       10752       10754
       10751       10750       10752
       10752       10754       10755
       10752       10754       10756
       10752       10754       10757
       10753       10752       10754
       10755       10754       10756
       10755       10754       10757
       10756       10754       10757
       10758       10760       10761
       10758       10762       10763
       10758       10762       10764
       10759       10758       10760
       10759       10758       10762
       10760       10758       10762
       10762       10745       10765
       10763       10762       10764
       10765       10768       10769
       10766       10765       10767
       10766       10765       10768
       10767       10765       10768
       10770       10774       10772
       10770       10775       10776
       10770       10775       10777
       10770       10775       10785
       10770       10895       10893
       10771       10770       10774
       10771       10770       10775
       10771       10770       10895
       10772       10796       10785
       10772       10796       10797
       10772       10796       10798
       10772       10799       10800
       10772       10799       10801
       10772       10799       10802
       10773       10772       10774
       10773       10772       10796
       10773       10772       10799
       10774       10770       10775
       10774       10770       10895
       10774       10772       10796
       10774       10772       10799
       10775       10770       10895
       10775       10777       10778
       10775       10777       10779
       10775       10785       10786
       10775       10785       10787
       10775       10785       10796
       10776       10775       10777
       10776       10775       10785
       10777       10775       10785
       10777       10779       10780
       10777       10779       10781
       10778       10777       10779
       10779       10781       10782
       10779       10781       10783
       10779       10781       10784
       10780       10779       10781
       10782       10781       10783
       10782       10781       10784
       10783       10781       10784
       10785       10787       10788
       10785       10796       10797
       10785       10796       10798
       10786       10785       10787
       10786       10785       10796
       10787       10785       10796
       10787       10788       10789
       10787       10788       10790
       10787       10788       10792
       10788       10790       10791
       10788       10790       10804
       10788       10792       10793
       10788       10792       10794
       10788       10792       10795
       10789       10788       10790
       10789       10788       10792
       10790       10788       10792
       10790       10804       10805
       10790       10804       10806
       10791       10790       10804
       10793       10792       10794
       10793       10792       10795
       10794       10792       10795
       10796       10772       10799
       10797       10796       10798
       10799       10802       10803
       10800       10799       10801
       10800       10799       10802
       10801       10799       10802
       10804       10806       10807
       10804       10806       10808
       10804       10806       10812
       10805       10804       10806
       10806       10808       10809
       10806       10808       10810
       10806       10808       10811
       10806       10812       10813
       10806       10812       10814
       10807       10806       10808
       10807       10806       10812
       10808       10806       10812
       10809       10808       10810
       10809       10808       10811
       10810       10808       10811
       10812       10814       10815
       10812       10814       10816
       10813       10812       10814
       10814       10816       10817
       10814       10816       10818
       10814       10816       10823
       10815       10814       10816
       10816       10818       10819
       10816       10818       10820
       10816       10823       10824
       10816       10823       10825
       10816       10823       10826
       10817       10816       10818
       10817       10816       10823
       10818       10816       10823
       10818       10820       10821
       10818       10820       10822
       10819       10818       10820
       10821       10820       10822
       10823       10826       10827
       10823       10826       10828
       10823       10826       10829
       10824       10823       10825
       10824       10823       10826
       10825       10823       10826
       10826       10829       10830
       10826       10829       10831
       10827       10826       10828
       10827       10826       10829
       10828       10826       10829
       10829       10831       10832
       10829       10831       10833
       10830       10829       10831
       10831       10833       10834
       10831       10833       10835
       10831       10833       10851
       10832       10831       10833
       10833       10835       10836
       10833       10835       10837
       10833       10835       10838
       10833       10851       10852
       10833       10851       10853
       10834       10833       10835
       10834       10833       10851
       10835       10833       10851
       10835       10838       10839
       10835       10838       10840
       10835       10838       10841
       10836       10835       10837
       10836       10835       10838
       10837       10835       10838
       10838       10841       10842
       10838       10841       10843
       10838       10841       10844
       10839       10838       10840
       10839       10838       10841
       10840       10838       10841
       10841       10844       10845
       10841       10844       10846
       10841       10844       10847
       10842       10841       10843
       10842       10841       10844
       10843       10841       10844
       10844       10847       10848
       10844       10847       10849
       10844       10847       10850
       10845       10844       10846
       10845       10844       10847
       10846       10844       10847
       10848       10847       10849
       10848       10847       10850
       10849       10847       10850
       10851       10853       10854
       10851       10853       10855
       10852       10851       10853
       10853       10855       10856
       10853       10855       10857
       10853       10855       10861
       10854       10853       10855
       10855       10857       10858
       10855       10857       10859
       10855       10857       10860
       10855       10861       10862
       10855       10861       10863
       10856       10855       10857
       10856       10855       10861
       10857       10855       10861
       10858       10857       10859
       10858       10857       10860
       10859       10857       10860
       10861       10863       10864
       10861       10863       10865
       10862       10861       10863
       10863       10865       10866
       10863       10865       10867
       10863       10865       10871
       10864       10863       10865
       10865       10867       10868
       10865       10867       10869
       10865       10867       10870
       10865       10871       10872
       10865       10871       10873
       10866       10865       10867
       10866       10865       10871
       10867       10865       10871
       10868       10867       10869
       10868       10867       10870
       10869       10867       10870
       10872       10871       10873
       10874       10878       10876
       10874       10879       10880
       10874       10879       10881
       10874       10879       10889
       10874       10929       10927
       10875       10874       10878
       10875       10874       10879
       10875       10874       10929
       10876       10893       10889
       10876       10893       10894
       10876       10893       10895
       10876       10896       10897
       10876       10896       10898
       10876       10896       10899
       10877       10876       10878
       10877       10876       10893
       10877       10876       10896
       10878       10874       10879
       10878       10874       10929
       10878       10876       10893
       10878       10876       10896
       10879       10874       10929
       10879       10881       10882
       10879       10881       10883
       10879       10889       10890
       10879       10889       10891
       10879       10889       10893
       10880       10879       10881
       10880       10879       10889
       10881       10879       10889
       10881       10883       10884
       10881       10883       10885
       10882       10881       10883
       10883       10885       10886
       10883       10885       10887
       10883       10885       10888
       10884       10883       10885
       10886       10885       10887
       10886       10885       10888
       10887       10885       10888
       10889       10891       10892
       10889       10893       10894
       10889       10893       10895
       10890       10889       10891
       10890       10889       10893
       10891       10889       10893
       10893       10876       10896
       10894       10893       10895
       10896       10899       10900
       10897       10896       10898
       10897       10896       10899
       10898       10896       10899
       10901       10905       10903
       10901       10906       10907
       10901       10906       10908
       10901       10906       10916
       10901       11026       11024
       10902       10901       10905
       10902       10901       10906
       10902       10901       11026
       10903       10927       10916
       10903       10927       10928
       10903       10927       10929
       10903       10930       10931
       10903       10930       10932
       10903       10930       10933
       10904       10903       10905
       10904       10903       10927
       10904       10903       10930
       10905       10901       10906
       10905       10901       11026
       10905       10903       10927
       10905       10903       10930
       10906       10901       11026
       10906       10908       10909
       10906       10908       10910
       10906       10916       10917
       10906       10916       10918
       10906       10916       10927
       10907       10906       10908
       10907       10906       10916
       10908       10906       10916
       10908       10910       10911
       10908       10910       10912
       10909       10908       10910
       10910       10912       10913
       10910       10912       10914
       10910       10912       10915
       10911       10910       10912
       10913       10912       10914
       10913       10912       10915
       10914       10912       10915
       10916       10918       10919
       10916       10927       10928
       10916       10927       10929
       10917       10916       10918
       10917       10916       10927
       10918       10916       10927
       10918       10919       10920
       10918       10919       10921
       10918       10919       10923
       10919       10921       10922
       10919       10921       10935
       10919       10923       10924
       10919       10923       10925
       10919       10923       10926
       10920       10919       10921
       10920       10919       10923
       10921       10919       10923
       10921       10935       10936
       10921       10935       10937
       10922       10921       10935
       10924       10923       10925
       10924       10923       10926
       10925       10923       10926
       10927       10903       10930
       10928       10927       10929
       10930       10933       10934
       10931       10930       10932
       10931       10930       10933
       10932       10930       10933
       10935       10937       10938
       10935       10937       10939
       10935       10937       10943
       10936       10935       10937
       10937       10939       10940
       10937       10939       10941
       10937       10939       10942
       10937       10943       10944
       10937       10943       10945
       10938       10937       10939
       10938       10937       10943
       10939       10937       10943
       10940       10939       10941
       10940       10939       10942
       10941       10939       10942
       10943       10945       10946
       10943       10945       10947
       10944       10943       10945
       10945       10947       10948
       10945       10947       10949
       10945       10947       10954
       10946       10945       10947
       10947       10949       10950
       10947       10949       10951
       10947       10954       10955
       10947       10954       10956
       10947       10954       10957
       10948       10947       10949
       10948       10947       10954
       10949       10947       10954
       10949       10951       10952
       10949       10951       10953
       10950       10949       10951
       10952       10951       10953
       10954       10957       10958
       10954       10957       10959
       10954       10957       10960
       10955       10954       10956
       10955       10954       10957
       10956       10954       10957
       10957       10960       10961
       10957       10960       10962
       10958       10957       10959
       10958       10957       10960
       10959       10957       10960
       10960       10962       10963
       10960       10962       10964
       10961       10960       10962
       10962       10964       10965
       10962       10964       10966
       10962       10964       10982
       10963       10962       10964
       10964       10966       10967
       10964       10966       10968
       10964       10966       10969
       10964       10982       10983
       10964       10982       10984
       10965       10964       10966
       10965       10964       10982
       10966       10964       10982
       10966       10969       10970
       10966       10969       10971
       10966       10969       10972
       10967       10966       10968
       10967       10966       10969
       10968       10966       10969
       10969       10972       10973
       10969       10972       10974
       10969       10972       10975
       10970       10969       10971
       10970       10969       10972
       10971       10969       10972
       10972       10975       10976
       10972       10975       10977
       10972       10975       10978
       10973       10972       10974
       10973       10972       10975
       10974       10972       10975
       10975       10978       10979
       10975       10978       10980
       10975       10978       10981
       10976       10975       10977
       10976       10975       10978
       10977       10975       10978
       10979       10978       10980
       10979       10978       10981
       10980       10978       10981
       10982       10984       10985
       10982       10984       10986
       10983       10982       10984
       10984       10986       10987
       10984       10986       10988
       10984       10986       10992
       10985       10984       10986
       10986       10988       10989
       10986       10988       10990
       10986       10988       10991
       10986       10992       10993
       10986       10992       10994
       10987       10986       10988
       10987       10986       10992
       10988       10986       10992
       10989       10988       10990
       10989       10988       10991
       10990       10988       10991
       10992       10994       10995
       10992       10994       10996
       10993       10992       10994
       10994       10996       10997
       10994       10996       10998
       10994       10996       11002
       10995       10994       10996
       10996       10998       10999
       10996       10998       11000
       10996       10998       11001
       10996       11002       11003
       10996       11002       11004
       10997       10996       10998
       10997       10996       11002
       10998       10996       11002
       10999       10998       11000
       10999       10998       11001
       11000       10998       11001
       11003       11002       11004
       11005       11009       11007
       11005       11010       11011
       11005       11010       11012
       11005       11010       11020
       11005       11060       11058
       11006       11005       11009
       11006       11005       11010
       11006       11005       11060
       11007       11024       11020
       11007       11024       11025
       11007       11024       11026
       11007       11027       11028
       11007       11027       11029
       11007       11027       11030
       11008       11007       11009
       11008       11007       11024
       11008       11007       11027
       11009       11005       11010
       11009       11005       11060
       11009       11007       11024
       11009       11007       11027
       11010       11005       11060
       11010       11012       11013
       11010       11012       11014
       11010       11020       11021
       11010       11020       11022
       11010       11020       11024
       11011       11010       11012
       11011       11010       11020
       11012       11010       11020
       11012       11014       11015
       11012       11014       11016
       11013       11012       11014
       11014       11016       11017
       11014       11016       11018
       11014       11016       11019
       11015       11014       11016
       11017       11016       11018
       11017       11016       11019
       11018       11016       11019
       11020       11022       11023
       11020       11024       11025
       11020       11024       11026
       11021       11020       11022
       11021       11020       11024
       11022       11020       11024
       11024       11007       11027
       11025       11024       11026
       11027       11030       11031
       11028       11027       11029
       11028       11027       11030
       11029       11027       11030
       11032       11036       11034
       11032       11037       11038
       11032       11037       11039
       11032       11037       11047
       11032       11157       11155
       11033       11032       11036
       11033       11032       11037
       11033       11032       11157
       11034       11058       11047
       11034       11058       11059
       11034       11058       11060
       11034       11061       11062
       11034       11061       11063
       11034       11061       11064
       11035       11034       11036
       11035       11034       11058
       11035       11034       11061
       11036       11032       11037
       11036       11032       11157
       11036       11034       11058
       11036       11034       11061
       11037       11032       11157
       11037       11039       11040
       11037       11039       11041
       11037       11047       11048
       11037       11047       11049
       11037       11047       11058
       11038       11037       11039
       11038       11037       11047
       11039       11037       11047
       11039       11041       11042
       11039       11041       11043
       11040       11039       11041
       11041       11043       11044
       11041       11043       11045
       11041       11043       11046
       11042       11041       11043
       11044       11043       11045
       11044       11043       11046
       11045       11043       11046
       11047       11049       11050
       11047       11058       11059
       11047       11058       11060
       11048       11047       11049
       11048       11047       11058
       11049       11047       11058
       11049       11050       11051
       11049       11050       11052
       11049       11050       11054
       11050       11052       11053
       11050       11052       11066
       11050       11054       11055
       11050       11054       11056
       11050       11054       11057
       11051       11050       11052
       11051       11050       11054
       11052       11050       11054
       11052       11066       11067
       11052       11066       11068
       11053       11052       11066
       11055       11054       11056
       11055       11054       11057
       11056       11054       11057
       11058       11034       11061
       11059       11058       11060
       11061       11064       11065
       11062       11061       11063
       11062       11061       11064
       11063       11061       11064
       11066       11068       11069
       11066       11068       11070
       11066       11068       11074
       11067       11066       11068
       11068       11070       11071
       11068       11070       11072
       11068       11070       11073
       11068       11074       11075
       11068       11074       11076
       11069       11068       11070
       11069       11068       11074
       11070       11068       11074
       11071       11070       11072
       11071       11070       11073
       11072       11070       11073
       11074       11076       11077
       11074       11076       11078
       11075       11074       11076
       11076       11078       11079
       11076       11078       11080
       11076       11078       11085
       11077       11076       11078
       11078       11080       11081
       11078       11080       11082
       11078       11085       11086
       11078       11085       11087
       11078       11085       11088
       11079       11078       11080
       11079       11078       11085
       11080       11078       11085
       11080       11082       11083
       11080       11082       11084
       11081       11080       11082
       11083       11082       11084
       11085       11088       11089
       11085       11088       11090
       11085       11088       11091
       11086       11085       11087
       11086       11085       11088
       11087       11085       11088
       11088       11091       11092
       11088       11091       11093
       11089       11088       11090
       11089       11088       11091
       11090       11088       11091
       11091       11093       11094
       11091       11093       11095
       11092       11091       11093
       11093       11095       11096
       11093       11095       11097
       11093       11095       11113
       11094       11093       11095
       11095       11097       11098
       11095       11097       11099
       11095       11097       11100
       11095       11113       11114
       11095       11113       11115
       11096       11095       11097
       11096       11095       11113
       11097       11095       11113
       11097       11100       11101
       11097       11100       11102
       11097       11100       11103
       11098       11097       11099
       11098       11097       11100
       11099       11097       11100
       11100       11103       11104
       11100       11103       11105
       11100       11103       11106
       11101       11100       11102
       11101       11100       11103
       11102       11100       11103
       11103       11106       11107
       11103       11106       11108
       11103       11106       11109
       11104       11103       11105
       11104       11103       11106
       11105       11103       11106
       11106       11109       11110
       11106       11109       11111
       11106       11109       11112
       11107       11106       11108
       11107       11106       11109
       11108       11106       11109
       11110       11109       11111
       11110       11109       11112
       11111       11109       11112
       11113       11115       11116
       11113       11115       11117
       11114       11113       11115
       11115       11117       11118
       11115       11117       11119
       11115       11117       11123
       11116       11115       11117
       11117       11119       11120
       11117       11119       11121
       11117       11119       11122
       11117       11123       11124
       11117       11123       11125
       11118       11117       11119
       11118       11117       11123
       11119       11117       11123
       11120       11119       11121
       11120       11119       11122
       11121       11119       11122
       11123       11125       11126
       11123       11125       11127
       11124       11123       11125
       11125       11127       11128
       11125       11127       11129
       11125       11127       11133
       11126       11125       11127
       11127       11129       11130
       11127       11129       11131
       11127       11129       11132
       11127       11133       11134
       11127       11133       11135
       11128       11127       11129
       11128       11127       11133
       11129       11127       11133
       11130       11129       11131
       11130       11129       11132
       11131       11129       11132
       11134       11133       11135
       11136       11140       11138
       11136       11141       11142
       11136       11141       11143
       11136       11141       11151
       11136       11191       11189
       11137       11136       11140
       11137       11136       11141
       11137       11136       11191
       11138       11155       11151
       11138       11155       11156
       11138       11155       11157
       11138       11158       11159
       11138       11158       11160
       11138       11158       11161
       11139       11138       11140
       11139       11138       11155
       11139       11138       11158
       11140       11136       11141
       11140       11136       11191
       11140       11138       11155
       11140       11138       11158
       11141       11136       11191
       11141       11143       11144
       11141       11143       11145
       11141       11151       11152
       11141       11151       11153
       11141       11151       11155
       11142       11141       11143
       11142       11141       11151
       11143       11141       11151
       11143       11145       11146
       11143       11145       11147
       11144       11143       11145
       11145       11147       11148
       11145       11147       11149
       11145       11147       11150
       11146       11145       11147
       11148       11147       11149
       11148       11147       11150
       11149       11147       11150
       11151       11153       11154
       11151       11155       11156
       11151       11155       11157
       11152       11151       11153
       11152       11151       11155
       11153       11151       11155
       11155       11138       11158
       11156       11155       11157
       11158       11161       11162
       11159       11158       11160
       11159       11158       11161
       11160       11158       11161
       11163       11167       11165
       11163       11168       11169
       11163       11168       11170
       11163       11168       11178
       11163       11288       11286
       11164       11163       11167
       11164       11163       11168
       11164       11163       11288
       11165       11189       11178
       11165       11189       11190
       11165       11189       11191
       11165       11192       11193
       11165       11192       11194
       11165       11192       11195
       11166       11165       11167
       11166       11165       11189
       11166       11165       11192
       11167       11163       11168
       11167       11163       11288
       11167       11165       11189
       11167       11165       11192
       11168       11163       11288
       11168       11170       11171
       11168       11170       11172
       11168       11178       11179
       11168       11178       11180
       11168       11178       11189
       11169       11168       11170
       11169       11168       11178
       11170       11168       11178
       11170       11172       11173
       11170       11172       11174
       11171       11170       11172
       11172       11174       11175
       11172       11174       11176
       11172       11174       11177
       11173       11172       11174
       11175       11174       11176
       11175       11174       11177
       11176       11174       11177
       11178       11180       11181
       11178       11189       11190
       11178       11189       11191
       11179       11178       11180
       11179       11178       11189
       11180       11178       11189
       11180       11181       11182
       11180       11181       11183
       11180       11181       11185
       11181       11183       11184
       11181       11183       11197
       11181       11185       11186
       11181       11185       11187
       11181       11185       11188
       11182       11181       11183
       11182       11181       11185
       11183       11181       11185
       11183       11197       11198
       11183       11197       11199
       11184       11183       11197
       11186       11185       11187
       11186       11185       11188
       11187       11185       11188
       11189       11165       11192
       11190       11189       11191
       11192       11195       11196
       11193       11192       11194
       11193       11192       11195
       11194       11192       11195
       11197       11199       11200
       11197       11199       11201
       11197       11199       11205
       11198       11197       11199
       11199       11201       11202
       11199       11201       11203
       11199       11201       11204
       11199       11205       11206
       11199       11205       11207
       11200       11199       11201
       11200       11199       11205
       11201       11199       11205
       11202       11201       11203
       11202       11201       11204
       11203       11201       11204
       11205       11207       11208
       11205       11207       11209
       11206       11205       11207
       11207       11209       11210
       11207       11209       11211
       11207       11209       11216
       11208       11207       11209
       11209       11211       11212
       11209       11211       11213
       11209       11216       11217
       11209       11216       11218
       11209       11216       11219
       11210       11209       11211
       11210       11209       11216
       11211       11209       11216
       11211       11213       11214
       11211       11213       11215
       11212       11211       11213
       11214       11213       11215
       11216       11219       11220
       11216       11219       11221
       11216       11219       11222
       11217       11216       11218
       11217       11216       11219
       11218       11216       11219
       11219       11222       11223
       11219       11222       11224
       11220       11219       11221
       11220       11219       11222
       11221       11219       11222
       11222       11224       11225
       11222       11224       11226
       11223       11222       11224
       11224       11226       11227
       11224       11226       11228
       11224       11226       11244
       11225       11224       11226
       11226       11228       11229
       11226       11228       11230
       11226       11228       11231
       11226       11244       11245
       11226       11244       11246
       11227       11226       11228
       11227       11226       11244
       11228       11226       11244
       11228       11231       11232
       11228       11231       11233
       11228       11231       11234
       11229       11228       11230
       11229       11228       11231
       11230       11228       11231
       11231       11234       11235
       11231       11234       11236
       11231       11234       11237
       11232       11231       11233
       11232       11231       11234
       11233       11231       11234
       11234       11237       11238
       11234       11237       11239
       11234       11237       11240
       11235       11234       11236
       11235       11234       11237
       11236       11234       11237
       11237       11240       11241
       11237       11240       11242
       11237       11240       11243
       11238       11237       11239
       11238       11237       11240
       11239       11237       11240
       11241       11240       11242
       11241       11240       11243
       11242       11240       11243
       11244       11246       11247
       11244       11246       11248
       11245       11244       11246
       11246       11248       11249
       11246       11248       11250
       11246       11248       11254
       11247       11246       11248
       11248       11250       11251
       11248       11250       11252
       11248       11250       11253
       11248       11254       11255
       11248       11254       11256
       11249       11248       11250
       11249       11248       11254
       11250       11248       11254
       11251       11250       11252
       11251       11250       11253
       11252       11250       11253
       11254       11256       11257
       11254       11256       11258
       11255       11254       11256
       11256       11258       11259
       11256       11258       11260
       11256       11258       11264
       11257       11256       11258
       11258       11260       11261
       11258       11260       11262
       11258       11260       11263
       11258       11264       11265
       11258       11264       11266
       11259       11258       11260
       11259       11258       11264
       11260       11258       11264
       11261       11260       11262
       11261       11260       11263
       11262       11260       11263
       11265       11264       11266
       11267       11271       11269
       11267       11272       11273
       11267       11272       11274
       11267       11272       11282
       11267       11322       11320
       11268       11267       11271
       11268       11267       11272
       11268       11267       11322
       11269       11286       11282
       11269       11286       11287
       11269       11286       11288
       11269       11289       11290
       11269       11289       11291
       11269       11289       11292
       11270       11269       11271
       11270       11269       11286
       11270       11269       11289
       11271       11267       11272
       11271       11267       11322
       11271       11269       11286
       11271       11269       11289
       11272       11267       11322
       11272       11274       11275
       11272       11274       11276
       11272       11282       11283
       11272       11282       11284
       11272       11282       11286
       11273       11272       11274
       11273       11272       11282
       11274       11272       11282
       11274       11276       11277
       11274       11276       11278
       11275       11274       11276
       11276       11278       11279
       11276       11278       11280
       11276       11278       11281
       11277       11276       11278
       11279       11278       11280
       11279       11278       11281
       11280       11278       11281
       11282       11284       11285
       11282       11286       11287
       11282       11286       11288
       11283       11282       11284
       11283       11282       11286
       11284       11282       11286
       11286       11269       11289
       11287       11286       11288
       11289       11292       11293
       11290       11289       11291
       11290       11289       11292
       11291       11289       11292
       11294       11298       11296
       11294       11299       11300
       11294       11299       11301
       11294       11299       11309
       11294       11419       11417
       11295       11294       11298
       11295       11294       11299
       11295       11294       11419
       11296       11320       11309
       11296       11320       11321
       11296       11320       11322
       11296       11323       11324
       11296       11323       11325
       11296       11323       11326
       11297       11296       11298
       11297       11296       11320
       11297       11296       11323
       11298       11294       11299
       11298       11294       11419
       11298       11296       11320
       11298       11296       11323
       11299       11294       11419
       11299       11301       11302
       11299       11301       11303
       11299       11309       11310
       11299       11309       11311
       11299       11309       11320
       11300       11299       11301
       11300       11299       11309
       11301       11299       11309
       11301       11303       11304
       11301       11303       11305
       11302       11301       11303
       11303       11305       11306
       11303       11305       11307
       11303       11305       11308
       11304       11303       11305
       11306       11305       11307
       11306       11305       11308
       11307       11305       11308
       11309       11311       11312
       11309       11320       11321
       11309       11320       11322
       11310       11309       11311
       11310       11309       11320
       11311       11309       11320
       11311       11312       11313
       11311       11312       11314
       11311       11312       11316
       11312       11314       11315
       11312       11314       11328
       11312       11316       11317
       11312       11316       11318
       11312       11316       11319
       11313       11312       11314
       11313       11312       11316
       11314       11312       11316
       11314       11328       11329
       11314       11328       11330
       11315       11314       11328
       11317       11316       11318
       11317       11316       11319
       11318       11316       11319
       11320       11296       11323
       11321       11320       11322
       11323       11326       11327
       11324       11323       11325
       11324       11323       11326
       11325       11323       11326
       11328       11330       11331
       11328       11330       11332
       11328       11330       11336
       11329       11328       11330
       11330       11332       11333
       11330       11332       11334
       11330       11332       11335
       11330       11336       11337
       11330       11336       11338
       11331       11330       11332
       11331       11330       11336
       11332       11330       11336
       11333       11332       11334
       11333       11332       11335
       11334       11332       11335
       11336       11338       11339
       11336       11338       11340
       11337       11336       11338
       11338       11340       11341
       11338       11340       11342
       11338       11340       11347
       11339       11338       11340
       11340       11342       11343
       11340       11342       11344
       11340       11347       11348
       11340       11347       11349
       11340       11347       11350
       11341       11340       11342
       11341       11340       11347
       11342       11340       11347
       11342       11344       11345
       11342       11344       11346
       11343       11342       11344
       11345       11344       11346
       11347       11350       11351
       11347       11350       11352
       11347       11350       11353
       11348       11347       11349
       11348       11347       11350
       11349       11347       11350
       11350       11353       11354
       11350       11353       11355
       11351       11350       11352
       11351       11350       11353
       11352       11350       11353
       11353       11355       11356
       11353       11355       11357
       11354       11353       11355
       11355       11357       11358
       11355       11357       11359
       11355       11357       11375
       11356       11355       11357
       11357       11359       11360
       11357       11359       11361
       11357       11359       11362
       11357       11375       11376
       11357       11375       11377
       11358       11357       11359
       11358       11357       11375
       11359       11357       11375
       11359       11362       11363
       11359       11362       11364
       11359       11362       11365
       11360       11359       11361
       11360       11359       11362
       11361       11359       11362
       11362       11365       11366
       11362       11365       11367
       11362       11365       11368
       11363       11362       11364
       11363       11362       11365
       11364       11362       11365
       11365       11368       11369
       11365       11368       11370
       11365       11368       11371
       11366       11365       11367
       11366       11365       11368
       11367       11365       11368
       11368       11371       11372
       11368       11371       11373
       11368       11371       11374
       11369       11368       11370
       11369       11368       11371
       11370       11368       11371
       11372       11371       11373
       11372       11371       11374
       11373       11371       11374
       11375       11377       11378
       11375       11377       11379
       11376       11375       11377
       11377       11379       11380
       11377       11379       11381
       11377       11379       11385
       11378       11377       11379
       11379       11381       11382
       11379       11381       11383
       11379       11381       11384
       11379       11385       11386
       11379       11385       11387
       11380       11379       11381
       11380       11379       11385
       11381       11379       11385
       11382       11381       11383
       11382       11381       11384
       11383       11381       11384
       11385       11387       11388
       11385       11387       11389
       11386       11385       11387
       11387       11389       11390
       11387       11389       11391
       11387       11389       11395
       11388       11387       11389
       11389       11391       11392
       11389       11391       11393
       11389       11391       11394
       11389       11395       11396
       11389       11395       11397
       11390       11389       11391
       11390       11389       11395
       11391       11389       11395
       11392       11391       11393
       11392       11391       11394
       11393       11391       11394
       11396       11395       11397
       11398       11402       11400
       11398       11403       11404
       11398       11403       11405
       11398       11403       11413
       11398       11453       11451
       11399       11398       11402
       11399       11398       11403
       11399       11398       11453
       11400       11417       11413
       11400       11417       11418
       11400       11417       11419
       11400       11420       11421
       11400       11420       11422
       11400       11420       11423
       11401       11400       11402
       11401       11400       11417
       11401       11400       11420
       11402       11398       11403
       11402       11398       11453
       11402       11400       11417
       11402       11400       11420
       11403       11398       11453
       11403       11405       11406
       11403       11405       11407
       11403       11413       11414
       11403       11413       11415
       11403       11413       11417
       11404       11403       11405
       11404       11403       11413
       11405       11403       11413
       11405       11407       11408
       11405       11407       11409
       11406       11405       11407
       11407       11409       11410
       11407       11409       11411
       11407       11409       11412
       11408       11407       11409
       11410       11409       11411
       11410       11409       11412
       11411       11409       11412
       11413       11415       11416
       11413       11417       11418
       11413       11417       11419
       11414       11413       11415
       11414       11413       11417
       11415       11413       11417
       11417       11400       11420
       11418       11417       11419
       11420       11423       11424
       11421       11420       11422
       11421       11420       11423
       11422       11420       11423
       11425       11429       11427
       11425       11430       11431
       11425       11430       11432
       11425       11430       11440
       11425       11550       11548
       11426       11425       11429
       11426       11425       11430
       11426       11425       11550
       11427       11451       11440
       11427       11451       11452
       11427       11451       11453
       11427       11454       11455
       11427       11454       11456
       11427       11454       11457
       11428       11427       11429
       11428       11427       11451
       11428       11427       11454
       11429       11425       11430
       11429       11425       11550
       11429       11427       11451
       11429       11427       11454
       11430       11425       11550
       11430       11432       11433
       11430       11432       11434
       11430       11440       11441
       11430       11440       11442
       11430       11440       11451
       11431       11430       11432
       11431       11430       11440
       11432       11430       11440
       11432       11434       11435
       11432       11434       11436
       11433       11432       11434
       11434       11436       11437
       11434       11436       11438
       11434       11436       11439
       11435       11434       11436
       11437       11436       11438
       11437       11436       11439
       11438       11436       11439
       11440       11442       11443
       11440       11451       11452
       11440       11451       11453
       11441       11440       11442
       11441       11440       11451
       11442       11440       11451
       11442       11443       11444
       11442       11443       11445
       11442       11443       11447
       11443       11445       11446
       11443       11445       11459
       11443       11447       11448
       11443       11447       11449
       11443       11447       11450
       11444       11443       11445
       11444       11443       11447
       11445       11443       11447
       11445       11459       11460
       11445       11459       11461
       11446       11445       11459
       11448       11447       11449
       11448       11447       11450
       11449       11447       11450
       11451       11427       11454
       11452       11451       11453
       11454       11457       11458
       11455       11454       11456
       11455       11454       11457
       11456       11454       11457
       11459       11461       11462
       11459       11461       11463
       11459       11461       11467
       11460       11459       11461
       11461       11463       11464
       11461       11463       11465
       11461       11463       11466
       11461       11467       11468
       11461       11467       11469
       11462       11461       11463
       11462       11461       11467
       11463       11461       11467
       11464       11463       11465
       11464       11463       11466
       11465       11463       11466
       11467       11469       11470
       11467       11469       11471
       11468       11467       11469
       11469       11471       11472
       11469       11471       11473
       11469       11471       11478
       11470       11469       11471
       11471       11473       11474
       11471       11473       11475
       11471       11478       11479
       11471       11478       11480
       11471       11478       11481
       11472       11471       11473
       11472       11471       11478
       11473       11471       11478
       11473       11475       11476
       11473       11475       11477
       11474       11473       11475
       11476       11475       11477
       11478       11481       11482
       11478       11481       11483
       11478       11481       11484
       11479       11478       11480
       11479       11478       11481
       11480       11478       11481
       11481       11484       11485
       11481       11484       11486
       11482       11481       11483
       11482       11481       11484
       11483       11481       11484
       11484       11486       11487
       11484       11486       11488
       11485       11484       11486
       11486       11488       11489
       11486       11488       11490
       11486       11488       11506
       11487       11486       11488
       11488       11490       11491
       11488       11490       11492
       11488       11490       11493
       11488       11506       11507
       11488       11506       11508
       11489       11488       11490
       11489       11488       11506
       11490       11488       11506
       11490       11493       11494
       11490       11493       11495
       11490       11493       11496
       11491       11490       11492
       11491       11490       11493
       11492       11490       11493
       11493       11496       11497
       11493       11496       11498
       11493       11496       11499
       11494       11493       11495
       11494       11493       11496
       11495       11493       11496
       11496       11499       11500
       11496       11499       11501
       11496       11499       11502
       11497       11496       11498
       11497       11496       11499
       11498       11496       11499
       11499       11502       11503
       11499       11502       11504
       11499       11502       11505
       11500       11499       11501
       11500       11499       11502
       11501       11499       11502
       11503       11502       11504
       11503       11502       11505
       11504       11502       11505
       11506       11508       11509
       11506       11508       11510
       11507       11506       11508
       11508       11510       11511
       11508       11510       11512
       11508       11510       11516
       11509       11508       11510
       11510       11512       11513
       11510       11512       11514
       11510       11512       11515
       11510       11516       11517
       11510       11516       11518
       11511       11510       11512
       11511       11510       11516
       11512       11510       11516
       11513       11512       11514
       11513       11512       11515
       11514       11512       11515
       11516       11518       11519
       11516       11518       11520
       11517       11516       11518
       11518       11520       11521
       11518       11520       11522
       11518       11520       11526
       11519       11518       11520
       11520       11522       11523
       11520       11522       11524
       11520       11522       11525
       11520       11526       11527
       11520       11526       11528
       11521       11520       11522
       11521       11520       11526
       11522       11520       11526
       11523       11522       11524
       11523       11522       11525
       11524       11522       11525
       11527       11526       11528
       11529       11533       11531
       11529       11534       11535
       11529       11534       11536
       11529       11534       11544
       11529       11584       11582
       11530       11529       11533
       11530       11529       11534
       11530       11529       11584
       11531       11548       11544
       11531       11548       11549
       11531       11548       11550
       11531       11551       11552
       11531       11551       11553
       11531       11551       11554
       11532       11531       11533
       11532       11531       11548
       11532       11531       11551
       11533       11529       11534
       11533       11529       11584
       11533       11531       11548
       11533       11531       11551
       11534       11529       11584
       11534       11536       11537
       11534       11536       11538
       11534       11544       11545
       11534       11544       11546
       11534       11544       11548
       11535       11534       11536
       11535       11534       11544
       11536       11534       11544
       11536       11538       11539
       11536       11538       11540
       11537       11536       11538
       11538       11540       11541
       11538       11540       11542
       11538       11540       11543
       11539       11538       11540
       11541       11540       11542
       11541       11540       11543
       11542       11540       11543
       11544       11546       11547
       11544       11548       11549
       11544       11548       11550
       11545       11544       11546
       11545       11544       11548
       11546       11544       11548
       11548       11531       11551
       11549       11548       11550
       11551       11554       11555
       11552       11551       11553
       11552       11551       11554
       11553       11551       11554
       11556       11560       11558
       11556       11561       11562
       11556       11561       11563
       11556       11561       11571
       11556       11681       11679
       11557       11556       11560
       11557       11556       11561
       11557       11556       11681
       11558       11582       11571
       11558       11582       11583
       11558       11582       11584
       11558       11585       11586
       11558       11585       11587
       11558       11585       11588
       11559       11558       11560
       11559       11558       11582
       11559       11558       11585
       11560       11556       11561
       11560       11556       11681
       11560       11558       11582
       11560       11558       11585
       11561       11556       11681
       11561       11563       11564
       11561       11563       11565
       11561       11571       11572
       11561       11571       11573
       11561       11571       11582
       11562       11561       11563
       11562       11561       11571
       11563       11561       11571
       11563       11565       11566
       11563       11565       11567
       11564       11563       11565
       11565       11567       11568
       11565       11567       11569
       11565       11567       11570
       11566       11565       11567
       11568       11567       11569
       11568       11567       11570
       11569       11567       11570
       11571       11573       11574
       11571       11582       11583
       11571       11582       11584
       11572       11571       11573
       11572       11571       11582
       11573       11571       11582
       11573       11574       11575
       11573       11574       11576
       11573       11574       11578
       11574       11576       11577
       11574       11576       11590
       11574       11578       11579
       11574       11578       11580
       11574       11578       11581
       11575       11574       11576
       11575       11574       11578
       11576       11574       11578
       11576       11590       11591
       11576       11590       11592
       11577       11576       11590
       11579       11578       11580
       11579       11578       11581
       11580       11578       11581
       11582       11558       11585
       11583       11582       11584
       11585       11588       11589
       11586       11585       11587
       11586       11585       11588
       11587       11585       11588
       11590       11592       11593
       11590       11592       11594
       11590       11592       11598
       11591       11590       11592
       11592       11594       11595
       11592       11594       11596
       11592       11594       11597
       11592       11598       11599
       11592       11598       11600
       11593       11592       11594
       11593       11592       11598
       11594       11592       11598
       11595       11594       11596
       11595       11594       11597
       11596       11594       11597
       11598       11600       11601
       11598       11600       11602
       11599       11598       11600
       11600       11602       11603
       11600       11602       11604
       11600       11602       11609
       11601       11600       11602
       11602       11604       11605
       11602       11604       11606
       11602       11609       11610
       11602       11609       11611
       11602       11609       11612
       11603       11602       11604
       11603       11602       11609
       11604       11602       11609
       11604       11606       11607
       11604       11606       11608
       11605       11604       11606
       11607       11606       11608
       11609       11612       11613
       11609       11612       11614
       11609       11612       11615
       11610       11609       11611
       11610       11609       11612
       11611       11609       11612
       11612       11615       11616
       11612       11615       11617
       11613       11612       11614
       11613       11612       11615
       11614       11612       11615
       11615       11617       11618
       11615       11617       11619
       11616       11615       11617
       11617       11619       11620
       11617       11619       11621
       11617       11619       11637
       11618       11617       11619
       11619       11621       11622
       11619       11621       11623
       11619       11621       11624
       11619       11637       11638
       11619       11637       11639
       11620       11619       11621
       11620       11619       11637
       11621       11619       11637
       11621       11624       11625
       11621       11624       11626
       11621       11624       11627
       11622       11621       11623
       11622       11621       11624
       11623       11621       11624
       11624       11627       11628
       11624       11627       11629
       11624       11627       11630
       11625       11624       11626
       11625       11624       11627
       11626       11624       11627
       11627       11630       11631
       11627       11630       11632
       11627       11630       11633
       11628       11627       11629
       11628       11627       11630
       11629       11627       11630
       11630       11633       11634
       11630       11633       11635
       11630       11633       11636
       11631       11630       11632
       11631       11630       11633
       11632       11630       11633
       11634       11633       11635
       11634       11633       11636
       11635       11633       11636
       11637       11639       11640
       11637       11639       11641
       11638       11637       11639
       11639       11641       11642
       11639       11641       11643
       11639       11641       11647
       11640       11639       11641
       11641       11643       11644
       11641       11643       11645
       11641       11643       11646
       11641       11647       11648
       11641       11647       11649
       11642       11641       11643
       11642       11641       11647
       11643       11641       11647
       11644       11643       11645
       11644       11643       11646
       11645       11643       11646
       11647       11649       11650
       11647       11649       11651
       11648       11647       11649
       11649       11651       11652
       11649       11651       11653
       11649       11651       11657
       11650       11649       11651
       11651       11653       11654
       11651       11653       11655
       11651       11653       11656
       11651       11657       11658
       11651       11657       11659
       11652       11651       11653
       11652       11651       11657
       11653       11651       11657
       11654       11653       11655
       11654       11653       11656
       11655       11653       11656
       11658       11657       11659
       11660       11664       11662
       11660       11665       11666
       11660       11665       11667
       11660       11665       11675
       11660       11715       11713
       11661       11660       11664
       11661       11660       11665
       11661       11660       11715
       11662       11679       11675
       11662       11679       11680
       11662       11679       11681
       11662       11682       11683
       11662       11682       11684
       11662       11682       11685
       11663       11662       11664
       11663       11662       11679
       11663       11662       11682
       11664       11660       11665
       11664       11660       11715
       11664       11662       11679
       11664       11662       11682
       11665       11660       11715
       11665       11667       11668
       11665       11667       11669
       11665       11675       11676
       11665       11675       11677
       11665       11675       11679
       11666       11665       11667
       11666       11665       11675
       11667       11665       11675
       11667       11669       11670
       11667       11669       11671
       11668       11667       11669
       11669       11671       11672
       11669       11671       11673
       11669       11671       11674
       11670       11669       11671
       11672       11671       11673
       11672       11671       11674
       11673       11671       11674
       11675       11677       11678
       11675       11679       11680
       11675       11679       11681
       11676       11675       11677
       11676       11675       11679
       11677       11675       11679
       11679       11662       11682
       11680       11679       11681
       11682       11685       11686
       11683       11682       11684
       11683       11682       11685
       11684       11682       11685
       11687       11691       11689
       11687       11692       11693
       11687       11692       11694
       11687       11692       11702
       11687       11812       11810
       11688       11687       11691
       11688       11687       11692
       11688       11687       11812
       11689       11713       11702
       11689       11713       11714
       11689       11713       11715
       11689       11716       11717
       11689       11716       11718
       11689       11716       11719
       11690       11689       11691
       11690       11689       11713
       11690       11689       11716
       11691       11687       11692
       11691       11687       11812
       11691       11689       11713
       11691       11689       11716
       11692       11687       11812
       11692       11694       11695
       11692       11694       11696
       11692       11702       11703
       11692       11702       11704
       11692       11702       11713
       11693       11692       11694
       11693       11692       11702
       11694       11692       11702
       11694       11696       11697
       11694       11696       11698
       11695       11694       11696
       11696       11698       11699
       11696       11698       11700
       11696       11698       11701
       11697       11696       11698
       11699       11698       11700
       11699       11698       11701
       11700       11698       11701
       11702       11704       11705
       11702       11713       11714
       11702       11713       11715
       11703       11702       11704
       11703       11702       11713
       11704       11702       11713
       11704       11705       11706
       11704       11705       11707
       11704       11705       11709
       11705       11707       11708
       11705       11707       11721
       11705       11709       11710
       11705       11709       11711
       11705       11709       11712
       11706       11705       11707
       11706       11705       11709
       11707       11705       11709
       11707       11721       11722
       11707       11721       11723
       11708       11707       11721
       11710       11709       11711
       11710       11709       11712
       11711       11709       11712
       11713       11689       11716
       11714       11713       11715
       11716       11719       11720
       11717       11716       11718
       11717       11716       11719
       11718       11716       11719
       11721       11723       11724
       11721       11723       11725
       11721       11723       11729
       11722       11721       11723
       11723       11725       11726
       11723       11725       11727
       11723       11725       11728
       11723       11729       11730
       11723       11729       11731
       11724       11723       11725
       11724       11723       11729
       11725       11723       11729
       11726       11725       11727
       11726       11725       11728
       11727       11725       11728
       11729       11731       11732
       11729       11731       11733
       11730       11729       11731
       11731       11733       11734
       11731       11733       11735
       11731       11733       11740
       11732       11731       11733
       11733       11735       11736
       11733       11735       11737
       11733       11740       11741
       11733       11740       11742
       11733       11740       11743
       11734       11733       11735
       11734       11733       11740
       11735       11733       11740
       11735       11737       11738
       11735       11737       11739
       11736       11735       11737
       11738       11737       11739
       11740       11743       11744
       11740       11743       11745
       11740       11743       11746
       11741       11740       11742
       11741       11740       11743
       11742       11740       11743
       11743       11746       11747
       11743       11746       11748
       11744       11743       11745
       11744       11743       11746
       11745       11743       11746
       11746       11748       11749
       11746       11748       11750
       11747       11746       11748
       11748       11750       11751
       11748       11750       11752
       11748       11750       11768
       11749       11748       11750
       11750       11752       11753
       11750       11752       11754
       11750       11752       11755
       11750       11768       11769
       11750       11768       11770
       11751       11750       11752
       11751       11750       11768
       11752       11750       11768
       11752       11755       11756
       11752       11755       11757
       11752       11755       11758
       11753       11752       11754
       11753       11752       11755
       11754       11752       11755
       11755       11758       11759
       11755       11758       11760
       11755       11758       11761
       11756       11755       11757
       11756       11755       11758
       11757       11755       11758
       11758       11761       11762
       11758       11761       11763
       11758       11761       11764
       11759       11758       11760
       11759       11758       11761
       11760       11758       11761
       11761       11764       11765
       11761       11764       11766
       11761       11764       11767
       11762       11761       11763
       11762       11761       11764
       11763       11761       11764
       11765       11764       11766
       11765       11764       11767
       11766       11764       11767
       11768       11770       11771
       11768       11770       11772
       11769       11768       11770
       11770       11772       11773
       11770       11772       11774
       11770       11772       11778
       11771       11770       11772
       11772       11774       11775
       11772       11774       11776
       11772       11774       11777
       11772       11778       11779
       11772       11778       11780
       11773       11772       11774
       11773       11772       11778
       11774       11772       11778
       11775       11774       11776
       11775       11774       11777
       11776       11774       11777
       11778       11780       11781
       11778       11780       11782
       11779       11778       11780
       11780       11782       11783
       11780       11782       11784
       11780       11782       11788
       11781       11780       11782
       11782       11784       11785
       11782       11784       11786
       11782       11784       11787
       11782       11788       11789
       11782       11788       11790
       11783       11782       11784
       11783       11782       11788
       11784       11782       11788
       11785       11784       11786
       11785       11784       11787
       11786       11784       11787
       11789       11788       11790
       11791       11795       11793
       11791       11796       11797
       11791       11796       11798
       11791       11796       11806
       11791       11846       11844
       11792       11791       11795
       11792       11791       11796
       11792       11791       11846
       11793       11810       11806
       11793       11810       11811
       11793       11810       11812
       11793       11813       11814
       11793       11813       11815
       11793       11813       11816
       11794       11793       11795
       11794       11793       11810
       11794       11793       11813
       11795       11791       11796
       11795       11791       11846
       11795       11793       11810
       11795       11793       11813
       11796       11791       11846
       11796       11798       11799
       11796       11798       11800
       11796       11806       11807
       11796       11806       11808
       11796       11806       11810
       11797       11796       11798
       11797       11796       11806
       11798       11796       11806
       11798       11800       11801
       11798       11800       11802
       11799       11798       11800
       11800       11802       11803
       11800       11802       11804
       11800       11802       11805
       11801       11800       11802
       11803       11802       11804
       11803       11802       11805
       11804       11802       11805
       11806       11808       11809
       11806       11810       11811
       11806       11810       11812
       11807       11806       11808
       11807       11806       11810
       11808       11806       11810
       11810       11793       11813
       11811       11810       11812
       11813       11816       11817
       11814       11813       11815
       11814       11813       11816
       11815       11813       11816
       11818       11822       11820
       11818       11823       11824
       11818       11823       11825
       11818       11823       11833
       11819       11818       11822
       11819       11818       11823
       11820       11844       11833
       11820       11844       11845
       11820       11844       11846
       11820       11847       11848
       11820       11847       11849
       11820       11847       11850
       11821       11820       11822
       11821       11820       11844
       11821       11820       11847
       11822       11818       11823
       11822       11820       11844
       11822       11820       11847
       11823       11825       11826
       11823       11825       11827
       11823       11833       11834
       11823       11833       11835
       11823       11833       11844
       11824       11823       11825
       11824       11823       11833
       11825       11823       11833
       11825       11827       11828
       11825       11827       11829
       11826       11825       11827
       11827       11829       11830
       11827       11829       11831
       11827       11829       11832
       11828       11827       11829
       11830       11829       11831
       11830       11829       11832
       11831       11829       11832
       11833       11835       11836
       11833       11844       11845
       11833       11844       11846
       11834       11833       11835
       11834       11833       11844
       11835       11833       11844
       11835       11836       11837
       11835       11836       11838
       11835       11836       11840
       11836       11838       11839
       11836       11838       11852
       11836       11840       11841
       11836       11840       11842
       11836       11840       11843
       11837       11836       11838
       11837       11836       11840
       11838       11836       11840
       11838       11852       11853
       11838       11852       11854
       11839       11838       11852
       11841       11840       11842
       11841       11840       11843
       11842       11840       11843
       11844       11820       11847
       11845       11844       11846
       11847       11850       11851
       11848       11847       11849
       11848       11847       11850
       11849       11847       11850
       11852       11854       11855
       11852       11854       11856
       11852       11854       11860
       11853       11852       11854
       11854       11856       11857
       11854       11856       11858
       11854       11856       11859
       11854       11860       11861
       11854       11860       11862
       11855       11854       11856
       11855       11854       11860
       11856       11854       11860
       11857       11856       11858
       11857       11856       11859
       11858       11856       11859
       11860       11862       11863
       11860       11862       11864
       11861       11860       11862
       11862       11864       11865
       11862       11864       11866
       11862       11864       11871
       11863       11862       11864
       11864       11866       11867
       11864       11866       11868
       11864       11871       11872
       11864       11871       11873
       11864       11871       11874
       11865       11864       11866
       11865       11864       11871
       11866       11864       11871
       11866       11868       11869
       11866       11868       11870
       11867       11866       11868
       11869       11868       11870
       11871       11874       11875
       11871       11874       11876
       11871       11874       11877
       11872       11871       11873
       11872       11871       11874
       11873       11871       11874
       11874       11877       11878
       11874       11877       11879
       11875       11874       11876
       11875       11874       11877
       11876       11874       11877
       11877       11879       11880
       11877       11879       11881
       11878       11877       11879
       11879       11881       11882
       11879       11881       11883
       11879       11881       11899
       11880       11879       11881
       11881       11883       11884
       11881       11883       11885
       11881       11883       11886
       11881       11899       11900
       11881       11899       11901
       11882       11881       11883
       11882       11881       11899
       11883       11881       11899
       11883       11886       11887
       11883       11886       11888
       11883       11886       11889
       11884       11883       11885
       11884       11883       11886
       11885       11883       11886
       11886       11889       11890
       11886       11889       11891
       11886       11889       11892
       11887       11886       11888
       11887       11886       11889
       11888       11886       11889
       11889       11892       11893
       11889       11892       11894
       11889       11892       11895
       11890       11889       11891
       11890       11889       11892
       11891       11889       11892
       11892       11895       11896
       11892       11895       11897
       11892       11895       11898
       11893       11892       11894
       11893       11892       11895
       11894       11892       11895
       11896       11895       11897
       11896       11895       11898
       11897       11895       11898
       11899       11901       11902
       11899       11901       11903
       11900       11899       11901
       11901       11903       11904
       11901       11903       11905
       11901       11903       11909
       11902       11901       11903
       11903       11905       11906
       11903       11905       11907
       11903       11905       11908
       11903       11909       11910
       11903       11909       11911
       11904       11903       11905
       11904       11903       11909
       11905       11903       11909
       11906       11905       11907
       11906       11905       11908
       11907       11905       11908
       11909       11911       11912
       11909       11911       11913
       11910       11909       11911
       11911       11913       11914
       11911       11913       11915
       11911       11913       11919
       11912       11911       11913
       11913       11915       11916
       11913       11915       11917
       11913       11915       11918
       11913       11919       11920
       11913       11919       11921
       11914       11913       11915
       11914       11913       11919
       11915       11913       11919
       11916       11915       11917
       11916       11915       11918
       11917       11915       11918
       11920       11919       11921
