           1           4
           1           9
           1          10
           1          17
           1          18
           1          20
           1          23
           1          30
           1          43
           1          55
           2           3
           2           7
           2           8
           2          16
           2          54
           3           6
           3          17
           3          18
           3          27
           3          56
           3        1600
           4          16
           4          21
           4          22
           4          24
           4          25
           4          26
           5           7
           5           8
           5          16
           5          21
           5          22
           5          24
           5          25
           5          26
           5          54
           6          11
           6          12
           6          19
           6          21
           6          22
           6          54
           7           9
           7          10
           7          17
           7          18
           7          20
           7          56
           8          13
           8          14
           8          15
           8          17
           8          18
           8          20
           8          56
           9          11
           9          12
           9          16
          10          16
          11          13
          11          14
          11          15
          16          23
          16          56
          16        1600
          17          19
          17          21
          17          22
          18          21
          18          22
          19          20
          20          24
          20          25
          20          26
          20        1601
          20        1604
          20        1605
          21          23
          21        1600
          22          23
          22        1602
          22        1606
          22        1607
          22        1615
          24          27
          25          27
          28          31
          28          36
          28          37
          28          44
          28          45
          28          54
          28          57
          28         134
          28         147
          28         152
          29          30
          29          34
          29          35
          29          43
          29         151
          30          33
          30          44
          30          45
          30          61
          30         153
          31          43
          31          55
          31          56
          31          58
          31          59
          31          60
          32          34
          32          35
          32          43
          32          55
          32          56
          32          58
          32          59
          32          60
          32         151
          33          38
          33          39
          33          46
          33          55
          33          56
          33         151
          34          36
          34          37
          34          44
          34          45
          34          54
          34         153
          35          40
          35          41
          35          42
          35          44
          35          45
          35          54
          35         153
          36          38
          36          39
          36          43
          37          43
          38          40
          38          41
          38          42
          43          47
          43          48
          43          50
          43          57
          43         153
          44          46
          44          55
          44          56
          45          49
          45          51
          45          52
          45          53
          45          55
          45          56
          45          62
          46          54
          46          63
          46          64
          47          49
          47          51
          47          52
          47          53
          47          62
          48          51
          48          52
          48          53
          48          65
          48          66
          48          70
          49          50
          49          63
          49          64
          50          62
          54          58
          54          59
          54          60
          55          57
          56          57
          58          61
          59          61
          62          67
          62          68
          62          69
          62          71
          62          72
          63          65
          63          66
          63          70
          64          73
          64          74
          65          67
          65          68
          65          69
          65          71
          65          72
          66          71
          66          72
          67          70
          68          70
          69          70
          70          75
          70          76
          70          81
          71          73
          71          74
          72          77
          72          78
          72          82
          72          83
          72          84
          73          75
          73          76
          73          81
          74          79
          74          80
          74          85
          74          86
          74          87
          75          77
          75          78
          75          82
          75          83
          75          84
          76          82
          76          83
          76          84
          77          79
          77          80
          77          81
          78          81
          81          88
          81          89
          82          85
          82          86
          82          87
          83          85
          83          86
          83          87
          84          90
          84          91
          85          88
          85          89
          86          88
          86          89
          87          92
          87          93
          87         109
          88          90
          88          91
          89          94
          89          95
          89          96
          89         110
          89         111
          90          92
          90          93
          90         109
          91          97
          91          98
          91          99
          91         112
          91         113
          92          94
          92          95
          92          96
          92         110
          92         111
          93         100
          93         101
          93         102
          93         110
          93         111
          94          97
          94          98
          94          99
          94         109
          95          97
          95          98
          95          99
          95         109
          96         103
          96         104
          96         105
          96         109
          97         100
          97         101
          97         102
          98         100
          98         101
          98         102
          99         106
          99         107
          99         108
         100         103
         100         104
         100         105
         101         103
         101         104
         101         105
         103         106
         103         107
         103         108
         104         106
         104         107
         104         108
         109         114
         109         115
         109         119
         110         112
         110         113
         111         116
         111         117
         111         118
         111         120
         111         121
         112         114
         112         115
         112         119
         113         122
         113         123
         114         116
         114         117
         114         118
         114         120
         114         121
         115         120
         115         121
         116         119
         117         119
         118         119
         119         124
         119         125
         119         129
         120         122
         120         123
         121         126
         121         127
         121         128
         121         130
         121         131
         122         124
         122         125
         122         129
         124         126
         124         127
         124         128
         124         130
         124         131
         125         130
         125         131
         126         129
         127         129
         128         129
         132         135
         132         140
         132         141
         132         148
         132         149
         132         151
         132         154
         132         161
         132         174
         132         186
         133         134
         133         138
         133         139
         133         147
         133         185
         134         137
         134         148
         134         149
         134         158
         134         187
         135         147
         135         152
         135         153
         135         155
         135         156
         135         157
         136         138
         136         139
         136         147
         136         152
         136         153
         136         155
         136         156
         136         157
         136         185
         137         142
         137         143
         137         150
         137         152
         137         153
         137         185
         138         140
         138         141
         138         148
         138         149
         138         151
         138         187
         139         144
         139         145
         139         146
         139         148
         139         149
         139         151
         139         187
         140         142
         140         143
         140         147
         141         147
         142         144
         142         145
         142         146
         147         154
         147         187
         148         150
         148         152
         148         153
         149         152
         149         153
         150         151
         151         155
         151         156
         151         157
         152         154
         153         154
         155         158
         156         158
         159         162
         159         167
         159         168
         159         175
         159         176
         159         185
         159         188
         159         265
         159         278
         159         283
         160         161
         160         165
         160         166
         160         174
         160         282
         161         164
         161         175
         161         176
         161         192
         161         284
         162         174
         162         186
         162         187
         162         189
         162         190
         162         191
         163         165
         163         166
         163         174
         163         186
         163         187
         163         189
         163         190
         163         191
         163         282
         164         169
         164         170
         164         177
         164         186
         164         187
         164         282
         165         167
         165         168
         165         175
         165         176
         165         185
         165         284
         166         171
         166         172
         166         173
         166         175
         166         176
         166         185
         166         284
         167         169
         167         170
         167         174
         168         174
         169         171
         169         172
         169         173
         174         178
         174         179
         174         181
         174         188
         174         284
         175         177
         175         186
         175         187
         176         180
         176         182
         176         183
         176         184
         176         186
         176         187
         176         193
         177         185
         177         194
         177         195
         178         180
         178         182
         178         183
         178         184
         178         193
         179         182
         179         183
         179         184
         179         196
         179         197
         179         201
         180         181
         180         194
         180         195
         181         193
         185         189
         185         190
         185         191
         186         188
         187         188
         189         192
         190         192
         193         198
         193         199
         193         200
         193         202
         193         203
         194         196
         194         197
         194         201
         195         204
         195         205
         196         198
         196         199
         196         200
         196         202
         196         203
         197         202
         197         203
         198         201
         199         201
         200         201
         201         206
         201         207
         201         212
         202         204
         202         205
         203         208
         203         209
         203         213
         203         214
         203         215
         204         206
         204         207
         204         212
         205         210
         205         211
         205         216
         205         217
         205         218
         206         208
         206         209
         206         213
         206         214
         206         215
         207         213
         207         214
         207         215
         208         210
         208         211
         208         212
         209         212
         212         219
         212         220
         213         216
         213         217
         213         218
         214         216
         214         217
         214         218
         215         221
         215         222
         216         219
         216         220
         217         219
         217         220
         218         223
         218         224
         218         240
         219         221
         219         222
         220         225
         220         226
         220         227
         220         241
         220         242
         221         223
         221         224
         221         240
         222         228
         222         229
         222         230
         222         243
         222         244
         223         225
         223         226
         223         227
         223         241
         223         242
         224         231
         224         232
         224         233
         224         241
         224         242
         225         228
         225         229
         225         230
         225         240
         226         228
         226         229
         226         230
         226         240
         227         234
         227         235
         227         236
         227         240
         228         231
         228         232
         228         233
         229         231
         229         232
         229         233
         230         237
         230         238
         230         239
         231         234
         231         235
         231         236
         232         234
         232         235
         232         236
         234         237
         234         238
         234         239
         235         237
         235         238
         235         239
         240         245
         240         246
         240         250
         241         243
         241         244
         242         247
         242         248
         242         249
         242         251
         242         252
         243         245
         243         246
         243         250
         244         253
         244         254
         245         247
         245         248
         245         249
         245         251
         245         252
         246         251
         246         252
         247         250
         248         250
         249         250
         250         255
         250         256
         250         260
         251         253
         251         254
         252         257
         252         258
         252         259
         252         261
         252         262
         253         255
         253         256
         253         260
         255         257
         255         258
         255         259
         255         261
         255         262
         256         261
         256         262
         257         260
         258         260
         259         260
         263         266
         263         271
         263         272
         263         279
         263         280
         263         282
         263         285
         263         292
         263         305
         263         317
         264         265
         264         269
         264         270
         264         278
         264         316
         265         268
         265         279
         265         280
         265         289
         265         318
         266         278
         266         283
         266         284
         266         286
         266         287
         266         288
         267         269
         267         270
         267         278
         267         283
         267         284
         267         286
         267         287
         267         288
         267         316
         268         273
         268         274
         268         281
         268         283
         268         284
         268         316
         269         271
         269         272
         269         279
         269         280
         269         282
         269         318
         270         275
         270         276
         270         277
         270         279
         270         280
         270         282
         270         318
         271         273
         271         274
         271         278
         272         278
         273         275
         273         276
         273         277
         278         285
         278         318
         279         281
         279         283
         279         284
         280         283
         280         284
         281         282
         282         286
         282         287
         282         288
         283         285
         284         285
         286         289
         287         289
         290         293
         290         298
         290         299
         290         306
         290         307
         290         316
         290         319
         290         396
         290         409
         290         414
         291         292
         291         296
         291         297
         291         305
         291         413
         292         295
         292         306
         292         307
         292         323
         292         415
         293         305
         293         317
         293         318
         293         320
         293         321
         293         322
         294         296
         294         297
         294         305
         294         317
         294         318
         294         320
         294         321
         294         322
         294         413
         295         300
         295         301
         295         308
         295         317
         295         318
         295         413
         296         298
         296         299
         296         306
         296         307
         296         316
         296         415
         297         302
         297         303
         297         304
         297         306
         297         307
         297         316
         297         415
         298         300
         298         301
         298         305
         299         305
         300         302
         300         303
         300         304
         305         309
         305         310
         305         312
         305         319
         305         415
         306         308
         306         317
         306         318
         307         311
         307         313
         307         314
         307         315
         307         317
         307         318
         307         324
         308         316
         308         325
         308         326
         309         311
         309         313
         309         314
         309         315
         309         324
         310         313
         310         314
         310         315
         310         327
         310         328
         310         332
         311         312
         311         325
         311         326
         312         324
         316         320
         316         321
         316         322
         317         319
         318         319
         320         323
         321         323
         324         329
         324         330
         324         331
         324         333
         324         334
         325         327
         325         328
         325         332
         326         335
         326         336
         327         329
         327         330
         327         331
         327         333
         327         334
         328         333
         328         334
         329         332
         330         332
         331         332
         332         337
         332         338
         332         343
         333         335
         333         336
         334         339
         334         340
         334         344
         334         345
         334         346
         335         337
         335         338
         335         343
         336         341
         336         342
         336         347
         336         348
         336         349
         337         339
         337         340
         337         344
         337         345
         337         346
         338         344
         338         345
         338         346
         339         341
         339         342
         339         343
         340         343
         343         350
         343         351
         344         347
         344         348
         344         349
         345         347
         345         348
         345         349
         346         352
         346         353
         347         350
         347         351
         348         350
         348         351
         349         354
         349         355
         349         371
         350         352
         350         353
         351         356
         351         357
         351         358
         351         372
         351         373
         352         354
         352         355
         352         371
         353         359
         353         360
         353         361
         353         374
         353         375
         354         356
         354         357
         354         358
         354         372
         354         373
         355         362
         355         363
         355         364
         355         372
         355         373
         356         359
         356         360
         356         361
         356         371
         357         359
         357         360
         357         361
         357         371
         358         365
         358         366
         358         367
         358         371
         359         362
         359         363
         359         364
         360         362
         360         363
         360         364
         361         368
         361         369
         361         370
         362         365
         362         366
         362         367
         363         365
         363         366
         363         367
         365         368
         365         369
         365         370
         366         368
         366         369
         366         370
         371         376
         371         377
         371         381
         372         374
         372         375
         373         378
         373         379
         373         380
         373         382
         373         383
         374         376
         374         377
         374         381
         375         384
         375         385
         376         378
         376         379
         376         380
         376         382
         376         383
         377         382
         377         383
         378         381
         379         381
         380         381
         381         386
         381         387
         381         391
         382         384
         382         385
         383         388
         383         389
         383         390
         383         392
         383         393
         384         386
         384         387
         384         391
         386         388
         386         389
         386         390
         386         392
         386         393
         387         392
         387         393
         388         391
         389         391
         390         391
         394         397
         394         402
         394         403
         394         410
         394         411
         394         413
         394         416
         394         423
         394         436
         394         448
         395         396
         395         400
         395         401
         395         409
         395         447
         396         399
         396         410
         396         411
         396         420
         396         449
         397         409
         397         414
         397         415
         397         417
         397         418
         397         419
         398         400
         398         401
         398         409
         398         414
         398         415
         398         417
         398         418
         398         419
         398         447
         399         404
         399         405
         399         412
         399         414
         399         415
         399         447
         400         402
         400         403
         400         410
         400         411
         400         413
         400         449
         401         406
         401         407
         401         408
         401         410
         401         411
         401         413
         401         449
         402         404
         402         405
         402         409
         403         409
         404         406
         404         407
         404         408
         409         416
         409         449
         410         412
         410         414
         410         415
         411         414
         411         415
         412         413
         413         417
         413         418
         413         419
         414         416
         415         416
         417         420
         418         420
         421         424
         421         429
         421         430
         421         437
         421         438
         421         447
         421         450
         421         527
         421         540
         421         545
         422         423
         422         427
         422         428
         422         436
         422         544
         423         426
         423         437
         423         438
         423         454
         423         546
         424         436
         424         448
         424         449
         424         451
         424         452
         424         453
         425         427
         425         428
         425         436
         425         448
         425         449
         425         451
         425         452
         425         453
         425         544
         426         431
         426         432
         426         439
         426         448
         426         449
         426         544
         427         429
         427         430
         427         437
         427         438
         427         447
         427         546
         428         433
         428         434
         428         435
         428         437
         428         438
         428         447
         428         546
         429         431
         429         432
         429         436
         430         436
         431         433
         431         434
         431         435
         436         440
         436         441
         436         443
         436         450
         436         546
         437         439
         437         448
         437         449
         438         442
         438         444
         438         445
         438         446
         438         448
         438         449
         438         455
         439         447
         439         456
         439         457
         440         442
         440         444
         440         445
         440         446
         440         455
         441         444
         441         445
         441         446
         441         458
         441         459
         441         463
         442         443
         442         456
         442         457
         443         455
         447         451
         447         452
         447         453
         448         450
         449         450
         451         454
         452         454
         455         460
         455         461
         455         462
         455         464
         455         465
         456         458
         456         459
         456         463
         457         466
         457         467
         458         460
         458         461
         458         462
         458         464
         458         465
         459         464
         459         465
         460         463
         461         463
         462         463
         463         468
         463         469
         463         474
         464         466
         464         467
         465         470
         465         471
         465         475
         465         476
         465         477
         466         468
         466         469
         466         474
         467         472
         467         473
         467         478
         467         479
         467         480
         468         470
         468         471
         468         475
         468         476
         468         477
         469         475
         469         476
         469         477
         470         472
         470         473
         470         474
         471         474
         474         481
         474         482
         475         478
         475         479
         475         480
         476         478
         476         479
         476         480
         477         483
         477         484
         478         481
         478         482
         479         481
         479         482
         480         485
         480         486
         480         502
         481         483
         481         484
         482         487
         482         488
         482         489
         482         503
         482         504
         483         485
         483         486
         483         502
         484         490
         484         491
         484         492
         484         505
         484         506
         485         487
         485         488
         485         489
         485         503
         485         504
         486         493
         486         494
         486         495
         486         503
         486         504
         487         490
         487         491
         487         492
         487         502
         488         490
         488         491
         488         492
         488         502
         489         496
         489         497
         489         498
         489         502
         490         493
         490         494
         490         495
         491         493
         491         494
         491         495
         492         499
         492         500
         492         501
         493         496
         493         497
         493         498
         494         496
         494         497
         494         498
         496         499
         496         500
         496         501
         497         499
         497         500
         497         501
         502         507
         502         508
         502         512
         503         505
         503         506
         504         509
         504         510
         504         511
         504         513
         504         514
         505         507
         505         508
         505         512
         506         515
         506         516
         507         509
         507         510
         507         511
         507         513
         507         514
         508         513
         508         514
         509         512
         510         512
         511         512
         512         517
         512         518
         512         522
         513         515
         513         516
         514         519
         514         520
         514         521
         514         523
         514         524
         515         517
         515         518
         515         522
         517         519
         517         520
         517         521
         517         523
         517         524
         518         523
         518         524
         519         522
         520         522
         521         522
         525         528
         525         533
         525         534
         525         541
         525         542
         525         544
         525         547
         525         554
         525         567
         525         579
         526         527
         526         531
         526         532
         526         540
         526         578
         527         530
         527         541
         527         542
         527         551
         527         580
         528         540
         528         545
         528         546
         528         548
         528         549
         528         550
         529         531
         529         532
         529         540
         529         545
         529         546
         529         548
         529         549
         529         550
         529         578
         530         535
         530         536
         530         543
         530         545
         530         546
         530         578
         531         533
         531         534
         531         541
         531         542
         531         544
         531         580
         532         537
         532         538
         532         539
         532         541
         532         542
         532         544
         532         580
         533         535
         533         536
         533         540
         534         540
         535         537
         535         538
         535         539
         540         547
         540         580
         541         543
         541         545
         541         546
         542         545
         542         546
         543         544
         544         548
         544         549
         544         550
         545         547
         546         547
         548         551
         549         551
         552         555
         552         560
         552         561
         552         568
         552         569
         552         578
         552         581
         552         658
         552         671
         552         676
         553         554
         553         558
         553         559
         553         567
         553         675
         554         557
         554         568
         554         569
         554         585
         554         677
         555         567
         555         579
         555         580
         555         582
         555         583
         555         584
         556         558
         556         559
         556         567
         556         579
         556         580
         556         582
         556         583
         556         584
         556         675
         557         562
         557         563
         557         570
         557         579
         557         580
         557         675
         558         560
         558         561
         558         568
         558         569
         558         578
         558         677
         559         564
         559         565
         559         566
         559         568
         559         569
         559         578
         559         677
         560         562
         560         563
         560         567
         561         567
         562         564
         562         565
         562         566
         567         571
         567         572
         567         574
         567         581
         567         677
         568         570
         568         579
         568         580
         569         573
         569         575
         569         576
         569         577
         569         579
         569         580
         569         586
         570         578
         570         587
         570         588
         571         573
         571         575
         571         576
         571         577
         571         586
         572         575
         572         576
         572         577
         572         589
         572         590
         572         594
         573         574
         573         587
         573         588
         574         586
         578         582
         578         583
         578         584
         579         581
         580         581
         582         585
         583         585
         586         591
         586         592
         586         593
         586         595
         586         596
         587         589
         587         590
         587         594
         588         597
         588         598
         589         591
         589         592
         589         593
         589         595
         589         596
         590         595
         590         596
         591         594
         592         594
         593         594
         594         599
         594         600
         594         605
         595         597
         595         598
         596         601
         596         602
         596         606
         596         607
         596         608
         597         599
         597         600
         597         605
         598         603
         598         604
         598         609
         598         610
         598         611
         599         601
         599         602
         599         606
         599         607
         599         608
         600         606
         600         607
         600         608
         601         603
         601         604
         601         605
         602         605
         605         612
         605         613
         606         609
         606         610
         606         611
         607         609
         607         610
         607         611
         608         614
         608         615
         609         612
         609         613
         610         612
         610         613
         611         616
         611         617
         611         633
         612         614
         612         615
         613         618
         613         619
         613         620
         613         634
         613         635
         614         616
         614         617
         614         633
         615         621
         615         622
         615         623
         615         636
         615         637
         616         618
         616         619
         616         620
         616         634
         616         635
         617         624
         617         625
         617         626
         617         634
         617         635
         618         621
         618         622
         618         623
         618         633
         619         621
         619         622
         619         623
         619         633
         620         627
         620         628
         620         629
         620         633
         621         624
         621         625
         621         626
         622         624
         622         625
         622         626
         623         630
         623         631
         623         632
         624         627
         624         628
         624         629
         625         627
         625         628
         625         629
         627         630
         627         631
         627         632
         628         630
         628         631
         628         632
         633         638
         633         639
         633         643
         634         636
         634         637
         635         640
         635         641
         635         642
         635         644
         635         645
         636         638
         636         639
         636         643
         637         646
         637         647
         638         640
         638         641
         638         642
         638         644
         638         645
         639         644
         639         645
         640         643
         641         643
         642         643
         643         648
         643         649
         643         653
         644         646
         644         647
         645         650
         645         651
         645         652
         645         654
         645         655
         646         648
         646         649
         646         653
         648         650
         648         651
         648         652
         648         654
         648         655
         649         654
         649         655
         650         653
         651         653
         652         653
         656         659
         656         664
         656         665
         656         672
         656         673
         656         675
         656         678
         656         685
         656         698
         656         710
         657         658
         657         662
         657         663
         657         671
         657         709
         658         661
         658         672
         658         673
         658         682
         658         711
         659         671
         659         676
         659         677
         659         679
         659         680
         659         681
         660         662
         660         663
         660         671
         660         676
         660         677
         660         679
         660         680
         660         681
         660         709
         661         666
         661         667
         661         674
         661         676
         661         677
         661         709
         662         664
         662         665
         662         672
         662         673
         662         675
         662         711
         663         668
         663         669
         663         670
         663         672
         663         673
         663         675
         663         711
         664         666
         664         667
         664         671
         665         671
         666         668
         666         669
         666         670
         671         678
         671         711
         672         674
         672         676
         672         677
         673         676
         673         677
         674         675
         675         679
         675         680
         675         681
         676         678
         677         678
         679         682
         680         682
         683         686
         683         691
         683         692
         683         699
         683         700
         683         709
         683         712
         683         789
         683         802
         683         807
         684         685
         684         689
         684         690
         684         698
         684         806
         685         688
         685         699
         685         700
         685         716
         685         808
         686         698
         686         710
         686         711
         686         713
         686         714
         686         715
         687         689
         687         690
         687         698
         687         710
         687         711
         687         713
         687         714
         687         715
         687         806
         688         693
         688         694
         688         701
         688         710
         688         711
         688         806
         689         691
         689         692
         689         699
         689         700
         689         709
         689         808
         690         695
         690         696
         690         697
         690         699
         690         700
         690         709
         690         808
         691         693
         691         694
         691         698
         692         698
         693         695
         693         696
         693         697
         698         702
         698         703
         698         705
         698         712
         698         808
         699         701
         699         710
         699         711
         700         704
         700         706
         700         707
         700         708
         700         710
         700         711
         700         717
         701         709
         701         718
         701         719
         702         704
         702         706
         702         707
         702         708
         702         717
         703         706
         703         707
         703         708
         703         720
         703         721
         703         725
         704         705
         704         718
         704         719
         705         717
         709         713
         709         714
         709         715
         710         712
         711         712
         713         716
         714         716
         717         722
         717         723
         717         724
         717         726
         717         727
         718         720
         718         721
         718         725
         719         728
         719         729
         720         722
         720         723
         720         724
         720         726
         720         727
         721         726
         721         727
         722         725
         723         725
         724         725
         725         730
         725         731
         725         736
         726         728
         726         729
         727         732
         727         733
         727         737
         727         738
         727         739
         728         730
         728         731
         728         736
         729         734
         729         735
         729         740
         729         741
         729         742
         730         732
         730         733
         730         737
         730         738
         730         739
         731         737
         731         738
         731         739
         732         734
         732         735
         732         736
         733         736
         736         743
         736         744
         737         740
         737         741
         737         742
         738         740
         738         741
         738         742
         739         745
         739         746
         740         743
         740         744
         741         743
         741         744
         742         747
         742         748
         742         764
         743         745
         743         746
         744         749
         744         750
         744         751
         744         765
         744         766
         745         747
         745         748
         745         764
         746         752
         746         753
         746         754
         746         767
         746         768
         747         749
         747         750
         747         751
         747         765
         747         766
         748         755
         748         756
         748         757
         748         765
         748         766
         749         752
         749         753
         749         754
         749         764
         750         752
         750         753
         750         754
         750         764
         751         758
         751         759
         751         760
         751         764
         752         755
         752         756
         752         757
         753         755
         753         756
         753         757
         754         761
         754         762
         754         763
         755         758
         755         759
         755         760
         756         758
         756         759
         756         760
         758         761
         758         762
         758         763
         759         761
         759         762
         759         763
         764         769
         764         770
         764         774
         765         767
         765         768
         766         771
         766         772
         766         773
         766         775
         766         776
         767         769
         767         770
         767         774
         768         777
         768         778
         769         771
         769         772
         769         773
         769         775
         769         776
         770         775
         770         776
         771         774
         772         774
         773         774
         774         779
         774         780
         774         784
         775         777
         775         778
         776         781
         776         782
         776         783
         776         785
         776         786
         777         779
         777         780
         777         784
         779         781
         779         782
         779         783
         779         785
         779         786
         780         785
         780         786
         781         784
         782         784
         783         784
         787         790
         787         795
         787         796
         787         803
         787         804
         787         806
         787         809
         787         816
         787         829
         787         841
         788         789
         788         793
         788         794
         788         802
         788         840
         789         792
         789         803
         789         804
         789         813
         789         842
         790         802
         790         807
         790         808
         790         810
         790         811
         790         812
         791         793
         791         794
         791         802
         791         807
         791         808
         791         810
         791         811
         791         812
         791         840
         792         797
         792         798
         792         805
         792         807
         792         808
         792         840
         793         795
         793         796
         793         803
         793         804
         793         806
         793         842
         794         799
         794         800
         794         801
         794         803
         794         804
         794         806
         794         842
         795         797
         795         798
         795         802
         796         802
         797         799
         797         800
         797         801
         802         809
         802         842
         803         805
         803         807
         803         808
         804         807
         804         808
         805         806
         806         810
         806         811
         806         812
         807         809
         808         809
         810         813
         811         813
         814         817
         814         822
         814         823
         814         830
         814         831
         814         840
         814         843
         814         920
         814         933
         814         938
         815         816
         815         820
         815         821
         815         829
         815         937
         816         819
         816         830
         816         831
         816         847
         816         939
         817         829
         817         841
         817         842
         817         844
         817         845
         817         846
         818         820
         818         821
         818         829
         818         841
         818         842
         818         844
         818         845
         818         846
         818         937
         819         824
         819         825
         819         832
         819         841
         819         842
         819         937
         820         822
         820         823
         820         830
         820         831
         820         840
         820         939
         821         826
         821         827
         821         828
         821         830
         821         831
         821         840
         821         939
         822         824
         822         825
         822         829
         823         829
         824         826
         824         827
         824         828
         829         833
         829         834
         829         836
         829         843
         829         939
         830         832
         830         841
         830         842
         831         835
         831         837
         831         838
         831         839
         831         841
         831         842
         831         848
         832         840
         832         849
         832         850
         833         835
         833         837
         833         838
         833         839
         833         848
         834         837
         834         838
         834         839
         834         851
         834         852
         834         856
         835         836
         835         849
         835         850
         836         848
         840         844
         840         845
         840         846
         841         843
         842         843
         844         847
         845         847
         848         853
         848         854
         848         855
         848         857
         848         858
         849         851
         849         852
         849         856
         850         859
         850         860
         851         853
         851         854
         851         855
         851         857
         851         858
         852         857
         852         858
         853         856
         854         856
         855         856
         856         861
         856         862
         856         867
         857         859
         857         860
         858         863
         858         864
         858         868
         858         869
         858         870
         859         861
         859         862
         859         867
         860         865
         860         866
         860         871
         860         872
         860         873
         861         863
         861         864
         861         868
         861         869
         861         870
         862         868
         862         869
         862         870
         863         865
         863         866
         863         867
         864         867
         867         874
         867         875
         868         871
         868         872
         868         873
         869         871
         869         872
         869         873
         870         876
         870         877
         871         874
         871         875
         872         874
         872         875
         873         878
         873         879
         873         895
         874         876
         874         877
         875         880
         875         881
         875         882
         875         896
         875         897
         876         878
         876         879
         876         895
         877         883
         877         884
         877         885
         877         898
         877         899
         878         880
         878         881
         878         882
         878         896
         878         897
         879         886
         879         887
         879         888
         879         896
         879         897
         880         883
         880         884
         880         885
         880         895
         881         883
         881         884
         881         885
         881         895
         882         889
         882         890
         882         891
         882         895
         883         886
         883         887
         883         888
         884         886
         884         887
         884         888
         885         892
         885         893
         885         894
         886         889
         886         890
         886         891
         887         889
         887         890
         887         891
         889         892
         889         893
         889         894
         890         892
         890         893
         890         894
         895         900
         895         901
         895         905
         896         898
         896         899
         897         902
         897         903
         897         904
         897         906
         897         907
         898         900
         898         901
         898         905
         899         908
         899         909
         900         902
         900         903
         900         904
         900         906
         900         907
         901         906
         901         907
         902         905
         903         905
         904         905
         905         910
         905         911
         905         915
         906         908
         906         909
         907         912
         907         913
         907         914
         907         916
         907         917
         908         910
         908         911
         908         915
         910         912
         910         913
         910         914
         910         916
         910         917
         911         916
         911         917
         912         915
         913         915
         914         915
         918         921
         918         926
         918         927
         918         934
         918         935
         918         937
         918         940
         918         947
         918         960
         918         972
         919         920
         919         924
         919         925
         919         933
         919         971
         920         923
         920         934
         920         935
         920         944
         920         973
         921         933
         921         938
         921         939
         921         941
         921         942
         921         943
         922         924
         922         925
         922         933
         922         938
         922         939
         922         941
         922         942
         922         943
         922         971
         923         928
         923         929
         923         936
         923         938
         923         939
         923         971
         924         926
         924         927
         924         934
         924         935
         924         937
         924         973
         925         930
         925         931
         925         932
         925         934
         925         935
         925         937
         925         973
         926         928
         926         929
         926         933
         927         933
         928         930
         928         931
         928         932
         933         940
         933         973
         934         936
         934         938
         934         939
         935         938
         935         939
         936         937
         937         941
         937         942
         937         943
         938         940
         939         940
         941         944
         942         944
         945         948
         945         953
         945         954
         945         961
         945         962
         945         971
         945         974
         945        1051
         945        1064
         945        1069
         946         947
         946         951
         946         952
         946         960
         946        1068
         947         950
         947         961
         947         962
         947         978
         947        1070
         948         960
         948         972
         948         973
         948         975
         948         976
         948         977
         949         951
         949         952
         949         960
         949         972
         949         973
         949         975
         949         976
         949         977
         949        1068
         950         955
         950         956
         950         963
         950         972
         950         973
         950        1068
         951         953
         951         954
         951         961
         951         962
         951         971
         951        1070
         952         957
         952         958
         952         959
         952         961
         952         962
         952         971
         952        1070
         953         955
         953         956
         953         960
         954         960
         955         957
         955         958
         955         959
         960         964
         960         965
         960         967
         960         974
         960        1070
         961         963
         961         972
         961         973
         962         966
         962         968
         962         969
         962         970
         962         972
         962         973
         962         979
         963         971
         963         980
         963         981
         964         966
         964         968
         964         969
         964         970
         964         979
         965         968
         965         969
         965         970
         965         982
         965         983
         965         987
         966         967
         966         980
         966         981
         967         979
         971         975
         971         976
         971         977
         972         974
         973         974
         975         978
         976         978
         979         984
         979         985
         979         986
         979         988
         979         989
         980         982
         980         983
         980         987
         981         990
         981         991
         982         984
         982         985
         982         986
         982         988
         982         989
         983         988
         983         989
         984         987
         985         987
         986         987
         987         992
         987         993
         987         998
         988         990
         988         991
         989         994
         989         995
         989         999
         989        1000
         989        1001
         990         992
         990         993
         990         998
         991         996
         991         997
         991        1002
         991        1003
         991        1004
         992         994
         992         995
         992         999
         992        1000
         992        1001
         993         999
         993        1000
         993        1001
         994         996
         994         997
         994         998
         995         998
         998        1005
         998        1006
         999        1002
         999        1003
         999        1004
        1000        1002
        1000        1003
        1000        1004
        1001        1007
        1001        1008
        1002        1005
        1002        1006
        1003        1005
        1003        1006
        1004        1009
        1004        1010
        1004        1026
        1005        1007
        1005        1008
        1006        1011
        1006        1012
        1006        1013
        1006        1027
        1006        1028
        1007        1009
        1007        1010
        1007        1026
        1008        1014
        1008        1015
        1008        1016
        1008        1029
        1008        1030
        1009        1011
        1009        1012
        1009        1013
        1009        1027
        1009        1028
        1010        1017
        1010        1018
        1010        1019
        1010        1027
        1010        1028
        1011        1014
        1011        1015
        1011        1016
        1011        1026
        1012        1014
        1012        1015
        1012        1016
        1012        1026
        1013        1020
        1013        1021
        1013        1022
        1013        1026
        1014        1017
        1014        1018
        1014        1019
        1015        1017
        1015        1018
        1015        1019
        1016        1023
        1016        1024
        1016        1025
        1017        1020
        1017        1021
        1017        1022
        1018        1020
        1018        1021
        1018        1022
        1020        1023
        1020        1024
        1020        1025
        1021        1023
        1021        1024
        1021        1025
        1026        1031
        1026        1032
        1026        1036
        1027        1029
        1027        1030
        1028        1033
        1028        1034
        1028        1035
        1028        1037
        1028        1038
        1029        1031
        1029        1032
        1029        1036
        1030        1039
        1030        1040
        1031        1033
        1031        1034
        1031        1035
        1031        1037
        1031        1038
        1032        1037
        1032        1038
        1033        1036
        1034        1036
        1035        1036
        1036        1041
        1036        1042
        1036        1046
        1037        1039
        1037        1040
        1038        1043
        1038        1044
        1038        1045
        1038        1047
        1038        1048
        1039        1041
        1039        1042
        1039        1046
        1041        1043
        1041        1044
        1041        1045
        1041        1047
        1041        1048
        1042        1047
        1042        1048
        1043        1046
        1044        1046
        1045        1046
        1049        1052
        1049        1057
        1049        1058
        1049        1065
        1049        1066
        1049        1068
        1049        1071
        1049        1078
        1049        1091
        1049        1103
        1050        1051
        1050        1055
        1050        1056
        1050        1064
        1050        1102
        1051        1054
        1051        1065
        1051        1066
        1051        1075
        1051        1104
        1052        1064
        1052        1069
        1052        1070
        1052        1072
        1052        1073
        1052        1074
        1053        1055
        1053        1056
        1053        1064
        1053        1069
        1053        1070
        1053        1072
        1053        1073
        1053        1074
        1053        1102
        1054        1059
        1054        1060
        1054        1067
        1054        1069
        1054        1070
        1054        1102
        1055        1057
        1055        1058
        1055        1065
        1055        1066
        1055        1068
        1055        1104
        1056        1061
        1056        1062
        1056        1063
        1056        1065
        1056        1066
        1056        1068
        1056        1104
        1057        1059
        1057        1060
        1057        1064
        1058        1064
        1059        1061
        1059        1062
        1059        1063
        1064        1071
        1064        1104
        1065        1067
        1065        1069
        1065        1070
        1066        1069
        1066        1070
        1067        1068
        1068        1072
        1068        1073
        1068        1074
        1069        1071
        1070        1071
        1072        1075
        1073        1075
        1076        1079
        1076        1084
        1076        1085
        1076        1092
        1076        1093
        1076        1102
        1076        1105
        1076        1182
        1076        1195
        1076        1200
        1077        1078
        1077        1082
        1077        1083
        1077        1091
        1077        1199
        1078        1081
        1078        1092
        1078        1093
        1078        1109
        1078        1201
        1079        1091
        1079        1103
        1079        1104
        1079        1106
        1079        1107
        1079        1108
        1080        1082
        1080        1083
        1080        1091
        1080        1103
        1080        1104
        1080        1106
        1080        1107
        1080        1108
        1080        1199
        1081        1086
        1081        1087
        1081        1094
        1081        1103
        1081        1104
        1081        1199
        1082        1084
        1082        1085
        1082        1092
        1082        1093
        1082        1102
        1082        1201
        1083        1088
        1083        1089
        1083        1090
        1083        1092
        1083        1093
        1083        1102
        1083        1201
        1084        1086
        1084        1087
        1084        1091
        1085        1091
        1086        1088
        1086        1089
        1086        1090
        1091        1095
        1091        1096
        1091        1098
        1091        1105
        1091        1201
        1092        1094
        1092        1103
        1092        1104
        1093        1097
        1093        1099
        1093        1100
        1093        1101
        1093        1103
        1093        1104
        1093        1110
        1094        1102
        1094        1111
        1094        1112
        1095        1097
        1095        1099
        1095        1100
        1095        1101
        1095        1110
        1096        1099
        1096        1100
        1096        1101
        1096        1113
        1096        1114
        1096        1118
        1097        1098
        1097        1111
        1097        1112
        1098        1110
        1102        1106
        1102        1107
        1102        1108
        1103        1105
        1104        1105
        1106        1109
        1107        1109
        1110        1115
        1110        1116
        1110        1117
        1110        1119
        1110        1120
        1111        1113
        1111        1114
        1111        1118
        1112        1121
        1112        1122
        1113        1115
        1113        1116
        1113        1117
        1113        1119
        1113        1120
        1114        1119
        1114        1120
        1115        1118
        1116        1118
        1117        1118
        1118        1123
        1118        1124
        1118        1129
        1119        1121
        1119        1122
        1120        1125
        1120        1126
        1120        1130
        1120        1131
        1120        1132
        1121        1123
        1121        1124
        1121        1129
        1122        1127
        1122        1128
        1122        1133
        1122        1134
        1122        1135
        1123        1125
        1123        1126
        1123        1130
        1123        1131
        1123        1132
        1124        1130
        1124        1131
        1124        1132
        1125        1127
        1125        1128
        1125        1129
        1126        1129
        1129        1136
        1129        1137
        1130        1133
        1130        1134
        1130        1135
        1131        1133
        1131        1134
        1131        1135
        1132        1138
        1132        1139
        1133        1136
        1133        1137
        1134        1136
        1134        1137
        1135        1140
        1135        1141
        1135        1157
        1136        1138
        1136        1139
        1137        1142
        1137        1143
        1137        1144
        1137        1158
        1137        1159
        1138        1140
        1138        1141
        1138        1157
        1139        1145
        1139        1146
        1139        1147
        1139        1160
        1139        1161
        1140        1142
        1140        1143
        1140        1144
        1140        1158
        1140        1159
        1141        1148
        1141        1149
        1141        1150
        1141        1158
        1141        1159
        1142        1145
        1142        1146
        1142        1147
        1142        1157
        1143        1145
        1143        1146
        1143        1147
        1143        1157
        1144        1151
        1144        1152
        1144        1153
        1144        1157
        1145        1148
        1145        1149
        1145        1150
        1146        1148
        1146        1149
        1146        1150
        1147        1154
        1147        1155
        1147        1156
        1148        1151
        1148        1152
        1148        1153
        1149        1151
        1149        1152
        1149        1153
        1151        1154
        1151        1155
        1151        1156
        1152        1154
        1152        1155
        1152        1156
        1157        1162
        1157        1163
        1157        1167
        1158        1160
        1158        1161
        1159        1164
        1159        1165
        1159        1166
        1159        1168
        1159        1169
        1160        1162
        1160        1163
        1160        1167
        1161        1170
        1161        1171
        1162        1164
        1162        1165
        1162        1166
        1162        1168
        1162        1169
        1163        1168
        1163        1169
        1164        1167
        1165        1167
        1166        1167
        1167        1172
        1167        1173
        1167        1177
        1168        1170
        1168        1171
        1169        1174
        1169        1175
        1169        1176
        1169        1178
        1169        1179
        1170        1172
        1170        1173
        1170        1177
        1172        1174
        1172        1175
        1172        1176
        1172        1178
        1172        1179
        1173        1178
        1173        1179
        1174        1177
        1175        1177
        1176        1177
        1180        1183
        1180        1188
        1180        1189
        1180        1196
        1180        1197
        1180        1199
        1180        1202
        1180        1209
        1180        1222
        1180        1234
        1181        1182
        1181        1186
        1181        1187
        1181        1195
        1181        1233
        1182        1185
        1182        1196
        1182        1197
        1182        1206
        1182        1235
        1183        1195
        1183        1200
        1183        1201
        1183        1203
        1183        1204
        1183        1205
        1184        1186
        1184        1187
        1184        1195
        1184        1200
        1184        1201
        1184        1203
        1184        1204
        1184        1205
        1184        1233
        1185        1190
        1185        1191
        1185        1198
        1185        1200
        1185        1201
        1185        1233
        1186        1188
        1186        1189
        1186        1196
        1186        1197
        1186        1199
        1186        1235
        1187        1192
        1187        1193
        1187        1194
        1187        1196
        1187        1197
        1187        1199
        1187        1235
        1188        1190
        1188        1191
        1188        1195
        1189        1195
        1190        1192
        1190        1193
        1190        1194
        1195        1202
        1195        1235
        1196        1198
        1196        1200
        1196        1201
        1197        1200
        1197        1201
        1198        1199
        1199        1203
        1199        1204
        1199        1205
        1200        1202
        1201        1202
        1203        1206
        1204        1206
        1207        1210
        1207        1215
        1207        1216
        1207        1223
        1207        1224
        1207        1233
        1207        1236
        1207        1313
        1207        1326
        1207        1331
        1208        1209
        1208        1213
        1208        1214
        1208        1222
        1208        1330
        1209        1212
        1209        1223
        1209        1224
        1209        1240
        1209        1332
        1210        1222
        1210        1234
        1210        1235
        1210        1237
        1210        1238
        1210        1239
        1211        1213
        1211        1214
        1211        1222
        1211        1234
        1211        1235
        1211        1237
        1211        1238
        1211        1239
        1211        1330
        1212        1217
        1212        1218
        1212        1225
        1212        1234
        1212        1235
        1212        1330
        1213        1215
        1213        1216
        1213        1223
        1213        1224
        1213        1233
        1213        1332
        1214        1219
        1214        1220
        1214        1221
        1214        1223
        1214        1224
        1214        1233
        1214        1332
        1215        1217
        1215        1218
        1215        1222
        1216        1222
        1217        1219
        1217        1220
        1217        1221
        1222        1226
        1222        1227
        1222        1229
        1222        1236
        1222        1332
        1223        1225
        1223        1234
        1223        1235
        1224        1228
        1224        1230
        1224        1231
        1224        1232
        1224        1234
        1224        1235
        1224        1241
        1225        1233
        1225        1242
        1225        1243
        1226        1228
        1226        1230
        1226        1231
        1226        1232
        1226        1241
        1227        1230
        1227        1231
        1227        1232
        1227        1244
        1227        1245
        1227        1249
        1228        1229
        1228        1242
        1228        1243
        1229        1241
        1233        1237
        1233        1238
        1233        1239
        1234        1236
        1235        1236
        1237        1240
        1238        1240
        1241        1246
        1241        1247
        1241        1248
        1241        1250
        1241        1251
        1242        1244
        1242        1245
        1242        1249
        1243        1252
        1243        1253
        1244        1246
        1244        1247
        1244        1248
        1244        1250
        1244        1251
        1245        1250
        1245        1251
        1246        1249
        1247        1249
        1248        1249
        1249        1254
        1249        1255
        1249        1260
        1250        1252
        1250        1253
        1251        1256
        1251        1257
        1251        1261
        1251        1262
        1251        1263
        1252        1254
        1252        1255
        1252        1260
        1253        1258
        1253        1259
        1253        1264
        1253        1265
        1253        1266
        1254        1256
        1254        1257
        1254        1261
        1254        1262
        1254        1263
        1255        1261
        1255        1262
        1255        1263
        1256        1258
        1256        1259
        1256        1260
        1257        1260
        1260        1267
        1260        1268
        1261        1264
        1261        1265
        1261        1266
        1262        1264
        1262        1265
        1262        1266
        1263        1269
        1263        1270
        1264        1267
        1264        1268
        1265        1267
        1265        1268
        1266        1271
        1266        1272
        1266        1288
        1267        1269
        1267        1270
        1268        1273
        1268        1274
        1268        1275
        1268        1289
        1268        1290
        1269        1271
        1269        1272
        1269        1288
        1270        1276
        1270        1277
        1270        1278
        1270        1291
        1270        1292
        1271        1273
        1271        1274
        1271        1275
        1271        1289
        1271        1290
        1272        1279
        1272        1280
        1272        1281
        1272        1289
        1272        1290
        1273        1276
        1273        1277
        1273        1278
        1273        1288
        1274        1276
        1274        1277
        1274        1278
        1274        1288
        1275        1282
        1275        1283
        1275        1284
        1275        1288
        1276        1279
        1276        1280
        1276        1281
        1277        1279
        1277        1280
        1277        1281
        1278        1285
        1278        1286
        1278        1287
        1279        1282
        1279        1283
        1279        1284
        1280        1282
        1280        1283
        1280        1284
        1282        1285
        1282        1286
        1282        1287
        1283        1285
        1283        1286
        1283        1287
        1288        1293
        1288        1294
        1288        1298
        1289        1291
        1289        1292
        1290        1295
        1290        1296
        1290        1297
        1290        1299
        1290        1300
        1291        1293
        1291        1294
        1291        1298
        1292        1301
        1292        1302
        1293        1295
        1293        1296
        1293        1297
        1293        1299
        1293        1300
        1294        1299
        1294        1300
        1295        1298
        1296        1298
        1297        1298
        1298        1303
        1298        1304
        1298        1308
        1299        1301
        1299        1302
        1300        1305
        1300        1306
        1300        1307
        1300        1309
        1300        1310
        1301        1303
        1301        1304
        1301        1308
        1303        1305
        1303        1306
        1303        1307
        1303        1309
        1303        1310
        1304        1309
        1304        1310
        1305        1308
        1306        1308
        1307        1308
        1311        1314
        1311        1319
        1311        1320
        1311        1327
        1311        1328
        1311        1330
        1311        1333
        1311        1340
        1311        1353
        1311        1365
        1312        1313
        1312        1317
        1312        1318
        1312        1326
        1312        1364
        1313        1316
        1313        1327
        1313        1328
        1313        1337
        1313        1366
        1314        1326
        1314        1331
        1314        1332
        1314        1334
        1314        1335
        1314        1336
        1315        1317
        1315        1318
        1315        1326
        1315        1331
        1315        1332
        1315        1334
        1315        1335
        1315        1336
        1315        1364
        1316        1321
        1316        1322
        1316        1329
        1316        1331
        1316        1332
        1316        1364
        1317        1319
        1317        1320
        1317        1327
        1317        1328
        1317        1330
        1317        1366
        1318        1323
        1318        1324
        1318        1325
        1318        1327
        1318        1328
        1318        1330
        1318        1366
        1319        1321
        1319        1322
        1319        1326
        1320        1326
        1321        1323
        1321        1324
        1321        1325
        1326        1333
        1326        1366
        1327        1329
        1327        1331
        1327        1332
        1328        1331
        1328        1332
        1329        1330
        1330        1334
        1330        1335
        1330        1336
        1331        1333
        1332        1333
        1334        1337
        1335        1337
        1338        1341
        1338        1346
        1338        1347
        1338        1354
        1338        1355
        1338        1364
        1338        1367
        1338        1444
        1338        1457
        1338        1462
        1339        1340
        1339        1344
        1339        1345
        1339        1353
        1339        1461
        1340        1343
        1340        1354
        1340        1355
        1340        1371
        1340        1463
        1341        1353
        1341        1365
        1341        1366
        1341        1368
        1341        1369
        1341        1370
        1342        1344
        1342        1345
        1342        1353
        1342        1365
        1342        1366
        1342        1368
        1342        1369
        1342        1370
        1342        1461
        1343        1348
        1343        1349
        1343        1356
        1343        1365
        1343        1366
        1343        1461
        1344        1346
        1344        1347
        1344        1354
        1344        1355
        1344        1364
        1344        1463
        1345        1350
        1345        1351
        1345        1352
        1345        1354
        1345        1355
        1345        1364
        1345        1463
        1346        1348
        1346        1349
        1346        1353
        1347        1353
        1348        1350
        1348        1351
        1348        1352
        1353        1357
        1353        1358
        1353        1360
        1353        1367
        1353        1463
        1354        1356
        1354        1365
        1354        1366
        1355        1359
        1355        1361
        1355        1362
        1355        1363
        1355        1365
        1355        1366
        1355        1372
        1356        1364
        1356        1373
        1356        1374
        1357        1359
        1357        1361
        1357        1362
        1357        1363
        1357        1372
        1358        1361
        1358        1362
        1358        1363
        1358        1375
        1358        1376
        1358        1380
        1359        1360
        1359        1373
        1359        1374
        1360        1372
        1364        1368
        1364        1369
        1364        1370
        1365        1367
        1366        1367
        1368        1371
        1369        1371
        1372        1377
        1372        1378
        1372        1379
        1372        1381
        1372        1382
        1373        1375
        1373        1376
        1373        1380
        1374        1383
        1374        1384
        1375        1377
        1375        1378
        1375        1379
        1375        1381
        1375        1382
        1376        1381
        1376        1382
        1377        1380
        1378        1380
        1379        1380
        1380        1385
        1380        1386
        1380        1391
        1381        1383
        1381        1384
        1382        1387
        1382        1388
        1382        1392
        1382        1393
        1382        1394
        1383        1385
        1383        1386
        1383        1391
        1384        1389
        1384        1390
        1384        1395
        1384        1396
        1384        1397
        1385        1387
        1385        1388
        1385        1392
        1385        1393
        1385        1394
        1386        1392
        1386        1393
        1386        1394
        1387        1389
        1387        1390
        1387        1391
        1388        1391
        1391        1398
        1391        1399
        1392        1395
        1392        1396
        1392        1397
        1393        1395
        1393        1396
        1393        1397
        1394        1400
        1394        1401
        1395        1398
        1395        1399
        1396        1398
        1396        1399
        1397        1402
        1397        1403
        1397        1419
        1398        1400
        1398        1401
        1399        1404
        1399        1405
        1399        1406
        1399        1420
        1399        1421
        1400        1402
        1400        1403
        1400        1419
        1401        1407
        1401        1408
        1401        1409
        1401        1422
        1401        1423
        1402        1404
        1402        1405
        1402        1406
        1402        1420
        1402        1421
        1403        1410
        1403        1411
        1403        1412
        1403        1420
        1403        1421
        1404        1407
        1404        1408
        1404        1409
        1404        1419
        1405        1407
        1405        1408
        1405        1409
        1405        1419
        1406        1413
        1406        1414
        1406        1415
        1406        1419
        1407        1410
        1407        1411
        1407        1412
        1408        1410
        1408        1411
        1408        1412
        1409        1416
        1409        1417
        1409        1418
        1410        1413
        1410        1414
        1410        1415
        1411        1413
        1411        1414
        1411        1415
        1413        1416
        1413        1417
        1413        1418
        1414        1416
        1414        1417
        1414        1418
        1419        1424
        1419        1425
        1419        1429
        1420        1422
        1420        1423
        1421        1426
        1421        1427
        1421        1428
        1421        1430
        1421        1431
        1422        1424
        1422        1425
        1422        1429
        1423        1432
        1423        1433
        1424        1426
        1424        1427
        1424        1428
        1424        1430
        1424        1431
        1425        1430
        1425        1431
        1426        1429
        1427        1429
        1428        1429
        1429        1434
        1429        1435
        1429        1439
        1430        1432
        1430        1433
        1431        1436
        1431        1437
        1431        1438
        1431        1440
        1431        1441
        1432        1434
        1432        1435
        1432        1439
        1434        1436
        1434        1437
        1434        1438
        1434        1440
        1434        1441
        1435        1440
        1435        1441
        1436        1439
        1437        1439
        1438        1439
        1442        1445
        1442        1450
        1442        1451
        1442        1458
        1442        1459
        1442        1461
        1442        1464
        1442        1471
        1442        1484
        1442        1496
        1443        1444
        1443        1448
        1443        1449
        1443        1457
        1443        1495
        1444        1447
        1444        1458
        1444        1459
        1444        1468
        1444        1497
        1445        1457
        1445        1462
        1445        1463
        1445        1465
        1445        1466
        1445        1467
        1446        1448
        1446        1449
        1446        1457
        1446        1462
        1446        1463
        1446        1465
        1446        1466
        1446        1467
        1446        1495
        1447        1452
        1447        1453
        1447        1460
        1447        1462
        1447        1463
        1447        1495
        1448        1450
        1448        1451
        1448        1458
        1448        1459
        1448        1461
        1448        1497
        1449        1454
        1449        1455
        1449        1456
        1449        1458
        1449        1459
        1449        1461
        1449        1497
        1450        1452
        1450        1453
        1450        1457
        1451        1457
        1452        1454
        1452        1455
        1452        1456
        1457        1464
        1457        1497
        1458        1460
        1458        1462
        1458        1463
        1459        1462
        1459        1463
        1460        1461
        1461        1465
        1461        1466
        1461        1467
        1462        1464
        1463        1464
        1465        1468
        1466        1468
        1469        1472
        1469        1477
        1469        1478
        1469        1485
        1469        1486
        1469        1495
        1469        1498
        1469        1575
        1469        1588
        1469        1593
        1470        1471
        1470        1475
        1470        1476
        1470        1484
        1470        1592
        1471        1474
        1471        1485
        1471        1486
        1471        1502
        1471        1594
        1472        1484
        1472        1496
        1472        1497
        1472        1499
        1472        1500
        1472        1501
        1473        1475
        1473        1476
        1473        1484
        1473        1496
        1473        1497
        1473        1499
        1473        1500
        1473        1501
        1473        1592
        1474        1479
        1474        1480
        1474        1487
        1474        1496
        1474        1497
        1474        1592
        1475        1477
        1475        1478
        1475        1485
        1475        1486
        1475        1495
        1475        1594
        1476        1481
        1476        1482
        1476        1483
        1476        1485
        1476        1486
        1476        1495
        1476        1594
        1477        1479
        1477        1480
        1477        1484
        1478        1484
        1479        1481
        1479        1482
        1479        1483
        1484        1488
        1484        1489
        1484        1491
        1484        1498
        1484        1594
        1485        1487
        1485        1496
        1485        1497
        1486        1490
        1486        1492
        1486        1493
        1486        1494
        1486        1496
        1486        1497
        1486        1503
        1487        1495
        1487        1504
        1487        1505
        1488        1490
        1488        1492
        1488        1493
        1488        1494
        1488        1503
        1489        1492
        1489        1493
        1489        1494
        1489        1506
        1489        1507
        1489        1511
        1490        1491
        1490        1504
        1490        1505
        1491        1503
        1495        1499
        1495        1500
        1495        1501
        1496        1498
        1497        1498
        1499        1502
        1500        1502
        1503        1508
        1503        1509
        1503        1510
        1503        1512
        1503        1513
        1504        1506
        1504        1507
        1504        1511
        1505        1514
        1505        1515
        1506        1508
        1506        1509
        1506        1510
        1506        1512
        1506        1513
        1507        1512
        1507        1513
        1508        1511
        1509        1511
        1510        1511
        1511        1516
        1511        1517
        1511        1522
        1512        1514
        1512        1515
        1513        1518
        1513        1519
        1513        1523
        1513        1524
        1513        1525
        1514        1516
        1514        1517
        1514        1522
        1515        1520
        1515        1521
        1515        1526
        1515        1527
        1515        1528
        1516        1518
        1516        1519
        1516        1523
        1516        1524
        1516        1525
        1517        1523
        1517        1524
        1517        1525
        1518        1520
        1518        1521
        1518        1522
        1519        1522
        1522        1529
        1522        1530
        1523        1526
        1523        1527
        1523        1528
        1524        1526
        1524        1527
        1524        1528
        1525        1531
        1525        1532
        1526        1529
        1526        1530
        1527        1529
        1527        1530
        1528        1533
        1528        1534
        1528        1550
        1529        1531
        1529        1532
        1530        1535
        1530        1536
        1530        1537
        1530        1551
        1530        1552
        1531        1533
        1531        1534
        1531        1550
        1532        1538
        1532        1539
        1532        1540
        1532        1553
        1532        1554
        1533        1535
        1533        1536
        1533        1537
        1533        1551
        1533        1552
        1534        1541
        1534        1542
        1534        1543
        1534        1551
        1534        1552
        1535        1538
        1535        1539
        1535        1540
        1535        1550
        1536        1538
        1536        1539
        1536        1540
        1536        1550
        1537        1544
        1537        1545
        1537        1546
        1537        1550
        1538        1541
        1538        1542
        1538        1543
        1539        1541
        1539        1542
        1539        1543
        1540        1547
        1540        1548
        1540        1549
        1541        1544
        1541        1545
        1541        1546
        1542        1544
        1542        1545
        1542        1546
        1544        1547
        1544        1548
        1544        1549
        1545        1547
        1545        1548
        1545        1549
        1550        1555
        1550        1556
        1550        1560
        1551        1553
        1551        1554
        1552        1557
        1552        1558
        1552        1559
        1552        1561
        1552        1562
        1553        1555
        1553        1556
        1553        1560
        1554        1563
        1554        1564
        1555        1557
        1555        1558
        1555        1559
        1555        1561
        1555        1562
        1556        1561
        1556        1562
        1557        1560
        1558        1560
        1559        1560
        1560        1565
        1560        1566
        1560        1570
        1561        1563
        1561        1564
        1562        1567
        1562        1568
        1562        1569
        1562        1571
        1562        1572
        1563        1565
        1563        1566
        1563        1570
        1565        1567
        1565        1568
        1565        1569
        1565        1571
        1565        1572
        1566        1571
        1566        1572
        1567        1570
        1568        1570
        1569        1570
        1573        1576
        1573        1581
        1573        1582
        1573        1589
        1573        1590
        1573        1592
        1573        1595
        1573        1602
        1573        1615
        1573        1627
        1574        1575
        1574        1579
        1574        1580
        1574        1588
        1574        1626
        1575        1578
        1575        1589
        1575        1590
        1575        1599
        1575        1628
        1576        1588
        1576        1593
        1576        1594
        1576        1596
        1576        1597
        1576        1598
        1577        1579
        1577        1580
        1577        1588
        1577        1593
        1577        1594
        1577        1596
        1577        1597
        1577        1598
        1577        1626
        1578        1583
        1578        1584
        1578        1591
        1578        1593
        1578        1594
        1578        1626
        1579        1581
        1579        1582
        1579        1589
        1579        1590
        1579        1592
        1579        1628
        1580        1585
        1580        1586
        1580        1587
        1580        1589
        1580        1590
        1580        1592
        1580        1628
        1581        1583
        1581        1584
        1581        1588
        1582        1588
        1583        1585
        1583        1586
        1583        1587
        1588        1595
        1588        1628
        1589        1591
        1589        1593
        1589        1594
        1590        1593
        1590        1594
        1591        1592
        1592        1596
        1592        1597
        1592        1598
        1593        1595
        1594        1595
        1596        1599
        1597        1599
        1600        1603
        1600        1608
        1600        1609
        1600        1616
        1600        1617
        1600        1626
        1600        1629
        1601        1602
        1601        1606
        1601        1607
        1601        1615
        1602        1605
        1602        1616
        1602        1617
        1602        1633
        1603        1615
        1603        1627
        1603        1628
        1603        1630
        1603        1631
        1603        1632
        1604        1606
        1604        1607
        1604        1615
        1604        1627
        1604        1628
        1604        1630
        1604        1631
        1604        1632
        1605        1610
        1605        1611
        1605        1618
        1605        1627
        1605        1628
        1606        1608
        1606        1609
        1606        1616
        1606        1617
        1606        1626
        1607        1612
        1607        1613
        1607        1614
        1607        1616
        1607        1617
        1607        1626
        1608        1610
        1608        1611
        1608        1615
        1609        1615
        1610        1612
        1610        1613
        1610        1614
        1615        1619
        1615        1620
        1615        1622
        1615        1629
        1616        1618
        1616        1627
        1616        1628
        1617        1621
        1617        1623
        1617        1624
        1617        1625
        1617        1627
        1617        1628
        1617        1634
        1618        1626
        1618        1635
        1618        1636
        1619        1621
        1619        1623
        1619        1624
        1619        1625
        1619        1634
        1620        1623
        1620        1624
        1620        1625
        1620        1637
        1620        1638
        1620        1642
        1621        1622
        1621        1635
        1621        1636
        1622        1634
        1626        1630
        1626        1631
        1626        1632
        1627        1629
        1628        1629
        1630        1633
        1631        1633
        1634        1639
        1634        1640
        1634        1641
        1634        1643
        1634        1644
        1635        1637
        1635        1638
        1635        1642
        1636        1645
        1636        1646
        1637        1639
        1637        1640
        1637        1641
        1637        1643
        1637        1644
        1638        1643
        1638        1644
        1639        1642
        1640        1642
        1641        1642
        1642        1647
        1642        1648
        1642        1653
        1643        1645
        1643        1646
        1644        1649
        1644        1650
        1644        1654
        1644        1655
        1644        1656
        1645        1647
        1645        1648
        1645        1653
        1646        1651
        1646        1652
        1646        1657
        1646        1658
        1646        1659
        1647        1649
        1647        1650
        1647        1654
        1647        1655
        1647        1656
        1648        1654
        1648        1655
        1648        1656
        1649        1651
        1649        1652
        1649        1653
        1650        1653
        1653        1660
        1653        1661
        1654        1657
        1654        1658
        1654        1659
        1655        1657
        1655        1658
        1655        1659
        1656        1662
        1656        1663
        1657        1660
        1657        1661
        1658        1660
        1658        1661
        1659        1664
        1659        1665
        1659        1681
        1660        1662
        1660        1663
        1661        1666
        1661        1667
        1661        1668
        1661        1682
        1661        1683
        1662        1664
        1662        1665
        1662        1681
        1663        1669
        1663        1670
        1663        1671
        1663        1684
        1663        1685
        1664        1666
        1664        1667
        1664        1668
        1664        1682
        1664        1683
        1665        1672
        1665        1673
        1665        1674
        1665        1682
        1665        1683
        1666        1669
        1666        1670
        1666        1671
        1666        1681
        1667        1669
        1667        1670
        1667        1671
        1667        1681
        1668        1675
        1668        1676
        1668        1677
        1668        1681
        1669        1672
        1669        1673
        1669        1674
        1670        1672
        1670        1673
        1670        1674
        1671        1678
        1671        1679
        1671        1680
        1672        1675
        1672        1676
        1672        1677
        1673        1675
        1673        1676
        1673        1677
        1675        1678
        1675        1679
        1675        1680
        1676        1678
        1676        1679
        1676        1680
        1681        1686
        1681        1687
        1681        1691
        1682        1684
        1682        1685
        1683        1688
        1683        1689
        1683        1690
        1683        1692
        1683        1693
        1684        1686
        1684        1687
        1684        1691
        1685        1694
        1685        1695
        1686        1688
        1686        1689
        1686        1690
        1686        1692
        1686        1693
        1687        1692
        1687        1693
        1688        1691
        1689        1691
        1690        1691
        1691        1696
        1691        1697
        1691        1701
        1692        1694
        1692        1695
        1693        1698
        1693        1699
        1693        1700
        1693        1702
        1693        1703
        1694        1696
        1694        1697
        1694        1701
        1696        1698
        1696        1699
        1696        1700
        1696        1702
        1696        1703
        1697        1702
        1697        1703
        1698        1701
        1699        1701
        1700        1701
        1704        1707
        1704        1712
        1704        1713
        1704        1720
        1704        1721
        1704        1723
        1704        1726
        1704        1733
        1704        1746
        1704        1758
        1705        1706
        1705        1710
        1705        1711
        1705        1719
        1705        1757
        1706        1709
        1706        1720
        1706        1721
        1706        1730
        1706        1759
        1706        3303
        1707        1719
        1707        1724
        1707        1725
        1707        1727
        1707        1728
        1707        1729
        1708        1710
        1708        1711
        1708        1719
        1708        1724
        1708        1725
        1708        1727
        1708        1728
        1708        1729
        1708        1757
        1709        1714
        1709        1715
        1709        1722
        1709        1724
        1709        1725
        1709        1757
        1710        1712
        1710        1713
        1710        1720
        1710        1721
        1710        1723
        1710        1759
        1711        1716
        1711        1717
        1711        1718
        1711        1720
        1711        1721
        1711        1723
        1711        1759
        1712        1714
        1712        1715
        1712        1719
        1713        1719
        1714        1716
        1714        1717
        1714        1718
        1719        1726
        1719        1759
        1719        3303
        1720        1722
        1720        1724
        1720        1725
        1721        1724
        1721        1725
        1722        1723
        1723        1727
        1723        1728
        1723        1729
        1723        3304
        1723        3307
        1723        3308
        1724        1726
        1724        3303
        1725        1726
        1725        3305
        1725        3309
        1725        3310
        1725        3318
        1727        1730
        1728        1730
        1731        1734
        1731        1739
        1731        1740
        1731        1747
        1731        1748
        1731        1757
        1731        1760
        1731        1837
        1731        1850
        1731        1855
        1732        1733
        1732        1737
        1732        1738
        1732        1746
        1732        1854
        1733        1736
        1733        1747
        1733        1748
        1733        1764
        1733        1856
        1734        1746
        1734        1758
        1734        1759
        1734        1761
        1734        1762
        1734        1763
        1735        1737
        1735        1738
        1735        1746
        1735        1758
        1735        1759
        1735        1761
        1735        1762
        1735        1763
        1735        1854
        1736        1741
        1736        1742
        1736        1749
        1736        1758
        1736        1759
        1736        1854
        1737        1739
        1737        1740
        1737        1747
        1737        1748
        1737        1757
        1737        1856
        1738        1743
        1738        1744
        1738        1745
        1738        1747
        1738        1748
        1738        1757
        1738        1856
        1739        1741
        1739        1742
        1739        1746
        1740        1746
        1741        1743
        1741        1744
        1741        1745
        1746        1750
        1746        1751
        1746        1753
        1746        1760
        1746        1856
        1747        1749
        1747        1758
        1747        1759
        1748        1752
        1748        1754
        1748        1755
        1748        1756
        1748        1758
        1748        1759
        1748        1765
        1749        1757
        1749        1766
        1749        1767
        1750        1752
        1750        1754
        1750        1755
        1750        1756
        1750        1765
        1751        1754
        1751        1755
        1751        1756
        1751        1768
        1751        1769
        1751        1773
        1752        1753
        1752        1766
        1752        1767
        1753        1765
        1757        1761
        1757        1762
        1757        1763
        1758        1760
        1759        1760
        1761        1764
        1762        1764
        1765        1770
        1765        1771
        1765        1772
        1765        1774
        1765        1775
        1766        1768
        1766        1769
        1766        1773
        1767        1776
        1767        1777
        1768        1770
        1768        1771
        1768        1772
        1768        1774
        1768        1775
        1769        1774
        1769        1775
        1770        1773
        1771        1773
        1772        1773
        1773        1778
        1773        1779
        1773        1784
        1774        1776
        1774        1777
        1775        1780
        1775        1781
        1775        1785
        1775        1786
        1775        1787
        1776        1778
        1776        1779
        1776        1784
        1777        1782
        1777        1783
        1777        1788
        1777        1789
        1777        1790
        1778        1780
        1778        1781
        1778        1785
        1778        1786
        1778        1787
        1779        1785
        1779        1786
        1779        1787
        1780        1782
        1780        1783
        1780        1784
        1781        1784
        1784        1791
        1784        1792
        1785        1788
        1785        1789
        1785        1790
        1786        1788
        1786        1789
        1786        1790
        1787        1793
        1787        1794
        1788        1791
        1788        1792
        1789        1791
        1789        1792
        1790        1795
        1790        1796
        1790        1812
        1791        1793
        1791        1794
        1792        1797
        1792        1798
        1792        1799
        1792        1813
        1792        1814
        1793        1795
        1793        1796
        1793        1812
        1794        1800
        1794        1801
        1794        1802
        1794        1815
        1794        1816
        1795        1797
        1795        1798
        1795        1799
        1795        1813
        1795        1814
        1796        1803
        1796        1804
        1796        1805
        1796        1813
        1796        1814
        1797        1800
        1797        1801
        1797        1802
        1797        1812
        1798        1800
        1798        1801
        1798        1802
        1798        1812
        1799        1806
        1799        1807
        1799        1808
        1799        1812
        1800        1803
        1800        1804
        1800        1805
        1801        1803
        1801        1804
        1801        1805
        1802        1809
        1802        1810
        1802        1811
        1803        1806
        1803        1807
        1803        1808
        1804        1806
        1804        1807
        1804        1808
        1806        1809
        1806        1810
        1806        1811
        1807        1809
        1807        1810
        1807        1811
        1812        1817
        1812        1818
        1812        1822
        1813        1815
        1813        1816
        1814        1819
        1814        1820
        1814        1821
        1814        1823
        1814        1824
        1815        1817
        1815        1818
        1815        1822
        1816        1825
        1816        1826
        1817        1819
        1817        1820
        1817        1821
        1817        1823
        1817        1824
        1818        1823
        1818        1824
        1819        1822
        1820        1822
        1821        1822
        1822        1827
        1822        1828
        1822        1832
        1823        1825
        1823        1826
        1824        1829
        1824        1830
        1824        1831
        1824        1833
        1824        1834
        1825        1827
        1825        1828
        1825        1832
        1827        1829
        1827        1830
        1827        1831
        1827        1833
        1827        1834
        1828        1833
        1828        1834
        1829        1832
        1830        1832
        1831        1832
        1835        1838
        1835        1843
        1835        1844
        1835        1851
        1835        1852
        1835        1854
        1835        1857
        1835        1864
        1835        1877
        1835        1889
        1836        1837
        1836        1841
        1836        1842
        1836        1850
        1836        1888
        1837        1840
        1837        1851
        1837        1852
        1837        1861
        1837        1890
        1838        1850
        1838        1855
        1838        1856
        1838        1858
        1838        1859
        1838        1860
        1839        1841
        1839        1842
        1839        1850
        1839        1855
        1839        1856
        1839        1858
        1839        1859
        1839        1860
        1839        1888
        1840        1845
        1840        1846
        1840        1853
        1840        1855
        1840        1856
        1840        1888
        1841        1843
        1841        1844
        1841        1851
        1841        1852
        1841        1854
        1841        1890
        1842        1847
        1842        1848
        1842        1849
        1842        1851
        1842        1852
        1842        1854
        1842        1890
        1843        1845
        1843        1846
        1843        1850
        1844        1850
        1845        1847
        1845        1848
        1845        1849
        1850        1857
        1850        1890
        1851        1853
        1851        1855
        1851        1856
        1852        1855
        1852        1856
        1853        1854
        1854        1858
        1854        1859
        1854        1860
        1855        1857
        1856        1857
        1858        1861
        1859        1861
        1862        1865
        1862        1870
        1862        1871
        1862        1878
        1862        1879
        1862        1888
        1862        1891
        1862        1968
        1862        1981
        1862        1986
        1863        1864
        1863        1868
        1863        1869
        1863        1877
        1863        1985
        1864        1867
        1864        1878
        1864        1879
        1864        1895
        1864        1987
        1865        1877
        1865        1889
        1865        1890
        1865        1892
        1865        1893
        1865        1894
        1866        1868
        1866        1869
        1866        1877
        1866        1889
        1866        1890
        1866        1892
        1866        1893
        1866        1894
        1866        1985
        1867        1872
        1867        1873
        1867        1880
        1867        1889
        1867        1890
        1867        1985
        1868        1870
        1868        1871
        1868        1878
        1868        1879
        1868        1888
        1868        1987
        1869        1874
        1869        1875
        1869        1876
        1869        1878
        1869        1879
        1869        1888
        1869        1987
        1870        1872
        1870        1873
        1870        1877
        1871        1877
        1872        1874
        1872        1875
        1872        1876
        1877        1881
        1877        1882
        1877        1884
        1877        1891
        1877        1987
        1878        1880
        1878        1889
        1878        1890
        1879        1883
        1879        1885
        1879        1886
        1879        1887
        1879        1889
        1879        1890
        1879        1896
        1880        1888
        1880        1897
        1880        1898
        1881        1883
        1881        1885
        1881        1886
        1881        1887
        1881        1896
        1882        1885
        1882        1886
        1882        1887
        1882        1899
        1882        1900
        1882        1904
        1883        1884
        1883        1897
        1883        1898
        1884        1896
        1888        1892
        1888        1893
        1888        1894
        1889        1891
        1890        1891
        1892        1895
        1893        1895
        1896        1901
        1896        1902
        1896        1903
        1896        1905
        1896        1906
        1897        1899
        1897        1900
        1897        1904
        1898        1907
        1898        1908
        1899        1901
        1899        1902
        1899        1903
        1899        1905
        1899        1906
        1900        1905
        1900        1906
        1901        1904
        1902        1904
        1903        1904
        1904        1909
        1904        1910
        1904        1915
        1905        1907
        1905        1908
        1906        1911
        1906        1912
        1906        1916
        1906        1917
        1906        1918
        1907        1909
        1907        1910
        1907        1915
        1908        1913
        1908        1914
        1908        1919
        1908        1920
        1908        1921
        1909        1911
        1909        1912
        1909        1916
        1909        1917
        1909        1918
        1910        1916
        1910        1917
        1910        1918
        1911        1913
        1911        1914
        1911        1915
        1912        1915
        1915        1922
        1915        1923
        1916        1919
        1916        1920
        1916        1921
        1917        1919
        1917        1920
        1917        1921
        1918        1924
        1918        1925
        1919        1922
        1919        1923
        1920        1922
        1920        1923
        1921        1926
        1921        1927
        1921        1943
        1922        1924
        1922        1925
        1923        1928
        1923        1929
        1923        1930
        1923        1944
        1923        1945
        1924        1926
        1924        1927
        1924        1943
        1925        1931
        1925        1932
        1925        1933
        1925        1946
        1925        1947
        1926        1928
        1926        1929
        1926        1930
        1926        1944
        1926        1945
        1927        1934
        1927        1935
        1927        1936
        1927        1944
        1927        1945
        1928        1931
        1928        1932
        1928        1933
        1928        1943
        1929        1931
        1929        1932
        1929        1933
        1929        1943
        1930        1937
        1930        1938
        1930        1939
        1930        1943
        1931        1934
        1931        1935
        1931        1936
        1932        1934
        1932        1935
        1932        1936
        1933        1940
        1933        1941
        1933        1942
        1934        1937
        1934        1938
        1934        1939
        1935        1937
        1935        1938
        1935        1939
        1937        1940
        1937        1941
        1937        1942
        1938        1940
        1938        1941
        1938        1942
        1943        1948
        1943        1949
        1943        1953
        1944        1946
        1944        1947
        1945        1950
        1945        1951
        1945        1952
        1945        1954
        1945        1955
        1946        1948
        1946        1949
        1946        1953
        1947        1956
        1947        1957
        1948        1950
        1948        1951
        1948        1952
        1948        1954
        1948        1955
        1949        1954
        1949        1955
        1950        1953
        1951        1953
        1952        1953
        1953        1958
        1953        1959
        1953        1963
        1954        1956
        1954        1957
        1955        1960
        1955        1961
        1955        1962
        1955        1964
        1955        1965
        1956        1958
        1956        1959
        1956        1963
        1958        1960
        1958        1961
        1958        1962
        1958        1964
        1958        1965
        1959        1964
        1959        1965
        1960        1963
        1961        1963
        1962        1963
        1966        1969
        1966        1974
        1966        1975
        1966        1982
        1966        1983
        1966        1985
        1966        1988
        1966        1995
        1966        2008
        1966        2020
        1967        1968
        1967        1972
        1967        1973
        1967        1981
        1967        2019
        1968        1971
        1968        1982
        1968        1983
        1968        1992
        1968        2021
        1969        1981
        1969        1986
        1969        1987
        1969        1989
        1969        1990
        1969        1991
        1970        1972
        1970        1973
        1970        1981
        1970        1986
        1970        1987
        1970        1989
        1970        1990
        1970        1991
        1970        2019
        1971        1976
        1971        1977
        1971        1984
        1971        1986
        1971        1987
        1971        2019
        1972        1974
        1972        1975
        1972        1982
        1972        1983
        1972        1985
        1972        2021
        1973        1978
        1973        1979
        1973        1980
        1973        1982
        1973        1983
        1973        1985
        1973        2021
        1974        1976
        1974        1977
        1974        1981
        1975        1981
        1976        1978
        1976        1979
        1976        1980
        1981        1988
        1981        2021
        1982        1984
        1982        1986
        1982        1987
        1983        1986
        1983        1987
        1984        1985
        1985        1989
        1985        1990
        1985        1991
        1986        1988
        1987        1988
        1989        1992
        1990        1992
        1993        1996
        1993        2001
        1993        2002
        1993        2009
        1993        2010
        1993        2019
        1993        2022
        1993        2099
        1993        2112
        1993        2117
        1994        1995
        1994        1999
        1994        2000
        1994        2008
        1994        2116
        1995        1998
        1995        2009
        1995        2010
        1995        2026
        1995        2118
        1996        2008
        1996        2020
        1996        2021
        1996        2023
        1996        2024
        1996        2025
        1997        1999
        1997        2000
        1997        2008
        1997        2020
        1997        2021
        1997        2023
        1997        2024
        1997        2025
        1997        2116
        1998        2003
        1998        2004
        1998        2011
        1998        2020
        1998        2021
        1998        2116
        1999        2001
        1999        2002
        1999        2009
        1999        2010
        1999        2019
        1999        2118
        2000        2005
        2000        2006
        2000        2007
        2000        2009
        2000        2010
        2000        2019
        2000        2118
        2001        2003
        2001        2004
        2001        2008
        2002        2008
        2003        2005
        2003        2006
        2003        2007
        2008        2012
        2008        2013
        2008        2015
        2008        2022
        2008        2118
        2009        2011
        2009        2020
        2009        2021
        2010        2014
        2010        2016
        2010        2017
        2010        2018
        2010        2020
        2010        2021
        2010        2027
        2011        2019
        2011        2028
        2011        2029
        2012        2014
        2012        2016
        2012        2017
        2012        2018
        2012        2027
        2013        2016
        2013        2017
        2013        2018
        2013        2030
        2013        2031
        2013        2035
        2014        2015
        2014        2028
        2014        2029
        2015        2027
        2019        2023
        2019        2024
        2019        2025
        2020        2022
        2021        2022
        2023        2026
        2024        2026
        2027        2032
        2027        2033
        2027        2034
        2027        2036
        2027        2037
        2028        2030
        2028        2031
        2028        2035
        2029        2038
        2029        2039
        2030        2032
        2030        2033
        2030        2034
        2030        2036
        2030        2037
        2031        2036
        2031        2037
        2032        2035
        2033        2035
        2034        2035
        2035        2040
        2035        2041
        2035        2046
        2036        2038
        2036        2039
        2037        2042
        2037        2043
        2037        2047
        2037        2048
        2037        2049
        2038        2040
        2038        2041
        2038        2046
        2039        2044
        2039        2045
        2039        2050
        2039        2051
        2039        2052
        2040        2042
        2040        2043
        2040        2047
        2040        2048
        2040        2049
        2041        2047
        2041        2048
        2041        2049
        2042        2044
        2042        2045
        2042        2046
        2043        2046
        2046        2053
        2046        2054
        2047        2050
        2047        2051
        2047        2052
        2048        2050
        2048        2051
        2048        2052
        2049        2055
        2049        2056
        2050        2053
        2050        2054
        2051        2053
        2051        2054
        2052        2057
        2052        2058
        2052        2074
        2053        2055
        2053        2056
        2054        2059
        2054        2060
        2054        2061
        2054        2075
        2054        2076
        2055        2057
        2055        2058
        2055        2074
        2056        2062
        2056        2063
        2056        2064
        2056        2077
        2056        2078
        2057        2059
        2057        2060
        2057        2061
        2057        2075
        2057        2076
        2058        2065
        2058        2066
        2058        2067
        2058        2075
        2058        2076
        2059        2062
        2059        2063
        2059        2064
        2059        2074
        2060        2062
        2060        2063
        2060        2064
        2060        2074
        2061        2068
        2061        2069
        2061        2070
        2061        2074
        2062        2065
        2062        2066
        2062        2067
        2063        2065
        2063        2066
        2063        2067
        2064        2071
        2064        2072
        2064        2073
        2065        2068
        2065        2069
        2065        2070
        2066        2068
        2066        2069
        2066        2070
        2068        2071
        2068        2072
        2068        2073
        2069        2071
        2069        2072
        2069        2073
        2074        2079
        2074        2080
        2074        2084
        2075        2077
        2075        2078
        2076        2081
        2076        2082
        2076        2083
        2076        2085
        2076        2086
        2077        2079
        2077        2080
        2077        2084
        2078        2087
        2078        2088
        2079        2081
        2079        2082
        2079        2083
        2079        2085
        2079        2086
        2080        2085
        2080        2086
        2081        2084
        2082        2084
        2083        2084
        2084        2089
        2084        2090
        2084        2094
        2085        2087
        2085        2088
        2086        2091
        2086        2092
        2086        2093
        2086        2095
        2086        2096
        2087        2089
        2087        2090
        2087        2094
        2089        2091
        2089        2092
        2089        2093
        2089        2095
        2089        2096
        2090        2095
        2090        2096
        2091        2094
        2092        2094
        2093        2094
        2097        2100
        2097        2105
        2097        2106
        2097        2113
        2097        2114
        2097        2116
        2097        2119
        2097        2126
        2097        2139
        2097        2151
        2098        2099
        2098        2103
        2098        2104
        2098        2112
        2098        2150
        2099        2102
        2099        2113
        2099        2114
        2099        2123
        2099        2152
        2100        2112
        2100        2117
        2100        2118
        2100        2120
        2100        2121
        2100        2122
        2101        2103
        2101        2104
        2101        2112
        2101        2117
        2101        2118
        2101        2120
        2101        2121
        2101        2122
        2101        2150
        2102        2107
        2102        2108
        2102        2115
        2102        2117
        2102        2118
        2102        2150
        2103        2105
        2103        2106
        2103        2113
        2103        2114
        2103        2116
        2103        2152
        2104        2109
        2104        2110
        2104        2111
        2104        2113
        2104        2114
        2104        2116
        2104        2152
        2105        2107
        2105        2108
        2105        2112
        2106        2112
        2107        2109
        2107        2110
        2107        2111
        2112        2119
        2112        2152
        2113        2115
        2113        2117
        2113        2118
        2114        2117
        2114        2118
        2115        2116
        2116        2120
        2116        2121
        2116        2122
        2117        2119
        2118        2119
        2120        2123
        2121        2123
        2124        2127
        2124        2132
        2124        2133
        2124        2140
        2124        2141
        2124        2150
        2124        2153
        2124        2230
        2124        2243
        2124        2248
        2125        2126
        2125        2130
        2125        2131
        2125        2139
        2125        2247
        2126        2129
        2126        2140
        2126        2141
        2126        2157
        2126        2249
        2127        2139
        2127        2151
        2127        2152
        2127        2154
        2127        2155
        2127        2156
        2128        2130
        2128        2131
        2128        2139
        2128        2151
        2128        2152
        2128        2154
        2128        2155
        2128        2156
        2128        2247
        2129        2134
        2129        2135
        2129        2142
        2129        2151
        2129        2152
        2129        2247
        2130        2132
        2130        2133
        2130        2140
        2130        2141
        2130        2150
        2130        2249
        2131        2136
        2131        2137
        2131        2138
        2131        2140
        2131        2141
        2131        2150
        2131        2249
        2132        2134
        2132        2135
        2132        2139
        2133        2139
        2134        2136
        2134        2137
        2134        2138
        2139        2143
        2139        2144
        2139        2146
        2139        2153
        2139        2249
        2140        2142
        2140        2151
        2140        2152
        2141        2145
        2141        2147
        2141        2148
        2141        2149
        2141        2151
        2141        2152
        2141        2158
        2142        2150
        2142        2159
        2142        2160
        2143        2145
        2143        2147
        2143        2148
        2143        2149
        2143        2158
        2144        2147
        2144        2148
        2144        2149
        2144        2161
        2144        2162
        2144        2166
        2145        2146
        2145        2159
        2145        2160
        2146        2158
        2150        2154
        2150        2155
        2150        2156
        2151        2153
        2152        2153
        2154        2157
        2155        2157
        2158        2163
        2158        2164
        2158        2165
        2158        2167
        2158        2168
        2159        2161
        2159        2162
        2159        2166
        2160        2169
        2160        2170
        2161        2163
        2161        2164
        2161        2165
        2161        2167
        2161        2168
        2162        2167
        2162        2168
        2163        2166
        2164        2166
        2165        2166
        2166        2171
        2166        2172
        2166        2177
        2167        2169
        2167        2170
        2168        2173
        2168        2174
        2168        2178
        2168        2179
        2168        2180
        2169        2171
        2169        2172
        2169        2177
        2170        2175
        2170        2176
        2170        2181
        2170        2182
        2170        2183
        2171        2173
        2171        2174
        2171        2178
        2171        2179
        2171        2180
        2172        2178
        2172        2179
        2172        2180
        2173        2175
        2173        2176
        2173        2177
        2174        2177
        2177        2184
        2177        2185
        2178        2181
        2178        2182
        2178        2183
        2179        2181
        2179        2182
        2179        2183
        2180        2186
        2180        2187
        2181        2184
        2181        2185
        2182        2184
        2182        2185
        2183        2188
        2183        2189
        2183        2205
        2184        2186
        2184        2187
        2185        2190
        2185        2191
        2185        2192
        2185        2206
        2185        2207
        2186        2188
        2186        2189
        2186        2205
        2187        2193
        2187        2194
        2187        2195
        2187        2208
        2187        2209
        2188        2190
        2188        2191
        2188        2192
        2188        2206
        2188        2207
        2189        2196
        2189        2197
        2189        2198
        2189        2206
        2189        2207
        2190        2193
        2190        2194
        2190        2195
        2190        2205
        2191        2193
        2191        2194
        2191        2195
        2191        2205
        2192        2199
        2192        2200
        2192        2201
        2192        2205
        2193        2196
        2193        2197
        2193        2198
        2194        2196
        2194        2197
        2194        2198
        2195        2202
        2195        2203
        2195        2204
        2196        2199
        2196        2200
        2196        2201
        2197        2199
        2197        2200
        2197        2201
        2199        2202
        2199        2203
        2199        2204
        2200        2202
        2200        2203
        2200        2204
        2205        2210
        2205        2211
        2205        2215
        2206        2208
        2206        2209
        2207        2212
        2207        2213
        2207        2214
        2207        2216
        2207        2217
        2208        2210
        2208        2211
        2208        2215
        2209        2218
        2209        2219
        2210        2212
        2210        2213
        2210        2214
        2210        2216
        2210        2217
        2211        2216
        2211        2217
        2212        2215
        2213        2215
        2214        2215
        2215        2220
        2215        2221
        2215        2225
        2216        2218
        2216        2219
        2217        2222
        2217        2223
        2217        2224
        2217        2226
        2217        2227
        2218        2220
        2218        2221
        2218        2225
        2220        2222
        2220        2223
        2220        2224
        2220        2226
        2220        2227
        2221        2226
        2221        2227
        2222        2225
        2223        2225
        2224        2225
        2228        2231
        2228        2236
        2228        2237
        2228        2244
        2228        2245
        2228        2247
        2228        2250
        2228        2257
        2228        2270
        2228        2282
        2229        2230
        2229        2234
        2229        2235
        2229        2243
        2229        2281
        2230        2233
        2230        2244
        2230        2245
        2230        2254
        2230        2283
        2231        2243
        2231        2248
        2231        2249
        2231        2251
        2231        2252
        2231        2253
        2232        2234
        2232        2235
        2232        2243
        2232        2248
        2232        2249
        2232        2251
        2232        2252
        2232        2253
        2232        2281
        2233        2238
        2233        2239
        2233        2246
        2233        2248
        2233        2249
        2233        2281
        2234        2236
        2234        2237
        2234        2244
        2234        2245
        2234        2247
        2234        2283
        2235        2240
        2235        2241
        2235        2242
        2235        2244
        2235        2245
        2235        2247
        2235        2283
        2236        2238
        2236        2239
        2236        2243
        2237        2243
        2238        2240
        2238        2241
        2238        2242
        2243        2250
        2243        2283
        2244        2246
        2244        2248
        2244        2249
        2245        2248
        2245        2249
        2246        2247
        2247        2251
        2247        2252
        2247        2253
        2248        2250
        2249        2250
        2251        2254
        2252        2254
        2255        2258
        2255        2263
        2255        2264
        2255        2271
        2255        2272
        2255        2281
        2255        2284
        2255        2361
        2255        2374
        2255        2379
        2256        2257
        2256        2261
        2256        2262
        2256        2270
        2256        2378
        2257        2260
        2257        2271
        2257        2272
        2257        2288
        2257        2380
        2258        2270
        2258        2282
        2258        2283
        2258        2285
        2258        2286
        2258        2287
        2259        2261
        2259        2262
        2259        2270
        2259        2282
        2259        2283
        2259        2285
        2259        2286
        2259        2287
        2259        2378
        2260        2265
        2260        2266
        2260        2273
        2260        2282
        2260        2283
        2260        2378
        2261        2263
        2261        2264
        2261        2271
        2261        2272
        2261        2281
        2261        2380
        2262        2267
        2262        2268
        2262        2269
        2262        2271
        2262        2272
        2262        2281
        2262        2380
        2263        2265
        2263        2266
        2263        2270
        2264        2270
        2265        2267
        2265        2268
        2265        2269
        2270        2274
        2270        2275
        2270        2277
        2270        2284
        2270        2380
        2271        2273
        2271        2282
        2271        2283
        2272        2276
        2272        2278
        2272        2279
        2272        2280
        2272        2282
        2272        2283
        2272        2289
        2273        2281
        2273        2290
        2273        2291
        2274        2276
        2274        2278
        2274        2279
        2274        2280
        2274        2289
        2275        2278
        2275        2279
        2275        2280
        2275        2292
        2275        2293
        2275        2297
        2276        2277
        2276        2290
        2276        2291
        2277        2289
        2281        2285
        2281        2286
        2281        2287
        2282        2284
        2283        2284
        2285        2288
        2286        2288
        2289        2294
        2289        2295
        2289        2296
        2289        2298
        2289        2299
        2290        2292
        2290        2293
        2290        2297
        2291        2300
        2291        2301
        2292        2294
        2292        2295
        2292        2296
        2292        2298
        2292        2299
        2293        2298
        2293        2299
        2294        2297
        2295        2297
        2296        2297
        2297        2302
        2297        2303
        2297        2308
        2298        2300
        2298        2301
        2299        2304
        2299        2305
        2299        2309
        2299        2310
        2299        2311
        2300        2302
        2300        2303
        2300        2308
        2301        2306
        2301        2307
        2301        2312
        2301        2313
        2301        2314
        2302        2304
        2302        2305
        2302        2309
        2302        2310
        2302        2311
        2303        2309
        2303        2310
        2303        2311
        2304        2306
        2304        2307
        2304        2308
        2305        2308
        2308        2315
        2308        2316
        2309        2312
        2309        2313
        2309        2314
        2310        2312
        2310        2313
        2310        2314
        2311        2317
        2311        2318
        2312        2315
        2312        2316
        2313        2315
        2313        2316
        2314        2319
        2314        2320
        2314        2336
        2315        2317
        2315        2318
        2316        2321
        2316        2322
        2316        2323
        2316        2337
        2316        2338
        2317        2319
        2317        2320
        2317        2336
        2318        2324
        2318        2325
        2318        2326
        2318        2339
        2318        2340
        2319        2321
        2319        2322
        2319        2323
        2319        2337
        2319        2338
        2320        2327
        2320        2328
        2320        2329
        2320        2337
        2320        2338
        2321        2324
        2321        2325
        2321        2326
        2321        2336
        2322        2324
        2322        2325
        2322        2326
        2322        2336
        2323        2330
        2323        2331
        2323        2332
        2323        2336
        2324        2327
        2324        2328
        2324        2329
        2325        2327
        2325        2328
        2325        2329
        2326        2333
        2326        2334
        2326        2335
        2327        2330
        2327        2331
        2327        2332
        2328        2330
        2328        2331
        2328        2332
        2330        2333
        2330        2334
        2330        2335
        2331        2333
        2331        2334
        2331        2335
        2336        2341
        2336        2342
        2336        2346
        2337        2339
        2337        2340
        2338        2343
        2338        2344
        2338        2345
        2338        2347
        2338        2348
        2339        2341
        2339        2342
        2339        2346
        2340        2349
        2340        2350
        2341        2343
        2341        2344
        2341        2345
        2341        2347
        2341        2348
        2342        2347
        2342        2348
        2343        2346
        2344        2346
        2345        2346
        2346        2351
        2346        2352
        2346        2356
        2347        2349
        2347        2350
        2348        2353
        2348        2354
        2348        2355
        2348        2357
        2348        2358
        2349        2351
        2349        2352
        2349        2356
        2351        2353
        2351        2354
        2351        2355
        2351        2357
        2351        2358
        2352        2357
        2352        2358
        2353        2356
        2354        2356
        2355        2356
        2359        2362
        2359        2367
        2359        2368
        2359        2375
        2359        2376
        2359        2378
        2359        2381
        2359        2388
        2359        2401
        2359        2413
        2360        2361
        2360        2365
        2360        2366
        2360        2374
        2360        2412
        2361        2364
        2361        2375
        2361        2376
        2361        2385
        2361        2414
        2362        2374
        2362        2379
        2362        2380
        2362        2382
        2362        2383
        2362        2384
        2363        2365
        2363        2366
        2363        2374
        2363        2379
        2363        2380
        2363        2382
        2363        2383
        2363        2384
        2363        2412
        2364        2369
        2364        2370
        2364        2377
        2364        2379
        2364        2380
        2364        2412
        2365        2367
        2365        2368
        2365        2375
        2365        2376
        2365        2378
        2365        2414
        2366        2371
        2366        2372
        2366        2373
        2366        2375
        2366        2376
        2366        2378
        2366        2414
        2367        2369
        2367        2370
        2367        2374
        2368        2374
        2369        2371
        2369        2372
        2369        2373
        2374        2381
        2374        2414
        2375        2377
        2375        2379
        2375        2380
        2376        2379
        2376        2380
        2377        2378
        2378        2382
        2378        2383
        2378        2384
        2379        2381
        2380        2381
        2382        2385
        2383        2385
        2386        2389
        2386        2394
        2386        2395
        2386        2402
        2386        2403
        2386        2412
        2386        2415
        2386        2492
        2386        2505
        2386        2510
        2387        2388
        2387        2392
        2387        2393
        2387        2401
        2387        2509
        2388        2391
        2388        2402
        2388        2403
        2388        2419
        2388        2511
        2389        2401
        2389        2413
        2389        2414
        2389        2416
        2389        2417
        2389        2418
        2390        2392
        2390        2393
        2390        2401
        2390        2413
        2390        2414
        2390        2416
        2390        2417
        2390        2418
        2390        2509
        2391        2396
        2391        2397
        2391        2404
        2391        2413
        2391        2414
        2391        2509
        2392        2394
        2392        2395
        2392        2402
        2392        2403
        2392        2412
        2392        2511
        2393        2398
        2393        2399
        2393        2400
        2393        2402
        2393        2403
        2393        2412
        2393        2511
        2394        2396
        2394        2397
        2394        2401
        2395        2401
        2396        2398
        2396        2399
        2396        2400
        2401        2405
        2401        2406
        2401        2408
        2401        2415
        2401        2511
        2402        2404
        2402        2413
        2402        2414
        2403        2407
        2403        2409
        2403        2410
        2403        2411
        2403        2413
        2403        2414
        2403        2420
        2404        2412
        2404        2421
        2404        2422
        2405        2407
        2405        2409
        2405        2410
        2405        2411
        2405        2420
        2406        2409
        2406        2410
        2406        2411
        2406        2423
        2406        2424
        2406        2428
        2407        2408
        2407        2421
        2407        2422
        2408        2420
        2412        2416
        2412        2417
        2412        2418
        2413        2415
        2414        2415
        2416        2419
        2417        2419
        2420        2425
        2420        2426
        2420        2427
        2420        2429
        2420        2430
        2421        2423
        2421        2424
        2421        2428
        2422        2431
        2422        2432
        2423        2425
        2423        2426
        2423        2427
        2423        2429
        2423        2430
        2424        2429
        2424        2430
        2425        2428
        2426        2428
        2427        2428
        2428        2433
        2428        2434
        2428        2439
        2429        2431
        2429        2432
        2430        2435
        2430        2436
        2430        2440
        2430        2441
        2430        2442
        2431        2433
        2431        2434
        2431        2439
        2432        2437
        2432        2438
        2432        2443
        2432        2444
        2432        2445
        2433        2435
        2433        2436
        2433        2440
        2433        2441
        2433        2442
        2434        2440
        2434        2441
        2434        2442
        2435        2437
        2435        2438
        2435        2439
        2436        2439
        2439        2446
        2439        2447
        2440        2443
        2440        2444
        2440        2445
        2441        2443
        2441        2444
        2441        2445
        2442        2448
        2442        2449
        2443        2446
        2443        2447
        2444        2446
        2444        2447
        2445        2450
        2445        2451
        2445        2467
        2446        2448
        2446        2449
        2447        2452
        2447        2453
        2447        2454
        2447        2468
        2447        2469
        2448        2450
        2448        2451
        2448        2467
        2449        2455
        2449        2456
        2449        2457
        2449        2470
        2449        2471
        2450        2452
        2450        2453
        2450        2454
        2450        2468
        2450        2469
        2451        2458
        2451        2459
        2451        2460
        2451        2468
        2451        2469
        2452        2455
        2452        2456
        2452        2457
        2452        2467
        2453        2455
        2453        2456
        2453        2457
        2453        2467
        2454        2461
        2454        2462
        2454        2463
        2454        2467
        2455        2458
        2455        2459
        2455        2460
        2456        2458
        2456        2459
        2456        2460
        2457        2464
        2457        2465
        2457        2466
        2458        2461
        2458        2462
        2458        2463
        2459        2461
        2459        2462
        2459        2463
        2461        2464
        2461        2465
        2461        2466
        2462        2464
        2462        2465
        2462        2466
        2467        2472
        2467        2473
        2467        2477
        2468        2470
        2468        2471
        2469        2474
        2469        2475
        2469        2476
        2469        2478
        2469        2479
        2470        2472
        2470        2473
        2470        2477
        2471        2480
        2471        2481
        2472        2474
        2472        2475
        2472        2476
        2472        2478
        2472        2479
        2473        2478
        2473        2479
        2474        2477
        2475        2477
        2476        2477
        2477        2482
        2477        2483
        2477        2487
        2478        2480
        2478        2481
        2479        2484
        2479        2485
        2479        2486
        2479        2488
        2479        2489
        2480        2482
        2480        2483
        2480        2487
        2482        2484
        2482        2485
        2482        2486
        2482        2488
        2482        2489
        2483        2488
        2483        2489
        2484        2487
        2485        2487
        2486        2487
        2490        2493
        2490        2498
        2490        2499
        2490        2506
        2490        2507
        2490        2509
        2490        2512
        2490        2519
        2490        2532
        2490        2544
        2491        2492
        2491        2496
        2491        2497
        2491        2505
        2491        2543
        2492        2495
        2492        2506
        2492        2507
        2492        2516
        2492        2545
        2493        2505
        2493        2510
        2493        2511
        2493        2513
        2493        2514
        2493        2515
        2494        2496
        2494        2497
        2494        2505
        2494        2510
        2494        2511
        2494        2513
        2494        2514
        2494        2515
        2494        2543
        2495        2500
        2495        2501
        2495        2508
        2495        2510
        2495        2511
        2495        2543
        2496        2498
        2496        2499
        2496        2506
        2496        2507
        2496        2509
        2496        2545
        2497        2502
        2497        2503
        2497        2504
        2497        2506
        2497        2507
        2497        2509
        2497        2545
        2498        2500
        2498        2501
        2498        2505
        2499        2505
        2500        2502
        2500        2503
        2500        2504
        2505        2512
        2505        2545
        2506        2508
        2506        2510
        2506        2511
        2507        2510
        2507        2511
        2508        2509
        2509        2513
        2509        2514
        2509        2515
        2510        2512
        2511        2512
        2513        2516
        2514        2516
        2517        2520
        2517        2525
        2517        2526
        2517        2533
        2517        2534
        2517        2543
        2517        2546
        2517        2623
        2517        2636
        2517        2641
        2518        2519
        2518        2523
        2518        2524
        2518        2532
        2518        2640
        2519        2522
        2519        2533
        2519        2534
        2519        2550
        2519        2642
        2520        2532
        2520        2544
        2520        2545
        2520        2547
        2520        2548
        2520        2549
        2521        2523
        2521        2524
        2521        2532
        2521        2544
        2521        2545
        2521        2547
        2521        2548
        2521        2549
        2521        2640
        2522        2527
        2522        2528
        2522        2535
        2522        2544
        2522        2545
        2522        2640
        2523        2525
        2523        2526
        2523        2533
        2523        2534
        2523        2543
        2523        2642
        2524        2529
        2524        2530
        2524        2531
        2524        2533
        2524        2534
        2524        2543
        2524        2642
        2525        2527
        2525        2528
        2525        2532
        2526        2532
        2527        2529
        2527        2530
        2527        2531
        2532        2536
        2532        2537
        2532        2539
        2532        2546
        2532        2642
        2533        2535
        2533        2544
        2533        2545
        2534        2538
        2534        2540
        2534        2541
        2534        2542
        2534        2544
        2534        2545
        2534        2551
        2535        2543
        2535        2552
        2535        2553
        2536        2538
        2536        2540
        2536        2541
        2536        2542
        2536        2551
        2537        2540
        2537        2541
        2537        2542
        2537        2554
        2537        2555
        2537        2559
        2538        2539
        2538        2552
        2538        2553
        2539        2551
        2543        2547
        2543        2548
        2543        2549
        2544        2546
        2545        2546
        2547        2550
        2548        2550
        2551        2556
        2551        2557
        2551        2558
        2551        2560
        2551        2561
        2552        2554
        2552        2555
        2552        2559
        2553        2562
        2553        2563
        2554        2556
        2554        2557
        2554        2558
        2554        2560
        2554        2561
        2555        2560
        2555        2561
        2556        2559
        2557        2559
        2558        2559
        2559        2564
        2559        2565
        2559        2570
        2560        2562
        2560        2563
        2561        2566
        2561        2567
        2561        2571
        2561        2572
        2561        2573
        2562        2564
        2562        2565
        2562        2570
        2563        2568
        2563        2569
        2563        2574
        2563        2575
        2563        2576
        2564        2566
        2564        2567
        2564        2571
        2564        2572
        2564        2573
        2565        2571
        2565        2572
        2565        2573
        2566        2568
        2566        2569
        2566        2570
        2567        2570
        2570        2577
        2570        2578
        2571        2574
        2571        2575
        2571        2576
        2572        2574
        2572        2575
        2572        2576
        2573        2579
        2573        2580
        2574        2577
        2574        2578
        2575        2577
        2575        2578
        2576        2581
        2576        2582
        2576        2598
        2577        2579
        2577        2580
        2578        2583
        2578        2584
        2578        2585
        2578        2599
        2578        2600
        2579        2581
        2579        2582
        2579        2598
        2580        2586
        2580        2587
        2580        2588
        2580        2601
        2580        2602
        2581        2583
        2581        2584
        2581        2585
        2581        2599
        2581        2600
        2582        2589
        2582        2590
        2582        2591
        2582        2599
        2582        2600
        2583        2586
        2583        2587
        2583        2588
        2583        2598
        2584        2586
        2584        2587
        2584        2588
        2584        2598
        2585        2592
        2585        2593
        2585        2594
        2585        2598
        2586        2589
        2586        2590
        2586        2591
        2587        2589
        2587        2590
        2587        2591
        2588        2595
        2588        2596
        2588        2597
        2589        2592
        2589        2593
        2589        2594
        2590        2592
        2590        2593
        2590        2594
        2592        2595
        2592        2596
        2592        2597
        2593        2595
        2593        2596
        2593        2597
        2598        2603
        2598        2604
        2598        2608
        2599        2601
        2599        2602
        2600        2605
        2600        2606
        2600        2607
        2600        2609
        2600        2610
        2601        2603
        2601        2604
        2601        2608
        2602        2611
        2602        2612
        2603        2605
        2603        2606
        2603        2607
        2603        2609
        2603        2610
        2604        2609
        2604        2610
        2605        2608
        2606        2608
        2607        2608
        2608        2613
        2608        2614
        2608        2618
        2609        2611
        2609        2612
        2610        2615
        2610        2616
        2610        2617
        2610        2619
        2610        2620
        2611        2613
        2611        2614
        2611        2618
        2613        2615
        2613        2616
        2613        2617
        2613        2619
        2613        2620
        2614        2619
        2614        2620
        2615        2618
        2616        2618
        2617        2618
        2621        2624
        2621        2629
        2621        2630
        2621        2637
        2621        2638
        2621        2640
        2621        2643
        2621        2650
        2621        2663
        2621        2675
        2622        2623
        2622        2627
        2622        2628
        2622        2636
        2622        2674
        2623        2626
        2623        2637
        2623        2638
        2623        2647
        2623        2676
        2624        2636
        2624        2641
        2624        2642
        2624        2644
        2624        2645
        2624        2646
        2625        2627
        2625        2628
        2625        2636
        2625        2641
        2625        2642
        2625        2644
        2625        2645
        2625        2646
        2625        2674
        2626        2631
        2626        2632
        2626        2639
        2626        2641
        2626        2642
        2626        2674
        2627        2629
        2627        2630
        2627        2637
        2627        2638
        2627        2640
        2627        2676
        2628        2633
        2628        2634
        2628        2635
        2628        2637
        2628        2638
        2628        2640
        2628        2676
        2629        2631
        2629        2632
        2629        2636
        2630        2636
        2631        2633
        2631        2634
        2631        2635
        2636        2643
        2636        2676
        2637        2639
        2637        2641
        2637        2642
        2638        2641
        2638        2642
        2639        2640
        2640        2644
        2640        2645
        2640        2646
        2641        2643
        2642        2643
        2644        2647
        2645        2647
        2648        2651
        2648        2656
        2648        2657
        2648        2664
        2648        2665
        2648        2674
        2648        2677
        2648        2754
        2648        2767
        2648        2772
        2649        2650
        2649        2654
        2649        2655
        2649        2663
        2649        2771
        2650        2653
        2650        2664
        2650        2665
        2650        2681
        2650        2773
        2651        2663
        2651        2675
        2651        2676
        2651        2678
        2651        2679
        2651        2680
        2652        2654
        2652        2655
        2652        2663
        2652        2675
        2652        2676
        2652        2678
        2652        2679
        2652        2680
        2652        2771
        2653        2658
        2653        2659
        2653        2666
        2653        2675
        2653        2676
        2653        2771
        2654        2656
        2654        2657
        2654        2664
        2654        2665
        2654        2674
        2654        2773
        2655        2660
        2655        2661
        2655        2662
        2655        2664
        2655        2665
        2655        2674
        2655        2773
        2656        2658
        2656        2659
        2656        2663
        2657        2663
        2658        2660
        2658        2661
        2658        2662
        2663        2667
        2663        2668
        2663        2670
        2663        2677
        2663        2773
        2664        2666
        2664        2675
        2664        2676
        2665        2669
        2665        2671
        2665        2672
        2665        2673
        2665        2675
        2665        2676
        2665        2682
        2666        2674
        2666        2683
        2666        2684
        2667        2669
        2667        2671
        2667        2672
        2667        2673
        2667        2682
        2668        2671
        2668        2672
        2668        2673
        2668        2685
        2668        2686
        2668        2690
        2669        2670
        2669        2683
        2669        2684
        2670        2682
        2674        2678
        2674        2679
        2674        2680
        2675        2677
        2676        2677
        2678        2681
        2679        2681
        2682        2687
        2682        2688
        2682        2689
        2682        2691
        2682        2692
        2683        2685
        2683        2686
        2683        2690
        2684        2693
        2684        2694
        2685        2687
        2685        2688
        2685        2689
        2685        2691
        2685        2692
        2686        2691
        2686        2692
        2687        2690
        2688        2690
        2689        2690
        2690        2695
        2690        2696
        2690        2701
        2691        2693
        2691        2694
        2692        2697
        2692        2698
        2692        2702
        2692        2703
        2692        2704
        2693        2695
        2693        2696
        2693        2701
        2694        2699
        2694        2700
        2694        2705
        2694        2706
        2694        2707
        2695        2697
        2695        2698
        2695        2702
        2695        2703
        2695        2704
        2696        2702
        2696        2703
        2696        2704
        2697        2699
        2697        2700
        2697        2701
        2698        2701
        2701        2708
        2701        2709
        2702        2705
        2702        2706
        2702        2707
        2703        2705
        2703        2706
        2703        2707
        2704        2710
        2704        2711
        2705        2708
        2705        2709
        2706        2708
        2706        2709
        2707        2712
        2707        2713
        2707        2729
        2708        2710
        2708        2711
        2709        2714
        2709        2715
        2709        2716
        2709        2730
        2709        2731
        2710        2712
        2710        2713
        2710        2729
        2711        2717
        2711        2718
        2711        2719
        2711        2732
        2711        2733
        2712        2714
        2712        2715
        2712        2716
        2712        2730
        2712        2731
        2713        2720
        2713        2721
        2713        2722
        2713        2730
        2713        2731
        2714        2717
        2714        2718
        2714        2719
        2714        2729
        2715        2717
        2715        2718
        2715        2719
        2715        2729
        2716        2723
        2716        2724
        2716        2725
        2716        2729
        2717        2720
        2717        2721
        2717        2722
        2718        2720
        2718        2721
        2718        2722
        2719        2726
        2719        2727
        2719        2728
        2720        2723
        2720        2724
        2720        2725
        2721        2723
        2721        2724
        2721        2725
        2723        2726
        2723        2727
        2723        2728
        2724        2726
        2724        2727
        2724        2728
        2729        2734
        2729        2735
        2729        2739
        2730        2732
        2730        2733
        2731        2736
        2731        2737
        2731        2738
        2731        2740
        2731        2741
        2732        2734
        2732        2735
        2732        2739
        2733        2742
        2733        2743
        2734        2736
        2734        2737
        2734        2738
        2734        2740
        2734        2741
        2735        2740
        2735        2741
        2736        2739
        2737        2739
        2738        2739
        2739        2744
        2739        2745
        2739        2749
        2740        2742
        2740        2743
        2741        2746
        2741        2747
        2741        2748
        2741        2750
        2741        2751
        2742        2744
        2742        2745
        2742        2749
        2744        2746
        2744        2747
        2744        2748
        2744        2750
        2744        2751
        2745        2750
        2745        2751
        2746        2749
        2747        2749
        2748        2749
        2752        2755
        2752        2760
        2752        2761
        2752        2768
        2752        2769
        2752        2771
        2752        2774
        2752        2781
        2752        2794
        2752        2806
        2753        2754
        2753        2758
        2753        2759
        2753        2767
        2753        2805
        2754        2757
        2754        2768
        2754        2769
        2754        2778
        2754        2807
        2755        2767
        2755        2772
        2755        2773
        2755        2775
        2755        2776
        2755        2777
        2756        2758
        2756        2759
        2756        2767
        2756        2772
        2756        2773
        2756        2775
        2756        2776
        2756        2777
        2756        2805
        2757        2762
        2757        2763
        2757        2770
        2757        2772
        2757        2773
        2757        2805
        2758        2760
        2758        2761
        2758        2768
        2758        2769
        2758        2771
        2758        2807
        2759        2764
        2759        2765
        2759        2766
        2759        2768
        2759        2769
        2759        2771
        2759        2807
        2760        2762
        2760        2763
        2760        2767
        2761        2767
        2762        2764
        2762        2765
        2762        2766
        2767        2774
        2767        2807
        2768        2770
        2768        2772
        2768        2773
        2769        2772
        2769        2773
        2770        2771
        2771        2775
        2771        2776
        2771        2777
        2772        2774
        2773        2774
        2775        2778
        2776        2778
        2779        2782
        2779        2787
        2779        2788
        2779        2795
        2779        2796
        2779        2805
        2779        2808
        2779        2885
        2779        2898
        2779        2903
        2780        2781
        2780        2785
        2780        2786
        2780        2794
        2780        2902
        2781        2784
        2781        2795
        2781        2796
        2781        2812
        2781        2904
        2782        2794
        2782        2806
        2782        2807
        2782        2809
        2782        2810
        2782        2811
        2783        2785
        2783        2786
        2783        2794
        2783        2806
        2783        2807
        2783        2809
        2783        2810
        2783        2811
        2783        2902
        2784        2789
        2784        2790
        2784        2797
        2784        2806
        2784        2807
        2784        2902
        2785        2787
        2785        2788
        2785        2795
        2785        2796
        2785        2805
        2785        2904
        2786        2791
        2786        2792
        2786        2793
        2786        2795
        2786        2796
        2786        2805
        2786        2904
        2787        2789
        2787        2790
        2787        2794
        2788        2794
        2789        2791
        2789        2792
        2789        2793
        2794        2798
        2794        2799
        2794        2801
        2794        2808
        2794        2904
        2795        2797
        2795        2806
        2795        2807
        2796        2800
        2796        2802
        2796        2803
        2796        2804
        2796        2806
        2796        2807
        2796        2813
        2797        2805
        2797        2814
        2797        2815
        2798        2800
        2798        2802
        2798        2803
        2798        2804
        2798        2813
        2799        2802
        2799        2803
        2799        2804
        2799        2816
        2799        2817
        2799        2821
        2800        2801
        2800        2814
        2800        2815
        2801        2813
        2805        2809
        2805        2810
        2805        2811
        2806        2808
        2807        2808
        2809        2812
        2810        2812
        2813        2818
        2813        2819
        2813        2820
        2813        2822
        2813        2823
        2814        2816
        2814        2817
        2814        2821
        2815        2824
        2815        2825
        2816        2818
        2816        2819
        2816        2820
        2816        2822
        2816        2823
        2817        2822
        2817        2823
        2818        2821
        2819        2821
        2820        2821
        2821        2826
        2821        2827
        2821        2832
        2822        2824
        2822        2825
        2823        2828
        2823        2829
        2823        2833
        2823        2834
        2823        2835
        2824        2826
        2824        2827
        2824        2832
        2825        2830
        2825        2831
        2825        2836
        2825        2837
        2825        2838
        2826        2828
        2826        2829
        2826        2833
        2826        2834
        2826        2835
        2827        2833
        2827        2834
        2827        2835
        2828        2830
        2828        2831
        2828        2832
        2829        2832
        2832        2839
        2832        2840
        2833        2836
        2833        2837
        2833        2838
        2834        2836
        2834        2837
        2834        2838
        2835        2841
        2835        2842
        2836        2839
        2836        2840
        2837        2839
        2837        2840
        2838        2843
        2838        2844
        2838        2860
        2839        2841
        2839        2842
        2840        2845
        2840        2846
        2840        2847
        2840        2861
        2840        2862
        2841        2843
        2841        2844
        2841        2860
        2842        2848
        2842        2849
        2842        2850
        2842        2863
        2842        2864
        2843        2845
        2843        2846
        2843        2847
        2843        2861
        2843        2862
        2844        2851
        2844        2852
        2844        2853
        2844        2861
        2844        2862
        2845        2848
        2845        2849
        2845        2850
        2845        2860
        2846        2848
        2846        2849
        2846        2850
        2846        2860
        2847        2854
        2847        2855
        2847        2856
        2847        2860
        2848        2851
        2848        2852
        2848        2853
        2849        2851
        2849        2852
        2849        2853
        2850        2857
        2850        2858
        2850        2859
        2851        2854
        2851        2855
        2851        2856
        2852        2854
        2852        2855
        2852        2856
        2854        2857
        2854        2858
        2854        2859
        2855        2857
        2855        2858
        2855        2859
        2860        2865
        2860        2866
        2860        2870
        2861        2863
        2861        2864
        2862        2867
        2862        2868
        2862        2869
        2862        2871
        2862        2872
        2863        2865
        2863        2866
        2863        2870
        2864        2873
        2864        2874
        2865        2867
        2865        2868
        2865        2869
        2865        2871
        2865        2872
        2866        2871
        2866        2872
        2867        2870
        2868        2870
        2869        2870
        2870        2875
        2870        2876
        2870        2880
        2871        2873
        2871        2874
        2872        2877
        2872        2878
        2872        2879
        2872        2881
        2872        2882
        2873        2875
        2873        2876
        2873        2880
        2875        2877
        2875        2878
        2875        2879
        2875        2881
        2875        2882
        2876        2881
        2876        2882
        2877        2880
        2878        2880
        2879        2880
        2883        2886
        2883        2891
        2883        2892
        2883        2899
        2883        2900
        2883        2902
        2883        2905
        2883        2912
        2883        2925
        2883        2937
        2884        2885
        2884        2889
        2884        2890
        2884        2898
        2884        2936
        2885        2888
        2885        2899
        2885        2900
        2885        2909
        2885        2938
        2886        2898
        2886        2903
        2886        2904
        2886        2906
        2886        2907
        2886        2908
        2887        2889
        2887        2890
        2887        2898
        2887        2903
        2887        2904
        2887        2906
        2887        2907
        2887        2908
        2887        2936
        2888        2893
        2888        2894
        2888        2901
        2888        2903
        2888        2904
        2888        2936
        2889        2891
        2889        2892
        2889        2899
        2889        2900
        2889        2902
        2889        2938
        2890        2895
        2890        2896
        2890        2897
        2890        2899
        2890        2900
        2890        2902
        2890        2938
        2891        2893
        2891        2894
        2891        2898
        2892        2898
        2893        2895
        2893        2896
        2893        2897
        2898        2905
        2898        2938
        2899        2901
        2899        2903
        2899        2904
        2900        2903
        2900        2904
        2901        2902
        2902        2906
        2902        2907
        2902        2908
        2903        2905
        2904        2905
        2906        2909
        2907        2909
        2910        2913
        2910        2918
        2910        2919
        2910        2926
        2910        2927
        2910        2936
        2910        2939
        2910        3016
        2910        3029
        2910        3034
        2911        2912
        2911        2916
        2911        2917
        2911        2925
        2911        3033
        2912        2915
        2912        2926
        2912        2927
        2912        2943
        2912        3035
        2913        2925
        2913        2937
        2913        2938
        2913        2940
        2913        2941
        2913        2942
        2914        2916
        2914        2917
        2914        2925
        2914        2937
        2914        2938
        2914        2940
        2914        2941
        2914        2942
        2914        3033
        2915        2920
        2915        2921
        2915        2928
        2915        2937
        2915        2938
        2915        3033
        2916        2918
        2916        2919
        2916        2926
        2916        2927
        2916        2936
        2916        3035
        2917        2922
        2917        2923
        2917        2924
        2917        2926
        2917        2927
        2917        2936
        2917        3035
        2918        2920
        2918        2921
        2918        2925
        2919        2925
        2920        2922
        2920        2923
        2920        2924
        2925        2929
        2925        2930
        2925        2932
        2925        2939
        2925        3035
        2926        2928
        2926        2937
        2926        2938
        2927        2931
        2927        2933
        2927        2934
        2927        2935
        2927        2937
        2927        2938
        2927        2944
        2928        2936
        2928        2945
        2928        2946
        2929        2931
        2929        2933
        2929        2934
        2929        2935
        2929        2944
        2930        2933
        2930        2934
        2930        2935
        2930        2947
        2930        2948
        2930        2952
        2931        2932
        2931        2945
        2931        2946
        2932        2944
        2936        2940
        2936        2941
        2936        2942
        2937        2939
        2938        2939
        2940        2943
        2941        2943
        2944        2949
        2944        2950
        2944        2951
        2944        2953
        2944        2954
        2945        2947
        2945        2948
        2945        2952
        2946        2955
        2946        2956
        2947        2949
        2947        2950
        2947        2951
        2947        2953
        2947        2954
        2948        2953
        2948        2954
        2949        2952
        2950        2952
        2951        2952
        2952        2957
        2952        2958
        2952        2963
        2953        2955
        2953        2956
        2954        2959
        2954        2960
        2954        2964
        2954        2965
        2954        2966
        2955        2957
        2955        2958
        2955        2963
        2956        2961
        2956        2962
        2956        2967
        2956        2968
        2956        2969
        2957        2959
        2957        2960
        2957        2964
        2957        2965
        2957        2966
        2958        2964
        2958        2965
        2958        2966
        2959        2961
        2959        2962
        2959        2963
        2960        2963
        2963        2970
        2963        2971
        2964        2967
        2964        2968
        2964        2969
        2965        2967
        2965        2968
        2965        2969
        2966        2972
        2966        2973
        2967        2970
        2967        2971
        2968        2970
        2968        2971
        2969        2974
        2969        2975
        2969        2991
        2970        2972
        2970        2973
        2971        2976
        2971        2977
        2971        2978
        2971        2992
        2971        2993
        2972        2974
        2972        2975
        2972        2991
        2973        2979
        2973        2980
        2973        2981
        2973        2994
        2973        2995
        2974        2976
        2974        2977
        2974        2978
        2974        2992
        2974        2993
        2975        2982
        2975        2983
        2975        2984
        2975        2992
        2975        2993
        2976        2979
        2976        2980
        2976        2981
        2976        2991
        2977        2979
        2977        2980
        2977        2981
        2977        2991
        2978        2985
        2978        2986
        2978        2987
        2978        2991
        2979        2982
        2979        2983
        2979        2984
        2980        2982
        2980        2983
        2980        2984
        2981        2988
        2981        2989
        2981        2990
        2982        2985
        2982        2986
        2982        2987
        2983        2985
        2983        2986
        2983        2987
        2985        2988
        2985        2989
        2985        2990
        2986        2988
        2986        2989
        2986        2990
        2991        2996
        2991        2997
        2991        3001
        2992        2994
        2992        2995
        2993        2998
        2993        2999
        2993        3000
        2993        3002
        2993        3003
        2994        2996
        2994        2997
        2994        3001
        2995        3004
        2995        3005
        2996        2998
        2996        2999
        2996        3000
        2996        3002
        2996        3003
        2997        3002
        2997        3003
        2998        3001
        2999        3001
        3000        3001
        3001        3006
        3001        3007
        3001        3011
        3002        3004
        3002        3005
        3003        3008
        3003        3009
        3003        3010
        3003        3012
        3003        3013
        3004        3006
        3004        3007
        3004        3011
        3006        3008
        3006        3009
        3006        3010
        3006        3012
        3006        3013
        3007        3012
        3007        3013
        3008        3011
        3009        3011
        3010        3011
        3014        3017
        3014        3022
        3014        3023
        3014        3030
        3014        3031
        3014        3033
        3014        3036
        3014        3043
        3014        3056
        3014        3068
        3015        3016
        3015        3020
        3015        3021
        3015        3029
        3015        3067
        3016        3019
        3016        3030
        3016        3031
        3016        3040
        3016        3069
        3017        3029
        3017        3034
        3017        3035
        3017        3037
        3017        3038
        3017        3039
        3018        3020
        3018        3021
        3018        3029
        3018        3034
        3018        3035
        3018        3037
        3018        3038
        3018        3039
        3018        3067
        3019        3024
        3019        3025
        3019        3032
        3019        3034
        3019        3035
        3019        3067
        3020        3022
        3020        3023
        3020        3030
        3020        3031
        3020        3033
        3020        3069
        3021        3026
        3021        3027
        3021        3028
        3021        3030
        3021        3031
        3021        3033
        3021        3069
        3022        3024
        3022        3025
        3022        3029
        3023        3029
        3024        3026
        3024        3027
        3024        3028
        3029        3036
        3029        3069
        3030        3032
        3030        3034
        3030        3035
        3031        3034
        3031        3035
        3032        3033
        3033        3037
        3033        3038
        3033        3039
        3034        3036
        3035        3036
        3037        3040
        3038        3040
        3041        3044
        3041        3049
        3041        3050
        3041        3057
        3041        3058
        3041        3067
        3041        3070
        3041        3147
        3041        3160
        3041        3165
        3042        3043
        3042        3047
        3042        3048
        3042        3056
        3042        3164
        3043        3046
        3043        3057
        3043        3058
        3043        3074
        3043        3166
        3044        3056
        3044        3068
        3044        3069
        3044        3071
        3044        3072
        3044        3073
        3045        3047
        3045        3048
        3045        3056
        3045        3068
        3045        3069
        3045        3071
        3045        3072
        3045        3073
        3045        3164
        3046        3051
        3046        3052
        3046        3059
        3046        3068
        3046        3069
        3046        3164
        3047        3049
        3047        3050
        3047        3057
        3047        3058
        3047        3067
        3047        3166
        3048        3053
        3048        3054
        3048        3055
        3048        3057
        3048        3058
        3048        3067
        3048        3166
        3049        3051
        3049        3052
        3049        3056
        3050        3056
        3051        3053
        3051        3054
        3051        3055
        3056        3060
        3056        3061
        3056        3063
        3056        3070
        3056        3166
        3057        3059
        3057        3068
        3057        3069
        3058        3062
        3058        3064
        3058        3065
        3058        3066
        3058        3068
        3058        3069
        3058        3075
        3059        3067
        3059        3076
        3059        3077
        3060        3062
        3060        3064
        3060        3065
        3060        3066
        3060        3075
        3061        3064
        3061        3065
        3061        3066
        3061        3078
        3061        3079
        3061        3083
        3062        3063
        3062        3076
        3062        3077
        3063        3075
        3067        3071
        3067        3072
        3067        3073
        3068        3070
        3069        3070
        3071        3074
        3072        3074
        3075        3080
        3075        3081
        3075        3082
        3075        3084
        3075        3085
        3076        3078
        3076        3079
        3076        3083
        3077        3086
        3077        3087
        3078        3080
        3078        3081
        3078        3082
        3078        3084
        3078        3085
        3079        3084
        3079        3085
        3080        3083
        3081        3083
        3082        3083
        3083        3088
        3083        3089
        3083        3094
        3084        3086
        3084        3087
        3085        3090
        3085        3091
        3085        3095
        3085        3096
        3085        3097
        3086        3088
        3086        3089
        3086        3094
        3087        3092
        3087        3093
        3087        3098
        3087        3099
        3087        3100
        3088        3090
        3088        3091
        3088        3095
        3088        3096
        3088        3097
        3089        3095
        3089        3096
        3089        3097
        3090        3092
        3090        3093
        3090        3094
        3091        3094
        3094        3101
        3094        3102
        3095        3098
        3095        3099
        3095        3100
        3096        3098
        3096        3099
        3096        3100
        3097        3103
        3097        3104
        3098        3101
        3098        3102
        3099        3101
        3099        3102
        3100        3105
        3100        3106
        3100        3122
        3101        3103
        3101        3104
        3102        3107
        3102        3108
        3102        3109
        3102        3123
        3102        3124
        3103        3105
        3103        3106
        3103        3122
        3104        3110
        3104        3111
        3104        3112
        3104        3125
        3104        3126
        3105        3107
        3105        3108
        3105        3109
        3105        3123
        3105        3124
        3106        3113
        3106        3114
        3106        3115
        3106        3123
        3106        3124
        3107        3110
        3107        3111
        3107        3112
        3107        3122
        3108        3110
        3108        3111
        3108        3112
        3108        3122
        3109        3116
        3109        3117
        3109        3118
        3109        3122
        3110        3113
        3110        3114
        3110        3115
        3111        3113
        3111        3114
        3111        3115
        3112        3119
        3112        3120
        3112        3121
        3113        3116
        3113        3117
        3113        3118
        3114        3116
        3114        3117
        3114        3118
        3116        3119
        3116        3120
        3116        3121
        3117        3119
        3117        3120
        3117        3121
        3122        3127
        3122        3128
        3122        3132
        3123        3125
        3123        3126
        3124        3129
        3124        3130
        3124        3131
        3124        3133
        3124        3134
        3125        3127
        3125        3128
        3125        3132
        3126        3135
        3126        3136
        3127        3129
        3127        3130
        3127        3131
        3127        3133
        3127        3134
        3128        3133
        3128        3134
        3129        3132
        3130        3132
        3131        3132
        3132        3137
        3132        3138
        3132        3142
        3133        3135
        3133        3136
        3134        3139
        3134        3140
        3134        3141
        3134        3143
        3134        3144
        3135        3137
        3135        3138
        3135        3142
        3137        3139
        3137        3140
        3137        3141
        3137        3143
        3137        3144
        3138        3143
        3138        3144
        3139        3142
        3140        3142
        3141        3142
        3145        3148
        3145        3153
        3145        3154
        3145        3161
        3145        3162
        3145        3164
        3145        3167
        3145        3174
        3145        3187
        3145        3199
        3146        3147
        3146        3151
        3146        3152
        3146        3160
        3146        3198
        3147        3150
        3147        3161
        3147        3162
        3147        3171
        3147        3200
        3148        3160
        3148        3165
        3148        3166
        3148        3168
        3148        3169
        3148        3170
        3149        3151
        3149        3152
        3149        3160
        3149        3165
        3149        3166
        3149        3168
        3149        3169
        3149        3170
        3149        3198
        3150        3155
        3150        3156
        3150        3163
        3150        3165
        3150        3166
        3150        3198
        3151        3153
        3151        3154
        3151        3161
        3151        3162
        3151        3164
        3151        3200
        3152        3157
        3152        3158
        3152        3159
        3152        3161
        3152        3162
        3152        3164
        3152        3200
        3153        3155
        3153        3156
        3153        3160
        3154        3160
        3155        3157
        3155        3158
        3155        3159
        3160        3167
        3160        3200
        3161        3163
        3161        3165
        3161        3166
        3162        3165
        3162        3166
        3163        3164
        3164        3168
        3164        3169
        3164        3170
        3165        3167
        3166        3167
        3168        3171
        3169        3171
        3172        3175
        3172        3180
        3172        3181
        3172        3188
        3172        3189
        3172        3198
        3172        3201
        3172        3278
        3172        3291
        3172        3296
        3173        3174
        3173        3178
        3173        3179
        3173        3187
        3173        3295
        3174        3177
        3174        3188
        3174        3189
        3174        3205
        3174        3297
        3175        3187
        3175        3199
        3175        3200
        3175        3202
        3175        3203
        3175        3204
        3176        3178
        3176        3179
        3176        3187
        3176        3199
        3176        3200
        3176        3202
        3176        3203
        3176        3204
        3176        3295
        3177        3182
        3177        3183
        3177        3190
        3177        3199
        3177        3200
        3177        3295
        3178        3180
        3178        3181
        3178        3188
        3178        3189
        3178        3198
        3178        3297
        3179        3184
        3179        3185
        3179        3186
        3179        3188
        3179        3189
        3179        3198
        3179        3297
        3180        3182
        3180        3183
        3180        3187
        3181        3187
        3182        3184
        3182        3185
        3182        3186
        3187        3191
        3187        3192
        3187        3194
        3187        3201
        3187        3297
        3188        3190
        3188        3199
        3188        3200
        3189        3193
        3189        3195
        3189        3196
        3189        3197
        3189        3199
        3189        3200
        3189        3206
        3190        3198
        3190        3207
        3190        3208
        3191        3193
        3191        3195
        3191        3196
        3191        3197
        3191        3206
        3192        3195
        3192        3196
        3192        3197
        3192        3209
        3192        3210
        3192        3214
        3193        3194
        3193        3207
        3193        3208
        3194        3206
        3198        3202
        3198        3203
        3198        3204
        3199        3201
        3200        3201
        3202        3205
        3203        3205
        3206        3211
        3206        3212
        3206        3213
        3206        3215
        3206        3216
        3207        3209
        3207        3210
        3207        3214
        3208        3217
        3208        3218
        3209        3211
        3209        3212
        3209        3213
        3209        3215
        3209        3216
        3210        3215
        3210        3216
        3211        3214
        3212        3214
        3213        3214
        3214        3219
        3214        3220
        3214        3225
        3215        3217
        3215        3218
        3216        3221
        3216        3222
        3216        3226
        3216        3227
        3216        3228
        3217        3219
        3217        3220
        3217        3225
        3218        3223
        3218        3224
        3218        3229
        3218        3230
        3218        3231
        3219        3221
        3219        3222
        3219        3226
        3219        3227
        3219        3228
        3220        3226
        3220        3227
        3220        3228
        3221        3223
        3221        3224
        3221        3225
        3222        3225
        3225        3232
        3225        3233
        3226        3229
        3226        3230
        3226        3231
        3227        3229
        3227        3230
        3227        3231
        3228        3234
        3228        3235
        3229        3232
        3229        3233
        3230        3232
        3230        3233
        3231        3236
        3231        3237
        3231        3253
        3232        3234
        3232        3235
        3233        3238
        3233        3239
        3233        3240
        3233        3254
        3233        3255
        3234        3236
        3234        3237
        3234        3253
        3235        3241
        3235        3242
        3235        3243
        3235        3256
        3235        3257
        3236        3238
        3236        3239
        3236        3240
        3236        3254
        3236        3255
        3237        3244
        3237        3245
        3237        3246
        3237        3254
        3237        3255
        3238        3241
        3238        3242
        3238        3243
        3238        3253
        3239        3241
        3239        3242
        3239        3243
        3239        3253
        3240        3247
        3240        3248
        3240        3249
        3240        3253
        3241        3244
        3241        3245
        3241        3246
        3242        3244
        3242        3245
        3242        3246
        3243        3250
        3243        3251
        3243        3252
        3244        3247
        3244        3248
        3244        3249
        3245        3247
        3245        3248
        3245        3249
        3247        3250
        3247        3251
        3247        3252
        3248        3250
        3248        3251
        3248        3252
        3253        3258
        3253        3259
        3253        3263
        3254        3256
        3254        3257
        3255        3260
        3255        3261
        3255        3262
        3255        3264
        3255        3265
        3256        3258
        3256        3259
        3256        3263
        3257        3266
        3257        3267
        3258        3260
        3258        3261
        3258        3262
        3258        3264
        3258        3265
        3259        3264
        3259        3265
        3260        3263
        3261        3263
        3262        3263
        3263        3268
        3263        3269
        3263        3273
        3264        3266
        3264        3267
        3265        3270
        3265        3271
        3265        3272
        3265        3274
        3265        3275
        3266        3268
        3266        3269
        3266        3273
        3268        3270
        3268        3271
        3268        3272
        3268        3274
        3268        3275
        3269        3274
        3269        3275
        3270        3273
        3271        3273
        3272        3273
        3276        3279
        3276        3284
        3276        3285
        3276        3292
        3276        3293
        3276        3295
        3276        3298
        3276        3305
        3276        3318
        3276        3330
        3277        3278
        3277        3282
        3277        3283
        3277        3291
        3277        3329
        3278        3281
        3278        3292
        3278        3293
        3278        3302
        3278        3331
        3279        3291
        3279        3296
        3279        3297
        3279        3299
        3279        3300
        3279        3301
        3280        3282
        3280        3283
        3280        3291
        3280        3296
        3280        3297
        3280        3299
        3280        3300
        3280        3301
        3280        3329
        3281        3286
        3281        3287
        3281        3294
        3281        3296
        3281        3297
        3281        3329
        3282        3284
        3282        3285
        3282        3292
        3282        3293
        3282        3295
        3282        3331
        3283        3288
        3283        3289
        3283        3290
        3283        3292
        3283        3293
        3283        3295
        3283        3331
        3284        3286
        3284        3287
        3284        3291
        3285        3291
        3286        3288
        3286        3289
        3286        3290
        3291        3298
        3291        3331
        3292        3294
        3292        3296
        3292        3297
        3293        3296
        3293        3297
        3294        3295
        3295        3299
        3295        3300
        3295        3301
        3296        3298
        3297        3298
        3299        3302
        3300        3302
        3303        3306
        3303        3311
        3303        3312
        3303        3319
        3303        3320
        3303        3329
        3303        3332
        3304        3305
        3304        3309
        3304        3310
        3304        3318
        3305        3308
        3305        3319
        3305        3320
        3305        3336
        3306        3318
        3306        3330
        3306        3331
        3306        3333
        3306        3334
        3306        3335
        3307        3309
        3307        3310
        3307        3318
        3307        3330
        3307        3331
        3307        3333
        3307        3334
        3307        3335
        3308        3313
        3308        3314
        3308        3321
        3308        3330
        3308        3331
        3309        3311
        3309        3312
        3309        3319
        3309        3320
        3309        3329
        3310        3315
        3310        3316
        3310        3317
        3310        3319
        3310        3320
        3310        3329
        3311        3313
        3311        3314
        3311        3318
        3312        3318
        3313        3315
        3313        3316
        3313        3317
        3318        3322
        3318        3323
        3318        3325
        3318        3332
        3319        3321
        3319        3330
        3319        3331
        3320        3324
        3320        3326
        3320        3327
        3320        3328
        3320        3330
        3320        3331
        3320        3337
        3321        3329
        3321        3338
        3321        3339
        3322        3324
        3322        3326
        3322        3327
        3322        3328
        3322        3337
        3323        3326
        3323        3327
        3323        3328
        3323        3340
        3323        3341
        3323        3345
        3324        3325
        3324        3338
        3324        3339
        3325        3337
        3329        3333
        3329        3334
        3329        3335
        3330        3332
        3331        3332
        3333        3336
        3334        3336
        3337        3342
        3337        3343
        3337        3344
        3337        3346
        3337        3347
        3338        3340
        3338        3341
        3338        3345
        3339        3348
        3339        3349
        3340        3342
        3340        3343
        3340        3344
        3340        3346
        3340        3347
        3341        3346
        3341        3347
        3342        3345
        3343        3345
        3344        3345
        3345        3350
        3345        3351
        3345        3356
        3346        3348
        3346        3349
        3347        3352
        3347        3353
        3347        3357
        3347        3358
        3347        3359
        3348        3350
        3348        3351
        3348        3356
        3349        3354
        3349        3355
        3349        3360
        3349        3361
        3349        3362
        3350        3352
        3350        3353
        3350        3357
        3350        3358
        3350        3359
        3351        3357
        3351        3358
        3351        3359
        3352        3354
        3352        3355
        3352        3356
        3353        3356
        3356        3363
        3356        3364
        3357        3360
        3357        3361
        3357        3362
        3358        3360
        3358        3361
        3358        3362
        3359        3365
        3359        3366
        3360        3363
        3360        3364
        3361        3363
        3361        3364
        3362        3367
        3362        3368
        3362        3384
        3363        3365
        3363        3366
        3364        3369
        3364        3370
        3364        3371
        3364        3385
        3364        3386
        3365        3367
        3365        3368
        3365        3384
        3366        3372
        3366        3373
        3366        3374
        3366        3387
        3366        3388
        3367        3369
        3367        3370
        3367        3371
        3367        3385
        3367        3386
        3368        3375
        3368        3376
        3368        3377
        3368        3385
        3368        3386
        3369        3372
        3369        3373
        3369        3374
        3369        3384
        3370        3372
        3370        3373
        3370        3374
        3370        3384
        3371        3378
        3371        3379
        3371        3380
        3371        3384
        3372        3375
        3372        3376
        3372        3377
        3373        3375
        3373        3376
        3373        3377
        3374        3381
        3374        3382
        3374        3383
        3375        3378
        3375        3379
        3375        3380
        3376        3378
        3376        3379
        3376        3380
        3378        3381
        3378        3382
        3378        3383
        3379        3381
        3379        3382
        3379        3383
        3384        3389
        3384        3390
        3384        3394
        3385        3387
        3385        3388
        3386        3391
        3386        3392
        3386        3393
        3386        3395
        3386        3396
        3387        3389
        3387        3390
        3387        3394
        3388        3397
        3388        3398
        3389        3391
        3389        3392
        3389        3393
        3389        3395
        3389        3396
        3390        3395
        3390        3396
        3391        3394
        3392        3394
        3393        3394
        3394        3399
        3394        3400
        3394        3404
        3395        3397
        3395        3398
        3396        3401
        3396        3402
        3396        3403
        3396        3405
        3396        3406
        3397        3399
        3397        3400
        3397        3404
        3399        3401
        3399        3402
        3399        3403
        3399        3405
        3399        3406
        3400        3405
        3400        3406
        3401        3404
        3402        3404
        3403        3404
        3407        3410
        3407        3415
        3407        3416
        3407        3423
        3407        3424
        3407        3426
        3407        3429
        3407        3436
        3407        3449
        3407        3461
        3408        3409
        3408        3413
        3408        3414
        3408        3422
        3408        3460
        3409        3412
        3409        3423
        3409        3424
        3409        3433
        3409        3462
        3409        5006
        3410        3422
        3410        3427
        3410        3428
        3410        3430
        3410        3431
        3410        3432
        3411        3413
        3411        3414
        3411        3422
        3411        3427
        3411        3428
        3411        3430
        3411        3431
        3411        3432
        3411        3460
        3412        3417
        3412        3418
        3412        3425
        3412        3427
        3412        3428
        3412        3460
        3413        3415
        3413        3416
        3413        3423
        3413        3424
        3413        3426
        3413        3462
        3414        3419
        3414        3420
        3414        3421
        3414        3423
        3414        3424
        3414        3426
        3414        3462
        3415        3417
        3415        3418
        3415        3422
        3416        3422
        3417        3419
        3417        3420
        3417        3421
        3422        3429
        3422        3462
        3422        5006
        3423        3425
        3423        3427
        3423        3428
        3424        3427
        3424        3428
        3425        3426
        3426        3430
        3426        3431
        3426        3432
        3426        5007
        3426        5010
        3426        5011
        3427        3429
        3427        5006
        3428        3429
        3428        5008
        3428        5012
        3428        5013
        3428        5021
        3430        3433
        3431        3433
        3434        3437
        3434        3442
        3434        3443
        3434        3450
        3434        3451
        3434        3460
        3434        3463
        3434        3540
        3434        3553
        3434        3558
        3435        3436
        3435        3440
        3435        3441
        3435        3449
        3435        3557
        3436        3439
        3436        3450
        3436        3451
        3436        3467
        3436        3559
        3437        3449
        3437        3461
        3437        3462
        3437        3464
        3437        3465
        3437        3466
        3438        3440
        3438        3441
        3438        3449
        3438        3461
        3438        3462
        3438        3464
        3438        3465
        3438        3466
        3438        3557
        3439        3444
        3439        3445
        3439        3452
        3439        3461
        3439        3462
        3439        3557
        3440        3442
        3440        3443
        3440        3450
        3440        3451
        3440        3460
        3440        3559
        3441        3446
        3441        3447
        3441        3448
        3441        3450
        3441        3451
        3441        3460
        3441        3559
        3442        3444
        3442        3445
        3442        3449
        3443        3449
        3444        3446
        3444        3447
        3444        3448
        3449        3453
        3449        3454
        3449        3456
        3449        3463
        3449        3559
        3450        3452
        3450        3461
        3450        3462
        3451        3455
        3451        3457
        3451        3458
        3451        3459
        3451        3461
        3451        3462
        3451        3468
        3452        3460
        3452        3469
        3452        3470
        3453        3455
        3453        3457
        3453        3458
        3453        3459
        3453        3468
        3454        3457
        3454        3458
        3454        3459
        3454        3471
        3454        3472
        3454        3476
        3455        3456
        3455        3469
        3455        3470
        3456        3468
        3460        3464
        3460        3465
        3460        3466
        3461        3463
        3462        3463
        3464        3467
        3465        3467
        3468        3473
        3468        3474
        3468        3475
        3468        3477
        3468        3478
        3469        3471
        3469        3472
        3469        3476
        3470        3479
        3470        3480
        3471        3473
        3471        3474
        3471        3475
        3471        3477
        3471        3478
        3472        3477
        3472        3478
        3473        3476
        3474        3476
        3475        3476
        3476        3481
        3476        3482
        3476        3487
        3477        3479
        3477        3480
        3478        3483
        3478        3484
        3478        3488
        3478        3489
        3478        3490
        3479        3481
        3479        3482
        3479        3487
        3480        3485
        3480        3486
        3480        3491
        3480        3492
        3480        3493
        3481        3483
        3481        3484
        3481        3488
        3481        3489
        3481        3490
        3482        3488
        3482        3489
        3482        3490
        3483        3485
        3483        3486
        3483        3487
        3484        3487
        3487        3494
        3487        3495
        3488        3491
        3488        3492
        3488        3493
        3489        3491
        3489        3492
        3489        3493
        3490        3496
        3490        3497
        3491        3494
        3491        3495
        3492        3494
        3492        3495
        3493        3498
        3493        3499
        3493        3515
        3494        3496
        3494        3497
        3495        3500
        3495        3501
        3495        3502
        3495        3516
        3495        3517
        3496        3498
        3496        3499
        3496        3515
        3497        3503
        3497        3504
        3497        3505
        3497        3518
        3497        3519
        3498        3500
        3498        3501
        3498        3502
        3498        3516
        3498        3517
        3499        3506
        3499        3507
        3499        3508
        3499        3516
        3499        3517
        3500        3503
        3500        3504
        3500        3505
        3500        3515
        3501        3503
        3501        3504
        3501        3505
        3501        3515
        3502        3509
        3502        3510
        3502        3511
        3502        3515
        3503        3506
        3503        3507
        3503        3508
        3504        3506
        3504        3507
        3504        3508
        3505        3512
        3505        3513
        3505        3514
        3506        3509
        3506        3510
        3506        3511
        3507        3509
        3507        3510
        3507        3511
        3509        3512
        3509        3513
        3509        3514
        3510        3512
        3510        3513
        3510        3514
        3515        3520
        3515        3521
        3515        3525
        3516        3518
        3516        3519
        3517        3522
        3517        3523
        3517        3524
        3517        3526
        3517        3527
        3518        3520
        3518        3521
        3518        3525
        3519        3528
        3519        3529
        3520        3522
        3520        3523
        3520        3524
        3520        3526
        3520        3527
        3521        3526
        3521        3527
        3522        3525
        3523        3525
        3524        3525
        3525        3530
        3525        3531
        3525        3535
        3526        3528
        3526        3529
        3527        3532
        3527        3533
        3527        3534
        3527        3536
        3527        3537
        3528        3530
        3528        3531
        3528        3535
        3530        3532
        3530        3533
        3530        3534
        3530        3536
        3530        3537
        3531        3536
        3531        3537
        3532        3535
        3533        3535
        3534        3535
        3538        3541
        3538        3546
        3538        3547
        3538        3554
        3538        3555
        3538        3557
        3538        3560
        3538        3567
        3538        3580
        3538        3592
        3539        3540
        3539        3544
        3539        3545
        3539        3553
        3539        3591
        3540        3543
        3540        3554
        3540        3555
        3540        3564
        3540        3593
        3541        3553
        3541        3558
        3541        3559
        3541        3561
        3541        3562
        3541        3563
        3542        3544
        3542        3545
        3542        3553
        3542        3558
        3542        3559
        3542        3561
        3542        3562
        3542        3563
        3542        3591
        3543        3548
        3543        3549
        3543        3556
        3543        3558
        3543        3559
        3543        3591
        3544        3546
        3544        3547
        3544        3554
        3544        3555
        3544        3557
        3544        3593
        3545        3550
        3545        3551
        3545        3552
        3545        3554
        3545        3555
        3545        3557
        3545        3593
        3546        3548
        3546        3549
        3546        3553
        3547        3553
        3548        3550
        3548        3551
        3548        3552
        3553        3560
        3553        3593
        3554        3556
        3554        3558
        3554        3559
        3555        3558
        3555        3559
        3556        3557
        3557        3561
        3557        3562
        3557        3563
        3558        3560
        3559        3560
        3561        3564
        3562        3564
        3565        3568
        3565        3573
        3565        3574
        3565        3581
        3565        3582
        3565        3591
        3565        3594
        3565        3671
        3565        3684
        3565        3689
        3566        3567
        3566        3571
        3566        3572
        3566        3580
        3566        3688
        3567        3570
        3567        3581
        3567        3582
        3567        3598
        3567        3690
        3568        3580
        3568        3592
        3568        3593
        3568        3595
        3568        3596
        3568        3597
        3569        3571
        3569        3572
        3569        3580
        3569        3592
        3569        3593
        3569        3595
        3569        3596
        3569        3597
        3569        3688
        3570        3575
        3570        3576
        3570        3583
        3570        3592
        3570        3593
        3570        3688
        3571        3573
        3571        3574
        3571        3581
        3571        3582
        3571        3591
        3571        3690
        3572        3577
        3572        3578
        3572        3579
        3572        3581
        3572        3582
        3572        3591
        3572        3690
        3573        3575
        3573        3576
        3573        3580
        3574        3580
        3575        3577
        3575        3578
        3575        3579
        3580        3584
        3580        3585
        3580        3587
        3580        3594
        3580        3690
        3581        3583
        3581        3592
        3581        3593
        3582        3586
        3582        3588
        3582        3589
        3582        3590
        3582        3592
        3582        3593
        3582        3599
        3583        3591
        3583        3600
        3583        3601
        3584        3586
        3584        3588
        3584        3589
        3584        3590
        3584        3599
        3585        3588
        3585        3589
        3585        3590
        3585        3602
        3585        3603
        3585        3607
        3586        3587
        3586        3600
        3586        3601
        3587        3599
        3591        3595
        3591        3596
        3591        3597
        3592        3594
        3593        3594
        3595        3598
        3596        3598
        3599        3604
        3599        3605
        3599        3606
        3599        3608
        3599        3609
        3600        3602
        3600        3603
        3600        3607
        3601        3610
        3601        3611
        3602        3604
        3602        3605
        3602        3606
        3602        3608
        3602        3609
        3603        3608
        3603        3609
        3604        3607
        3605        3607
        3606        3607
        3607        3612
        3607        3613
        3607        3618
        3608        3610
        3608        3611
        3609        3614
        3609        3615
        3609        3619
        3609        3620
        3609        3621
        3610        3612
        3610        3613
        3610        3618
        3611        3616
        3611        3617
        3611        3622
        3611        3623
        3611        3624
        3612        3614
        3612        3615
        3612        3619
        3612        3620
        3612        3621
        3613        3619
        3613        3620
        3613        3621
        3614        3616
        3614        3617
        3614        3618
        3615        3618
        3618        3625
        3618        3626
        3619        3622
        3619        3623
        3619        3624
        3620        3622
        3620        3623
        3620        3624
        3621        3627
        3621        3628
        3622        3625
        3622        3626
        3623        3625
        3623        3626
        3624        3629
        3624        3630
        3624        3646
        3625        3627
        3625        3628
        3626        3631
        3626        3632
        3626        3633
        3626        3647
        3626        3648
        3627        3629
        3627        3630
        3627        3646
        3628        3634
        3628        3635
        3628        3636
        3628        3649
        3628        3650
        3629        3631
        3629        3632
        3629        3633
        3629        3647
        3629        3648
        3630        3637
        3630        3638
        3630        3639
        3630        3647
        3630        3648
        3631        3634
        3631        3635
        3631        3636
        3631        3646
        3632        3634
        3632        3635
        3632        3636
        3632        3646
        3633        3640
        3633        3641
        3633        3642
        3633        3646
        3634        3637
        3634        3638
        3634        3639
        3635        3637
        3635        3638
        3635        3639
        3636        3643
        3636        3644
        3636        3645
        3637        3640
        3637        3641
        3637        3642
        3638        3640
        3638        3641
        3638        3642
        3640        3643
        3640        3644
        3640        3645
        3641        3643
        3641        3644
        3641        3645
        3646        3651
        3646        3652
        3646        3656
        3647        3649
        3647        3650
        3648        3653
        3648        3654
        3648        3655
        3648        3657
        3648        3658
        3649        3651
        3649        3652
        3649        3656
        3650        3659
        3650        3660
        3651        3653
        3651        3654
        3651        3655
        3651        3657
        3651        3658
        3652        3657
        3652        3658
        3653        3656
        3654        3656
        3655        3656
        3656        3661
        3656        3662
        3656        3666
        3657        3659
        3657        3660
        3658        3663
        3658        3664
        3658        3665
        3658        3667
        3658        3668
        3659        3661
        3659        3662
        3659        3666
        3661        3663
        3661        3664
        3661        3665
        3661        3667
        3661        3668
        3662        3667
        3662        3668
        3663        3666
        3664        3666
        3665        3666
        3669        3672
        3669        3677
        3669        3678
        3669        3685
        3669        3686
        3669        3688
        3669        3691
        3669        3698
        3669        3711
        3669        3723
        3670        3671
        3670        3675
        3670        3676
        3670        3684
        3670        3722
        3671        3674
        3671        3685
        3671        3686
        3671        3695
        3671        3724
        3672        3684
        3672        3689
        3672        3690
        3672        3692
        3672        3693
        3672        3694
        3673        3675
        3673        3676
        3673        3684
        3673        3689
        3673        3690
        3673        3692
        3673        3693
        3673        3694
        3673        3722
        3674        3679
        3674        3680
        3674        3687
        3674        3689
        3674        3690
        3674        3722
        3675        3677
        3675        3678
        3675        3685
        3675        3686
        3675        3688
        3675        3724
        3676        3681
        3676        3682
        3676        3683
        3676        3685
        3676        3686
        3676        3688
        3676        3724
        3677        3679
        3677        3680
        3677        3684
        3678        3684
        3679        3681
        3679        3682
        3679        3683
        3684        3691
        3684        3724
        3685        3687
        3685        3689
        3685        3690
        3686        3689
        3686        3690
        3687        3688
        3688        3692
        3688        3693
        3688        3694
        3689        3691
        3690        3691
        3692        3695
        3693        3695
        3696        3699
        3696        3704
        3696        3705
        3696        3712
        3696        3713
        3696        3722
        3696        3725
        3696        3802
        3696        3815
        3696        3820
        3697        3698
        3697        3702
        3697        3703
        3697        3711
        3697        3819
        3698        3701
        3698        3712
        3698        3713
        3698        3729
        3698        3821
        3699        3711
        3699        3723
        3699        3724
        3699        3726
        3699        3727
        3699        3728
        3700        3702
        3700        3703
        3700        3711
        3700        3723
        3700        3724
        3700        3726
        3700        3727
        3700        3728
        3700        3819
        3701        3706
        3701        3707
        3701        3714
        3701        3723
        3701        3724
        3701        3819
        3702        3704
        3702        3705
        3702        3712
        3702        3713
        3702        3722
        3702        3821
        3703        3708
        3703        3709
        3703        3710
        3703        3712
        3703        3713
        3703        3722
        3703        3821
        3704        3706
        3704        3707
        3704        3711
        3705        3711
        3706        3708
        3706        3709
        3706        3710
        3711        3715
        3711        3716
        3711        3718
        3711        3725
        3711        3821
        3712        3714
        3712        3723
        3712        3724
        3713        3717
        3713        3719
        3713        3720
        3713        3721
        3713        3723
        3713        3724
        3713        3730
        3714        3722
        3714        3731
        3714        3732
        3715        3717
        3715        3719
        3715        3720
        3715        3721
        3715        3730
        3716        3719
        3716        3720
        3716        3721
        3716        3733
        3716        3734
        3716        3738
        3717        3718
        3717        3731
        3717        3732
        3718        3730
        3722        3726
        3722        3727
        3722        3728
        3723        3725
        3724        3725
        3726        3729
        3727        3729
        3730        3735
        3730        3736
        3730        3737
        3730        3739
        3730        3740
        3731        3733
        3731        3734
        3731        3738
        3732        3741
        3732        3742
        3733        3735
        3733        3736
        3733        3737
        3733        3739
        3733        3740
        3734        3739
        3734        3740
        3735        3738
        3736        3738
        3737        3738
        3738        3743
        3738        3744
        3738        3749
        3739        3741
        3739        3742
        3740        3745
        3740        3746
        3740        3750
        3740        3751
        3740        3752
        3741        3743
        3741        3744
        3741        3749
        3742        3747
        3742        3748
        3742        3753
        3742        3754
        3742        3755
        3743        3745
        3743        3746
        3743        3750
        3743        3751
        3743        3752
        3744        3750
        3744        3751
        3744        3752
        3745        3747
        3745        3748
        3745        3749
        3746        3749
        3749        3756
        3749        3757
        3750        3753
        3750        3754
        3750        3755
        3751        3753
        3751        3754
        3751        3755
        3752        3758
        3752        3759
        3753        3756
        3753        3757
        3754        3756
        3754        3757
        3755        3760
        3755        3761
        3755        3777
        3756        3758
        3756        3759
        3757        3762
        3757        3763
        3757        3764
        3757        3778
        3757        3779
        3758        3760
        3758        3761
        3758        3777
        3759        3765
        3759        3766
        3759        3767
        3759        3780
        3759        3781
        3760        3762
        3760        3763
        3760        3764
        3760        3778
        3760        3779
        3761        3768
        3761        3769
        3761        3770
        3761        3778
        3761        3779
        3762        3765
        3762        3766
        3762        3767
        3762        3777
        3763        3765
        3763        3766
        3763        3767
        3763        3777
        3764        3771
        3764        3772
        3764        3773
        3764        3777
        3765        3768
        3765        3769
        3765        3770
        3766        3768
        3766        3769
        3766        3770
        3767        3774
        3767        3775
        3767        3776
        3768        3771
        3768        3772
        3768        3773
        3769        3771
        3769        3772
        3769        3773
        3771        3774
        3771        3775
        3771        3776
        3772        3774
        3772        3775
        3772        3776
        3777        3782
        3777        3783
        3777        3787
        3778        3780
        3778        3781
        3779        3784
        3779        3785
        3779        3786
        3779        3788
        3779        3789
        3780        3782
        3780        3783
        3780        3787
        3781        3790
        3781        3791
        3782        3784
        3782        3785
        3782        3786
        3782        3788
        3782        3789
        3783        3788
        3783        3789
        3784        3787
        3785        3787
        3786        3787
        3787        3792
        3787        3793
        3787        3797
        3788        3790
        3788        3791
        3789        3794
        3789        3795
        3789        3796
        3789        3798
        3789        3799
        3790        3792
        3790        3793
        3790        3797
        3792        3794
        3792        3795
        3792        3796
        3792        3798
        3792        3799
        3793        3798
        3793        3799
        3794        3797
        3795        3797
        3796        3797
        3800        3803
        3800        3808
        3800        3809
        3800        3816
        3800        3817
        3800        3819
        3800        3822
        3800        3829
        3800        3842
        3800        3854
        3801        3802
        3801        3806
        3801        3807
        3801        3815
        3801        3853
        3802        3805
        3802        3816
        3802        3817
        3802        3826
        3802        3855
        3803        3815
        3803        3820
        3803        3821
        3803        3823
        3803        3824
        3803        3825
        3804        3806
        3804        3807
        3804        3815
        3804        3820
        3804        3821
        3804        3823
        3804        3824
        3804        3825
        3804        3853
        3805        3810
        3805        3811
        3805        3818
        3805        3820
        3805        3821
        3805        3853
        3806        3808
        3806        3809
        3806        3816
        3806        3817
        3806        3819
        3806        3855
        3807        3812
        3807        3813
        3807        3814
        3807        3816
        3807        3817
        3807        3819
        3807        3855
        3808        3810
        3808        3811
        3808        3815
        3809        3815
        3810        3812
        3810        3813
        3810        3814
        3815        3822
        3815        3855
        3816        3818
        3816        3820
        3816        3821
        3817        3820
        3817        3821
        3818        3819
        3819        3823
        3819        3824
        3819        3825
        3820        3822
        3821        3822
        3823        3826
        3824        3826
        3827        3830
        3827        3835
        3827        3836
        3827        3843
        3827        3844
        3827        3853
        3827        3856
        3827        3933
        3827        3946
        3827        3951
        3828        3829
        3828        3833
        3828        3834
        3828        3842
        3828        3950
        3829        3832
        3829        3843
        3829        3844
        3829        3860
        3829        3952
        3830        3842
        3830        3854
        3830        3855
        3830        3857
        3830        3858
        3830        3859
        3831        3833
        3831        3834
        3831        3842
        3831        3854
        3831        3855
        3831        3857
        3831        3858
        3831        3859
        3831        3950
        3832        3837
        3832        3838
        3832        3845
        3832        3854
        3832        3855
        3832        3950
        3833        3835
        3833        3836
        3833        3843
        3833        3844
        3833        3853
        3833        3952
        3834        3839
        3834        3840
        3834        3841
        3834        3843
        3834        3844
        3834        3853
        3834        3952
        3835        3837
        3835        3838
        3835        3842
        3836        3842
        3837        3839
        3837        3840
        3837        3841
        3842        3846
        3842        3847
        3842        3849
        3842        3856
        3842        3952
        3843        3845
        3843        3854
        3843        3855
        3844        3848
        3844        3850
        3844        3851
        3844        3852
        3844        3854
        3844        3855
        3844        3861
        3845        3853
        3845        3862
        3845        3863
        3846        3848
        3846        3850
        3846        3851
        3846        3852
        3846        3861
        3847        3850
        3847        3851
        3847        3852
        3847        3864
        3847        3865
        3847        3869
        3848        3849
        3848        3862
        3848        3863
        3849        3861
        3853        3857
        3853        3858
        3853        3859
        3854        3856
        3855        3856
        3857        3860
        3858        3860
        3861        3866
        3861        3867
        3861        3868
        3861        3870
        3861        3871
        3862        3864
        3862        3865
        3862        3869
        3863        3872
        3863        3873
        3864        3866
        3864        3867
        3864        3868
        3864        3870
        3864        3871
        3865        3870
        3865        3871
        3866        3869
        3867        3869
        3868        3869
        3869        3874
        3869        3875
        3869        3880
        3870        3872
        3870        3873
        3871        3876
        3871        3877
        3871        3881
        3871        3882
        3871        3883
        3872        3874
        3872        3875
        3872        3880
        3873        3878
        3873        3879
        3873        3884
        3873        3885
        3873        3886
        3874        3876
        3874        3877
        3874        3881
        3874        3882
        3874        3883
        3875        3881
        3875        3882
        3875        3883
        3876        3878
        3876        3879
        3876        3880
        3877        3880
        3880        3887
        3880        3888
        3881        3884
        3881        3885
        3881        3886
        3882        3884
        3882        3885
        3882        3886
        3883        3889
        3883        3890
        3884        3887
        3884        3888
        3885        3887
        3885        3888
        3886        3891
        3886        3892
        3886        3908
        3887        3889
        3887        3890
        3888        3893
        3888        3894
        3888        3895
        3888        3909
        3888        3910
        3889        3891
        3889        3892
        3889        3908
        3890        3896
        3890        3897
        3890        3898
        3890        3911
        3890        3912
        3891        3893
        3891        3894
        3891        3895
        3891        3909
        3891        3910
        3892        3899
        3892        3900
        3892        3901
        3892        3909
        3892        3910
        3893        3896
        3893        3897
        3893        3898
        3893        3908
        3894        3896
        3894        3897
        3894        3898
        3894        3908
        3895        3902
        3895        3903
        3895        3904
        3895        3908
        3896        3899
        3896        3900
        3896        3901
        3897        3899
        3897        3900
        3897        3901
        3898        3905
        3898        3906
        3898        3907
        3899        3902
        3899        3903
        3899        3904
        3900        3902
        3900        3903
        3900        3904
        3902        3905
        3902        3906
        3902        3907
        3903        3905
        3903        3906
        3903        3907
        3908        3913
        3908        3914
        3908        3918
        3909        3911
        3909        3912
        3910        3915
        3910        3916
        3910        3917
        3910        3919
        3910        3920
        3911        3913
        3911        3914
        3911        3918
        3912        3921
        3912        3922
        3913        3915
        3913        3916
        3913        3917
        3913        3919
        3913        3920
        3914        3919
        3914        3920
        3915        3918
        3916        3918
        3917        3918
        3918        3923
        3918        3924
        3918        3928
        3919        3921
        3919        3922
        3920        3925
        3920        3926
        3920        3927
        3920        3929
        3920        3930
        3921        3923
        3921        3924
        3921        3928
        3923        3925
        3923        3926
        3923        3927
        3923        3929
        3923        3930
        3924        3929
        3924        3930
        3925        3928
        3926        3928
        3927        3928
        3931        3934
        3931        3939
        3931        3940
        3931        3947
        3931        3948
        3931        3950
        3931        3953
        3931        3960
        3931        3973
        3931        3985
        3932        3933
        3932        3937
        3932        3938
        3932        3946
        3932        3984
        3933        3936
        3933        3947
        3933        3948
        3933        3957
        3933        3986
        3934        3946
        3934        3951
        3934        3952
        3934        3954
        3934        3955
        3934        3956
        3935        3937
        3935        3938
        3935        3946
        3935        3951
        3935        3952
        3935        3954
        3935        3955
        3935        3956
        3935        3984
        3936        3941
        3936        3942
        3936        3949
        3936        3951
        3936        3952
        3936        3984
        3937        3939
        3937        3940
        3937        3947
        3937        3948
        3937        3950
        3937        3986
        3938        3943
        3938        3944
        3938        3945
        3938        3947
        3938        3948
        3938        3950
        3938        3986
        3939        3941
        3939        3942
        3939        3946
        3940        3946
        3941        3943
        3941        3944
        3941        3945
        3946        3953
        3946        3986
        3947        3949
        3947        3951
        3947        3952
        3948        3951
        3948        3952
        3949        3950
        3950        3954
        3950        3955
        3950        3956
        3951        3953
        3952        3953
        3954        3957
        3955        3957
        3958        3961
        3958        3966
        3958        3967
        3958        3974
        3958        3975
        3958        3984
        3958        3987
        3958        4064
        3958        4077
        3958        4082
        3959        3960
        3959        3964
        3959        3965
        3959        3973
        3959        4081
        3960        3963
        3960        3974
        3960        3975
        3960        3991
        3960        4083
        3961        3973
        3961        3985
        3961        3986
        3961        3988
        3961        3989
        3961        3990
        3962        3964
        3962        3965
        3962        3973
        3962        3985
        3962        3986
        3962        3988
        3962        3989
        3962        3990
        3962        4081
        3963        3968
        3963        3969
        3963        3976
        3963        3985
        3963        3986
        3963        4081
        3964        3966
        3964        3967
        3964        3974
        3964        3975
        3964        3984
        3964        4083
        3965        3970
        3965        3971
        3965        3972
        3965        3974
        3965        3975
        3965        3984
        3965        4083
        3966        3968
        3966        3969
        3966        3973
        3967        3973
        3968        3970
        3968        3971
        3968        3972
        3973        3977
        3973        3978
        3973        3980
        3973        3987
        3973        4083
        3974        3976
        3974        3985
        3974        3986
        3975        3979
        3975        3981
        3975        3982
        3975        3983
        3975        3985
        3975        3986
        3975        3992
        3976        3984
        3976        3993
        3976        3994
        3977        3979
        3977        3981
        3977        3982
        3977        3983
        3977        3992
        3978        3981
        3978        3982
        3978        3983
        3978        3995
        3978        3996
        3978        4000
        3979        3980
        3979        3993
        3979        3994
        3980        3992
        3984        3988
        3984        3989
        3984        3990
        3985        3987
        3986        3987
        3988        3991
        3989        3991
        3992        3997
        3992        3998
        3992        3999
        3992        4001
        3992        4002
        3993        3995
        3993        3996
        3993        4000
        3994        4003
        3994        4004
        3995        3997
        3995        3998
        3995        3999
        3995        4001
        3995        4002
        3996        4001
        3996        4002
        3997        4000
        3998        4000
        3999        4000
        4000        4005
        4000        4006
        4000        4011
        4001        4003
        4001        4004
        4002        4007
        4002        4008
        4002        4012
        4002        4013
        4002        4014
        4003        4005
        4003        4006
        4003        4011
        4004        4009
        4004        4010
        4004        4015
        4004        4016
        4004        4017
        4005        4007
        4005        4008
        4005        4012
        4005        4013
        4005        4014
        4006        4012
        4006        4013
        4006        4014
        4007        4009
        4007        4010
        4007        4011
        4008        4011
        4011        4018
        4011        4019
        4012        4015
        4012        4016
        4012        4017
        4013        4015
        4013        4016
        4013        4017
        4014        4020
        4014        4021
        4015        4018
        4015        4019
        4016        4018
        4016        4019
        4017        4022
        4017        4023
        4017        4039
        4018        4020
        4018        4021
        4019        4024
        4019        4025
        4019        4026
        4019        4040
        4019        4041
        4020        4022
        4020        4023
        4020        4039
        4021        4027
        4021        4028
        4021        4029
        4021        4042
        4021        4043
        4022        4024
        4022        4025
        4022        4026
        4022        4040
        4022        4041
        4023        4030
        4023        4031
        4023        4032
        4023        4040
        4023        4041
        4024        4027
        4024        4028
        4024        4029
        4024        4039
        4025        4027
        4025        4028
        4025        4029
        4025        4039
        4026        4033
        4026        4034
        4026        4035
        4026        4039
        4027        4030
        4027        4031
        4027        4032
        4028        4030
        4028        4031
        4028        4032
        4029        4036
        4029        4037
        4029        4038
        4030        4033
        4030        4034
        4030        4035
        4031        4033
        4031        4034
        4031        4035
        4033        4036
        4033        4037
        4033        4038
        4034        4036
        4034        4037
        4034        4038
        4039        4044
        4039        4045
        4039        4049
        4040        4042
        4040        4043
        4041        4046
        4041        4047
        4041        4048
        4041        4050
        4041        4051
        4042        4044
        4042        4045
        4042        4049
        4043        4052
        4043        4053
        4044        4046
        4044        4047
        4044        4048
        4044        4050
        4044        4051
        4045        4050
        4045        4051
        4046        4049
        4047        4049
        4048        4049
        4049        4054
        4049        4055
        4049        4059
        4050        4052
        4050        4053
        4051        4056
        4051        4057
        4051        4058
        4051        4060
        4051        4061
        4052        4054
        4052        4055
        4052        4059
        4054        4056
        4054        4057
        4054        4058
        4054        4060
        4054        4061
        4055        4060
        4055        4061
        4056        4059
        4057        4059
        4058        4059
        4062        4065
        4062        4070
        4062        4071
        4062        4078
        4062        4079
        4062        4081
        4062        4084
        4062        4091
        4062        4104
        4062        4116
        4063        4064
        4063        4068
        4063        4069
        4063        4077
        4063        4115
        4064        4067
        4064        4078
        4064        4079
        4064        4088
        4064        4117
        4065        4077
        4065        4082
        4065        4083
        4065        4085
        4065        4086
        4065        4087
        4066        4068
        4066        4069
        4066        4077
        4066        4082
        4066        4083
        4066        4085
        4066        4086
        4066        4087
        4066        4115
        4067        4072
        4067        4073
        4067        4080
        4067        4082
        4067        4083
        4067        4115
        4068        4070
        4068        4071
        4068        4078
        4068        4079
        4068        4081
        4068        4117
        4069        4074
        4069        4075
        4069        4076
        4069        4078
        4069        4079
        4069        4081
        4069        4117
        4070        4072
        4070        4073
        4070        4077
        4071        4077
        4072        4074
        4072        4075
        4072        4076
        4077        4084
        4077        4117
        4078        4080
        4078        4082
        4078        4083
        4079        4082
        4079        4083
        4080        4081
        4081        4085
        4081        4086
        4081        4087
        4082        4084
        4083        4084
        4085        4088
        4086        4088
        4089        4092
        4089        4097
        4089        4098
        4089        4105
        4089        4106
        4089        4115
        4089        4118
        4089        4195
        4089        4208
        4089        4213
        4090        4091
        4090        4095
        4090        4096
        4090        4104
        4090        4212
        4091        4094
        4091        4105
        4091        4106
        4091        4122
        4091        4214
        4092        4104
        4092        4116
        4092        4117
        4092        4119
        4092        4120
        4092        4121
        4093        4095
        4093        4096
        4093        4104
        4093        4116
        4093        4117
        4093        4119
        4093        4120
        4093        4121
        4093        4212
        4094        4099
        4094        4100
        4094        4107
        4094        4116
        4094        4117
        4094        4212
        4095        4097
        4095        4098
        4095        4105
        4095        4106
        4095        4115
        4095        4214
        4096        4101
        4096        4102
        4096        4103
        4096        4105
        4096        4106
        4096        4115
        4096        4214
        4097        4099
        4097        4100
        4097        4104
        4098        4104
        4099        4101
        4099        4102
        4099        4103
        4104        4108
        4104        4109
        4104        4111
        4104        4118
        4104        4214
        4105        4107
        4105        4116
        4105        4117
        4106        4110
        4106        4112
        4106        4113
        4106        4114
        4106        4116
        4106        4117
        4106        4123
        4107        4115
        4107        4124
        4107        4125
        4108        4110
        4108        4112
        4108        4113
        4108        4114
        4108        4123
        4109        4112
        4109        4113
        4109        4114
        4109        4126
        4109        4127
        4109        4131
        4110        4111
        4110        4124
        4110        4125
        4111        4123
        4115        4119
        4115        4120
        4115        4121
        4116        4118
        4117        4118
        4119        4122
        4120        4122
        4123        4128
        4123        4129
        4123        4130
        4123        4132
        4123        4133
        4124        4126
        4124        4127
        4124        4131
        4125        4134
        4125        4135
        4126        4128
        4126        4129
        4126        4130
        4126        4132
        4126        4133
        4127        4132
        4127        4133
        4128        4131
        4129        4131
        4130        4131
        4131        4136
        4131        4137
        4131        4142
        4132        4134
        4132        4135
        4133        4138
        4133        4139
        4133        4143
        4133        4144
        4133        4145
        4134        4136
        4134        4137
        4134        4142
        4135        4140
        4135        4141
        4135        4146
        4135        4147
        4135        4148
        4136        4138
        4136        4139
        4136        4143
        4136        4144
        4136        4145
        4137        4143
        4137        4144
        4137        4145
        4138        4140
        4138        4141
        4138        4142
        4139        4142
        4142        4149
        4142        4150
        4143        4146
        4143        4147
        4143        4148
        4144        4146
        4144        4147
        4144        4148
        4145        4151
        4145        4152
        4146        4149
        4146        4150
        4147        4149
        4147        4150
        4148        4153
        4148        4154
        4148        4170
        4149        4151
        4149        4152
        4150        4155
        4150        4156
        4150        4157
        4150        4171
        4150        4172
        4151        4153
        4151        4154
        4151        4170
        4152        4158
        4152        4159
        4152        4160
        4152        4173
        4152        4174
        4153        4155
        4153        4156
        4153        4157
        4153        4171
        4153        4172
        4154        4161
        4154        4162
        4154        4163
        4154        4171
        4154        4172
        4155        4158
        4155        4159
        4155        4160
        4155        4170
        4156        4158
        4156        4159
        4156        4160
        4156        4170
        4157        4164
        4157        4165
        4157        4166
        4157        4170
        4158        4161
        4158        4162
        4158        4163
        4159        4161
        4159        4162
        4159        4163
        4160        4167
        4160        4168
        4160        4169
        4161        4164
        4161        4165
        4161        4166
        4162        4164
        4162        4165
        4162        4166
        4164        4167
        4164        4168
        4164        4169
        4165        4167
        4165        4168
        4165        4169
        4170        4175
        4170        4176
        4170        4180
        4171        4173
        4171        4174
        4172        4177
        4172        4178
        4172        4179
        4172        4181
        4172        4182
        4173        4175
        4173        4176
        4173        4180
        4174        4183
        4174        4184
        4175        4177
        4175        4178
        4175        4179
        4175        4181
        4175        4182
        4176        4181
        4176        4182
        4177        4180
        4178        4180
        4179        4180
        4180        4185
        4180        4186
        4180        4190
        4181        4183
        4181        4184
        4182        4187
        4182        4188
        4182        4189
        4182        4191
        4182        4192
        4183        4185
        4183        4186
        4183        4190
        4185        4187
        4185        4188
        4185        4189
        4185        4191
        4185        4192
        4186        4191
        4186        4192
        4187        4190
        4188        4190
        4189        4190
        4193        4196
        4193        4201
        4193        4202
        4193        4209
        4193        4210
        4193        4212
        4193        4215
        4193        4222
        4193        4235
        4193        4247
        4194        4195
        4194        4199
        4194        4200
        4194        4208
        4194        4246
        4195        4198
        4195        4209
        4195        4210
        4195        4219
        4195        4248
        4196        4208
        4196        4213
        4196        4214
        4196        4216
        4196        4217
        4196        4218
        4197        4199
        4197        4200
        4197        4208
        4197        4213
        4197        4214
        4197        4216
        4197        4217
        4197        4218
        4197        4246
        4198        4203
        4198        4204
        4198        4211
        4198        4213
        4198        4214
        4198        4246
        4199        4201
        4199        4202
        4199        4209
        4199        4210
        4199        4212
        4199        4248
        4200        4205
        4200        4206
        4200        4207
        4200        4209
        4200        4210
        4200        4212
        4200        4248
        4201        4203
        4201        4204
        4201        4208
        4202        4208
        4203        4205
        4203        4206
        4203        4207
        4208        4215
        4208        4248
        4209        4211
        4209        4213
        4209        4214
        4210        4213
        4210        4214
        4211        4212
        4212        4216
        4212        4217
        4212        4218
        4213        4215
        4214        4215
        4216        4219
        4217        4219
        4220        4223
        4220        4228
        4220        4229
        4220        4236
        4220        4237
        4220        4246
        4220        4249
        4220        4326
        4220        4339
        4220        4344
        4221        4222
        4221        4226
        4221        4227
        4221        4235
        4221        4343
        4222        4225
        4222        4236
        4222        4237
        4222        4253
        4222        4345
        4223        4235
        4223        4247
        4223        4248
        4223        4250
        4223        4251
        4223        4252
        4224        4226
        4224        4227
        4224        4235
        4224        4247
        4224        4248
        4224        4250
        4224        4251
        4224        4252
        4224        4343
        4225        4230
        4225        4231
        4225        4238
        4225        4247
        4225        4248
        4225        4343
        4226        4228
        4226        4229
        4226        4236
        4226        4237
        4226        4246
        4226        4345
        4227        4232
        4227        4233
        4227        4234
        4227        4236
        4227        4237
        4227        4246
        4227        4345
        4228        4230
        4228        4231
        4228        4235
        4229        4235
        4230        4232
        4230        4233
        4230        4234
        4235        4239
        4235        4240
        4235        4242
        4235        4249
        4235        4345
        4236        4238
        4236        4247
        4236        4248
        4237        4241
        4237        4243
        4237        4244
        4237        4245
        4237        4247
        4237        4248
        4237        4254
        4238        4246
        4238        4255
        4238        4256
        4239        4241
        4239        4243
        4239        4244
        4239        4245
        4239        4254
        4240        4243
        4240        4244
        4240        4245
        4240        4257
        4240        4258
        4240        4262
        4241        4242
        4241        4255
        4241        4256
        4242        4254
        4246        4250
        4246        4251
        4246        4252
        4247        4249
        4248        4249
        4250        4253
        4251        4253
        4254        4259
        4254        4260
        4254        4261
        4254        4263
        4254        4264
        4255        4257
        4255        4258
        4255        4262
        4256        4265
        4256        4266
        4257        4259
        4257        4260
        4257        4261
        4257        4263
        4257        4264
        4258        4263
        4258        4264
        4259        4262
        4260        4262
        4261        4262
        4262        4267
        4262        4268
        4262        4273
        4263        4265
        4263        4266
        4264        4269
        4264        4270
        4264        4274
        4264        4275
        4264        4276
        4265        4267
        4265        4268
        4265        4273
        4266        4271
        4266        4272
        4266        4277
        4266        4278
        4266        4279
        4267        4269
        4267        4270
        4267        4274
        4267        4275
        4267        4276
        4268        4274
        4268        4275
        4268        4276
        4269        4271
        4269        4272
        4269        4273
        4270        4273
        4273        4280
        4273        4281
        4274        4277
        4274        4278
        4274        4279
        4275        4277
        4275        4278
        4275        4279
        4276        4282
        4276        4283
        4277        4280
        4277        4281
        4278        4280
        4278        4281
        4279        4284
        4279        4285
        4279        4301
        4280        4282
        4280        4283
        4281        4286
        4281        4287
        4281        4288
        4281        4302
        4281        4303
        4282        4284
        4282        4285
        4282        4301
        4283        4289
        4283        4290
        4283        4291
        4283        4304
        4283        4305
        4284        4286
        4284        4287
        4284        4288
        4284        4302
        4284        4303
        4285        4292
        4285        4293
        4285        4294
        4285        4302
        4285        4303
        4286        4289
        4286        4290
        4286        4291
        4286        4301
        4287        4289
        4287        4290
        4287        4291
        4287        4301
        4288        4295
        4288        4296
        4288        4297
        4288        4301
        4289        4292
        4289        4293
        4289        4294
        4290        4292
        4290        4293
        4290        4294
        4291        4298
        4291        4299
        4291        4300
        4292        4295
        4292        4296
        4292        4297
        4293        4295
        4293        4296
        4293        4297
        4295        4298
        4295        4299
        4295        4300
        4296        4298
        4296        4299
        4296        4300
        4301        4306
        4301        4307
        4301        4311
        4302        4304
        4302        4305
        4303        4308
        4303        4309
        4303        4310
        4303        4312
        4303        4313
        4304        4306
        4304        4307
        4304        4311
        4305        4314
        4305        4315
        4306        4308
        4306        4309
        4306        4310
        4306        4312
        4306        4313
        4307        4312
        4307        4313
        4308        4311
        4309        4311
        4310        4311
        4311        4316
        4311        4317
        4311        4321
        4312        4314
        4312        4315
        4313        4318
        4313        4319
        4313        4320
        4313        4322
        4313        4323
        4314        4316
        4314        4317
        4314        4321
        4316        4318
        4316        4319
        4316        4320
        4316        4322
        4316        4323
        4317        4322
        4317        4323
        4318        4321
        4319        4321
        4320        4321
        4324        4327
        4324        4332
        4324        4333
        4324        4340
        4324        4341
        4324        4343
        4324        4346
        4324        4353
        4324        4366
        4324        4378
        4325        4326
        4325        4330
        4325        4331
        4325        4339
        4325        4377
        4326        4329
        4326        4340
        4326        4341
        4326        4350
        4326        4379
        4327        4339
        4327        4344
        4327        4345
        4327        4347
        4327        4348
        4327        4349
        4328        4330
        4328        4331
        4328        4339
        4328        4344
        4328        4345
        4328        4347
        4328        4348
        4328        4349
        4328        4377
        4329        4334
        4329        4335
        4329        4342
        4329        4344
        4329        4345
        4329        4377
        4330        4332
        4330        4333
        4330        4340
        4330        4341
        4330        4343
        4330        4379
        4331        4336
        4331        4337
        4331        4338
        4331        4340
        4331        4341
        4331        4343
        4331        4379
        4332        4334
        4332        4335
        4332        4339
        4333        4339
        4334        4336
        4334        4337
        4334        4338
        4339        4346
        4339        4379
        4340        4342
        4340        4344
        4340        4345
        4341        4344
        4341        4345
        4342        4343
        4343        4347
        4343        4348
        4343        4349
        4344        4346
        4345        4346
        4347        4350
        4348        4350
        4351        4354
        4351        4359
        4351        4360
        4351        4367
        4351        4368
        4351        4377
        4351        4380
        4351        4457
        4351        4470
        4351        4475
        4352        4353
        4352        4357
        4352        4358
        4352        4366
        4352        4474
        4353        4356
        4353        4367
        4353        4368
        4353        4384
        4353        4476
        4354        4366
        4354        4378
        4354        4379
        4354        4381
        4354        4382
        4354        4383
        4355        4357
        4355        4358
        4355        4366
        4355        4378
        4355        4379
        4355        4381
        4355        4382
        4355        4383
        4355        4474
        4356        4361
        4356        4362
        4356        4369
        4356        4378
        4356        4379
        4356        4474
        4357        4359
        4357        4360
        4357        4367
        4357        4368
        4357        4377
        4357        4476
        4358        4363
        4358        4364
        4358        4365
        4358        4367
        4358        4368
        4358        4377
        4358        4476
        4359        4361
        4359        4362
        4359        4366
        4360        4366
        4361        4363
        4361        4364
        4361        4365
        4366        4370
        4366        4371
        4366        4373
        4366        4380
        4366        4476
        4367        4369
        4367        4378
        4367        4379
        4368        4372
        4368        4374
        4368        4375
        4368        4376
        4368        4378
        4368        4379
        4368        4385
        4369        4377
        4369        4386
        4369        4387
        4370        4372
        4370        4374
        4370        4375
        4370        4376
        4370        4385
        4371        4374
        4371        4375
        4371        4376
        4371        4388
        4371        4389
        4371        4393
        4372        4373
        4372        4386
        4372        4387
        4373        4385
        4377        4381
        4377        4382
        4377        4383
        4378        4380
        4379        4380
        4381        4384
        4382        4384
        4385        4390
        4385        4391
        4385        4392
        4385        4394
        4385        4395
        4386        4388
        4386        4389
        4386        4393
        4387        4396
        4387        4397
        4388        4390
        4388        4391
        4388        4392
        4388        4394
        4388        4395
        4389        4394
        4389        4395
        4390        4393
        4391        4393
        4392        4393
        4393        4398
        4393        4399
        4393        4404
        4394        4396
        4394        4397
        4395        4400
        4395        4401
        4395        4405
        4395        4406
        4395        4407
        4396        4398
        4396        4399
        4396        4404
        4397        4402
        4397        4403
        4397        4408
        4397        4409
        4397        4410
        4398        4400
        4398        4401
        4398        4405
        4398        4406
        4398        4407
        4399        4405
        4399        4406
        4399        4407
        4400        4402
        4400        4403
        4400        4404
        4401        4404
        4404        4411
        4404        4412
        4405        4408
        4405        4409
        4405        4410
        4406        4408
        4406        4409
        4406        4410
        4407        4413
        4407        4414
        4408        4411
        4408        4412
        4409        4411
        4409        4412
        4410        4415
        4410        4416
        4410        4432
        4411        4413
        4411        4414
        4412        4417
        4412        4418
        4412        4419
        4412        4433
        4412        4434
        4413        4415
        4413        4416
        4413        4432
        4414        4420
        4414        4421
        4414        4422
        4414        4435
        4414        4436
        4415        4417
        4415        4418
        4415        4419
        4415        4433
        4415        4434
        4416        4423
        4416        4424
        4416        4425
        4416        4433
        4416        4434
        4417        4420
        4417        4421
        4417        4422
        4417        4432
        4418        4420
        4418        4421
        4418        4422
        4418        4432
        4419        4426
        4419        4427
        4419        4428
        4419        4432
        4420        4423
        4420        4424
        4420        4425
        4421        4423
        4421        4424
        4421        4425
        4422        4429
        4422        4430
        4422        4431
        4423        4426
        4423        4427
        4423        4428
        4424        4426
        4424        4427
        4424        4428
        4426        4429
        4426        4430
        4426        4431
        4427        4429
        4427        4430
        4427        4431
        4432        4437
        4432        4438
        4432        4442
        4433        4435
        4433        4436
        4434        4439
        4434        4440
        4434        4441
        4434        4443
        4434        4444
        4435        4437
        4435        4438
        4435        4442
        4436        4445
        4436        4446
        4437        4439
        4437        4440
        4437        4441
        4437        4443
        4437        4444
        4438        4443
        4438        4444
        4439        4442
        4440        4442
        4441        4442
        4442        4447
        4442        4448
        4442        4452
        4443        4445
        4443        4446
        4444        4449
        4444        4450
        4444        4451
        4444        4453
        4444        4454
        4445        4447
        4445        4448
        4445        4452
        4447        4449
        4447        4450
        4447        4451
        4447        4453
        4447        4454
        4448        4453
        4448        4454
        4449        4452
        4450        4452
        4451        4452
        4455        4458
        4455        4463
        4455        4464
        4455        4471
        4455        4472
        4455        4474
        4455        4477
        4455        4484
        4455        4497
        4455        4509
        4456        4457
        4456        4461
        4456        4462
        4456        4470
        4456        4508
        4457        4460
        4457        4471
        4457        4472
        4457        4481
        4457        4510
        4458        4470
        4458        4475
        4458        4476
        4458        4478
        4458        4479
        4458        4480
        4459        4461
        4459        4462
        4459        4470
        4459        4475
        4459        4476
        4459        4478
        4459        4479
        4459        4480
        4459        4508
        4460        4465
        4460        4466
        4460        4473
        4460        4475
        4460        4476
        4460        4508
        4461        4463
        4461        4464
        4461        4471
        4461        4472
        4461        4474
        4461        4510
        4462        4467
        4462        4468
        4462        4469
        4462        4471
        4462        4472
        4462        4474
        4462        4510
        4463        4465
        4463        4466
        4463        4470
        4464        4470
        4465        4467
        4465        4468
        4465        4469
        4470        4477
        4470        4510
        4471        4473
        4471        4475
        4471        4476
        4472        4475
        4472        4476
        4473        4474
        4474        4478
        4474        4479
        4474        4480
        4475        4477
        4476        4477
        4478        4481
        4479        4481
        4482        4485
        4482        4490
        4482        4491
        4482        4498
        4482        4499
        4482        4508
        4482        4511
        4482        4588
        4482        4601
        4482        4606
        4483        4484
        4483        4488
        4483        4489
        4483        4497
        4483        4605
        4484        4487
        4484        4498
        4484        4499
        4484        4515
        4484        4607
        4485        4497
        4485        4509
        4485        4510
        4485        4512
        4485        4513
        4485        4514
        4486        4488
        4486        4489
        4486        4497
        4486        4509
        4486        4510
        4486        4512
        4486        4513
        4486        4514
        4486        4605
        4487        4492
        4487        4493
        4487        4500
        4487        4509
        4487        4510
        4487        4605
        4488        4490
        4488        4491
        4488        4498
        4488        4499
        4488        4508
        4488        4607
        4489        4494
        4489        4495
        4489        4496
        4489        4498
        4489        4499
        4489        4508
        4489        4607
        4490        4492
        4490        4493
        4490        4497
        4491        4497
        4492        4494
        4492        4495
        4492        4496
        4497        4501
        4497        4502
        4497        4504
        4497        4511
        4497        4607
        4498        4500
        4498        4509
        4498        4510
        4499        4503
        4499        4505
        4499        4506
        4499        4507
        4499        4509
        4499        4510
        4499        4516
        4500        4508
        4500        4517
        4500        4518
        4501        4503
        4501        4505
        4501        4506
        4501        4507
        4501        4516
        4502        4505
        4502        4506
        4502        4507
        4502        4519
        4502        4520
        4502        4524
        4503        4504
        4503        4517
        4503        4518
        4504        4516
        4508        4512
        4508        4513
        4508        4514
        4509        4511
        4510        4511
        4512        4515
        4513        4515
        4516        4521
        4516        4522
        4516        4523
        4516        4525
        4516        4526
        4517        4519
        4517        4520
        4517        4524
        4518        4527
        4518        4528
        4519        4521
        4519        4522
        4519        4523
        4519        4525
        4519        4526
        4520        4525
        4520        4526
        4521        4524
        4522        4524
        4523        4524
        4524        4529
        4524        4530
        4524        4535
        4525        4527
        4525        4528
        4526        4531
        4526        4532
        4526        4536
        4526        4537
        4526        4538
        4527        4529
        4527        4530
        4527        4535
        4528        4533
        4528        4534
        4528        4539
        4528        4540
        4528        4541
        4529        4531
        4529        4532
        4529        4536
        4529        4537
        4529        4538
        4530        4536
        4530        4537
        4530        4538
        4531        4533
        4531        4534
        4531        4535
        4532        4535
        4535        4542
        4535        4543
        4536        4539
        4536        4540
        4536        4541
        4537        4539
        4537        4540
        4537        4541
        4538        4544
        4538        4545
        4539        4542
        4539        4543
        4540        4542
        4540        4543
        4541        4546
        4541        4547
        4541        4563
        4542        4544
        4542        4545
        4543        4548
        4543        4549
        4543        4550
        4543        4564
        4543        4565
        4544        4546
        4544        4547
        4544        4563
        4545        4551
        4545        4552
        4545        4553
        4545        4566
        4545        4567
        4546        4548
        4546        4549
        4546        4550
        4546        4564
        4546        4565
        4547        4554
        4547        4555
        4547        4556
        4547        4564
        4547        4565
        4548        4551
        4548        4552
        4548        4553
        4548        4563
        4549        4551
        4549        4552
        4549        4553
        4549        4563
        4550        4557
        4550        4558
        4550        4559
        4550        4563
        4551        4554
        4551        4555
        4551        4556
        4552        4554
        4552        4555
        4552        4556
        4553        4560
        4553        4561
        4553        4562
        4554        4557
        4554        4558
        4554        4559
        4555        4557
        4555        4558
        4555        4559
        4557        4560
        4557        4561
        4557        4562
        4558        4560
        4558        4561
        4558        4562
        4563        4568
        4563        4569
        4563        4573
        4564        4566
        4564        4567
        4565        4570
        4565        4571
        4565        4572
        4565        4574
        4565        4575
        4566        4568
        4566        4569
        4566        4573
        4567        4576
        4567        4577
        4568        4570
        4568        4571
        4568        4572
        4568        4574
        4568        4575
        4569        4574
        4569        4575
        4570        4573
        4571        4573
        4572        4573
        4573        4578
        4573        4579
        4573        4583
        4574        4576
        4574        4577
        4575        4580
        4575        4581
        4575        4582
        4575        4584
        4575        4585
        4576        4578
        4576        4579
        4576        4583
        4578        4580
        4578        4581
        4578        4582
        4578        4584
        4578        4585
        4579        4584
        4579        4585
        4580        4583
        4581        4583
        4582        4583
        4586        4589
        4586        4594
        4586        4595
        4586        4602
        4586        4603
        4586        4605
        4586        4608
        4586        4615
        4586        4628
        4586        4640
        4587        4588
        4587        4592
        4587        4593
        4587        4601
        4587        4639
        4588        4591
        4588        4602
        4588        4603
        4588        4612
        4588        4641
        4589        4601
        4589        4606
        4589        4607
        4589        4609
        4589        4610
        4589        4611
        4590        4592
        4590        4593
        4590        4601
        4590        4606
        4590        4607
        4590        4609
        4590        4610
        4590        4611
        4590        4639
        4591        4596
        4591        4597
        4591        4604
        4591        4606
        4591        4607
        4591        4639
        4592        4594
        4592        4595
        4592        4602
        4592        4603
        4592        4605
        4592        4641
        4593        4598
        4593        4599
        4593        4600
        4593        4602
        4593        4603
        4593        4605
        4593        4641
        4594        4596
        4594        4597
        4594        4601
        4595        4601
        4596        4598
        4596        4599
        4596        4600
        4601        4608
        4601        4641
        4602        4604
        4602        4606
        4602        4607
        4603        4606
        4603        4607
        4604        4605
        4605        4609
        4605        4610
        4605        4611
        4606        4608
        4607        4608
        4609        4612
        4610        4612
        4613        4616
        4613        4621
        4613        4622
        4613        4629
        4613        4630
        4613        4639
        4613        4642
        4613        4719
        4613        4732
        4613        4737
        4614        4615
        4614        4619
        4614        4620
        4614        4628
        4614        4736
        4615        4618
        4615        4629
        4615        4630
        4615        4646
        4615        4738
        4616        4628
        4616        4640
        4616        4641
        4616        4643
        4616        4644
        4616        4645
        4617        4619
        4617        4620
        4617        4628
        4617        4640
        4617        4641
        4617        4643
        4617        4644
        4617        4645
        4617        4736
        4618        4623
        4618        4624
        4618        4631
        4618        4640
        4618        4641
        4618        4736
        4619        4621
        4619        4622
        4619        4629
        4619        4630
        4619        4639
        4619        4738
        4620        4625
        4620        4626
        4620        4627
        4620        4629
        4620        4630
        4620        4639
        4620        4738
        4621        4623
        4621        4624
        4621        4628
        4622        4628
        4623        4625
        4623        4626
        4623        4627
        4628        4632
        4628        4633
        4628        4635
        4628        4642
        4628        4738
        4629        4631
        4629        4640
        4629        4641
        4630        4634
        4630        4636
        4630        4637
        4630        4638
        4630        4640
        4630        4641
        4630        4647
        4631        4639
        4631        4648
        4631        4649
        4632        4634
        4632        4636
        4632        4637
        4632        4638
        4632        4647
        4633        4636
        4633        4637
        4633        4638
        4633        4650
        4633        4651
        4633        4655
        4634        4635
        4634        4648
        4634        4649
        4635        4647
        4639        4643
        4639        4644
        4639        4645
        4640        4642
        4641        4642
        4643        4646
        4644        4646
        4647        4652
        4647        4653
        4647        4654
        4647        4656
        4647        4657
        4648        4650
        4648        4651
        4648        4655
        4649        4658
        4649        4659
        4650        4652
        4650        4653
        4650        4654
        4650        4656
        4650        4657
        4651        4656
        4651        4657
        4652        4655
        4653        4655
        4654        4655
        4655        4660
        4655        4661
        4655        4666
        4656        4658
        4656        4659
        4657        4662
        4657        4663
        4657        4667
        4657        4668
        4657        4669
        4658        4660
        4658        4661
        4658        4666
        4659        4664
        4659        4665
        4659        4670
        4659        4671
        4659        4672
        4660        4662
        4660        4663
        4660        4667
        4660        4668
        4660        4669
        4661        4667
        4661        4668
        4661        4669
        4662        4664
        4662        4665
        4662        4666
        4663        4666
        4666        4673
        4666        4674
        4667        4670
        4667        4671
        4667        4672
        4668        4670
        4668        4671
        4668        4672
        4669        4675
        4669        4676
        4670        4673
        4670        4674
        4671        4673
        4671        4674
        4672        4677
        4672        4678
        4672        4694
        4673        4675
        4673        4676
        4674        4679
        4674        4680
        4674        4681
        4674        4695
        4674        4696
        4675        4677
        4675        4678
        4675        4694
        4676        4682
        4676        4683
        4676        4684
        4676        4697
        4676        4698
        4677        4679
        4677        4680
        4677        4681
        4677        4695
        4677        4696
        4678        4685
        4678        4686
        4678        4687
        4678        4695
        4678        4696
        4679        4682
        4679        4683
        4679        4684
        4679        4694
        4680        4682
        4680        4683
        4680        4684
        4680        4694
        4681        4688
        4681        4689
        4681        4690
        4681        4694
        4682        4685
        4682        4686
        4682        4687
        4683        4685
        4683        4686
        4683        4687
        4684        4691
        4684        4692
        4684        4693
        4685        4688
        4685        4689
        4685        4690
        4686        4688
        4686        4689
        4686        4690
        4688        4691
        4688        4692
        4688        4693
        4689        4691
        4689        4692
        4689        4693
        4694        4699
        4694        4700
        4694        4704
        4695        4697
        4695        4698
        4696        4701
        4696        4702
        4696        4703
        4696        4705
        4696        4706
        4697        4699
        4697        4700
        4697        4704
        4698        4707
        4698        4708
        4699        4701
        4699        4702
        4699        4703
        4699        4705
        4699        4706
        4700        4705
        4700        4706
        4701        4704
        4702        4704
        4703        4704
        4704        4709
        4704        4710
        4704        4714
        4705        4707
        4705        4708
        4706        4711
        4706        4712
        4706        4713
        4706        4715
        4706        4716
        4707        4709
        4707        4710
        4707        4714
        4709        4711
        4709        4712
        4709        4713
        4709        4715
        4709        4716
        4710        4715
        4710        4716
        4711        4714
        4712        4714
        4713        4714
        4717        4720
        4717        4725
        4717        4726
        4717        4733
        4717        4734
        4717        4736
        4717        4739
        4717        4746
        4717        4759
        4717        4771
        4718        4719
        4718        4723
        4718        4724
        4718        4732
        4718        4770
        4719        4722
        4719        4733
        4719        4734
        4719        4743
        4719        4772
        4720        4732
        4720        4737
        4720        4738
        4720        4740
        4720        4741
        4720        4742
        4721        4723
        4721        4724
        4721        4732
        4721        4737
        4721        4738
        4721        4740
        4721        4741
        4721        4742
        4721        4770
        4722        4727
        4722        4728
        4722        4735
        4722        4737
        4722        4738
        4722        4770
        4723        4725
        4723        4726
        4723        4733
        4723        4734
        4723        4736
        4723        4772
        4724        4729
        4724        4730
        4724        4731
        4724        4733
        4724        4734
        4724        4736
        4724        4772
        4725        4727
        4725        4728
        4725        4732
        4726        4732
        4727        4729
        4727        4730
        4727        4731
        4732        4739
        4732        4772
        4733        4735
        4733        4737
        4733        4738
        4734        4737
        4734        4738
        4735        4736
        4736        4740
        4736        4741
        4736        4742
        4737        4739
        4738        4739
        4740        4743
        4741        4743
        4744        4747
        4744        4752
        4744        4753
        4744        4760
        4744        4761
        4744        4770
        4744        4773
        4744        4850
        4744        4863
        4744        4868
        4745        4746
        4745        4750
        4745        4751
        4745        4759
        4745        4867
        4746        4749
        4746        4760
        4746        4761
        4746        4777
        4746        4869
        4747        4759
        4747        4771
        4747        4772
        4747        4774
        4747        4775
        4747        4776
        4748        4750
        4748        4751
        4748        4759
        4748        4771
        4748        4772
        4748        4774
        4748        4775
        4748        4776
        4748        4867
        4749        4754
        4749        4755
        4749        4762
        4749        4771
        4749        4772
        4749        4867
        4750        4752
        4750        4753
        4750        4760
        4750        4761
        4750        4770
        4750        4869
        4751        4756
        4751        4757
        4751        4758
        4751        4760
        4751        4761
        4751        4770
        4751        4869
        4752        4754
        4752        4755
        4752        4759
        4753        4759
        4754        4756
        4754        4757
        4754        4758
        4759        4763
        4759        4764
        4759        4766
        4759        4773
        4759        4869
        4760        4762
        4760        4771
        4760        4772
        4761        4765
        4761        4767
        4761        4768
        4761        4769
        4761        4771
        4761        4772
        4761        4778
        4762        4770
        4762        4779
        4762        4780
        4763        4765
        4763        4767
        4763        4768
        4763        4769
        4763        4778
        4764        4767
        4764        4768
        4764        4769
        4764        4781
        4764        4782
        4764        4786
        4765        4766
        4765        4779
        4765        4780
        4766        4778
        4770        4774
        4770        4775
        4770        4776
        4771        4773
        4772        4773
        4774        4777
        4775        4777
        4778        4783
        4778        4784
        4778        4785
        4778        4787
        4778        4788
        4779        4781
        4779        4782
        4779        4786
        4780        4789
        4780        4790
        4781        4783
        4781        4784
        4781        4785
        4781        4787
        4781        4788
        4782        4787
        4782        4788
        4783        4786
        4784        4786
        4785        4786
        4786        4791
        4786        4792
        4786        4797
        4787        4789
        4787        4790
        4788        4793
        4788        4794
        4788        4798
        4788        4799
        4788        4800
        4789        4791
        4789        4792
        4789        4797
        4790        4795
        4790        4796
        4790        4801
        4790        4802
        4790        4803
        4791        4793
        4791        4794
        4791        4798
        4791        4799
        4791        4800
        4792        4798
        4792        4799
        4792        4800
        4793        4795
        4793        4796
        4793        4797
        4794        4797
        4797        4804
        4797        4805
        4798        4801
        4798        4802
        4798        4803
        4799        4801
        4799        4802
        4799        4803
        4800        4806
        4800        4807
        4801        4804
        4801        4805
        4802        4804
        4802        4805
        4803        4808
        4803        4809
        4803        4825
        4804        4806
        4804        4807
        4805        4810
        4805        4811
        4805        4812
        4805        4826
        4805        4827
        4806        4808
        4806        4809
        4806        4825
        4807        4813
        4807        4814
        4807        4815
        4807        4828
        4807        4829
        4808        4810
        4808        4811
        4808        4812
        4808        4826
        4808        4827
        4809        4816
        4809        4817
        4809        4818
        4809        4826
        4809        4827
        4810        4813
        4810        4814
        4810        4815
        4810        4825
        4811        4813
        4811        4814
        4811        4815
        4811        4825
        4812        4819
        4812        4820
        4812        4821
        4812        4825
        4813        4816
        4813        4817
        4813        4818
        4814        4816
        4814        4817
        4814        4818
        4815        4822
        4815        4823
        4815        4824
        4816        4819
        4816        4820
        4816        4821
        4817        4819
        4817        4820
        4817        4821
        4819        4822
        4819        4823
        4819        4824
        4820        4822
        4820        4823
        4820        4824
        4825        4830
        4825        4831
        4825        4835
        4826        4828
        4826        4829
        4827        4832
        4827        4833
        4827        4834
        4827        4836
        4827        4837
        4828        4830
        4828        4831
        4828        4835
        4829        4838
        4829        4839
        4830        4832
        4830        4833
        4830        4834
        4830        4836
        4830        4837
        4831        4836
        4831        4837
        4832        4835
        4833        4835
        4834        4835
        4835        4840
        4835        4841
        4835        4845
        4836        4838
        4836        4839
        4837        4842
        4837        4843
        4837        4844
        4837        4846
        4837        4847
        4838        4840
        4838        4841
        4838        4845
        4840        4842
        4840        4843
        4840        4844
        4840        4846
        4840        4847
        4841        4846
        4841        4847
        4842        4845
        4843        4845
        4844        4845
        4848        4851
        4848        4856
        4848        4857
        4848        4864
        4848        4865
        4848        4867
        4848        4870
        4848        4877
        4848        4890
        4848        4902
        4849        4850
        4849        4854
        4849        4855
        4849        4863
        4849        4901
        4850        4853
        4850        4864
        4850        4865
        4850        4874
        4850        4903
        4851        4863
        4851        4868
        4851        4869
        4851        4871
        4851        4872
        4851        4873
        4852        4854
        4852        4855
        4852        4863
        4852        4868
        4852        4869
        4852        4871
        4852        4872
        4852        4873
        4852        4901
        4853        4858
        4853        4859
        4853        4866
        4853        4868
        4853        4869
        4853        4901
        4854        4856
        4854        4857
        4854        4864
        4854        4865
        4854        4867
        4854        4903
        4855        4860
        4855        4861
        4855        4862
        4855        4864
        4855        4865
        4855        4867
        4855        4903
        4856        4858
        4856        4859
        4856        4863
        4857        4863
        4858        4860
        4858        4861
        4858        4862
        4863        4870
        4863        4903
        4864        4866
        4864        4868
        4864        4869
        4865        4868
        4865        4869
        4866        4867
        4867        4871
        4867        4872
        4867        4873
        4868        4870
        4869        4870
        4871        4874
        4872        4874
        4875        4878
        4875        4883
        4875        4884
        4875        4891
        4875        4892
        4875        4901
        4875        4904
        4875        4981
        4875        4994
        4875        4999
        4876        4877
        4876        4881
        4876        4882
        4876        4890
        4876        4998
        4877        4880
        4877        4891
        4877        4892
        4877        4908
        4877        5000
        4878        4890
        4878        4902
        4878        4903
        4878        4905
        4878        4906
        4878        4907
        4879        4881
        4879        4882
        4879        4890
        4879        4902
        4879        4903
        4879        4905
        4879        4906
        4879        4907
        4879        4998
        4880        4885
        4880        4886
        4880        4893
        4880        4902
        4880        4903
        4880        4998
        4881        4883
        4881        4884
        4881        4891
        4881        4892
        4881        4901
        4881        5000
        4882        4887
        4882        4888
        4882        4889
        4882        4891
        4882        4892
        4882        4901
        4882        5000
        4883        4885
        4883        4886
        4883        4890
        4884        4890
        4885        4887
        4885        4888
        4885        4889
        4890        4894
        4890        4895
        4890        4897
        4890        4904
        4890        5000
        4891        4893
        4891        4902
        4891        4903
        4892        4896
        4892        4898
        4892        4899
        4892        4900
        4892        4902
        4892        4903
        4892        4909
        4893        4901
        4893        4910
        4893        4911
        4894        4896
        4894        4898
        4894        4899
        4894        4900
        4894        4909
        4895        4898
        4895        4899
        4895        4900
        4895        4912
        4895        4913
        4895        4917
        4896        4897
        4896        4910
        4896        4911
        4897        4909
        4901        4905
        4901        4906
        4901        4907
        4902        4904
        4903        4904
        4905        4908
        4906        4908
        4909        4914
        4909        4915
        4909        4916
        4909        4918
        4909        4919
        4910        4912
        4910        4913
        4910        4917
        4911        4920
        4911        4921
        4912        4914
        4912        4915
        4912        4916
        4912        4918
        4912        4919
        4913        4918
        4913        4919
        4914        4917
        4915        4917
        4916        4917
        4917        4922
        4917        4923
        4917        4928
        4918        4920
        4918        4921
        4919        4924
        4919        4925
        4919        4929
        4919        4930
        4919        4931
        4920        4922
        4920        4923
        4920        4928
        4921        4926
        4921        4927
        4921        4932
        4921        4933
        4921        4934
        4922        4924
        4922        4925
        4922        4929
        4922        4930
        4922        4931
        4923        4929
        4923        4930
        4923        4931
        4924        4926
        4924        4927
        4924        4928
        4925        4928
        4928        4935
        4928        4936
        4929        4932
        4929        4933
        4929        4934
        4930        4932
        4930        4933
        4930        4934
        4931        4937
        4931        4938
        4932        4935
        4932        4936
        4933        4935
        4933        4936
        4934        4939
        4934        4940
        4934        4956
        4935        4937
        4935        4938
        4936        4941
        4936        4942
        4936        4943
        4936        4957
        4936        4958
        4937        4939
        4937        4940
        4937        4956
        4938        4944
        4938        4945
        4938        4946
        4938        4959
        4938        4960
        4939        4941
        4939        4942
        4939        4943
        4939        4957
        4939        4958
        4940        4947
        4940        4948
        4940        4949
        4940        4957
        4940        4958
        4941        4944
        4941        4945
        4941        4946
        4941        4956
        4942        4944
        4942        4945
        4942        4946
        4942        4956
        4943        4950
        4943        4951
        4943        4952
        4943        4956
        4944        4947
        4944        4948
        4944        4949
        4945        4947
        4945        4948
        4945        4949
        4946        4953
        4946        4954
        4946        4955
        4947        4950
        4947        4951
        4947        4952
        4948        4950
        4948        4951
        4948        4952
        4950        4953
        4950        4954
        4950        4955
        4951        4953
        4951        4954
        4951        4955
        4956        4961
        4956        4962
        4956        4966
        4957        4959
        4957        4960
        4958        4963
        4958        4964
        4958        4965
        4958        4967
        4958        4968
        4959        4961
        4959        4962
        4959        4966
        4960        4969
        4960        4970
        4961        4963
        4961        4964
        4961        4965
        4961        4967
        4961        4968
        4962        4967
        4962        4968
        4963        4966
        4964        4966
        4965        4966
        4966        4971
        4966        4972
        4966        4976
        4967        4969
        4967        4970
        4968        4973
        4968        4974
        4968        4975
        4968        4977
        4968        4978
        4969        4971
        4969        4972
        4969        4976
        4971        4973
        4971        4974
        4971        4975
        4971        4977
        4971        4978
        4972        4977
        4972        4978
        4973        4976
        4974        4976
        4975        4976
        4979        4982
        4979        4987
        4979        4988
        4979        4995
        4979        4996
        4979        4998
        4979        5001
        4979        5008
        4979        5021
        4979        5033
        4980        4981
        4980        4985
        4980        4986
        4980        4994
        4980        5032
        4981        4984
        4981        4995
        4981        4996
        4981        5005
        4981        5034
        4982        4994
        4982        4999
        4982        5000
        4982        5002
        4982        5003
        4982        5004
        4983        4985
        4983        4986
        4983        4994
        4983        4999
        4983        5000
        4983        5002
        4983        5003
        4983        5004
        4983        5032
        4984        4989
        4984        4990
        4984        4997
        4984        4999
        4984        5000
        4984        5032
        4985        4987
        4985        4988
        4985        4995
        4985        4996
        4985        4998
        4985        5034
        4986        4991
        4986        4992
        4986        4993
        4986        4995
        4986        4996
        4986        4998
        4986        5034
        4987        4989
        4987        4990
        4987        4994
        4988        4994
        4989        4991
        4989        4992
        4989        4993
        4994        5001
        4994        5034
        4995        4997
        4995        4999
        4995        5000
        4996        4999
        4996        5000
        4997        4998
        4998        5002
        4998        5003
        4998        5004
        4999        5001
        5000        5001
        5002        5005
        5003        5005
        5006        5009
        5006        5014
        5006        5015
        5006        5022
        5006        5023
        5006        5032
        5006        5035
        5007        5008
        5007        5012
        5007        5013
        5007        5021
        5008        5011
        5008        5022
        5008        5023
        5008        5039
        5009        5021
        5009        5033
        5009        5034
        5009        5036
        5009        5037
        5009        5038
        5010        5012
        5010        5013
        5010        5021
        5010        5033
        5010        5034
        5010        5036
        5010        5037
        5010        5038
        5011        5016
        5011        5017
        5011        5024
        5011        5033
        5011        5034
        5012        5014
        5012        5015
        5012        5022
        5012        5023
        5012        5032
        5013        5018
        5013        5019
        5013        5020
        5013        5022
        5013        5023
        5013        5032
        5014        5016
        5014        5017
        5014        5021
        5015        5021
        5016        5018
        5016        5019
        5016        5020
        5021        5025
        5021        5026
        5021        5028
        5021        5035
        5022        5024
        5022        5033
        5022        5034
        5023        5027
        5023        5029
        5023        5030
        5023        5031
        5023        5033
        5023        5034
        5023        5040
        5024        5032
        5024        5041
        5024        5042
        5025        5027
        5025        5029
        5025        5030
        5025        5031
        5025        5040
        5026        5029
        5026        5030
        5026        5031
        5026        5043
        5026        5044
        5026        5048
        5027        5028
        5027        5041
        5027        5042
        5028        5040
        5032        5036
        5032        5037
        5032        5038
        5033        5035
        5034        5035
        5036        5039
        5037        5039
        5040        5045
        5040        5046
        5040        5047
        5040        5049
        5040        5050
        5041        5043
        5041        5044
        5041        5048
        5042        5051
        5042        5052
        5043        5045
        5043        5046
        5043        5047
        5043        5049
        5043        5050
        5044        5049
        5044        5050
        5045        5048
        5046        5048
        5047        5048
        5048        5053
        5048        5054
        5048        5059
        5049        5051
        5049        5052
        5050        5055
        5050        5056
        5050        5060
        5050        5061
        5050        5062
        5051        5053
        5051        5054
        5051        5059
        5052        5057
        5052        5058
        5052        5063
        5052        5064
        5052        5065
        5053        5055
        5053        5056
        5053        5060
        5053        5061
        5053        5062
        5054        5060
        5054        5061
        5054        5062
        5055        5057
        5055        5058
        5055        5059
        5056        5059
        5059        5066
        5059        5067
        5060        5063
        5060        5064
        5060        5065
        5061        5063
        5061        5064
        5061        5065
        5062        5068
        5062        5069
        5063        5066
        5063        5067
        5064        5066
        5064        5067
        5065        5070
        5065        5071
        5065        5087
        5066        5068
        5066        5069
        5067        5072
        5067        5073
        5067        5074
        5067        5088
        5067        5089
        5068        5070
        5068        5071
        5068        5087
        5069        5075
        5069        5076
        5069        5077
        5069        5090
        5069        5091
        5070        5072
        5070        5073
        5070        5074
        5070        5088
        5070        5089
        5071        5078
        5071        5079
        5071        5080
        5071        5088
        5071        5089
        5072        5075
        5072        5076
        5072        5077
        5072        5087
        5073        5075
        5073        5076
        5073        5077
        5073        5087
        5074        5081
        5074        5082
        5074        5083
        5074        5087
        5075        5078
        5075        5079
        5075        5080
        5076        5078
        5076        5079
        5076        5080
        5077        5084
        5077        5085
        5077        5086
        5078        5081
        5078        5082
        5078        5083
        5079        5081
        5079        5082
        5079        5083
        5081        5084
        5081        5085
        5081        5086
        5082        5084
        5082        5085
        5082        5086
        5087        5092
        5087        5093
        5087        5097
        5088        5090
        5088        5091
        5089        5094
        5089        5095
        5089        5096
        5089        5098
        5089        5099
        5090        5092
        5090        5093
        5090        5097
        5091        5100
        5091        5101
        5092        5094
        5092        5095
        5092        5096
        5092        5098
        5092        5099
        5093        5098
        5093        5099
        5094        5097
        5095        5097
        5096        5097
        5097        5102
        5097        5103
        5097        5107
        5098        5100
        5098        5101
        5099        5104
        5099        5105
        5099        5106
        5099        5108
        5099        5109
        5100        5102
        5100        5103
        5100        5107
        5102        5104
        5102        5105
        5102        5106
        5102        5108
        5102        5109
        5103        5108
        5103        5109
        5104        5107
        5105        5107
        5106        5107
        5110        5113
        5110        5118
        5110        5119
        5110        5126
        5110        5127
        5110        5129
        5110        5132
        5110        5139
        5110        5152
        5110        5164
        5111        5112
        5111        5116
        5111        5117
        5111        5125
        5111        5163
        5112        5115
        5112        5126
        5112        5127
        5112        5136
        5112        5165
        5112        6709
        5113        5125
        5113        5130
        5113        5131
        5113        5133
        5113        5134
        5113        5135
        5114        5116
        5114        5117
        5114        5125
        5114        5130
        5114        5131
        5114        5133
        5114        5134
        5114        5135
        5114        5163
        5115        5120
        5115        5121
        5115        5128
        5115        5130
        5115        5131
        5115        5163
        5116        5118
        5116        5119
        5116        5126
        5116        5127
        5116        5129
        5116        5165
        5117        5122
        5117        5123
        5117        5124
        5117        5126
        5117        5127
        5117        5129
        5117        5165
        5118        5120
        5118        5121
        5118        5125
        5119        5125
        5120        5122
        5120        5123
        5120        5124
        5125        5132
        5125        5165
        5125        6709
        5126        5128
        5126        5130
        5126        5131
        5127        5130
        5127        5131
        5128        5129
        5129        5133
        5129        5134
        5129        5135
        5129        6710
        5129        6713
        5129        6714
        5130        5132
        5130        6709
        5131        5132
        5131        6711
        5131        6715
        5131        6716
        5131        6724
        5133        5136
        5134        5136
        5137        5140
        5137        5145
        5137        5146
        5137        5153
        5137        5154
        5137        5163
        5137        5166
        5137        5243
        5137        5256
        5137        5261
        5138        5139
        5138        5143
        5138        5144
        5138        5152
        5138        5260
        5139        5142
        5139        5153
        5139        5154
        5139        5170
        5139        5262
        5140        5152
        5140        5164
        5140        5165
        5140        5167
        5140        5168
        5140        5169
        5141        5143
        5141        5144
        5141        5152
        5141        5164
        5141        5165
        5141        5167
        5141        5168
        5141        5169
        5141        5260
        5142        5147
        5142        5148
        5142        5155
        5142        5164
        5142        5165
        5142        5260
        5143        5145
        5143        5146
        5143        5153
        5143        5154
        5143        5163
        5143        5262
        5144        5149
        5144        5150
        5144        5151
        5144        5153
        5144        5154
        5144        5163
        5144        5262
        5145        5147
        5145        5148
        5145        5152
        5146        5152
        5147        5149
        5147        5150
        5147        5151
        5152        5156
        5152        5157
        5152        5159
        5152        5166
        5152        5262
        5153        5155
        5153        5164
        5153        5165
        5154        5158
        5154        5160
        5154        5161
        5154        5162
        5154        5164
        5154        5165
        5154        5171
        5155        5163
        5155        5172
        5155        5173
        5156        5158
        5156        5160
        5156        5161
        5156        5162
        5156        5171
        5157        5160
        5157        5161
        5157        5162
        5157        5174
        5157        5175
        5157        5179
        5158        5159
        5158        5172
        5158        5173
        5159        5171
        5163        5167
        5163        5168
        5163        5169
        5164        5166
        5165        5166
        5167        5170
        5168        5170
        5171        5176
        5171        5177
        5171        5178
        5171        5180
        5171        5181
        5172        5174
        5172        5175
        5172        5179
        5173        5182
        5173        5183
        5174        5176
        5174        5177
        5174        5178
        5174        5180
        5174        5181
        5175        5180
        5175        5181
        5176        5179
        5177        5179
        5178        5179
        5179        5184
        5179        5185
        5179        5190
        5180        5182
        5180        5183
        5181        5186
        5181        5187
        5181        5191
        5181        5192
        5181        5193
        5182        5184
        5182        5185
        5182        5190
        5183        5188
        5183        5189
        5183        5194
        5183        5195
        5183        5196
        5184        5186
        5184        5187
        5184        5191
        5184        5192
        5184        5193
        5185        5191
        5185        5192
        5185        5193
        5186        5188
        5186        5189
        5186        5190
        5187        5190
        5190        5197
        5190        5198
        5191        5194
        5191        5195
        5191        5196
        5192        5194
        5192        5195
        5192        5196
        5193        5199
        5193        5200
        5194        5197
        5194        5198
        5195        5197
        5195        5198
        5196        5201
        5196        5202
        5196        5218
        5197        5199
        5197        5200
        5198        5203
        5198        5204
        5198        5205
        5198        5219
        5198        5220
        5199        5201
        5199        5202
        5199        5218
        5200        5206
        5200        5207
        5200        5208
        5200        5221
        5200        5222
        5201        5203
        5201        5204
        5201        5205
        5201        5219
        5201        5220
        5202        5209
        5202        5210
        5202        5211
        5202        5219
        5202        5220
        5203        5206
        5203        5207
        5203        5208
        5203        5218
        5204        5206
        5204        5207
        5204        5208
        5204        5218
        5205        5212
        5205        5213
        5205        5214
        5205        5218
        5206        5209
        5206        5210
        5206        5211
        5207        5209
        5207        5210
        5207        5211
        5208        5215
        5208        5216
        5208        5217
        5209        5212
        5209        5213
        5209        5214
        5210        5212
        5210        5213
        5210        5214
        5212        5215
        5212        5216
        5212        5217
        5213        5215
        5213        5216
        5213        5217
        5218        5223
        5218        5224
        5218        5228
        5219        5221
        5219        5222
        5220        5225
        5220        5226
        5220        5227
        5220        5229
        5220        5230
        5221        5223
        5221        5224
        5221        5228
        5222        5231
        5222        5232
        5223        5225
        5223        5226
        5223        5227
        5223        5229
        5223        5230
        5224        5229
        5224        5230
        5225        5228
        5226        5228
        5227        5228
        5228        5233
        5228        5234
        5228        5238
        5229        5231
        5229        5232
        5230        5235
        5230        5236
        5230        5237
        5230        5239
        5230        5240
        5231        5233
        5231        5234
        5231        5238
        5233        5235
        5233        5236
        5233        5237
        5233        5239
        5233        5240
        5234        5239
        5234        5240
        5235        5238
        5236        5238
        5237        5238
        5241        5244
        5241        5249
        5241        5250
        5241        5257
        5241        5258
        5241        5260
        5241        5263
        5241        5270
        5241        5283
        5241        5295
        5242        5243
        5242        5247
        5242        5248
        5242        5256
        5242        5294
        5243        5246
        5243        5257
        5243        5258
        5243        5267
        5243        5296
        5244        5256
        5244        5261
        5244        5262
        5244        5264
        5244        5265
        5244        5266
        5245        5247
        5245        5248
        5245        5256
        5245        5261
        5245        5262
        5245        5264
        5245        5265
        5245        5266
        5245        5294
        5246        5251
        5246        5252
        5246        5259
        5246        5261
        5246        5262
        5246        5294
        5247        5249
        5247        5250
        5247        5257
        5247        5258
        5247        5260
        5247        5296
        5248        5253
        5248        5254
        5248        5255
        5248        5257
        5248        5258
        5248        5260
        5248        5296
        5249        5251
        5249        5252
        5249        5256
        5250        5256
        5251        5253
        5251        5254
        5251        5255
        5256        5263
        5256        5296
        5257        5259
        5257        5261
        5257        5262
        5258        5261
        5258        5262
        5259        5260
        5260        5264
        5260        5265
        5260        5266
        5261        5263
        5262        5263
        5264        5267
        5265        5267
        5268        5271
        5268        5276
        5268        5277
        5268        5284
        5268        5285
        5268        5294
        5268        5297
        5268        5374
        5268        5387
        5268        5392
        5269        5270
        5269        5274
        5269        5275
        5269        5283
        5269        5391
        5270        5273
        5270        5284
        5270        5285
        5270        5301
        5270        5393
        5271        5283
        5271        5295
        5271        5296
        5271        5298
        5271        5299
        5271        5300
        5272        5274
        5272        5275
        5272        5283
        5272        5295
        5272        5296
        5272        5298
        5272        5299
        5272        5300
        5272        5391
        5273        5278
        5273        5279
        5273        5286
        5273        5295
        5273        5296
        5273        5391
        5274        5276
        5274        5277
        5274        5284
        5274        5285
        5274        5294
        5274        5393
        5275        5280
        5275        5281
        5275        5282
        5275        5284
        5275        5285
        5275        5294
        5275        5393
        5276        5278
        5276        5279
        5276        5283
        5277        5283
        5278        5280
        5278        5281
        5278        5282
        5283        5287
        5283        5288
        5283        5290
        5283        5297
        5283        5393
        5284        5286
        5284        5295
        5284        5296
        5285        5289
        5285        5291
        5285        5292
        5285        5293
        5285        5295
        5285        5296
        5285        5302
        5286        5294
        5286        5303
        5286        5304
        5287        5289
        5287        5291
        5287        5292
        5287        5293
        5287        5302
        5288        5291
        5288        5292
        5288        5293
        5288        5305
        5288        5306
        5288        5310
        5289        5290
        5289        5303
        5289        5304
        5290        5302
        5294        5298
        5294        5299
        5294        5300
        5295        5297
        5296        5297
        5298        5301
        5299        5301
        5302        5307
        5302        5308
        5302        5309
        5302        5311
        5302        5312
        5303        5305
        5303        5306
        5303        5310
        5304        5313
        5304        5314
        5305        5307
        5305        5308
        5305        5309
        5305        5311
        5305        5312
        5306        5311
        5306        5312
        5307        5310
        5308        5310
        5309        5310
        5310        5315
        5310        5316
        5310        5321
        5311        5313
        5311        5314
        5312        5317
        5312        5318
        5312        5322
        5312        5323
        5312        5324
        5313        5315
        5313        5316
        5313        5321
        5314        5319
        5314        5320
        5314        5325
        5314        5326
        5314        5327
        5315        5317
        5315        5318
        5315        5322
        5315        5323
        5315        5324
        5316        5322
        5316        5323
        5316        5324
        5317        5319
        5317        5320
        5317        5321
        5318        5321
        5321        5328
        5321        5329
        5322        5325
        5322        5326
        5322        5327
        5323        5325
        5323        5326
        5323        5327
        5324        5330
        5324        5331
        5325        5328
        5325        5329
        5326        5328
        5326        5329
        5327        5332
        5327        5333
        5327        5349
        5328        5330
        5328        5331
        5329        5334
        5329        5335
        5329        5336
        5329        5350
        5329        5351
        5330        5332
        5330        5333
        5330        5349
        5331        5337
        5331        5338
        5331        5339
        5331        5352
        5331        5353
        5332        5334
        5332        5335
        5332        5336
        5332        5350
        5332        5351
        5333        5340
        5333        5341
        5333        5342
        5333        5350
        5333        5351
        5334        5337
        5334        5338
        5334        5339
        5334        5349
        5335        5337
        5335        5338
        5335        5339
        5335        5349
        5336        5343
        5336        5344
        5336        5345
        5336        5349
        5337        5340
        5337        5341
        5337        5342
        5338        5340
        5338        5341
        5338        5342
        5339        5346
        5339        5347
        5339        5348
        5340        5343
        5340        5344
        5340        5345
        5341        5343
        5341        5344
        5341        5345
        5343        5346
        5343        5347
        5343        5348
        5344        5346
        5344        5347
        5344        5348
        5349        5354
        5349        5355
        5349        5359
        5350        5352
        5350        5353
        5351        5356
        5351        5357
        5351        5358
        5351        5360
        5351        5361
        5352        5354
        5352        5355
        5352        5359
        5353        5362
        5353        5363
        5354        5356
        5354        5357
        5354        5358
        5354        5360
        5354        5361
        5355        5360
        5355        5361
        5356        5359
        5357        5359
        5358        5359
        5359        5364
        5359        5365
        5359        5369
        5360        5362
        5360        5363
        5361        5366
        5361        5367
        5361        5368
        5361        5370
        5361        5371
        5362        5364
        5362        5365
        5362        5369
        5364        5366
        5364        5367
        5364        5368
        5364        5370
        5364        5371
        5365        5370
        5365        5371
        5366        5369
        5367        5369
        5368        5369
        5372        5375
        5372        5380
        5372        5381
        5372        5388
        5372        5389
        5372        5391
        5372        5394
        5372        5401
        5372        5414
        5372        5426
        5373        5374
        5373        5378
        5373        5379
        5373        5387
        5373        5425
        5374        5377
        5374        5388
        5374        5389
        5374        5398
        5374        5427
        5375        5387
        5375        5392
        5375        5393
        5375        5395
        5375        5396
        5375        5397
        5376        5378
        5376        5379
        5376        5387
        5376        5392
        5376        5393
        5376        5395
        5376        5396
        5376        5397
        5376        5425
        5377        5382
        5377        5383
        5377        5390
        5377        5392
        5377        5393
        5377        5425
        5378        5380
        5378        5381
        5378        5388
        5378        5389
        5378        5391
        5378        5427
        5379        5384
        5379        5385
        5379        5386
        5379        5388
        5379        5389
        5379        5391
        5379        5427
        5380        5382
        5380        5383
        5380        5387
        5381        5387
        5382        5384
        5382        5385
        5382        5386
        5387        5394
        5387        5427
        5388        5390
        5388        5392
        5388        5393
        5389        5392
        5389        5393
        5390        5391
        5391        5395
        5391        5396
        5391        5397
        5392        5394
        5393        5394
        5395        5398
        5396        5398
        5399        5402
        5399        5407
        5399        5408
        5399        5415
        5399        5416
        5399        5425
        5399        5428
        5399        5505
        5399        5518
        5399        5523
        5400        5401
        5400        5405
        5400        5406
        5400        5414
        5400        5522
        5401        5404
        5401        5415
        5401        5416
        5401        5432
        5401        5524
        5402        5414
        5402        5426
        5402        5427
        5402        5429
        5402        5430
        5402        5431
        5403        5405
        5403        5406
        5403        5414
        5403        5426
        5403        5427
        5403        5429
        5403        5430
        5403        5431
        5403        5522
        5404        5409
        5404        5410
        5404        5417
        5404        5426
        5404        5427
        5404        5522
        5405        5407
        5405        5408
        5405        5415
        5405        5416
        5405        5425
        5405        5524
        5406        5411
        5406        5412
        5406        5413
        5406        5415
        5406        5416
        5406        5425
        5406        5524
        5407        5409
        5407        5410
        5407        5414
        5408        5414
        5409        5411
        5409        5412
        5409        5413
        5414        5418
        5414        5419
        5414        5421
        5414        5428
        5414        5524
        5415        5417
        5415        5426
        5415        5427
        5416        5420
        5416        5422
        5416        5423
        5416        5424
        5416        5426
        5416        5427
        5416        5433
        5417        5425
        5417        5434
        5417        5435
        5418        5420
        5418        5422
        5418        5423
        5418        5424
        5418        5433
        5419        5422
        5419        5423
        5419        5424
        5419        5436
        5419        5437
        5419        5441
        5420        5421
        5420        5434
        5420        5435
        5421        5433
        5425        5429
        5425        5430
        5425        5431
        5426        5428
        5427        5428
        5429        5432
        5430        5432
        5433        5438
        5433        5439
        5433        5440
        5433        5442
        5433        5443
        5434        5436
        5434        5437
        5434        5441
        5435        5444
        5435        5445
        5436        5438
        5436        5439
        5436        5440
        5436        5442
        5436        5443
        5437        5442
        5437        5443
        5438        5441
        5439        5441
        5440        5441
        5441        5446
        5441        5447
        5441        5452
        5442        5444
        5442        5445
        5443        5448
        5443        5449
        5443        5453
        5443        5454
        5443        5455
        5444        5446
        5444        5447
        5444        5452
        5445        5450
        5445        5451
        5445        5456
        5445        5457
        5445        5458
        5446        5448
        5446        5449
        5446        5453
        5446        5454
        5446        5455
        5447        5453
        5447        5454
        5447        5455
        5448        5450
        5448        5451
        5448        5452
        5449        5452
        5452        5459
        5452        5460
        5453        5456
        5453        5457
        5453        5458
        5454        5456
        5454        5457
        5454        5458
        5455        5461
        5455        5462
        5456        5459
        5456        5460
        5457        5459
        5457        5460
        5458        5463
        5458        5464
        5458        5480
        5459        5461
        5459        5462
        5460        5465
        5460        5466
        5460        5467
        5460        5481
        5460        5482
        5461        5463
        5461        5464
        5461        5480
        5462        5468
        5462        5469
        5462        5470
        5462        5483
        5462        5484
        5463        5465
        5463        5466
        5463        5467
        5463        5481
        5463        5482
        5464        5471
        5464        5472
        5464        5473
        5464        5481
        5464        5482
        5465        5468
        5465        5469
        5465        5470
        5465        5480
        5466        5468
        5466        5469
        5466        5470
        5466        5480
        5467        5474
        5467        5475
        5467        5476
        5467        5480
        5468        5471
        5468        5472
        5468        5473
        5469        5471
        5469        5472
        5469        5473
        5470        5477
        5470        5478
        5470        5479
        5471        5474
        5471        5475
        5471        5476
        5472        5474
        5472        5475
        5472        5476
        5474        5477
        5474        5478
        5474        5479
        5475        5477
        5475        5478
        5475        5479
        5480        5485
        5480        5486
        5480        5490
        5481        5483
        5481        5484
        5482        5487
        5482        5488
        5482        5489
        5482        5491
        5482        5492
        5483        5485
        5483        5486
        5483        5490
        5484        5493
        5484        5494
        5485        5487
        5485        5488
        5485        5489
        5485        5491
        5485        5492
        5486        5491
        5486        5492
        5487        5490
        5488        5490
        5489        5490
        5490        5495
        5490        5496
        5490        5500
        5491        5493
        5491        5494
        5492        5497
        5492        5498
        5492        5499
        5492        5501
        5492        5502
        5493        5495
        5493        5496
        5493        5500
        5495        5497
        5495        5498
        5495        5499
        5495        5501
        5495        5502
        5496        5501
        5496        5502
        5497        5500
        5498        5500
        5499        5500
        5503        5506
        5503        5511
        5503        5512
        5503        5519
        5503        5520
        5503        5522
        5503        5525
        5503        5532
        5503        5545
        5503        5557
        5504        5505
        5504        5509
        5504        5510
        5504        5518
        5504        5556
        5505        5508
        5505        5519
        5505        5520
        5505        5529
        5505        5558
        5506        5518
        5506        5523
        5506        5524
        5506        5526
        5506        5527
        5506        5528
        5507        5509
        5507        5510
        5507        5518
        5507        5523
        5507        5524
        5507        5526
        5507        5527
        5507        5528
        5507        5556
        5508        5513
        5508        5514
        5508        5521
        5508        5523
        5508        5524
        5508        5556
        5509        5511
        5509        5512
        5509        5519
        5509        5520
        5509        5522
        5509        5558
        5510        5515
        5510        5516
        5510        5517
        5510        5519
        5510        5520
        5510        5522
        5510        5558
        5511        5513
        5511        5514
        5511        5518
        5512        5518
        5513        5515
        5513        5516
        5513        5517
        5518        5525
        5518        5558
        5519        5521
        5519        5523
        5519        5524
        5520        5523
        5520        5524
        5521        5522
        5522        5526
        5522        5527
        5522        5528
        5523        5525
        5524        5525
        5526        5529
        5527        5529
        5530        5533
        5530        5538
        5530        5539
        5530        5546
        5530        5547
        5530        5556
        5530        5559
        5530        5636
        5530        5649
        5530        5654
        5531        5532
        5531        5536
        5531        5537
        5531        5545
        5531        5653
        5532        5535
        5532        5546
        5532        5547
        5532        5563
        5532        5655
        5533        5545
        5533        5557
        5533        5558
        5533        5560
        5533        5561
        5533        5562
        5534        5536
        5534        5537
        5534        5545
        5534        5557
        5534        5558
        5534        5560
        5534        5561
        5534        5562
        5534        5653
        5535        5540
        5535        5541
        5535        5548
        5535        5557
        5535        5558
        5535        5653
        5536        5538
        5536        5539
        5536        5546
        5536        5547
        5536        5556
        5536        5655
        5537        5542
        5537        5543
        5537        5544
        5537        5546
        5537        5547
        5537        5556
        5537        5655
        5538        5540
        5538        5541
        5538        5545
        5539        5545
        5540        5542
        5540        5543
        5540        5544
        5545        5549
        5545        5550
        5545        5552
        5545        5559
        5545        5655
        5546        5548
        5546        5557
        5546        5558
        5547        5551
        5547        5553
        5547        5554
        5547        5555
        5547        5557
        5547        5558
        5547        5564
        5548        5556
        5548        5565
        5548        5566
        5549        5551
        5549        5553
        5549        5554
        5549        5555
        5549        5564
        5550        5553
        5550        5554
        5550        5555
        5550        5567
        5550        5568
        5550        5572
        5551        5552
        5551        5565
        5551        5566
        5552        5564
        5556        5560
        5556        5561
        5556        5562
        5557        5559
        5558        5559
        5560        5563
        5561        5563
        5564        5569
        5564        5570
        5564        5571
        5564        5573
        5564        5574
        5565        5567
        5565        5568
        5565        5572
        5566        5575
        5566        5576
        5567        5569
        5567        5570
        5567        5571
        5567        5573
        5567        5574
        5568        5573
        5568        5574
        5569        5572
        5570        5572
        5571        5572
        5572        5577
        5572        5578
        5572        5583
        5573        5575
        5573        5576
        5574        5579
        5574        5580
        5574        5584
        5574        5585
        5574        5586
        5575        5577
        5575        5578
        5575        5583
        5576        5581
        5576        5582
        5576        5587
        5576        5588
        5576        5589
        5577        5579
        5577        5580
        5577        5584
        5577        5585
        5577        5586
        5578        5584
        5578        5585
        5578        5586
        5579        5581
        5579        5582
        5579        5583
        5580        5583
        5583        5590
        5583        5591
        5584        5587
        5584        5588
        5584        5589
        5585        5587
        5585        5588
        5585        5589
        5586        5592
        5586        5593
        5587        5590
        5587        5591
        5588        5590
        5588        5591
        5589        5594
        5589        5595
        5589        5611
        5590        5592
        5590        5593
        5591        5596
        5591        5597
        5591        5598
        5591        5612
        5591        5613
        5592        5594
        5592        5595
        5592        5611
        5593        5599
        5593        5600
        5593        5601
        5593        5614
        5593        5615
        5594        5596
        5594        5597
        5594        5598
        5594        5612
        5594        5613
        5595        5602
        5595        5603
        5595        5604
        5595        5612
        5595        5613
        5596        5599
        5596        5600
        5596        5601
        5596        5611
        5597        5599
        5597        5600
        5597        5601
        5597        5611
        5598        5605
        5598        5606
        5598        5607
        5598        5611
        5599        5602
        5599        5603
        5599        5604
        5600        5602
        5600        5603
        5600        5604
        5601        5608
        5601        5609
        5601        5610
        5602        5605
        5602        5606
        5602        5607
        5603        5605
        5603        5606
        5603        5607
        5605        5608
        5605        5609
        5605        5610
        5606        5608
        5606        5609
        5606        5610
        5611        5616
        5611        5617
        5611        5621
        5612        5614
        5612        5615
        5613        5618
        5613        5619
        5613        5620
        5613        5622
        5613        5623
        5614        5616
        5614        5617
        5614        5621
        5615        5624
        5615        5625
        5616        5618
        5616        5619
        5616        5620
        5616        5622
        5616        5623
        5617        5622
        5617        5623
        5618        5621
        5619        5621
        5620        5621
        5621        5626
        5621        5627
        5621        5631
        5622        5624
        5622        5625
        5623        5628
        5623        5629
        5623        5630
        5623        5632
        5623        5633
        5624        5626
        5624        5627
        5624        5631
        5626        5628
        5626        5629
        5626        5630
        5626        5632
        5626        5633
        5627        5632
        5627        5633
        5628        5631
        5629        5631
        5630        5631
        5634        5637
        5634        5642
        5634        5643
        5634        5650
        5634        5651
        5634        5653
        5634        5656
        5634        5663
        5634        5676
        5634        5688
        5635        5636
        5635        5640
        5635        5641
        5635        5649
        5635        5687
        5636        5639
        5636        5650
        5636        5651
        5636        5660
        5636        5689
        5637        5649
        5637        5654
        5637        5655
        5637        5657
        5637        5658
        5637        5659
        5638        5640
        5638        5641
        5638        5649
        5638        5654
        5638        5655
        5638        5657
        5638        5658
        5638        5659
        5638        5687
        5639        5644
        5639        5645
        5639        5652
        5639        5654
        5639        5655
        5639        5687
        5640        5642
        5640        5643
        5640        5650
        5640        5651
        5640        5653
        5640        5689
        5641        5646
        5641        5647
        5641        5648
        5641        5650
        5641        5651
        5641        5653
        5641        5689
        5642        5644
        5642        5645
        5642        5649
        5643        5649
        5644        5646
        5644        5647
        5644        5648
        5649        5656
        5649        5689
        5650        5652
        5650        5654
        5650        5655
        5651        5654
        5651        5655
        5652        5653
        5653        5657
        5653        5658
        5653        5659
        5654        5656
        5655        5656
        5657        5660
        5658        5660
        5661        5664
        5661        5669
        5661        5670
        5661        5677
        5661        5678
        5661        5687
        5661        5690
        5661        5767
        5661        5780
        5661        5785
        5662        5663
        5662        5667
        5662        5668
        5662        5676
        5662        5784
        5663        5666
        5663        5677
        5663        5678
        5663        5694
        5663        5786
        5664        5676
        5664        5688
        5664        5689
        5664        5691
        5664        5692
        5664        5693
        5665        5667
        5665        5668
        5665        5676
        5665        5688
        5665        5689
        5665        5691
        5665        5692
        5665        5693
        5665        5784
        5666        5671
        5666        5672
        5666        5679
        5666        5688
        5666        5689
        5666        5784
        5667        5669
        5667        5670
        5667        5677
        5667        5678
        5667        5687
        5667        5786
        5668        5673
        5668        5674
        5668        5675
        5668        5677
        5668        5678
        5668        5687
        5668        5786
        5669        5671
        5669        5672
        5669        5676
        5670        5676
        5671        5673
        5671        5674
        5671        5675
        5676        5680
        5676        5681
        5676        5683
        5676        5690
        5676        5786
        5677        5679
        5677        5688
        5677        5689
        5678        5682
        5678        5684
        5678        5685
        5678        5686
        5678        5688
        5678        5689
        5678        5695
        5679        5687
        5679        5696
        5679        5697
        5680        5682
        5680        5684
        5680        5685
        5680        5686
        5680        5695
        5681        5684
        5681        5685
        5681        5686
        5681        5698
        5681        5699
        5681        5703
        5682        5683
        5682        5696
        5682        5697
        5683        5695
        5687        5691
        5687        5692
        5687        5693
        5688        5690
        5689        5690
        5691        5694
        5692        5694
        5695        5700
        5695        5701
        5695        5702
        5695        5704
        5695        5705
        5696        5698
        5696        5699
        5696        5703
        5697        5706
        5697        5707
        5698        5700
        5698        5701
        5698        5702
        5698        5704
        5698        5705
        5699        5704
        5699        5705
        5700        5703
        5701        5703
        5702        5703
        5703        5708
        5703        5709
        5703        5714
        5704        5706
        5704        5707
        5705        5710
        5705        5711
        5705        5715
        5705        5716
        5705        5717
        5706        5708
        5706        5709
        5706        5714
        5707        5712
        5707        5713
        5707        5718
        5707        5719
        5707        5720
        5708        5710
        5708        5711
        5708        5715
        5708        5716
        5708        5717
        5709        5715
        5709        5716
        5709        5717
        5710        5712
        5710        5713
        5710        5714
        5711        5714
        5714        5721
        5714        5722
        5715        5718
        5715        5719
        5715        5720
        5716        5718
        5716        5719
        5716        5720
        5717        5723
        5717        5724
        5718        5721
        5718        5722
        5719        5721
        5719        5722
        5720        5725
        5720        5726
        5720        5742
        5721        5723
        5721        5724
        5722        5727
        5722        5728
        5722        5729
        5722        5743
        5722        5744
        5723        5725
        5723        5726
        5723        5742
        5724        5730
        5724        5731
        5724        5732
        5724        5745
        5724        5746
        5725        5727
        5725        5728
        5725        5729
        5725        5743
        5725        5744
        5726        5733
        5726        5734
        5726        5735
        5726        5743
        5726        5744
        5727        5730
        5727        5731
        5727        5732
        5727        5742
        5728        5730
        5728        5731
        5728        5732
        5728        5742
        5729        5736
        5729        5737
        5729        5738
        5729        5742
        5730        5733
        5730        5734
        5730        5735
        5731        5733
        5731        5734
        5731        5735
        5732        5739
        5732        5740
        5732        5741
        5733        5736
        5733        5737
        5733        5738
        5734        5736
        5734        5737
        5734        5738
        5736        5739
        5736        5740
        5736        5741
        5737        5739
        5737        5740
        5737        5741
        5742        5747
        5742        5748
        5742        5752
        5743        5745
        5743        5746
        5744        5749
        5744        5750
        5744        5751
        5744        5753
        5744        5754
        5745        5747
        5745        5748
        5745        5752
        5746        5755
        5746        5756
        5747        5749
        5747        5750
        5747        5751
        5747        5753
        5747        5754
        5748        5753
        5748        5754
        5749        5752
        5750        5752
        5751        5752
        5752        5757
        5752        5758
        5752        5762
        5753        5755
        5753        5756
        5754        5759
        5754        5760
        5754        5761
        5754        5763
        5754        5764
        5755        5757
        5755        5758
        5755        5762
        5757        5759
        5757        5760
        5757        5761
        5757        5763
        5757        5764
        5758        5763
        5758        5764
        5759        5762
        5760        5762
        5761        5762
        5765        5768
        5765        5773
        5765        5774
        5765        5781
        5765        5782
        5765        5784
        5765        5787
        5765        5794
        5765        5807
        5765        5819
        5766        5767
        5766        5771
        5766        5772
        5766        5780
        5766        5818
        5767        5770
        5767        5781
        5767        5782
        5767        5791
        5767        5820
        5768        5780
        5768        5785
        5768        5786
        5768        5788
        5768        5789
        5768        5790
        5769        5771
        5769        5772
        5769        5780
        5769        5785
        5769        5786
        5769        5788
        5769        5789
        5769        5790
        5769        5818
        5770        5775
        5770        5776
        5770        5783
        5770        5785
        5770        5786
        5770        5818
        5771        5773
        5771        5774
        5771        5781
        5771        5782
        5771        5784
        5771        5820
        5772        5777
        5772        5778
        5772        5779
        5772        5781
        5772        5782
        5772        5784
        5772        5820
        5773        5775
        5773        5776
        5773        5780
        5774        5780
        5775        5777
        5775        5778
        5775        5779
        5780        5787
        5780        5820
        5781        5783
        5781        5785
        5781        5786
        5782        5785
        5782        5786
        5783        5784
        5784        5788
        5784        5789
        5784        5790
        5785        5787
        5786        5787
        5788        5791
        5789        5791
        5792        5795
        5792        5800
        5792        5801
        5792        5808
        5792        5809
        5792        5818
        5792        5821
        5792        5898
        5792        5911
        5792        5916
        5793        5794
        5793        5798
        5793        5799
        5793        5807
        5793        5915
        5794        5797
        5794        5808
        5794        5809
        5794        5825
        5794        5917
        5795        5807
        5795        5819
        5795        5820
        5795        5822
        5795        5823
        5795        5824
        5796        5798
        5796        5799
        5796        5807
        5796        5819
        5796        5820
        5796        5822
        5796        5823
        5796        5824
        5796        5915
        5797        5802
        5797        5803
        5797        5810
        5797        5819
        5797        5820
        5797        5915
        5798        5800
        5798        5801
        5798        5808
        5798        5809
        5798        5818
        5798        5917
        5799        5804
        5799        5805
        5799        5806
        5799        5808
        5799        5809
        5799        5818
        5799        5917
        5800        5802
        5800        5803
        5800        5807
        5801        5807
        5802        5804
        5802        5805
        5802        5806
        5807        5811
        5807        5812
        5807        5814
        5807        5821
        5807        5917
        5808        5810
        5808        5819
        5808        5820
        5809        5813
        5809        5815
        5809        5816
        5809        5817
        5809        5819
        5809        5820
        5809        5826
        5810        5818
        5810        5827
        5810        5828
        5811        5813
        5811        5815
        5811        5816
        5811        5817
        5811        5826
        5812        5815
        5812        5816
        5812        5817
        5812        5829
        5812        5830
        5812        5834
        5813        5814
        5813        5827
        5813        5828
        5814        5826
        5818        5822
        5818        5823
        5818        5824
        5819        5821
        5820        5821
        5822        5825
        5823        5825
        5826        5831
        5826        5832
        5826        5833
        5826        5835
        5826        5836
        5827        5829
        5827        5830
        5827        5834
        5828        5837
        5828        5838
        5829        5831
        5829        5832
        5829        5833
        5829        5835
        5829        5836
        5830        5835
        5830        5836
        5831        5834
        5832        5834
        5833        5834
        5834        5839
        5834        5840
        5834        5845
        5835        5837
        5835        5838
        5836        5841
        5836        5842
        5836        5846
        5836        5847
        5836        5848
        5837        5839
        5837        5840
        5837        5845
        5838        5843
        5838        5844
        5838        5849
        5838        5850
        5838        5851
        5839        5841
        5839        5842
        5839        5846
        5839        5847
        5839        5848
        5840        5846
        5840        5847
        5840        5848
        5841        5843
        5841        5844
        5841        5845
        5842        5845
        5845        5852
        5845        5853
        5846        5849
        5846        5850
        5846        5851
        5847        5849
        5847        5850
        5847        5851
        5848        5854
        5848        5855
        5849        5852
        5849        5853
        5850        5852
        5850        5853
        5851        5856
        5851        5857
        5851        5873
        5852        5854
        5852        5855
        5853        5858
        5853        5859
        5853        5860
        5853        5874
        5853        5875
        5854        5856
        5854        5857
        5854        5873
        5855        5861
        5855        5862
        5855        5863
        5855        5876
        5855        5877
        5856        5858
        5856        5859
        5856        5860
        5856        5874
        5856        5875
        5857        5864
        5857        5865
        5857        5866
        5857        5874
        5857        5875
        5858        5861
        5858        5862
        5858        5863
        5858        5873
        5859        5861
        5859        5862
        5859        5863
        5859        5873
        5860        5867
        5860        5868
        5860        5869
        5860        5873
        5861        5864
        5861        5865
        5861        5866
        5862        5864
        5862        5865
        5862        5866
        5863        5870
        5863        5871
        5863        5872
        5864        5867
        5864        5868
        5864        5869
        5865        5867
        5865        5868
        5865        5869
        5867        5870
        5867        5871
        5867        5872
        5868        5870
        5868        5871
        5868        5872
        5873        5878
        5873        5879
        5873        5883
        5874        5876
        5874        5877
        5875        5880
        5875        5881
        5875        5882
        5875        5884
        5875        5885
        5876        5878
        5876        5879
        5876        5883
        5877        5886
        5877        5887
        5878        5880
        5878        5881
        5878        5882
        5878        5884
        5878        5885
        5879        5884
        5879        5885
        5880        5883
        5881        5883
        5882        5883
        5883        5888
        5883        5889
        5883        5893
        5884        5886
        5884        5887
        5885        5890
        5885        5891
        5885        5892
        5885        5894
        5885        5895
        5886        5888
        5886        5889
        5886        5893
        5888        5890
        5888        5891
        5888        5892
        5888        5894
        5888        5895
        5889        5894
        5889        5895
        5890        5893
        5891        5893
        5892        5893
        5896        5899
        5896        5904
        5896        5905
        5896        5912
        5896        5913
        5896        5915
        5896        5918
        5896        5925
        5896        5938
        5896        5950
        5897        5898
        5897        5902
        5897        5903
        5897        5911
        5897        5949
        5898        5901
        5898        5912
        5898        5913
        5898        5922
        5898        5951
        5899        5911
        5899        5916
        5899        5917
        5899        5919
        5899        5920
        5899        5921
        5900        5902
        5900        5903
        5900        5911
        5900        5916
        5900        5917
        5900        5919
        5900        5920
        5900        5921
        5900        5949
        5901        5906
        5901        5907
        5901        5914
        5901        5916
        5901        5917
        5901        5949
        5902        5904
        5902        5905
        5902        5912
        5902        5913
        5902        5915
        5902        5951
        5903        5908
        5903        5909
        5903        5910
        5903        5912
        5903        5913
        5903        5915
        5903        5951
        5904        5906
        5904        5907
        5904        5911
        5905        5911
        5906        5908
        5906        5909
        5906        5910
        5911        5918
        5911        5951
        5912        5914
        5912        5916
        5912        5917
        5913        5916
        5913        5917
        5914        5915
        5915        5919
        5915        5920
        5915        5921
        5916        5918
        5917        5918
        5919        5922
        5920        5922
        5923        5926
        5923        5931
        5923        5932
        5923        5939
        5923        5940
        5923        5949
        5923        5952
        5923        6029
        5923        6042
        5923        6047
        5924        5925
        5924        5929
        5924        5930
        5924        5938
        5924        6046
        5925        5928
        5925        5939
        5925        5940
        5925        5956
        5925        6048
        5926        5938
        5926        5950
        5926        5951
        5926        5953
        5926        5954
        5926        5955
        5927        5929
        5927        5930
        5927        5938
        5927        5950
        5927        5951
        5927        5953
        5927        5954
        5927        5955
        5927        6046
        5928        5933
        5928        5934
        5928        5941
        5928        5950
        5928        5951
        5928        6046
        5929        5931
        5929        5932
        5929        5939
        5929        5940
        5929        5949
        5929        6048
        5930        5935
        5930        5936
        5930        5937
        5930        5939
        5930        5940
        5930        5949
        5930        6048
        5931        5933
        5931        5934
        5931        5938
        5932        5938
        5933        5935
        5933        5936
        5933        5937
        5938        5942
        5938        5943
        5938        5945
        5938        5952
        5938        6048
        5939        5941
        5939        5950
        5939        5951
        5940        5944
        5940        5946
        5940        5947
        5940        5948
        5940        5950
        5940        5951
        5940        5957
        5941        5949
        5941        5958
        5941        5959
        5942        5944
        5942        5946
        5942        5947
        5942        5948
        5942        5957
        5943        5946
        5943        5947
        5943        5948
        5943        5960
        5943        5961
        5943        5965
        5944        5945
        5944        5958
        5944        5959
        5945        5957
        5949        5953
        5949        5954
        5949        5955
        5950        5952
        5951        5952
        5953        5956
        5954        5956
        5957        5962
        5957        5963
        5957        5964
        5957        5966
        5957        5967
        5958        5960
        5958        5961
        5958        5965
        5959        5968
        5959        5969
        5960        5962
        5960        5963
        5960        5964
        5960        5966
        5960        5967
        5961        5966
        5961        5967
        5962        5965
        5963        5965
        5964        5965
        5965        5970
        5965        5971
        5965        5976
        5966        5968
        5966        5969
        5967        5972
        5967        5973
        5967        5977
        5967        5978
        5967        5979
        5968        5970
        5968        5971
        5968        5976
        5969        5974
        5969        5975
        5969        5980
        5969        5981
        5969        5982
        5970        5972
        5970        5973
        5970        5977
        5970        5978
        5970        5979
        5971        5977
        5971        5978
        5971        5979
        5972        5974
        5972        5975
        5972        5976
        5973        5976
        5976        5983
        5976        5984
        5977        5980
        5977        5981
        5977        5982
        5978        5980
        5978        5981
        5978        5982
        5979        5985
        5979        5986
        5980        5983
        5980        5984
        5981        5983
        5981        5984
        5982        5987
        5982        5988
        5982        6004
        5983        5985
        5983        5986
        5984        5989
        5984        5990
        5984        5991
        5984        6005
        5984        6006
        5985        5987
        5985        5988
        5985        6004
        5986        5992
        5986        5993
        5986        5994
        5986        6007
        5986        6008
        5987        5989
        5987        5990
        5987        5991
        5987        6005
        5987        6006
        5988        5995
        5988        5996
        5988        5997
        5988        6005
        5988        6006
        5989        5992
        5989        5993
        5989        5994
        5989        6004
        5990        5992
        5990        5993
        5990        5994
        5990        6004
        5991        5998
        5991        5999
        5991        6000
        5991        6004
        5992        5995
        5992        5996
        5992        5997
        5993        5995
        5993        5996
        5993        5997
        5994        6001
        5994        6002
        5994        6003
        5995        5998
        5995        5999
        5995        6000
        5996        5998
        5996        5999
        5996        6000
        5998        6001
        5998        6002
        5998        6003
        5999        6001
        5999        6002
        5999        6003
        6004        6009
        6004        6010
        6004        6014
        6005        6007
        6005        6008
        6006        6011
        6006        6012
        6006        6013
        6006        6015
        6006        6016
        6007        6009
        6007        6010
        6007        6014
        6008        6017
        6008        6018
        6009        6011
        6009        6012
        6009        6013
        6009        6015
        6009        6016
        6010        6015
        6010        6016
        6011        6014
        6012        6014
        6013        6014
        6014        6019
        6014        6020
        6014        6024
        6015        6017
        6015        6018
        6016        6021
        6016        6022
        6016        6023
        6016        6025
        6016        6026
        6017        6019
        6017        6020
        6017        6024
        6019        6021
        6019        6022
        6019        6023
        6019        6025
        6019        6026
        6020        6025
        6020        6026
        6021        6024
        6022        6024
        6023        6024
        6027        6030
        6027        6035
        6027        6036
        6027        6043
        6027        6044
        6027        6046
        6027        6049
        6027        6056
        6027        6069
        6027        6081
        6028        6029
        6028        6033
        6028        6034
        6028        6042
        6028        6080
        6029        6032
        6029        6043
        6029        6044
        6029        6053
        6029        6082
        6030        6042
        6030        6047
        6030        6048
        6030        6050
        6030        6051
        6030        6052
        6031        6033
        6031        6034
        6031        6042
        6031        6047
        6031        6048
        6031        6050
        6031        6051
        6031        6052
        6031        6080
        6032        6037
        6032        6038
        6032        6045
        6032        6047
        6032        6048
        6032        6080
        6033        6035
        6033        6036
        6033        6043
        6033        6044
        6033        6046
        6033        6082
        6034        6039
        6034        6040
        6034        6041
        6034        6043
        6034        6044
        6034        6046
        6034        6082
        6035        6037
        6035        6038
        6035        6042
        6036        6042
        6037        6039
        6037        6040
        6037        6041
        6042        6049
        6042        6082
        6043        6045
        6043        6047
        6043        6048
        6044        6047
        6044        6048
        6045        6046
        6046        6050
        6046        6051
        6046        6052
        6047        6049
        6048        6049
        6050        6053
        6051        6053
        6054        6057
        6054        6062
        6054        6063
        6054        6070
        6054        6071
        6054        6080
        6054        6083
        6054        6160
        6054        6173
        6054        6178
        6055        6056
        6055        6060
        6055        6061
        6055        6069
        6055        6177
        6056        6059
        6056        6070
        6056        6071
        6056        6087
        6056        6179
        6057        6069
        6057        6081
        6057        6082
        6057        6084
        6057        6085
        6057        6086
        6058        6060
        6058        6061
        6058        6069
        6058        6081
        6058        6082
        6058        6084
        6058        6085
        6058        6086
        6058        6177
        6059        6064
        6059        6065
        6059        6072
        6059        6081
        6059        6082
        6059        6177
        6060        6062
        6060        6063
        6060        6070
        6060        6071
        6060        6080
        6060        6179
        6061        6066
        6061        6067
        6061        6068
        6061        6070
        6061        6071
        6061        6080
        6061        6179
        6062        6064
        6062        6065
        6062        6069
        6063        6069
        6064        6066
        6064        6067
        6064        6068
        6069        6073
        6069        6074
        6069        6076
        6069        6083
        6069        6179
        6070        6072
        6070        6081
        6070        6082
        6071        6075
        6071        6077
        6071        6078
        6071        6079
        6071        6081
        6071        6082
        6071        6088
        6072        6080
        6072        6089
        6072        6090
        6073        6075
        6073        6077
        6073        6078
        6073        6079
        6073        6088
        6074        6077
        6074        6078
        6074        6079
        6074        6091
        6074        6092
        6074        6096
        6075        6076
        6075        6089
        6075        6090
        6076        6088
        6080        6084
        6080        6085
        6080        6086
        6081        6083
        6082        6083
        6084        6087
        6085        6087
        6088        6093
        6088        6094
        6088        6095
        6088        6097
        6088        6098
        6089        6091
        6089        6092
        6089        6096
        6090        6099
        6090        6100
        6091        6093
        6091        6094
        6091        6095
        6091        6097
        6091        6098
        6092        6097
        6092        6098
        6093        6096
        6094        6096
        6095        6096
        6096        6101
        6096        6102
        6096        6107
        6097        6099
        6097        6100
        6098        6103
        6098        6104
        6098        6108
        6098        6109
        6098        6110
        6099        6101
        6099        6102
        6099        6107
        6100        6105
        6100        6106
        6100        6111
        6100        6112
        6100        6113
        6101        6103
        6101        6104
        6101        6108
        6101        6109
        6101        6110
        6102        6108
        6102        6109
        6102        6110
        6103        6105
        6103        6106
        6103        6107
        6104        6107
        6107        6114
        6107        6115
        6108        6111
        6108        6112
        6108        6113
        6109        6111
        6109        6112
        6109        6113
        6110        6116
        6110        6117
        6111        6114
        6111        6115
        6112        6114
        6112        6115
        6113        6118
        6113        6119
        6113        6135
        6114        6116
        6114        6117
        6115        6120
        6115        6121
        6115        6122
        6115        6136
        6115        6137
        6116        6118
        6116        6119
        6116        6135
        6117        6123
        6117        6124
        6117        6125
        6117        6138
        6117        6139
        6118        6120
        6118        6121
        6118        6122
        6118        6136
        6118        6137
        6119        6126
        6119        6127
        6119        6128
        6119        6136
        6119        6137
        6120        6123
        6120        6124
        6120        6125
        6120        6135
        6121        6123
        6121        6124
        6121        6125
        6121        6135
        6122        6129
        6122        6130
        6122        6131
        6122        6135
        6123        6126
        6123        6127
        6123        6128
        6124        6126
        6124        6127
        6124        6128
        6125        6132
        6125        6133
        6125        6134
        6126        6129
        6126        6130
        6126        6131
        6127        6129
        6127        6130
        6127        6131
        6129        6132
        6129        6133
        6129        6134
        6130        6132
        6130        6133
        6130        6134
        6135        6140
        6135        6141
        6135        6145
        6136        6138
        6136        6139
        6137        6142
        6137        6143
        6137        6144
        6137        6146
        6137        6147
        6138        6140
        6138        6141
        6138        6145
        6139        6148
        6139        6149
        6140        6142
        6140        6143
        6140        6144
        6140        6146
        6140        6147
        6141        6146
        6141        6147
        6142        6145
        6143        6145
        6144        6145
        6145        6150
        6145        6151
        6145        6155
        6146        6148
        6146        6149
        6147        6152
        6147        6153
        6147        6154
        6147        6156
        6147        6157
        6148        6150
        6148        6151
        6148        6155
        6150        6152
        6150        6153
        6150        6154
        6150        6156
        6150        6157
        6151        6156
        6151        6157
        6152        6155
        6153        6155
        6154        6155
        6158        6161
        6158        6166
        6158        6167
        6158        6174
        6158        6175
        6158        6177
        6158        6180
        6158        6187
        6158        6200
        6158        6212
        6159        6160
        6159        6164
        6159        6165
        6159        6173
        6159        6211
        6160        6163
        6160        6174
        6160        6175
        6160        6184
        6160        6213
        6161        6173
        6161        6178
        6161        6179
        6161        6181
        6161        6182
        6161        6183
        6162        6164
        6162        6165
        6162        6173
        6162        6178
        6162        6179
        6162        6181
        6162        6182
        6162        6183
        6162        6211
        6163        6168
        6163        6169
        6163        6176
        6163        6178
        6163        6179
        6163        6211
        6164        6166
        6164        6167
        6164        6174
        6164        6175
        6164        6177
        6164        6213
        6165        6170
        6165        6171
        6165        6172
        6165        6174
        6165        6175
        6165        6177
        6165        6213
        6166        6168
        6166        6169
        6166        6173
        6167        6173
        6168        6170
        6168        6171
        6168        6172
        6173        6180
        6173        6213
        6174        6176
        6174        6178
        6174        6179
        6175        6178
        6175        6179
        6176        6177
        6177        6181
        6177        6182
        6177        6183
        6178        6180
        6179        6180
        6181        6184
        6182        6184
        6185        6188
        6185        6193
        6185        6194
        6185        6201
        6185        6202
        6185        6211
        6185        6214
        6185        6291
        6185        6304
        6185        6309
        6186        6187
        6186        6191
        6186        6192
        6186        6200
        6186        6308
        6187        6190
        6187        6201
        6187        6202
        6187        6218
        6187        6310
        6188        6200
        6188        6212
        6188        6213
        6188        6215
        6188        6216
        6188        6217
        6189        6191
        6189        6192
        6189        6200
        6189        6212
        6189        6213
        6189        6215
        6189        6216
        6189        6217
        6189        6308
        6190        6195
        6190        6196
        6190        6203
        6190        6212
        6190        6213
        6190        6308
        6191        6193
        6191        6194
        6191        6201
        6191        6202
        6191        6211
        6191        6310
        6192        6197
        6192        6198
        6192        6199
        6192        6201
        6192        6202
        6192        6211
        6192        6310
        6193        6195
        6193        6196
        6193        6200
        6194        6200
        6195        6197
        6195        6198
        6195        6199
        6200        6204
        6200        6205
        6200        6207
        6200        6214
        6200        6310
        6201        6203
        6201        6212
        6201        6213
        6202        6206
        6202        6208
        6202        6209
        6202        6210
        6202        6212
        6202        6213
        6202        6219
        6203        6211
        6203        6220
        6203        6221
        6204        6206
        6204        6208
        6204        6209
        6204        6210
        6204        6219
        6205        6208
        6205        6209
        6205        6210
        6205        6222
        6205        6223
        6205        6227
        6206        6207
        6206        6220
        6206        6221
        6207        6219
        6211        6215
        6211        6216
        6211        6217
        6212        6214
        6213        6214
        6215        6218
        6216        6218
        6219        6224
        6219        6225
        6219        6226
        6219        6228
        6219        6229
        6220        6222
        6220        6223
        6220        6227
        6221        6230
        6221        6231
        6222        6224
        6222        6225
        6222        6226
        6222        6228
        6222        6229
        6223        6228
        6223        6229
        6224        6227
        6225        6227
        6226        6227
        6227        6232
        6227        6233
        6227        6238
        6228        6230
        6228        6231
        6229        6234
        6229        6235
        6229        6239
        6229        6240
        6229        6241
        6230        6232
        6230        6233
        6230        6238
        6231        6236
        6231        6237
        6231        6242
        6231        6243
        6231        6244
        6232        6234
        6232        6235
        6232        6239
        6232        6240
        6232        6241
        6233        6239
        6233        6240
        6233        6241
        6234        6236
        6234        6237
        6234        6238
        6235        6238
        6238        6245
        6238        6246
        6239        6242
        6239        6243
        6239        6244
        6240        6242
        6240        6243
        6240        6244
        6241        6247
        6241        6248
        6242        6245
        6242        6246
        6243        6245
        6243        6246
        6244        6249
        6244        6250
        6244        6266
        6245        6247
        6245        6248
        6246        6251
        6246        6252
        6246        6253
        6246        6267
        6246        6268
        6247        6249
        6247        6250
        6247        6266
        6248        6254
        6248        6255
        6248        6256
        6248        6269
        6248        6270
        6249        6251
        6249        6252
        6249        6253
        6249        6267
        6249        6268
        6250        6257
        6250        6258
        6250        6259
        6250        6267
        6250        6268
        6251        6254
        6251        6255
        6251        6256
        6251        6266
        6252        6254
        6252        6255
        6252        6256
        6252        6266
        6253        6260
        6253        6261
        6253        6262
        6253        6266
        6254        6257
        6254        6258
        6254        6259
        6255        6257
        6255        6258
        6255        6259
        6256        6263
        6256        6264
        6256        6265
        6257        6260
        6257        6261
        6257        6262
        6258        6260
        6258        6261
        6258        6262
        6260        6263
        6260        6264
        6260        6265
        6261        6263
        6261        6264
        6261        6265
        6266        6271
        6266        6272
        6266        6276
        6267        6269
        6267        6270
        6268        6273
        6268        6274
        6268        6275
        6268        6277
        6268        6278
        6269        6271
        6269        6272
        6269        6276
        6270        6279
        6270        6280
        6271        6273
        6271        6274
        6271        6275
        6271        6277
        6271        6278
        6272        6277
        6272        6278
        6273        6276
        6274        6276
        6275        6276
        6276        6281
        6276        6282
        6276        6286
        6277        6279
        6277        6280
        6278        6283
        6278        6284
        6278        6285
        6278        6287
        6278        6288
        6279        6281
        6279        6282
        6279        6286
        6281        6283
        6281        6284
        6281        6285
        6281        6287
        6281        6288
        6282        6287
        6282        6288
        6283        6286
        6284        6286
        6285        6286
        6289        6292
        6289        6297
        6289        6298
        6289        6305
        6289        6306
        6289        6308
        6289        6311
        6289        6318
        6289        6331
        6289        6343
        6290        6291
        6290        6295
        6290        6296
        6290        6304
        6290        6342
        6291        6294
        6291        6305
        6291        6306
        6291        6315
        6291        6344
        6292        6304
        6292        6309
        6292        6310
        6292        6312
        6292        6313
        6292        6314
        6293        6295
        6293        6296
        6293        6304
        6293        6309
        6293        6310
        6293        6312
        6293        6313
        6293        6314
        6293        6342
        6294        6299
        6294        6300
        6294        6307
        6294        6309
        6294        6310
        6294        6342
        6295        6297
        6295        6298
        6295        6305
        6295        6306
        6295        6308
        6295        6344
        6296        6301
        6296        6302
        6296        6303
        6296        6305
        6296        6306
        6296        6308
        6296        6344
        6297        6299
        6297        6300
        6297        6304
        6298        6304
        6299        6301
        6299        6302
        6299        6303
        6304        6311
        6304        6344
        6305        6307
        6305        6309
        6305        6310
        6306        6309
        6306        6310
        6307        6308
        6308        6312
        6308        6313
        6308        6314
        6309        6311
        6310        6311
        6312        6315
        6313        6315
        6316        6319
        6316        6324
        6316        6325
        6316        6332
        6316        6333
        6316        6342
        6316        6345
        6316        6422
        6316        6435
        6316        6440
        6317        6318
        6317        6322
        6317        6323
        6317        6331
        6317        6439
        6318        6321
        6318        6332
        6318        6333
        6318        6349
        6318        6441
        6319        6331
        6319        6343
        6319        6344
        6319        6346
        6319        6347
        6319        6348
        6320        6322
        6320        6323
        6320        6331
        6320        6343
        6320        6344
        6320        6346
        6320        6347
        6320        6348
        6320        6439
        6321        6326
        6321        6327
        6321        6334
        6321        6343
        6321        6344
        6321        6439
        6322        6324
        6322        6325
        6322        6332
        6322        6333
        6322        6342
        6322        6441
        6323        6328
        6323        6329
        6323        6330
        6323        6332
        6323        6333
        6323        6342
        6323        6441
        6324        6326
        6324        6327
        6324        6331
        6325        6331
        6326        6328
        6326        6329
        6326        6330
        6331        6335
        6331        6336
        6331        6338
        6331        6345
        6331        6441
        6332        6334
        6332        6343
        6332        6344
        6333        6337
        6333        6339
        6333        6340
        6333        6341
        6333        6343
        6333        6344
        6333        6350
        6334        6342
        6334        6351
        6334        6352
        6335        6337
        6335        6339
        6335        6340
        6335        6341
        6335        6350
        6336        6339
        6336        6340
        6336        6341
        6336        6353
        6336        6354
        6336        6358
        6337        6338
        6337        6351
        6337        6352
        6338        6350
        6342        6346
        6342        6347
        6342        6348
        6343        6345
        6344        6345
        6346        6349
        6347        6349
        6350        6355
        6350        6356
        6350        6357
        6350        6359
        6350        6360
        6351        6353
        6351        6354
        6351        6358
        6352        6361
        6352        6362
        6353        6355
        6353        6356
        6353        6357
        6353        6359
        6353        6360
        6354        6359
        6354        6360
        6355        6358
        6356        6358
        6357        6358
        6358        6363
        6358        6364
        6358        6369
        6359        6361
        6359        6362
        6360        6365
        6360        6366
        6360        6370
        6360        6371
        6360        6372
        6361        6363
        6361        6364
        6361        6369
        6362        6367
        6362        6368
        6362        6373
        6362        6374
        6362        6375
        6363        6365
        6363        6366
        6363        6370
        6363        6371
        6363        6372
        6364        6370
        6364        6371
        6364        6372
        6365        6367
        6365        6368
        6365        6369
        6366        6369
        6369        6376
        6369        6377
        6370        6373
        6370        6374
        6370        6375
        6371        6373
        6371        6374
        6371        6375
        6372        6378
        6372        6379
        6373        6376
        6373        6377
        6374        6376
        6374        6377
        6375        6380
        6375        6381
        6375        6397
        6376        6378
        6376        6379
        6377        6382
        6377        6383
        6377        6384
        6377        6398
        6377        6399
        6378        6380
        6378        6381
        6378        6397
        6379        6385
        6379        6386
        6379        6387
        6379        6400
        6379        6401
        6380        6382
        6380        6383
        6380        6384
        6380        6398
        6380        6399
        6381        6388
        6381        6389
        6381        6390
        6381        6398
        6381        6399
        6382        6385
        6382        6386
        6382        6387
        6382        6397
        6383        6385
        6383        6386
        6383        6387
        6383        6397
        6384        6391
        6384        6392
        6384        6393
        6384        6397
        6385        6388
        6385        6389
        6385        6390
        6386        6388
        6386        6389
        6386        6390
        6387        6394
        6387        6395
        6387        6396
        6388        6391
        6388        6392
        6388        6393
        6389        6391
        6389        6392
        6389        6393
        6391        6394
        6391        6395
        6391        6396
        6392        6394
        6392        6395
        6392        6396
        6397        6402
        6397        6403
        6397        6407
        6398        6400
        6398        6401
        6399        6404
        6399        6405
        6399        6406
        6399        6408
        6399        6409
        6400        6402
        6400        6403
        6400        6407
        6401        6410
        6401        6411
        6402        6404
        6402        6405
        6402        6406
        6402        6408
        6402        6409
        6403        6408
        6403        6409
        6404        6407
        6405        6407
        6406        6407
        6407        6412
        6407        6413
        6407        6417
        6408        6410
        6408        6411
        6409        6414
        6409        6415
        6409        6416
        6409        6418
        6409        6419
        6410        6412
        6410        6413
        6410        6417
        6412        6414
        6412        6415
        6412        6416
        6412        6418
        6412        6419
        6413        6418
        6413        6419
        6414        6417
        6415        6417
        6416        6417
        6420        6423
        6420        6428
        6420        6429
        6420        6436
        6420        6437
        6420        6439
        6420        6442
        6420        6449
        6420        6462
        6420        6474
        6421        6422
        6421        6426
        6421        6427
        6421        6435
        6421        6473
        6422        6425
        6422        6436
        6422        6437
        6422        6446
        6422        6475
        6423        6435
        6423        6440
        6423        6441
        6423        6443
        6423        6444
        6423        6445
        6424        6426
        6424        6427
        6424        6435
        6424        6440
        6424        6441
        6424        6443
        6424        6444
        6424        6445
        6424        6473
        6425        6430
        6425        6431
        6425        6438
        6425        6440
        6425        6441
        6425        6473
        6426        6428
        6426        6429
        6426        6436
        6426        6437
        6426        6439
        6426        6475
        6427        6432
        6427        6433
        6427        6434
        6427        6436
        6427        6437
        6427        6439
        6427        6475
        6428        6430
        6428        6431
        6428        6435
        6429        6435
        6430        6432
        6430        6433
        6430        6434
        6435        6442
        6435        6475
        6436        6438
        6436        6440
        6436        6441
        6437        6440
        6437        6441
        6438        6439
        6439        6443
        6439        6444
        6439        6445
        6440        6442
        6441        6442
        6443        6446
        6444        6446
        6447        6450
        6447        6455
        6447        6456
        6447        6463
        6447        6464
        6447        6473
        6447        6476
        6447        6553
        6447        6566
        6447        6571
        6448        6449
        6448        6453
        6448        6454
        6448        6462
        6448        6570
        6449        6452
        6449        6463
        6449        6464
        6449        6480
        6449        6572
        6450        6462
        6450        6474
        6450        6475
        6450        6477
        6450        6478
        6450        6479
        6451        6453
        6451        6454
        6451        6462
        6451        6474
        6451        6475
        6451        6477
        6451        6478
        6451        6479
        6451        6570
        6452        6457
        6452        6458
        6452        6465
        6452        6474
        6452        6475
        6452        6570
        6453        6455
        6453        6456
        6453        6463
        6453        6464
        6453        6473
        6453        6572
        6454        6459
        6454        6460
        6454        6461
        6454        6463
        6454        6464
        6454        6473
        6454        6572
        6455        6457
        6455        6458
        6455        6462
        6456        6462
        6457        6459
        6457        6460
        6457        6461
        6462        6466
        6462        6467
        6462        6469
        6462        6476
        6462        6572
        6463        6465
        6463        6474
        6463        6475
        6464        6468
        6464        6470
        6464        6471
        6464        6472
        6464        6474
        6464        6475
        6464        6481
        6465        6473
        6465        6482
        6465        6483
        6466        6468
        6466        6470
        6466        6471
        6466        6472
        6466        6481
        6467        6470
        6467        6471
        6467        6472
        6467        6484
        6467        6485
        6467        6489
        6468        6469
        6468        6482
        6468        6483
        6469        6481
        6473        6477
        6473        6478
        6473        6479
        6474        6476
        6475        6476
        6477        6480
        6478        6480
        6481        6486
        6481        6487
        6481        6488
        6481        6490
        6481        6491
        6482        6484
        6482        6485
        6482        6489
        6483        6492
        6483        6493
        6484        6486
        6484        6487
        6484        6488
        6484        6490
        6484        6491
        6485        6490
        6485        6491
        6486        6489
        6487        6489
        6488        6489
        6489        6494
        6489        6495
        6489        6500
        6490        6492
        6490        6493
        6491        6496
        6491        6497
        6491        6501
        6491        6502
        6491        6503
        6492        6494
        6492        6495
        6492        6500
        6493        6498
        6493        6499
        6493        6504
        6493        6505
        6493        6506
        6494        6496
        6494        6497
        6494        6501
        6494        6502
        6494        6503
        6495        6501
        6495        6502
        6495        6503
        6496        6498
        6496        6499
        6496        6500
        6497        6500
        6500        6507
        6500        6508
        6501        6504
        6501        6505
        6501        6506
        6502        6504
        6502        6505
        6502        6506
        6503        6509
        6503        6510
        6504        6507
        6504        6508
        6505        6507
        6505        6508
        6506        6511
        6506        6512
        6506        6528
        6507        6509
        6507        6510
        6508        6513
        6508        6514
        6508        6515
        6508        6529
        6508        6530
        6509        6511
        6509        6512
        6509        6528
        6510        6516
        6510        6517
        6510        6518
        6510        6531
        6510        6532
        6511        6513
        6511        6514
        6511        6515
        6511        6529
        6511        6530
        6512        6519
        6512        6520
        6512        6521
        6512        6529
        6512        6530
        6513        6516
        6513        6517
        6513        6518
        6513        6528
        6514        6516
        6514        6517
        6514        6518
        6514        6528
        6515        6522
        6515        6523
        6515        6524
        6515        6528
        6516        6519
        6516        6520
        6516        6521
        6517        6519
        6517        6520
        6517        6521
        6518        6525
        6518        6526
        6518        6527
        6519        6522
        6519        6523
        6519        6524
        6520        6522
        6520        6523
        6520        6524
        6522        6525
        6522        6526
        6522        6527
        6523        6525
        6523        6526
        6523        6527
        6528        6533
        6528        6534
        6528        6538
        6529        6531
        6529        6532
        6530        6535
        6530        6536
        6530        6537
        6530        6539
        6530        6540
        6531        6533
        6531        6534
        6531        6538
        6532        6541
        6532        6542
        6533        6535
        6533        6536
        6533        6537
        6533        6539
        6533        6540
        6534        6539
        6534        6540
        6535        6538
        6536        6538
        6537        6538
        6538        6543
        6538        6544
        6538        6548
        6539        6541
        6539        6542
        6540        6545
        6540        6546
        6540        6547
        6540        6549
        6540        6550
        6541        6543
        6541        6544
        6541        6548
        6543        6545
        6543        6546
        6543        6547
        6543        6549
        6543        6550
        6544        6549
        6544        6550
        6545        6548
        6546        6548
        6547        6548
        6551        6554
        6551        6559
        6551        6560
        6551        6567
        6551        6568
        6551        6570
        6551        6573
        6551        6580
        6551        6593
        6551        6605
        6552        6553
        6552        6557
        6552        6558
        6552        6566
        6552        6604
        6553        6556
        6553        6567
        6553        6568
        6553        6577
        6553        6606
        6554        6566
        6554        6571
        6554        6572
        6554        6574
        6554        6575
        6554        6576
        6555        6557
        6555        6558
        6555        6566
        6555        6571
        6555        6572
        6555        6574
        6555        6575
        6555        6576
        6555        6604
        6556        6561
        6556        6562
        6556        6569
        6556        6571
        6556        6572
        6556        6604
        6557        6559
        6557        6560
        6557        6567
        6557        6568
        6557        6570
        6557        6606
        6558        6563
        6558        6564
        6558        6565
        6558        6567
        6558        6568
        6558        6570
        6558        6606
        6559        6561
        6559        6562
        6559        6566
        6560        6566
        6561        6563
        6561        6564
        6561        6565
        6566        6573
        6566        6606
        6567        6569
        6567        6571
        6567        6572
        6568        6571
        6568        6572
        6569        6570
        6570        6574
        6570        6575
        6570        6576
        6571        6573
        6572        6573
        6574        6577
        6575        6577
        6578        6581
        6578        6586
        6578        6587
        6578        6594
        6578        6595
        6578        6604
        6578        6607
        6578        6684
        6578        6697
        6578        6702
        6579        6580
        6579        6584
        6579        6585
        6579        6593
        6579        6701
        6580        6583
        6580        6594
        6580        6595
        6580        6611
        6580        6703
        6581        6593
        6581        6605
        6581        6606
        6581        6608
        6581        6609
        6581        6610
        6582        6584
        6582        6585
        6582        6593
        6582        6605
        6582        6606
        6582        6608
        6582        6609
        6582        6610
        6582        6701
        6583        6588
        6583        6589
        6583        6596
        6583        6605
        6583        6606
        6583        6701
        6584        6586
        6584        6587
        6584        6594
        6584        6595
        6584        6604
        6584        6703
        6585        6590
        6585        6591
        6585        6592
        6585        6594
        6585        6595
        6585        6604
        6585        6703
        6586        6588
        6586        6589
        6586        6593
        6587        6593
        6588        6590
        6588        6591
        6588        6592
        6593        6597
        6593        6598
        6593        6600
        6593        6607
        6593        6703
        6594        6596
        6594        6605
        6594        6606
        6595        6599
        6595        6601
        6595        6602
        6595        6603
        6595        6605
        6595        6606
        6595        6612
        6596        6604
        6596        6613
        6596        6614
        6597        6599
        6597        6601
        6597        6602
        6597        6603
        6597        6612
        6598        6601
        6598        6602
        6598        6603
        6598        6615
        6598        6616
        6598        6620
        6599        6600
        6599        6613
        6599        6614
        6600        6612
        6604        6608
        6604        6609
        6604        6610
        6605        6607
        6606        6607
        6608        6611
        6609        6611
        6612        6617
        6612        6618
        6612        6619
        6612        6621
        6612        6622
        6613        6615
        6613        6616
        6613        6620
        6614        6623
        6614        6624
        6615        6617
        6615        6618
        6615        6619
        6615        6621
        6615        6622
        6616        6621
        6616        6622
        6617        6620
        6618        6620
        6619        6620
        6620        6625
        6620        6626
        6620        6631
        6621        6623
        6621        6624
        6622        6627
        6622        6628
        6622        6632
        6622        6633
        6622        6634
        6623        6625
        6623        6626
        6623        6631
        6624        6629
        6624        6630
        6624        6635
        6624        6636
        6624        6637
        6625        6627
        6625        6628
        6625        6632
        6625        6633
        6625        6634
        6626        6632
        6626        6633
        6626        6634
        6627        6629
        6627        6630
        6627        6631
        6628        6631
        6631        6638
        6631        6639
        6632        6635
        6632        6636
        6632        6637
        6633        6635
        6633        6636
        6633        6637
        6634        6640
        6634        6641
        6635        6638
        6635        6639
        6636        6638
        6636        6639
        6637        6642
        6637        6643
        6637        6659
        6638        6640
        6638        6641
        6639        6644
        6639        6645
        6639        6646
        6639        6660
        6639        6661
        6640        6642
        6640        6643
        6640        6659
        6641        6647
        6641        6648
        6641        6649
        6641        6662
        6641        6663
        6642        6644
        6642        6645
        6642        6646
        6642        6660
        6642        6661
        6643        6650
        6643        6651
        6643        6652
        6643        6660
        6643        6661
        6644        6647
        6644        6648
        6644        6649
        6644        6659
        6645        6647
        6645        6648
        6645        6649
        6645        6659
        6646        6653
        6646        6654
        6646        6655
        6646        6659
        6647        6650
        6647        6651
        6647        6652
        6648        6650
        6648        6651
        6648        6652
        6649        6656
        6649        6657
        6649        6658
        6650        6653
        6650        6654
        6650        6655
        6651        6653
        6651        6654
        6651        6655
        6653        6656
        6653        6657
        6653        6658
        6654        6656
        6654        6657
        6654        6658
        6659        6664
        6659        6665
        6659        6669
        6660        6662
        6660        6663
        6661        6666
        6661        6667
        6661        6668
        6661        6670
        6661        6671
        6662        6664
        6662        6665
        6662        6669
        6663        6672
        6663        6673
        6664        6666
        6664        6667
        6664        6668
        6664        6670
        6664        6671
        6665        6670
        6665        6671
        6666        6669
        6667        6669
        6668        6669
        6669        6674
        6669        6675
        6669        6679
        6670        6672
        6670        6673
        6671        6676
        6671        6677
        6671        6678
        6671        6680
        6671        6681
        6672        6674
        6672        6675
        6672        6679
        6674        6676
        6674        6677
        6674        6678
        6674        6680
        6674        6681
        6675        6680
        6675        6681
        6676        6679
        6677        6679
        6678        6679
        6682        6685
        6682        6690
        6682        6691
        6682        6698
        6682        6699
        6682        6701
        6682        6704
        6682        6711
        6682        6724
        6682        6736
        6683        6684
        6683        6688
        6683        6689
        6683        6697
        6683        6735
        6684        6687
        6684        6698
        6684        6699
        6684        6708
        6684        6737
        6685        6697
        6685        6702
        6685        6703
        6685        6705
        6685        6706
        6685        6707
        6686        6688
        6686        6689
        6686        6697
        6686        6702
        6686        6703
        6686        6705
        6686        6706
        6686        6707
        6686        6735
        6687        6692
        6687        6693
        6687        6700
        6687        6702
        6687        6703
        6687        6735
        6688        6690
        6688        6691
        6688        6698
        6688        6699
        6688        6701
        6688        6737
        6689        6694
        6689        6695
        6689        6696
        6689        6698
        6689        6699
        6689        6701
        6689        6737
        6690        6692
        6690        6693
        6690        6697
        6691        6697
        6692        6694
        6692        6695
        6692        6696
        6697        6704
        6697        6737
        6698        6700
        6698        6702
        6698        6703
        6699        6702
        6699        6703
        6700        6701
        6701        6705
        6701        6706
        6701        6707
        6702        6704
        6703        6704
        6705        6708
        6706        6708
        6709        6712
        6709        6717
        6709        6718
        6709        6725
        6709        6726
        6709        6735
        6709        6738
        6710        6711
        6710        6715
        6710        6716
        6710        6724
        6711        6714
        6711        6725
        6711        6726
        6711        6742
        6712        6724
        6712        6736
        6712        6737
        6712        6739
        6712        6740
        6712        6741
        6713        6715
        6713        6716
        6713        6724
        6713        6736
        6713        6737
        6713        6739
        6713        6740
        6713        6741
        6714        6719
        6714        6720
        6714        6727
        6714        6736
        6714        6737
        6715        6717
        6715        6718
        6715        6725
        6715        6726
        6715        6735
        6716        6721
        6716        6722
        6716        6723
        6716        6725
        6716        6726
        6716        6735
        6717        6719
        6717        6720
        6717        6724
        6718        6724
        6719        6721
        6719        6722
        6719        6723
        6724        6728
        6724        6729
        6724        6731
        6724        6738
        6725        6727
        6725        6736
        6725        6737
        6726        6730
        6726        6732
        6726        6733
        6726        6734
        6726        6736
        6726        6737
        6726        6743
        6727        6735
        6727        6744
        6727        6745
        6728        6730
        6728        6732
        6728        6733
        6728        6734
        6728        6743
        6729        6732
        6729        6733
        6729        6734
        6729        6746
        6729        6747
        6729        6751
        6730        6731
        6730        6744
        6730        6745
        6731        6743
        6735        6739
        6735        6740
        6735        6741
        6736        6738
        6737        6738
        6739        6742
        6740        6742
        6743        6748
        6743        6749
        6743        6750
        6743        6752
        6743        6753
        6744        6746
        6744        6747
        6744        6751
        6745        6754
        6745        6755
        6746        6748
        6746        6749
        6746        6750
        6746        6752
        6746        6753
        6747        6752
        6747        6753
        6748        6751
        6749        6751
        6750        6751
        6751        6756
        6751        6757
        6751        6762
        6752        6754
        6752        6755
        6753        6758
        6753        6759
        6753        6763
        6753        6764
        6753        6765
        6754        6756
        6754        6757
        6754        6762
        6755        6760
        6755        6761
        6755        6766
        6755        6767
        6755        6768
        6756        6758
        6756        6759
        6756        6763
        6756        6764
        6756        6765
        6757        6763
        6757        6764
        6757        6765
        6758        6760
        6758        6761
        6758        6762
        6759        6762
        6762        6769
        6762        6770
        6763        6766
        6763        6767
        6763        6768
        6764        6766
        6764        6767
        6764        6768
        6765        6771
        6765        6772
        6766        6769
        6766        6770
        6767        6769
        6767        6770
        6768        6773
        6768        6774
        6768        6790
        6769        6771
        6769        6772
        6770        6775
        6770        6776
        6770        6777
        6770        6791
        6770        6792
        6771        6773
        6771        6774
        6771        6790
        6772        6778
        6772        6779
        6772        6780
        6772        6793
        6772        6794
        6773        6775
        6773        6776
        6773        6777
        6773        6791
        6773        6792
        6774        6781
        6774        6782
        6774        6783
        6774        6791
        6774        6792
        6775        6778
        6775        6779
        6775        6780
        6775        6790
        6776        6778
        6776        6779
        6776        6780
        6776        6790
        6777        6784
        6777        6785
        6777        6786
        6777        6790
        6778        6781
        6778        6782
        6778        6783
        6779        6781
        6779        6782
        6779        6783
        6780        6787
        6780        6788
        6780        6789
        6781        6784
        6781        6785
        6781        6786
        6782        6784
        6782        6785
        6782        6786
        6784        6787
        6784        6788
        6784        6789
        6785        6787
        6785        6788
        6785        6789
        6790        6795
        6790        6796
        6790        6800
        6791        6793
        6791        6794
        6792        6797
        6792        6798
        6792        6799
        6792        6801
        6792        6802
        6793        6795
        6793        6796
        6793        6800
        6794        6803
        6794        6804
        6795        6797
        6795        6798
        6795        6799
        6795        6801
        6795        6802
        6796        6801
        6796        6802
        6797        6800
        6798        6800
        6799        6800
        6800        6805
        6800        6806
        6800        6810
        6801        6803
        6801        6804
        6802        6807
        6802        6808
        6802        6809
        6802        6811
        6802        6812
        6803        6805
        6803        6806
        6803        6810
        6805        6807
        6805        6808
        6805        6809
        6805        6811
        6805        6812
        6806        6811
        6806        6812
        6807        6810
        6808        6810
        6809        6810
        6813        6816
        6813        6821
        6813        6822
        6813        6829
        6813        6830
        6813        6832
        6813        6835
        6813        6842
        6813        6855
        6813        6867
        6814        6815
        6814        6819
        6814        6820
        6814        6828
        6814        6866
        6815        6818
        6815        6829
        6815        6830
        6815        6839
        6815        6868
        6815        8412
        6816        6828
        6816        6833
        6816        6834
        6816        6836
        6816        6837
        6816        6838
        6817        6819
        6817        6820
        6817        6828
        6817        6833
        6817        6834
        6817        6836
        6817        6837
        6817        6838
        6817        6866
        6818        6823
        6818        6824
        6818        6831
        6818        6833
        6818        6834
        6818        6866
        6819        6821
        6819        6822
        6819        6829
        6819        6830
        6819        6832
        6819        6868
        6820        6825
        6820        6826
        6820        6827
        6820        6829
        6820        6830
        6820        6832
        6820        6868
        6821        6823
        6821        6824
        6821        6828
        6822        6828
        6823        6825
        6823        6826
        6823        6827
        6828        6835
        6828        6868
        6828        8412
        6829        6831
        6829        6833
        6829        6834
        6830        6833
        6830        6834
        6831        6832
        6832        6836
        6832        6837
        6832        6838
        6832        8413
        6832        8416
        6832        8417
        6833        6835
        6833        8412
        6834        6835
        6834        8414
        6834        8418
        6834        8419
        6834        8427
        6836        6839
        6837        6839
        6840        6843
        6840        6848
        6840        6849
        6840        6856
        6840        6857
        6840        6866
        6840        6869
        6840        6946
        6840        6959
        6840        6964
        6841        6842
        6841        6846
        6841        6847
        6841        6855
        6841        6963
        6842        6845
        6842        6856
        6842        6857
        6842        6873
        6842        6965
        6843        6855
        6843        6867
        6843        6868
        6843        6870
        6843        6871
        6843        6872
        6844        6846
        6844        6847
        6844        6855
        6844        6867
        6844        6868
        6844        6870
        6844        6871
        6844        6872
        6844        6963
        6845        6850
        6845        6851
        6845        6858
        6845        6867
        6845        6868
        6845        6963
        6846        6848
        6846        6849
        6846        6856
        6846        6857
        6846        6866
        6846        6965
        6847        6852
        6847        6853
        6847        6854
        6847        6856
        6847        6857
        6847        6866
        6847        6965
        6848        6850
        6848        6851
        6848        6855
        6849        6855
        6850        6852
        6850        6853
        6850        6854
        6855        6859
        6855        6860
        6855        6862
        6855        6869
        6855        6965
        6856        6858
        6856        6867
        6856        6868
        6857        6861
        6857        6863
        6857        6864
        6857        6865
        6857        6867
        6857        6868
        6857        6874
        6858        6866
        6858        6875
        6858        6876
        6859        6861
        6859        6863
        6859        6864
        6859        6865
        6859        6874
        6860        6863
        6860        6864
        6860        6865
        6860        6877
        6860        6878
        6860        6882
        6861        6862
        6861        6875
        6861        6876
        6862        6874
        6866        6870
        6866        6871
        6866        6872
        6867        6869
        6868        6869
        6870        6873
        6871        6873
        6874        6879
        6874        6880
        6874        6881
        6874        6883
        6874        6884
        6875        6877
        6875        6878
        6875        6882
        6876        6885
        6876        6886
        6877        6879
        6877        6880
        6877        6881
        6877        6883
        6877        6884
        6878        6883
        6878        6884
        6879        6882
        6880        6882
        6881        6882
        6882        6887
        6882        6888
        6882        6893
        6883        6885
        6883        6886
        6884        6889
        6884        6890
        6884        6894
        6884        6895
        6884        6896
        6885        6887
        6885        6888
        6885        6893
        6886        6891
        6886        6892
        6886        6897
        6886        6898
        6886        6899
        6887        6889
        6887        6890
        6887        6894
        6887        6895
        6887        6896
        6888        6894
        6888        6895
        6888        6896
        6889        6891
        6889        6892
        6889        6893
        6890        6893
        6893        6900
        6893        6901
        6894        6897
        6894        6898
        6894        6899
        6895        6897
        6895        6898
        6895        6899
        6896        6902
        6896        6903
        6897        6900
        6897        6901
        6898        6900
        6898        6901
        6899        6904
        6899        6905
        6899        6921
        6900        6902
        6900        6903
        6901        6906
        6901        6907
        6901        6908
        6901        6922
        6901        6923
        6902        6904
        6902        6905
        6902        6921
        6903        6909
        6903        6910
        6903        6911
        6903        6924
        6903        6925
        6904        6906
        6904        6907
        6904        6908
        6904        6922
        6904        6923
        6905        6912
        6905        6913
        6905        6914
        6905        6922
        6905        6923
        6906        6909
        6906        6910
        6906        6911
        6906        6921
        6907        6909
        6907        6910
        6907        6911
        6907        6921
        6908        6915
        6908        6916
        6908        6917
        6908        6921
        6909        6912
        6909        6913
        6909        6914
        6910        6912
        6910        6913
        6910        6914
        6911        6918
        6911        6919
        6911        6920
        6912        6915
        6912        6916
        6912        6917
        6913        6915
        6913        6916
        6913        6917
        6915        6918
        6915        6919
        6915        6920
        6916        6918
        6916        6919
        6916        6920
        6921        6926
        6921        6927
        6921        6931
        6922        6924
        6922        6925
        6923        6928
        6923        6929
        6923        6930
        6923        6932
        6923        6933
        6924        6926
        6924        6927
        6924        6931
        6925        6934
        6925        6935
        6926        6928
        6926        6929
        6926        6930
        6926        6932
        6926        6933
        6927        6932
        6927        6933
        6928        6931
        6929        6931
        6930        6931
        6931        6936
        6931        6937
        6931        6941
        6932        6934
        6932        6935
        6933        6938
        6933        6939
        6933        6940
        6933        6942
        6933        6943
        6934        6936
        6934        6937
        6934        6941
        6936        6938
        6936        6939
        6936        6940
        6936        6942
        6936        6943
        6937        6942
        6937        6943
        6938        6941
        6939        6941
        6940        6941
        6944        6947
        6944        6952
        6944        6953
        6944        6960
        6944        6961
        6944        6963
        6944        6966
        6944        6973
        6944        6986
        6944        6998
        6945        6946
        6945        6950
        6945        6951
        6945        6959
        6945        6997
        6946        6949
        6946        6960
        6946        6961
        6946        6970
        6946        6999
        6947        6959
        6947        6964
        6947        6965
        6947        6967
        6947        6968
        6947        6969
        6948        6950
        6948        6951
        6948        6959
        6948        6964
        6948        6965
        6948        6967
        6948        6968
        6948        6969
        6948        6997
        6949        6954
        6949        6955
        6949        6962
        6949        6964
        6949        6965
        6949        6997
        6950        6952
        6950        6953
        6950        6960
        6950        6961
        6950        6963
        6950        6999
        6951        6956
        6951        6957
        6951        6958
        6951        6960
        6951        6961
        6951        6963
        6951        6999
        6952        6954
        6952        6955
        6952        6959
        6953        6959
        6954        6956
        6954        6957
        6954        6958
        6959        6966
        6959        6999
        6960        6962
        6960        6964
        6960        6965
        6961        6964
        6961        6965
        6962        6963
        6963        6967
        6963        6968
        6963        6969
        6964        6966
        6965        6966
        6967        6970
        6968        6970
        6971        6974
        6971        6979
        6971        6980
        6971        6987
        6971        6988
        6971        6997
        6971        7000
        6971        7077
        6971        7090
        6971        7095
        6972        6973
        6972        6977
        6972        6978
        6972        6986
        6972        7094
        6973        6976
        6973        6987
        6973        6988
        6973        7004
        6973        7096
        6974        6986
        6974        6998
        6974        6999
        6974        7001
        6974        7002
        6974        7003
        6975        6977
        6975        6978
        6975        6986
        6975        6998
        6975        6999
        6975        7001
        6975        7002
        6975        7003
        6975        7094
        6976        6981
        6976        6982
        6976        6989
        6976        6998
        6976        6999
        6976        7094
        6977        6979
        6977        6980
        6977        6987
        6977        6988
        6977        6997
        6977        7096
        6978        6983
        6978        6984
        6978        6985
        6978        6987
        6978        6988
        6978        6997
        6978        7096
        6979        6981
        6979        6982
        6979        6986
        6980        6986
        6981        6983
        6981        6984
        6981        6985
        6986        6990
        6986        6991
        6986        6993
        6986        7000
        6986        7096
        6987        6989
        6987        6998
        6987        6999
        6988        6992
        6988        6994
        6988        6995
        6988        6996
        6988        6998
        6988        6999
        6988        7005
        6989        6997
        6989        7006
        6989        7007
        6990        6992
        6990        6994
        6990        6995
        6990        6996
        6990        7005
        6991        6994
        6991        6995
        6991        6996
        6991        7008
        6991        7009
        6991        7013
        6992        6993
        6992        7006
        6992        7007
        6993        7005
        6997        7001
        6997        7002
        6997        7003
        6998        7000
        6999        7000
        7001        7004
        7002        7004
        7005        7010
        7005        7011
        7005        7012
        7005        7014
        7005        7015
        7006        7008
        7006        7009
        7006        7013
        7007        7016
        7007        7017
        7008        7010
        7008        7011
        7008        7012
        7008        7014
        7008        7015
        7009        7014
        7009        7015
        7010        7013
        7011        7013
        7012        7013
        7013        7018
        7013        7019
        7013        7024
        7014        7016
        7014        7017
        7015        7020
        7015        7021
        7015        7025
        7015        7026
        7015        7027
        7016        7018
        7016        7019
        7016        7024
        7017        7022
        7017        7023
        7017        7028
        7017        7029
        7017        7030
        7018        7020
        7018        7021
        7018        7025
        7018        7026
        7018        7027
        7019        7025
        7019        7026
        7019        7027
        7020        7022
        7020        7023
        7020        7024
        7021        7024
        7024        7031
        7024        7032
        7025        7028
        7025        7029
        7025        7030
        7026        7028
        7026        7029
        7026        7030
        7027        7033
        7027        7034
        7028        7031
        7028        7032
        7029        7031
        7029        7032
        7030        7035
        7030        7036
        7030        7052
        7031        7033
        7031        7034
        7032        7037
        7032        7038
        7032        7039
        7032        7053
        7032        7054
        7033        7035
        7033        7036
        7033        7052
        7034        7040
        7034        7041
        7034        7042
        7034        7055
        7034        7056
        7035        7037
        7035        7038
        7035        7039
        7035        7053
        7035        7054
        7036        7043
        7036        7044
        7036        7045
        7036        7053
        7036        7054
        7037        7040
        7037        7041
        7037        7042
        7037        7052
        7038        7040
        7038        7041
        7038        7042
        7038        7052
        7039        7046
        7039        7047
        7039        7048
        7039        7052
        7040        7043
        7040        7044
        7040        7045
        7041        7043
        7041        7044
        7041        7045
        7042        7049
        7042        7050
        7042        7051
        7043        7046
        7043        7047
        7043        7048
        7044        7046
        7044        7047
        7044        7048
        7046        7049
        7046        7050
        7046        7051
        7047        7049
        7047        7050
        7047        7051
        7052        7057
        7052        7058
        7052        7062
        7053        7055
        7053        7056
        7054        7059
        7054        7060
        7054        7061
        7054        7063
        7054        7064
        7055        7057
        7055        7058
        7055        7062
        7056        7065
        7056        7066
        7057        7059
        7057        7060
        7057        7061
        7057        7063
        7057        7064
        7058        7063
        7058        7064
        7059        7062
        7060        7062
        7061        7062
        7062        7067
        7062        7068
        7062        7072
        7063        7065
        7063        7066
        7064        7069
        7064        7070
        7064        7071
        7064        7073
        7064        7074
        7065        7067
        7065        7068
        7065        7072
        7067        7069
        7067        7070
        7067        7071
        7067        7073
        7067        7074
        7068        7073
        7068        7074
        7069        7072
        7070        7072
        7071        7072
        7075        7078
        7075        7083
        7075        7084
        7075        7091
        7075        7092
        7075        7094
        7075        7097
        7075        7104
        7075        7117
        7075        7129
        7076        7077
        7076        7081
        7076        7082
        7076        7090
        7076        7128
        7077        7080
        7077        7091
        7077        7092
        7077        7101
        7077        7130
        7078        7090
        7078        7095
        7078        7096
        7078        7098
        7078        7099
        7078        7100
        7079        7081
        7079        7082
        7079        7090
        7079        7095
        7079        7096
        7079        7098
        7079        7099
        7079        7100
        7079        7128
        7080        7085
        7080        7086
        7080        7093
        7080        7095
        7080        7096
        7080        7128
        7081        7083
        7081        7084
        7081        7091
        7081        7092
        7081        7094
        7081        7130
        7082        7087
        7082        7088
        7082        7089
        7082        7091
        7082        7092
        7082        7094
        7082        7130
        7083        7085
        7083        7086
        7083        7090
        7084        7090
        7085        7087
        7085        7088
        7085        7089
        7090        7097
        7090        7130
        7091        7093
        7091        7095
        7091        7096
        7092        7095
        7092        7096
        7093        7094
        7094        7098
        7094        7099
        7094        7100
        7095        7097
        7096        7097
        7098        7101
        7099        7101
        7102        7105
        7102        7110
        7102        7111
        7102        7118
        7102        7119
        7102        7128
        7102        7131
        7102        7208
        7102        7221
        7102        7226
        7103        7104
        7103        7108
        7103        7109
        7103        7117
        7103        7225
        7104        7107
        7104        7118
        7104        7119
        7104        7135
        7104        7227
        7105        7117
        7105        7129
        7105        7130
        7105        7132
        7105        7133
        7105        7134
        7106        7108
        7106        7109
        7106        7117
        7106        7129
        7106        7130
        7106        7132
        7106        7133
        7106        7134
        7106        7225
        7107        7112
        7107        7113
        7107        7120
        7107        7129
        7107        7130
        7107        7225
        7108        7110
        7108        7111
        7108        7118
        7108        7119
        7108        7128
        7108        7227
        7109        7114
        7109        7115
        7109        7116
        7109        7118
        7109        7119
        7109        7128
        7109        7227
        7110        7112
        7110        7113
        7110        7117
        7111        7117
        7112        7114
        7112        7115
        7112        7116
        7117        7121
        7117        7122
        7117        7124
        7117        7131
        7117        7227
        7118        7120
        7118        7129
        7118        7130
        7119        7123
        7119        7125
        7119        7126
        7119        7127
        7119        7129
        7119        7130
        7119        7136
        7120        7128
        7120        7137
        7120        7138
        7121        7123
        7121        7125
        7121        7126
        7121        7127
        7121        7136
        7122        7125
        7122        7126
        7122        7127
        7122        7139
        7122        7140
        7122        7144
        7123        7124
        7123        7137
        7123        7138
        7124        7136
        7128        7132
        7128        7133
        7128        7134
        7129        7131
        7130        7131
        7132        7135
        7133        7135
        7136        7141
        7136        7142
        7136        7143
        7136        7145
        7136        7146
        7137        7139
        7137        7140
        7137        7144
        7138        7147
        7138        7148
        7139        7141
        7139        7142
        7139        7143
        7139        7145
        7139        7146
        7140        7145
        7140        7146
        7141        7144
        7142        7144
        7143        7144
        7144        7149
        7144        7150
        7144        7155
        7145        7147
        7145        7148
        7146        7151
        7146        7152
        7146        7156
        7146        7157
        7146        7158
        7147        7149
        7147        7150
        7147        7155
        7148        7153
        7148        7154
        7148        7159
        7148        7160
        7148        7161
        7149        7151
        7149        7152
        7149        7156
        7149        7157
        7149        7158
        7150        7156
        7150        7157
        7150        7158
        7151        7153
        7151        7154
        7151        7155
        7152        7155
        7155        7162
        7155        7163
        7156        7159
        7156        7160
        7156        7161
        7157        7159
        7157        7160
        7157        7161
        7158        7164
        7158        7165
        7159        7162
        7159        7163
        7160        7162
        7160        7163
        7161        7166
        7161        7167
        7161        7183
        7162        7164
        7162        7165
        7163        7168
        7163        7169
        7163        7170
        7163        7184
        7163        7185
        7164        7166
        7164        7167
        7164        7183
        7165        7171
        7165        7172
        7165        7173
        7165        7186
        7165        7187
        7166        7168
        7166        7169
        7166        7170
        7166        7184
        7166        7185
        7167        7174
        7167        7175
        7167        7176
        7167        7184
        7167        7185
        7168        7171
        7168        7172
        7168        7173
        7168        7183
        7169        7171
        7169        7172
        7169        7173
        7169        7183
        7170        7177
        7170        7178
        7170        7179
        7170        7183
        7171        7174
        7171        7175
        7171        7176
        7172        7174
        7172        7175
        7172        7176
        7173        7180
        7173        7181
        7173        7182
        7174        7177
        7174        7178
        7174        7179
        7175        7177
        7175        7178
        7175        7179
        7177        7180
        7177        7181
        7177        7182
        7178        7180
        7178        7181
        7178        7182
        7183        7188
        7183        7189
        7183        7193
        7184        7186
        7184        7187
        7185        7190
        7185        7191
        7185        7192
        7185        7194
        7185        7195
        7186        7188
        7186        7189
        7186        7193
        7187        7196
        7187        7197
        7188        7190
        7188        7191
        7188        7192
        7188        7194
        7188        7195
        7189        7194
        7189        7195
        7190        7193
        7191        7193
        7192        7193
        7193        7198
        7193        7199
        7193        7203
        7194        7196
        7194        7197
        7195        7200
        7195        7201
        7195        7202
        7195        7204
        7195        7205
        7196        7198
        7196        7199
        7196        7203
        7198        7200
        7198        7201
        7198        7202
        7198        7204
        7198        7205
        7199        7204
        7199        7205
        7200        7203
        7201        7203
        7202        7203
        7206        7209
        7206        7214
        7206        7215
        7206        7222
        7206        7223
        7206        7225
        7206        7228
        7206        7235
        7206        7248
        7206        7260
        7207        7208
        7207        7212
        7207        7213
        7207        7221
        7207        7259
        7208        7211
        7208        7222
        7208        7223
        7208        7232
        7208        7261
        7209        7221
        7209        7226
        7209        7227
        7209        7229
        7209        7230
        7209        7231
        7210        7212
        7210        7213
        7210        7221
        7210        7226
        7210        7227
        7210        7229
        7210        7230
        7210        7231
        7210        7259
        7211        7216
        7211        7217
        7211        7224
        7211        7226
        7211        7227
        7211        7259
        7212        7214
        7212        7215
        7212        7222
        7212        7223
        7212        7225
        7212        7261
        7213        7218
        7213        7219
        7213        7220
        7213        7222
        7213        7223
        7213        7225
        7213        7261
        7214        7216
        7214        7217
        7214        7221
        7215        7221
        7216        7218
        7216        7219
        7216        7220
        7221        7228
        7221        7261
        7222        7224
        7222        7226
        7222        7227
        7223        7226
        7223        7227
        7224        7225
        7225        7229
        7225        7230
        7225        7231
        7226        7228
        7227        7228
        7229        7232
        7230        7232
        7233        7236
        7233        7241
        7233        7242
        7233        7249
        7233        7250
        7233        7259
        7233        7262
        7233        7339
        7233        7352
        7233        7357
        7234        7235
        7234        7239
        7234        7240
        7234        7248
        7234        7356
        7235        7238
        7235        7249
        7235        7250
        7235        7266
        7235        7358
        7236        7248
        7236        7260
        7236        7261
        7236        7263
        7236        7264
        7236        7265
        7237        7239
        7237        7240
        7237        7248
        7237        7260
        7237        7261
        7237        7263
        7237        7264
        7237        7265
        7237        7356
        7238        7243
        7238        7244
        7238        7251
        7238        7260
        7238        7261
        7238        7356
        7239        7241
        7239        7242
        7239        7249
        7239        7250
        7239        7259
        7239        7358
        7240        7245
        7240        7246
        7240        7247
        7240        7249
        7240        7250
        7240        7259
        7240        7358
        7241        7243
        7241        7244
        7241        7248
        7242        7248
        7243        7245
        7243        7246
        7243        7247
        7248        7252
        7248        7253
        7248        7255
        7248        7262
        7248        7358
        7249        7251
        7249        7260
        7249        7261
        7250        7254
        7250        7256
        7250        7257
        7250        7258
        7250        7260
        7250        7261
        7250        7267
        7251        7259
        7251        7268
        7251        7269
        7252        7254
        7252        7256
        7252        7257
        7252        7258
        7252        7267
        7253        7256
        7253        7257
        7253        7258
        7253        7270
        7253        7271
        7253        7275
        7254        7255
        7254        7268
        7254        7269
        7255        7267
        7259        7263
        7259        7264
        7259        7265
        7260        7262
        7261        7262
        7263        7266
        7264        7266
        7267        7272
        7267        7273
        7267        7274
        7267        7276
        7267        7277
        7268        7270
        7268        7271
        7268        7275
        7269        7278
        7269        7279
        7270        7272
        7270        7273
        7270        7274
        7270        7276
        7270        7277
        7271        7276
        7271        7277
        7272        7275
        7273        7275
        7274        7275
        7275        7280
        7275        7281
        7275        7286
        7276        7278
        7276        7279
        7277        7282
        7277        7283
        7277        7287
        7277        7288
        7277        7289
        7278        7280
        7278        7281
        7278        7286
        7279        7284
        7279        7285
        7279        7290
        7279        7291
        7279        7292
        7280        7282
        7280        7283
        7280        7287
        7280        7288
        7280        7289
        7281        7287
        7281        7288
        7281        7289
        7282        7284
        7282        7285
        7282        7286
        7283        7286
        7286        7293
        7286        7294
        7287        7290
        7287        7291
        7287        7292
        7288        7290
        7288        7291
        7288        7292
        7289        7295
        7289        7296
        7290        7293
        7290        7294
        7291        7293
        7291        7294
        7292        7297
        7292        7298
        7292        7314
        7293        7295
        7293        7296
        7294        7299
        7294        7300
        7294        7301
        7294        7315
        7294        7316
        7295        7297
        7295        7298
        7295        7314
        7296        7302
        7296        7303
        7296        7304
        7296        7317
        7296        7318
        7297        7299
        7297        7300
        7297        7301
        7297        7315
        7297        7316
        7298        7305
        7298        7306
        7298        7307
        7298        7315
        7298        7316
        7299        7302
        7299        7303
        7299        7304
        7299        7314
        7300        7302
        7300        7303
        7300        7304
        7300        7314
        7301        7308
        7301        7309
        7301        7310
        7301        7314
        7302        7305
        7302        7306
        7302        7307
        7303        7305
        7303        7306
        7303        7307
        7304        7311
        7304        7312
        7304        7313
        7305        7308
        7305        7309
        7305        7310
        7306        7308
        7306        7309
        7306        7310
        7308        7311
        7308        7312
        7308        7313
        7309        7311
        7309        7312
        7309        7313
        7314        7319
        7314        7320
        7314        7324
        7315        7317
        7315        7318
        7316        7321
        7316        7322
        7316        7323
        7316        7325
        7316        7326
        7317        7319
        7317        7320
        7317        7324
        7318        7327
        7318        7328
        7319        7321
        7319        7322
        7319        7323
        7319        7325
        7319        7326
        7320        7325
        7320        7326
        7321        7324
        7322        7324
        7323        7324
        7324        7329
        7324        7330
        7324        7334
        7325        7327
        7325        7328
        7326        7331
        7326        7332
        7326        7333
        7326        7335
        7326        7336
        7327        7329
        7327        7330
        7327        7334
        7329        7331
        7329        7332
        7329        7333
        7329        7335
        7329        7336
        7330        7335
        7330        7336
        7331        7334
        7332        7334
        7333        7334
        7337        7340
        7337        7345
        7337        7346
        7337        7353
        7337        7354
        7337        7356
        7337        7359
        7337        7366
        7337        7379
        7337        7391
        7338        7339
        7338        7343
        7338        7344
        7338        7352
        7338        7390
        7339        7342
        7339        7353
        7339        7354
        7339        7363
        7339        7392
        7340        7352
        7340        7357
        7340        7358
        7340        7360
        7340        7361
        7340        7362
        7341        7343
        7341        7344
        7341        7352
        7341        7357
        7341        7358
        7341        7360
        7341        7361
        7341        7362
        7341        7390
        7342        7347
        7342        7348
        7342        7355
        7342        7357
        7342        7358
        7342        7390
        7343        7345
        7343        7346
        7343        7353
        7343        7354
        7343        7356
        7343        7392
        7344        7349
        7344        7350
        7344        7351
        7344        7353
        7344        7354
        7344        7356
        7344        7392
        7345        7347
        7345        7348
        7345        7352
        7346        7352
        7347        7349
        7347        7350
        7347        7351
        7352        7359
        7352        7392
        7353        7355
        7353        7357
        7353        7358
        7354        7357
        7354        7358
        7355        7356
        7356        7360
        7356        7361
        7356        7362
        7357        7359
        7358        7359
        7360        7363
        7361        7363
        7364        7367
        7364        7372
        7364        7373
        7364        7380
        7364        7381
        7364        7390
        7364        7393
        7364        7470
        7364        7483
        7364        7488
        7365        7366
        7365        7370
        7365        7371
        7365        7379
        7365        7487
        7366        7369
        7366        7380
        7366        7381
        7366        7397
        7366        7489
        7367        7379
        7367        7391
        7367        7392
        7367        7394
        7367        7395
        7367        7396
        7368        7370
        7368        7371
        7368        7379
        7368        7391
        7368        7392
        7368        7394
        7368        7395
        7368        7396
        7368        7487
        7369        7374
        7369        7375
        7369        7382
        7369        7391
        7369        7392
        7369        7487
        7370        7372
        7370        7373
        7370        7380
        7370        7381
        7370        7390
        7370        7489
        7371        7376
        7371        7377
        7371        7378
        7371        7380
        7371        7381
        7371        7390
        7371        7489
        7372        7374
        7372        7375
        7372        7379
        7373        7379
        7374        7376
        7374        7377
        7374        7378
        7379        7383
        7379        7384
        7379        7386
        7379        7393
        7379        7489
        7380        7382
        7380        7391
        7380        7392
        7381        7385
        7381        7387
        7381        7388
        7381        7389
        7381        7391
        7381        7392
        7381        7398
        7382        7390
        7382        7399
        7382        7400
        7383        7385
        7383        7387
        7383        7388
        7383        7389
        7383        7398
        7384        7387
        7384        7388
        7384        7389
        7384        7401
        7384        7402
        7384        7406
        7385        7386
        7385        7399
        7385        7400
        7386        7398
        7390        7394
        7390        7395
        7390        7396
        7391        7393
        7392        7393
        7394        7397
        7395        7397
        7398        7403
        7398        7404
        7398        7405
        7398        7407
        7398        7408
        7399        7401
        7399        7402
        7399        7406
        7400        7409
        7400        7410
        7401        7403
        7401        7404
        7401        7405
        7401        7407
        7401        7408
        7402        7407
        7402        7408
        7403        7406
        7404        7406
        7405        7406
        7406        7411
        7406        7412
        7406        7417
        7407        7409
        7407        7410
        7408        7413
        7408        7414
        7408        7418
        7408        7419
        7408        7420
        7409        7411
        7409        7412
        7409        7417
        7410        7415
        7410        7416
        7410        7421
        7410        7422
        7410        7423
        7411        7413
        7411        7414
        7411        7418
        7411        7419
        7411        7420
        7412        7418
        7412        7419
        7412        7420
        7413        7415
        7413        7416
        7413        7417
        7414        7417
        7417        7424
        7417        7425
        7418        7421
        7418        7422
        7418        7423
        7419        7421
        7419        7422
        7419        7423
        7420        7426
        7420        7427
        7421        7424
        7421        7425
        7422        7424
        7422        7425
        7423        7428
        7423        7429
        7423        7445
        7424        7426
        7424        7427
        7425        7430
        7425        7431
        7425        7432
        7425        7446
        7425        7447
        7426        7428
        7426        7429
        7426        7445
        7427        7433
        7427        7434
        7427        7435
        7427        7448
        7427        7449
        7428        7430
        7428        7431
        7428        7432
        7428        7446
        7428        7447
        7429        7436
        7429        7437
        7429        7438
        7429        7446
        7429        7447
        7430        7433
        7430        7434
        7430        7435
        7430        7445
        7431        7433
        7431        7434
        7431        7435
        7431        7445
        7432        7439
        7432        7440
        7432        7441
        7432        7445
        7433        7436
        7433        7437
        7433        7438
        7434        7436
        7434        7437
        7434        7438
        7435        7442
        7435        7443
        7435        7444
        7436        7439
        7436        7440
        7436        7441
        7437        7439
        7437        7440
        7437        7441
        7439        7442
        7439        7443
        7439        7444
        7440        7442
        7440        7443
        7440        7444
        7445        7450
        7445        7451
        7445        7455
        7446        7448
        7446        7449
        7447        7452
        7447        7453
        7447        7454
        7447        7456
        7447        7457
        7448        7450
        7448        7451
        7448        7455
        7449        7458
        7449        7459
        7450        7452
        7450        7453
        7450        7454
        7450        7456
        7450        7457
        7451        7456
        7451        7457
        7452        7455
        7453        7455
        7454        7455
        7455        7460
        7455        7461
        7455        7465
        7456        7458
        7456        7459
        7457        7462
        7457        7463
        7457        7464
        7457        7466
        7457        7467
        7458        7460
        7458        7461
        7458        7465
        7460        7462
        7460        7463
        7460        7464
        7460        7466
        7460        7467
        7461        7466
        7461        7467
        7462        7465
        7463        7465
        7464        7465
        7468        7471
        7468        7476
        7468        7477
        7468        7484
        7468        7485
        7468        7487
        7468        7490
        7468        7497
        7468        7510
        7468        7522
        7469        7470
        7469        7474
        7469        7475
        7469        7483
        7469        7521
        7470        7473
        7470        7484
        7470        7485
        7470        7494
        7470        7523
        7471        7483
        7471        7488
        7471        7489
        7471        7491
        7471        7492
        7471        7493
        7472        7474
        7472        7475
        7472        7483
        7472        7488
        7472        7489
        7472        7491
        7472        7492
        7472        7493
        7472        7521
        7473        7478
        7473        7479
        7473        7486
        7473        7488
        7473        7489
        7473        7521
        7474        7476
        7474        7477
        7474        7484
        7474        7485
        7474        7487
        7474        7523
        7475        7480
        7475        7481
        7475        7482
        7475        7484
        7475        7485
        7475        7487
        7475        7523
        7476        7478
        7476        7479
        7476        7483
        7477        7483
        7478        7480
        7478        7481
        7478        7482
        7483        7490
        7483        7523
        7484        7486
        7484        7488
        7484        7489
        7485        7488
        7485        7489
        7486        7487
        7487        7491
        7487        7492
        7487        7493
        7488        7490
        7489        7490
        7491        7494
        7492        7494
        7495        7498
        7495        7503
        7495        7504
        7495        7511
        7495        7512
        7495        7521
        7495        7524
        7495        7601
        7495        7614
        7495        7619
        7496        7497
        7496        7501
        7496        7502
        7496        7510
        7496        7618
        7497        7500
        7497        7511
        7497        7512
        7497        7528
        7497        7620
        7498        7510
        7498        7522
        7498        7523
        7498        7525
        7498        7526
        7498        7527
        7499        7501
        7499        7502
        7499        7510
        7499        7522
        7499        7523
        7499        7525
        7499        7526
        7499        7527
        7499        7618
        7500        7505
        7500        7506
        7500        7513
        7500        7522
        7500        7523
        7500        7618
        7501        7503
        7501        7504
        7501        7511
        7501        7512
        7501        7521
        7501        7620
        7502        7507
        7502        7508
        7502        7509
        7502        7511
        7502        7512
        7502        7521
        7502        7620
        7503        7505
        7503        7506
        7503        7510
        7504        7510
        7505        7507
        7505        7508
        7505        7509
        7510        7514
        7510        7515
        7510        7517
        7510        7524
        7510        7620
        7511        7513
        7511        7522
        7511        7523
        7512        7516
        7512        7518
        7512        7519
        7512        7520
        7512        7522
        7512        7523
        7512        7529
        7513        7521
        7513        7530
        7513        7531
        7514        7516
        7514        7518
        7514        7519
        7514        7520
        7514        7529
        7515        7518
        7515        7519
        7515        7520
        7515        7532
        7515        7533
        7515        7537
        7516        7517
        7516        7530
        7516        7531
        7517        7529
        7521        7525
        7521        7526
        7521        7527
        7522        7524
        7523        7524
        7525        7528
        7526        7528
        7529        7534
        7529        7535
        7529        7536
        7529        7538
        7529        7539
        7530        7532
        7530        7533
        7530        7537
        7531        7540
        7531        7541
        7532        7534
        7532        7535
        7532        7536
        7532        7538
        7532        7539
        7533        7538
        7533        7539
        7534        7537
        7535        7537
        7536        7537
        7537        7542
        7537        7543
        7537        7548
        7538        7540
        7538        7541
        7539        7544
        7539        7545
        7539        7549
        7539        7550
        7539        7551
        7540        7542
        7540        7543
        7540        7548
        7541        7546
        7541        7547
        7541        7552
        7541        7553
        7541        7554
        7542        7544
        7542        7545
        7542        7549
        7542        7550
        7542        7551
        7543        7549
        7543        7550
        7543        7551
        7544        7546
        7544        7547
        7544        7548
        7545        7548
        7548        7555
        7548        7556
        7549        7552
        7549        7553
        7549        7554
        7550        7552
        7550        7553
        7550        7554
        7551        7557
        7551        7558
        7552        7555
        7552        7556
        7553        7555
        7553        7556
        7554        7559
        7554        7560
        7554        7576
        7555        7557
        7555        7558
        7556        7561
        7556        7562
        7556        7563
        7556        7577
        7556        7578
        7557        7559
        7557        7560
        7557        7576
        7558        7564
        7558        7565
        7558        7566
        7558        7579
        7558        7580
        7559        7561
        7559        7562
        7559        7563
        7559        7577
        7559        7578
        7560        7567
        7560        7568
        7560        7569
        7560        7577
        7560        7578
        7561        7564
        7561        7565
        7561        7566
        7561        7576
        7562        7564
        7562        7565
        7562        7566
        7562        7576
        7563        7570
        7563        7571
        7563        7572
        7563        7576
        7564        7567
        7564        7568
        7564        7569
        7565        7567
        7565        7568
        7565        7569
        7566        7573
        7566        7574
        7566        7575
        7567        7570
        7567        7571
        7567        7572
        7568        7570
        7568        7571
        7568        7572
        7570        7573
        7570        7574
        7570        7575
        7571        7573
        7571        7574
        7571        7575
        7576        7581
        7576        7582
        7576        7586
        7577        7579
        7577        7580
        7578        7583
        7578        7584
        7578        7585
        7578        7587
        7578        7588
        7579        7581
        7579        7582
        7579        7586
        7580        7589
        7580        7590
        7581        7583
        7581        7584
        7581        7585
        7581        7587
        7581        7588
        7582        7587
        7582        7588
        7583        7586
        7584        7586
        7585        7586
        7586        7591
        7586        7592
        7586        7596
        7587        7589
        7587        7590
        7588        7593
        7588        7594
        7588        7595
        7588        7597
        7588        7598
        7589        7591
        7589        7592
        7589        7596
        7591        7593
        7591        7594
        7591        7595
        7591        7597
        7591        7598
        7592        7597
        7592        7598
        7593        7596
        7594        7596
        7595        7596
        7599        7602
        7599        7607
        7599        7608
        7599        7615
        7599        7616
        7599        7618
        7599        7621
        7599        7628
        7599        7641
        7599        7653
        7600        7601
        7600        7605
        7600        7606
        7600        7614
        7600        7652
        7601        7604
        7601        7615
        7601        7616
        7601        7625
        7601        7654
        7602        7614
        7602        7619
        7602        7620
        7602        7622
        7602        7623
        7602        7624
        7603        7605
        7603        7606
        7603        7614
        7603        7619
        7603        7620
        7603        7622
        7603        7623
        7603        7624
        7603        7652
        7604        7609
        7604        7610
        7604        7617
        7604        7619
        7604        7620
        7604        7652
        7605        7607
        7605        7608
        7605        7615
        7605        7616
        7605        7618
        7605        7654
        7606        7611
        7606        7612
        7606        7613
        7606        7615
        7606        7616
        7606        7618
        7606        7654
        7607        7609
        7607        7610
        7607        7614
        7608        7614
        7609        7611
        7609        7612
        7609        7613
        7614        7621
        7614        7654
        7615        7617
        7615        7619
        7615        7620
        7616        7619
        7616        7620
        7617        7618
        7618        7622
        7618        7623
        7618        7624
        7619        7621
        7620        7621
        7622        7625
        7623        7625
        7626        7629
        7626        7634
        7626        7635
        7626        7642
        7626        7643
        7626        7652
        7626        7655
        7626        7732
        7626        7745
        7626        7750
        7627        7628
        7627        7632
        7627        7633
        7627        7641
        7627        7749
        7628        7631
        7628        7642
        7628        7643
        7628        7659
        7628        7751
        7629        7641
        7629        7653
        7629        7654
        7629        7656
        7629        7657
        7629        7658
        7630        7632
        7630        7633
        7630        7641
        7630        7653
        7630        7654
        7630        7656
        7630        7657
        7630        7658
        7630        7749
        7631        7636
        7631        7637
        7631        7644
        7631        7653
        7631        7654
        7631        7749
        7632        7634
        7632        7635
        7632        7642
        7632        7643
        7632        7652
        7632        7751
        7633        7638
        7633        7639
        7633        7640
        7633        7642
        7633        7643
        7633        7652
        7633        7751
        7634        7636
        7634        7637
        7634        7641
        7635        7641
        7636        7638
        7636        7639
        7636        7640
        7641        7645
        7641        7646
        7641        7648
        7641        7655
        7641        7751
        7642        7644
        7642        7653
        7642        7654
        7643        7647
        7643        7649
        7643        7650
        7643        7651
        7643        7653
        7643        7654
        7643        7660
        7644        7652
        7644        7661
        7644        7662
        7645        7647
        7645        7649
        7645        7650
        7645        7651
        7645        7660
        7646        7649
        7646        7650
        7646        7651
        7646        7663
        7646        7664
        7646        7668
        7647        7648
        7647        7661
        7647        7662
        7648        7660
        7652        7656
        7652        7657
        7652        7658
        7653        7655
        7654        7655
        7656        7659
        7657        7659
        7660        7665
        7660        7666
        7660        7667
        7660        7669
        7660        7670
        7661        7663
        7661        7664
        7661        7668
        7662        7671
        7662        7672
        7663        7665
        7663        7666
        7663        7667
        7663        7669
        7663        7670
        7664        7669
        7664        7670
        7665        7668
        7666        7668
        7667        7668
        7668        7673
        7668        7674
        7668        7679
        7669        7671
        7669        7672
        7670        7675
        7670        7676
        7670        7680
        7670        7681
        7670        7682
        7671        7673
        7671        7674
        7671        7679
        7672        7677
        7672        7678
        7672        7683
        7672        7684
        7672        7685
        7673        7675
        7673        7676
        7673        7680
        7673        7681
        7673        7682
        7674        7680
        7674        7681
        7674        7682
        7675        7677
        7675        7678
        7675        7679
        7676        7679
        7679        7686
        7679        7687
        7680        7683
        7680        7684
        7680        7685
        7681        7683
        7681        7684
        7681        7685
        7682        7688
        7682        7689
        7683        7686
        7683        7687
        7684        7686
        7684        7687
        7685        7690
        7685        7691
        7685        7707
        7686        7688
        7686        7689
        7687        7692
        7687        7693
        7687        7694
        7687        7708
        7687        7709
        7688        7690
        7688        7691
        7688        7707
        7689        7695
        7689        7696
        7689        7697
        7689        7710
        7689        7711
        7690        7692
        7690        7693
        7690        7694
        7690        7708
        7690        7709
        7691        7698
        7691        7699
        7691        7700
        7691        7708
        7691        7709
        7692        7695
        7692        7696
        7692        7697
        7692        7707
        7693        7695
        7693        7696
        7693        7697
        7693        7707
        7694        7701
        7694        7702
        7694        7703
        7694        7707
        7695        7698
        7695        7699
        7695        7700
        7696        7698
        7696        7699
        7696        7700
        7697        7704
        7697        7705
        7697        7706
        7698        7701
        7698        7702
        7698        7703
        7699        7701
        7699        7702
        7699        7703
        7701        7704
        7701        7705
        7701        7706
        7702        7704
        7702        7705
        7702        7706
        7707        7712
        7707        7713
        7707        7717
        7708        7710
        7708        7711
        7709        7714
        7709        7715
        7709        7716
        7709        7718
        7709        7719
        7710        7712
        7710        7713
        7710        7717
        7711        7720
        7711        7721
        7712        7714
        7712        7715
        7712        7716
        7712        7718
        7712        7719
        7713        7718
        7713        7719
        7714        7717
        7715        7717
        7716        7717
        7717        7722
        7717        7723
        7717        7727
        7718        7720
        7718        7721
        7719        7724
        7719        7725
        7719        7726
        7719        7728
        7719        7729
        7720        7722
        7720        7723
        7720        7727
        7722        7724
        7722        7725
        7722        7726
        7722        7728
        7722        7729
        7723        7728
        7723        7729
        7724        7727
        7725        7727
        7726        7727
        7730        7733
        7730        7738
        7730        7739
        7730        7746
        7730        7747
        7730        7749
        7730        7752
        7730        7759
        7730        7772
        7730        7784
        7731        7732
        7731        7736
        7731        7737
        7731        7745
        7731        7783
        7732        7735
        7732        7746
        7732        7747
        7732        7756
        7732        7785
        7733        7745
        7733        7750
        7733        7751
        7733        7753
        7733        7754
        7733        7755
        7734        7736
        7734        7737
        7734        7745
        7734        7750
        7734        7751
        7734        7753
        7734        7754
        7734        7755
        7734        7783
        7735        7740
        7735        7741
        7735        7748
        7735        7750
        7735        7751
        7735        7783
        7736        7738
        7736        7739
        7736        7746
        7736        7747
        7736        7749
        7736        7785
        7737        7742
        7737        7743
        7737        7744
        7737        7746
        7737        7747
        7737        7749
        7737        7785
        7738        7740
        7738        7741
        7738        7745
        7739        7745
        7740        7742
        7740        7743
        7740        7744
        7745        7752
        7745        7785
        7746        7748
        7746        7750
        7746        7751
        7747        7750
        7747        7751
        7748        7749
        7749        7753
        7749        7754
        7749        7755
        7750        7752
        7751        7752
        7753        7756
        7754        7756
        7757        7760
        7757        7765
        7757        7766
        7757        7773
        7757        7774
        7757        7783
        7757        7786
        7757        7863
        7757        7876
        7757        7881
        7758        7759
        7758        7763
        7758        7764
        7758        7772
        7758        7880
        7759        7762
        7759        7773
        7759        7774
        7759        7790
        7759        7882
        7760        7772
        7760        7784
        7760        7785
        7760        7787
        7760        7788
        7760        7789
        7761        7763
        7761        7764
        7761        7772
        7761        7784
        7761        7785
        7761        7787
        7761        7788
        7761        7789
        7761        7880
        7762        7767
        7762        7768
        7762        7775
        7762        7784
        7762        7785
        7762        7880
        7763        7765
        7763        7766
        7763        7773
        7763        7774
        7763        7783
        7763        7882
        7764        7769
        7764        7770
        7764        7771
        7764        7773
        7764        7774
        7764        7783
        7764        7882
        7765        7767
        7765        7768
        7765        7772
        7766        7772
        7767        7769
        7767        7770
        7767        7771
        7772        7776
        7772        7777
        7772        7779
        7772        7786
        7772        7882
        7773        7775
        7773        7784
        7773        7785
        7774        7778
        7774        7780
        7774        7781
        7774        7782
        7774        7784
        7774        7785
        7774        7791
        7775        7783
        7775        7792
        7775        7793
        7776        7778
        7776        7780
        7776        7781
        7776        7782
        7776        7791
        7777        7780
        7777        7781
        7777        7782
        7777        7794
        7777        7795
        7777        7799
        7778        7779
        7778        7792
        7778        7793
        7779        7791
        7783        7787
        7783        7788
        7783        7789
        7784        7786
        7785        7786
        7787        7790
        7788        7790
        7791        7796
        7791        7797
        7791        7798
        7791        7800
        7791        7801
        7792        7794
        7792        7795
        7792        7799
        7793        7802
        7793        7803
        7794        7796
        7794        7797
        7794        7798
        7794        7800
        7794        7801
        7795        7800
        7795        7801
        7796        7799
        7797        7799
        7798        7799
        7799        7804
        7799        7805
        7799        7810
        7800        7802
        7800        7803
        7801        7806
        7801        7807
        7801        7811
        7801        7812
        7801        7813
        7802        7804
        7802        7805
        7802        7810
        7803        7808
        7803        7809
        7803        7814
        7803        7815
        7803        7816
        7804        7806
        7804        7807
        7804        7811
        7804        7812
        7804        7813
        7805        7811
        7805        7812
        7805        7813
        7806        7808
        7806        7809
        7806        7810
        7807        7810
        7810        7817
        7810        7818
        7811        7814
        7811        7815
        7811        7816
        7812        7814
        7812        7815
        7812        7816
        7813        7819
        7813        7820
        7814        7817
        7814        7818
        7815        7817
        7815        7818
        7816        7821
        7816        7822
        7816        7838
        7817        7819
        7817        7820
        7818        7823
        7818        7824
        7818        7825
        7818        7839
        7818        7840
        7819        7821
        7819        7822
        7819        7838
        7820        7826
        7820        7827
        7820        7828
        7820        7841
        7820        7842
        7821        7823
        7821        7824
        7821        7825
        7821        7839
        7821        7840
        7822        7829
        7822        7830
        7822        7831
        7822        7839
        7822        7840
        7823        7826
        7823        7827
        7823        7828
        7823        7838
        7824        7826
        7824        7827
        7824        7828
        7824        7838
        7825        7832
        7825        7833
        7825        7834
        7825        7838
        7826        7829
        7826        7830
        7826        7831
        7827        7829
        7827        7830
        7827        7831
        7828        7835
        7828        7836
        7828        7837
        7829        7832
        7829        7833
        7829        7834
        7830        7832
        7830        7833
        7830        7834
        7832        7835
        7832        7836
        7832        7837
        7833        7835
        7833        7836
        7833        7837
        7838        7843
        7838        7844
        7838        7848
        7839        7841
        7839        7842
        7840        7845
        7840        7846
        7840        7847
        7840        7849
        7840        7850
        7841        7843
        7841        7844
        7841        7848
        7842        7851
        7842        7852
        7843        7845
        7843        7846
        7843        7847
        7843        7849
        7843        7850
        7844        7849
        7844        7850
        7845        7848
        7846        7848
        7847        7848
        7848        7853
        7848        7854
        7848        7858
        7849        7851
        7849        7852
        7850        7855
        7850        7856
        7850        7857
        7850        7859
        7850        7860
        7851        7853
        7851        7854
        7851        7858
        7853        7855
        7853        7856
        7853        7857
        7853        7859
        7853        7860
        7854        7859
        7854        7860
        7855        7858
        7856        7858
        7857        7858
        7861        7864
        7861        7869
        7861        7870
        7861        7877
        7861        7878
        7861        7880
        7861        7883
        7861        7890
        7861        7903
        7861        7915
        7862        7863
        7862        7867
        7862        7868
        7862        7876
        7862        7914
        7863        7866
        7863        7877
        7863        7878
        7863        7887
        7863        7916
        7864        7876
        7864        7881
        7864        7882
        7864        7884
        7864        7885
        7864        7886
        7865        7867
        7865        7868
        7865        7876
        7865        7881
        7865        7882
        7865        7884
        7865        7885
        7865        7886
        7865        7914
        7866        7871
        7866        7872
        7866        7879
        7866        7881
        7866        7882
        7866        7914
        7867        7869
        7867        7870
        7867        7877
        7867        7878
        7867        7880
        7867        7916
        7868        7873
        7868        7874
        7868        7875
        7868        7877
        7868        7878
        7868        7880
        7868        7916
        7869        7871
        7869        7872
        7869        7876
        7870        7876
        7871        7873
        7871        7874
        7871        7875
        7876        7883
        7876        7916
        7877        7879
        7877        7881
        7877        7882
        7878        7881
        7878        7882
        7879        7880
        7880        7884
        7880        7885
        7880        7886
        7881        7883
        7882        7883
        7884        7887
        7885        7887
        7888        7891
        7888        7896
        7888        7897
        7888        7904
        7888        7905
        7888        7914
        7888        7917
        7888        7994
        7888        8007
        7888        8012
        7889        7890
        7889        7894
        7889        7895
        7889        7903
        7889        8011
        7890        7893
        7890        7904
        7890        7905
        7890        7921
        7890        8013
        7891        7903
        7891        7915
        7891        7916
        7891        7918
        7891        7919
        7891        7920
        7892        7894
        7892        7895
        7892        7903
        7892        7915
        7892        7916
        7892        7918
        7892        7919
        7892        7920
        7892        8011
        7893        7898
        7893        7899
        7893        7906
        7893        7915
        7893        7916
        7893        8011
        7894        7896
        7894        7897
        7894        7904
        7894        7905
        7894        7914
        7894        8013
        7895        7900
        7895        7901
        7895        7902
        7895        7904
        7895        7905
        7895        7914
        7895        8013
        7896        7898
        7896        7899
        7896        7903
        7897        7903
        7898        7900
        7898        7901
        7898        7902
        7903        7907
        7903        7908
        7903        7910
        7903        7917
        7903        8013
        7904        7906
        7904        7915
        7904        7916
        7905        7909
        7905        7911
        7905        7912
        7905        7913
        7905        7915
        7905        7916
        7905        7922
        7906        7914
        7906        7923
        7906        7924
        7907        7909
        7907        7911
        7907        7912
        7907        7913
        7907        7922
        7908        7911
        7908        7912
        7908        7913
        7908        7925
        7908        7926
        7908        7930
        7909        7910
        7909        7923
        7909        7924
        7910        7922
        7914        7918
        7914        7919
        7914        7920
        7915        7917
        7916        7917
        7918        7921
        7919        7921
        7922        7927
        7922        7928
        7922        7929
        7922        7931
        7922        7932
        7923        7925
        7923        7926
        7923        7930
        7924        7933
        7924        7934
        7925        7927
        7925        7928
        7925        7929
        7925        7931
        7925        7932
        7926        7931
        7926        7932
        7927        7930
        7928        7930
        7929        7930
        7930        7935
        7930        7936
        7930        7941
        7931        7933
        7931        7934
        7932        7937
        7932        7938
        7932        7942
        7932        7943
        7932        7944
        7933        7935
        7933        7936
        7933        7941
        7934        7939
        7934        7940
        7934        7945
        7934        7946
        7934        7947
        7935        7937
        7935        7938
        7935        7942
        7935        7943
        7935        7944
        7936        7942
        7936        7943
        7936        7944
        7937        7939
        7937        7940
        7937        7941
        7938        7941
        7941        7948
        7941        7949
        7942        7945
        7942        7946
        7942        7947
        7943        7945
        7943        7946
        7943        7947
        7944        7950
        7944        7951
        7945        7948
        7945        7949
        7946        7948
        7946        7949
        7947        7952
        7947        7953
        7947        7969
        7948        7950
        7948        7951
        7949        7954
        7949        7955
        7949        7956
        7949        7970
        7949        7971
        7950        7952
        7950        7953
        7950        7969
        7951        7957
        7951        7958
        7951        7959
        7951        7972
        7951        7973
        7952        7954
        7952        7955
        7952        7956
        7952        7970
        7952        7971
        7953        7960
        7953        7961
        7953        7962
        7953        7970
        7953        7971
        7954        7957
        7954        7958
        7954        7959
        7954        7969
        7955        7957
        7955        7958
        7955        7959
        7955        7969
        7956        7963
        7956        7964
        7956        7965
        7956        7969
        7957        7960
        7957        7961
        7957        7962
        7958        7960
        7958        7961
        7958        7962
        7959        7966
        7959        7967
        7959        7968
        7960        7963
        7960        7964
        7960        7965
        7961        7963
        7961        7964
        7961        7965
        7963        7966
        7963        7967
        7963        7968
        7964        7966
        7964        7967
        7964        7968
        7969        7974
        7969        7975
        7969        7979
        7970        7972
        7970        7973
        7971        7976
        7971        7977
        7971        7978
        7971        7980
        7971        7981
        7972        7974
        7972        7975
        7972        7979
        7973        7982
        7973        7983
        7974        7976
        7974        7977
        7974        7978
        7974        7980
        7974        7981
        7975        7980
        7975        7981
        7976        7979
        7977        7979
        7978        7979
        7979        7984
        7979        7985
        7979        7989
        7980        7982
        7980        7983
        7981        7986
        7981        7987
        7981        7988
        7981        7990
        7981        7991
        7982        7984
        7982        7985
        7982        7989
        7984        7986
        7984        7987
        7984        7988
        7984        7990
        7984        7991
        7985        7990
        7985        7991
        7986        7989
        7987        7989
        7988        7989
        7992        7995
        7992        8000
        7992        8001
        7992        8008
        7992        8009
        7992        8011
        7992        8014
        7992        8021
        7992        8034
        7992        8046
        7993        7994
        7993        7998
        7993        7999
        7993        8007
        7993        8045
        7994        7997
        7994        8008
        7994        8009
        7994        8018
        7994        8047
        7995        8007
        7995        8012
        7995        8013
        7995        8015
        7995        8016
        7995        8017
        7996        7998
        7996        7999
        7996        8007
        7996        8012
        7996        8013
        7996        8015
        7996        8016
        7996        8017
        7996        8045
        7997        8002
        7997        8003
        7997        8010
        7997        8012
        7997        8013
        7997        8045
        7998        8000
        7998        8001
        7998        8008
        7998        8009
        7998        8011
        7998        8047
        7999        8004
        7999        8005
        7999        8006
        7999        8008
        7999        8009
        7999        8011
        7999        8047
        8000        8002
        8000        8003
        8000        8007
        8001        8007
        8002        8004
        8002        8005
        8002        8006
        8007        8014
        8007        8047
        8008        8010
        8008        8012
        8008        8013
        8009        8012
        8009        8013
        8010        8011
        8011        8015
        8011        8016
        8011        8017
        8012        8014
        8013        8014
        8015        8018
        8016        8018
        8019        8022
        8019        8027
        8019        8028
        8019        8035
        8019        8036
        8019        8045
        8019        8048
        8019        8125
        8019        8138
        8019        8143
        8020        8021
        8020        8025
        8020        8026
        8020        8034
        8020        8142
        8021        8024
        8021        8035
        8021        8036
        8021        8052
        8021        8144
        8022        8034
        8022        8046
        8022        8047
        8022        8049
        8022        8050
        8022        8051
        8023        8025
        8023        8026
        8023        8034
        8023        8046
        8023        8047
        8023        8049
        8023        8050
        8023        8051
        8023        8142
        8024        8029
        8024        8030
        8024        8037
        8024        8046
        8024        8047
        8024        8142
        8025        8027
        8025        8028
        8025        8035
        8025        8036
        8025        8045
        8025        8144
        8026        8031
        8026        8032
        8026        8033
        8026        8035
        8026        8036
        8026        8045
        8026        8144
        8027        8029
        8027        8030
        8027        8034
        8028        8034
        8029        8031
        8029        8032
        8029        8033
        8034        8038
        8034        8039
        8034        8041
        8034        8048
        8034        8144
        8035        8037
        8035        8046
        8035        8047
        8036        8040
        8036        8042
        8036        8043
        8036        8044
        8036        8046
        8036        8047
        8036        8053
        8037        8045
        8037        8054
        8037        8055
        8038        8040
        8038        8042
        8038        8043
        8038        8044
        8038        8053
        8039        8042
        8039        8043
        8039        8044
        8039        8056
        8039        8057
        8039        8061
        8040        8041
        8040        8054
        8040        8055
        8041        8053
        8045        8049
        8045        8050
        8045        8051
        8046        8048
        8047        8048
        8049        8052
        8050        8052
        8053        8058
        8053        8059
        8053        8060
        8053        8062
        8053        8063
        8054        8056
        8054        8057
        8054        8061
        8055        8064
        8055        8065
        8056        8058
        8056        8059
        8056        8060
        8056        8062
        8056        8063
        8057        8062
        8057        8063
        8058        8061
        8059        8061
        8060        8061
        8061        8066
        8061        8067
        8061        8072
        8062        8064
        8062        8065
        8063        8068
        8063        8069
        8063        8073
        8063        8074
        8063        8075
        8064        8066
        8064        8067
        8064        8072
        8065        8070
        8065        8071
        8065        8076
        8065        8077
        8065        8078
        8066        8068
        8066        8069
        8066        8073
        8066        8074
        8066        8075
        8067        8073
        8067        8074
        8067        8075
        8068        8070
        8068        8071
        8068        8072
        8069        8072
        8072        8079
        8072        8080
        8073        8076
        8073        8077
        8073        8078
        8074        8076
        8074        8077
        8074        8078
        8075        8081
        8075        8082
        8076        8079
        8076        8080
        8077        8079
        8077        8080
        8078        8083
        8078        8084
        8078        8100
        8079        8081
        8079        8082
        8080        8085
        8080        8086
        8080        8087
        8080        8101
        8080        8102
        8081        8083
        8081        8084
        8081        8100
        8082        8088
        8082        8089
        8082        8090
        8082        8103
        8082        8104
        8083        8085
        8083        8086
        8083        8087
        8083        8101
        8083        8102
        8084        8091
        8084        8092
        8084        8093
        8084        8101
        8084        8102
        8085        8088
        8085        8089
        8085        8090
        8085        8100
        8086        8088
        8086        8089
        8086        8090
        8086        8100
        8087        8094
        8087        8095
        8087        8096
        8087        8100
        8088        8091
        8088        8092
        8088        8093
        8089        8091
        8089        8092
        8089        8093
        8090        8097
        8090        8098
        8090        8099
        8091        8094
        8091        8095
        8091        8096
        8092        8094
        8092        8095
        8092        8096
        8094        8097
        8094        8098
        8094        8099
        8095        8097
        8095        8098
        8095        8099
        8100        8105
        8100        8106
        8100        8110
        8101        8103
        8101        8104
        8102        8107
        8102        8108
        8102        8109
        8102        8111
        8102        8112
        8103        8105
        8103        8106
        8103        8110
        8104        8113
        8104        8114
        8105        8107
        8105        8108
        8105        8109
        8105        8111
        8105        8112
        8106        8111
        8106        8112
        8107        8110
        8108        8110
        8109        8110
        8110        8115
        8110        8116
        8110        8120
        8111        8113
        8111        8114
        8112        8117
        8112        8118
        8112        8119
        8112        8121
        8112        8122
        8113        8115
        8113        8116
        8113        8120
        8115        8117
        8115        8118
        8115        8119
        8115        8121
        8115        8122
        8116        8121
        8116        8122
        8117        8120
        8118        8120
        8119        8120
        8123        8126
        8123        8131
        8123        8132
        8123        8139
        8123        8140
        8123        8142
        8123        8145
        8123        8152
        8123        8165
        8123        8177
        8124        8125
        8124        8129
        8124        8130
        8124        8138
        8124        8176
        8125        8128
        8125        8139
        8125        8140
        8125        8149
        8125        8178
        8126        8138
        8126        8143
        8126        8144
        8126        8146
        8126        8147
        8126        8148
        8127        8129
        8127        8130
        8127        8138
        8127        8143
        8127        8144
        8127        8146
        8127        8147
        8127        8148
        8127        8176
        8128        8133
        8128        8134
        8128        8141
        8128        8143
        8128        8144
        8128        8176
        8129        8131
        8129        8132
        8129        8139
        8129        8140
        8129        8142
        8129        8178
        8130        8135
        8130        8136
        8130        8137
        8130        8139
        8130        8140
        8130        8142
        8130        8178
        8131        8133
        8131        8134
        8131        8138
        8132        8138
        8133        8135
        8133        8136
        8133        8137
        8138        8145
        8138        8178
        8139        8141
        8139        8143
        8139        8144
        8140        8143
        8140        8144
        8141        8142
        8142        8146
        8142        8147
        8142        8148
        8143        8145
        8144        8145
        8146        8149
        8147        8149
        8150        8153
        8150        8158
        8150        8159
        8150        8166
        8150        8167
        8150        8176
        8150        8179
        8150        8256
        8150        8269
        8150        8274
        8151        8152
        8151        8156
        8151        8157
        8151        8165
        8151        8273
        8152        8155
        8152        8166
        8152        8167
        8152        8183
        8152        8275
        8153        8165
        8153        8177
        8153        8178
        8153        8180
        8153        8181
        8153        8182
        8154        8156
        8154        8157
        8154        8165
        8154        8177
        8154        8178
        8154        8180
        8154        8181
        8154        8182
        8154        8273
        8155        8160
        8155        8161
        8155        8168
        8155        8177
        8155        8178
        8155        8273
        8156        8158
        8156        8159
        8156        8166
        8156        8167
        8156        8176
        8156        8275
        8157        8162
        8157        8163
        8157        8164
        8157        8166
        8157        8167
        8157        8176
        8157        8275
        8158        8160
        8158        8161
        8158        8165
        8159        8165
        8160        8162
        8160        8163
        8160        8164
        8165        8169
        8165        8170
        8165        8172
        8165        8179
        8165        8275
        8166        8168
        8166        8177
        8166        8178
        8167        8171
        8167        8173
        8167        8174
        8167        8175
        8167        8177
        8167        8178
        8167        8184
        8168        8176
        8168        8185
        8168        8186
        8169        8171
        8169        8173
        8169        8174
        8169        8175
        8169        8184
        8170        8173
        8170        8174
        8170        8175
        8170        8187
        8170        8188
        8170        8192
        8171        8172
        8171        8185
        8171        8186
        8172        8184
        8176        8180
        8176        8181
        8176        8182
        8177        8179
        8178        8179
        8180        8183
        8181        8183
        8184        8189
        8184        8190
        8184        8191
        8184        8193
        8184        8194
        8185        8187
        8185        8188
        8185        8192
        8186        8195
        8186        8196
        8187        8189
        8187        8190
        8187        8191
        8187        8193
        8187        8194
        8188        8193
        8188        8194
        8189        8192
        8190        8192
        8191        8192
        8192        8197
        8192        8198
        8192        8203
        8193        8195
        8193        8196
        8194        8199
        8194        8200
        8194        8204
        8194        8205
        8194        8206
        8195        8197
        8195        8198
        8195        8203
        8196        8201
        8196        8202
        8196        8207
        8196        8208
        8196        8209
        8197        8199
        8197        8200
        8197        8204
        8197        8205
        8197        8206
        8198        8204
        8198        8205
        8198        8206
        8199        8201
        8199        8202
        8199        8203
        8200        8203
        8203        8210
        8203        8211
        8204        8207
        8204        8208
        8204        8209
        8205        8207
        8205        8208
        8205        8209
        8206        8212
        8206        8213
        8207        8210
        8207        8211
        8208        8210
        8208        8211
        8209        8214
        8209        8215
        8209        8231
        8210        8212
        8210        8213
        8211        8216
        8211        8217
        8211        8218
        8211        8232
        8211        8233
        8212        8214
        8212        8215
        8212        8231
        8213        8219
        8213        8220
        8213        8221
        8213        8234
        8213        8235
        8214        8216
        8214        8217
        8214        8218
        8214        8232
        8214        8233
        8215        8222
        8215        8223
        8215        8224
        8215        8232
        8215        8233
        8216        8219
        8216        8220
        8216        8221
        8216        8231
        8217        8219
        8217        8220
        8217        8221
        8217        8231
        8218        8225
        8218        8226
        8218        8227
        8218        8231
        8219        8222
        8219        8223
        8219        8224
        8220        8222
        8220        8223
        8220        8224
        8221        8228
        8221        8229
        8221        8230
        8222        8225
        8222        8226
        8222        8227
        8223        8225
        8223        8226
        8223        8227
        8225        8228
        8225        8229
        8225        8230
        8226        8228
        8226        8229
        8226        8230
        8231        8236
        8231        8237
        8231        8241
        8232        8234
        8232        8235
        8233        8238
        8233        8239
        8233        8240
        8233        8242
        8233        8243
        8234        8236
        8234        8237
        8234        8241
        8235        8244
        8235        8245
        8236        8238
        8236        8239
        8236        8240
        8236        8242
        8236        8243
        8237        8242
        8237        8243
        8238        8241
        8239        8241
        8240        8241
        8241        8246
        8241        8247
        8241        8251
        8242        8244
        8242        8245
        8243        8248
        8243        8249
        8243        8250
        8243        8252
        8243        8253
        8244        8246
        8244        8247
        8244        8251
        8246        8248
        8246        8249
        8246        8250
        8246        8252
        8246        8253
        8247        8252
        8247        8253
        8248        8251
        8249        8251
        8250        8251
        8254        8257
        8254        8262
        8254        8263
        8254        8270
        8254        8271
        8254        8273
        8254        8276
        8254        8283
        8254        8296
        8254        8308
        8255        8256
        8255        8260
        8255        8261
        8255        8269
        8255        8307
        8256        8259
        8256        8270
        8256        8271
        8256        8280
        8256        8309
        8257        8269
        8257        8274
        8257        8275
        8257        8277
        8257        8278
        8257        8279
        8258        8260
        8258        8261
        8258        8269
        8258        8274
        8258        8275
        8258        8277
        8258        8278
        8258        8279
        8258        8307
        8259        8264
        8259        8265
        8259        8272
        8259        8274
        8259        8275
        8259        8307
        8260        8262
        8260        8263
        8260        8270
        8260        8271
        8260        8273
        8260        8309
        8261        8266
        8261        8267
        8261        8268
        8261        8270
        8261        8271
        8261        8273
        8261        8309
        8262        8264
        8262        8265
        8262        8269
        8263        8269
        8264        8266
        8264        8267
        8264        8268
        8269        8276
        8269        8309
        8270        8272
        8270        8274
        8270        8275
        8271        8274
        8271        8275
        8272        8273
        8273        8277
        8273        8278
        8273        8279
        8274        8276
        8275        8276
        8277        8280
        8278        8280
        8281        8284
        8281        8289
        8281        8290
        8281        8297
        8281        8298
        8281        8307
        8281        8310
        8281        8387
        8281        8400
        8281        8405
        8282        8283
        8282        8287
        8282        8288
        8282        8296
        8282        8404
        8283        8286
        8283        8297
        8283        8298
        8283        8314
        8283        8406
        8284        8296
        8284        8308
        8284        8309
        8284        8311
        8284        8312
        8284        8313
        8285        8287
        8285        8288
        8285        8296
        8285        8308
        8285        8309
        8285        8311
        8285        8312
        8285        8313
        8285        8404
        8286        8291
        8286        8292
        8286        8299
        8286        8308
        8286        8309
        8286        8404
        8287        8289
        8287        8290
        8287        8297
        8287        8298
        8287        8307
        8287        8406
        8288        8293
        8288        8294
        8288        8295
        8288        8297
        8288        8298
        8288        8307
        8288        8406
        8289        8291
        8289        8292
        8289        8296
        8290        8296
        8291        8293
        8291        8294
        8291        8295
        8296        8300
        8296        8301
        8296        8303
        8296        8310
        8296        8406
        8297        8299
        8297        8308
        8297        8309
        8298        8302
        8298        8304
        8298        8305
        8298        8306
        8298        8308
        8298        8309
        8298        8315
        8299        8307
        8299        8316
        8299        8317
        8300        8302
        8300        8304
        8300        8305
        8300        8306
        8300        8315
        8301        8304
        8301        8305
        8301        8306
        8301        8318
        8301        8319
        8301        8323
        8302        8303
        8302        8316
        8302        8317
        8303        8315
        8307        8311
        8307        8312
        8307        8313
        8308        8310
        8309        8310
        8311        8314
        8312        8314
        8315        8320
        8315        8321
        8315        8322
        8315        8324
        8315        8325
        8316        8318
        8316        8319
        8316        8323
        8317        8326
        8317        8327
        8318        8320
        8318        8321
        8318        8322
        8318        8324
        8318        8325
        8319        8324
        8319        8325
        8320        8323
        8321        8323
        8322        8323
        8323        8328
        8323        8329
        8323        8334
        8324        8326
        8324        8327
        8325        8330
        8325        8331
        8325        8335
        8325        8336
        8325        8337
        8326        8328
        8326        8329
        8326        8334
        8327        8332
        8327        8333
        8327        8338
        8327        8339
        8327        8340
        8328        8330
        8328        8331
        8328        8335
        8328        8336
        8328        8337
        8329        8335
        8329        8336
        8329        8337
        8330        8332
        8330        8333
        8330        8334
        8331        8334
        8334        8341
        8334        8342
        8335        8338
        8335        8339
        8335        8340
        8336        8338
        8336        8339
        8336        8340
        8337        8343
        8337        8344
        8338        8341
        8338        8342
        8339        8341
        8339        8342
        8340        8345
        8340        8346
        8340        8362
        8341        8343
        8341        8344
        8342        8347
        8342        8348
        8342        8349
        8342        8363
        8342        8364
        8343        8345
        8343        8346
        8343        8362
        8344        8350
        8344        8351
        8344        8352
        8344        8365
        8344        8366
        8345        8347
        8345        8348
        8345        8349
        8345        8363
        8345        8364
        8346        8353
        8346        8354
        8346        8355
        8346        8363
        8346        8364
        8347        8350
        8347        8351
        8347        8352
        8347        8362
        8348        8350
        8348        8351
        8348        8352
        8348        8362
        8349        8356
        8349        8357
        8349        8358
        8349        8362
        8350        8353
        8350        8354
        8350        8355
        8351        8353
        8351        8354
        8351        8355
        8352        8359
        8352        8360
        8352        8361
        8353        8356
        8353        8357
        8353        8358
        8354        8356
        8354        8357
        8354        8358
        8356        8359
        8356        8360
        8356        8361
        8357        8359
        8357        8360
        8357        8361
        8362        8367
        8362        8368
        8362        8372
        8363        8365
        8363        8366
        8364        8369
        8364        8370
        8364        8371
        8364        8373
        8364        8374
        8365        8367
        8365        8368
        8365        8372
        8366        8375
        8366        8376
        8367        8369
        8367        8370
        8367        8371
        8367        8373
        8367        8374
        8368        8373
        8368        8374
        8369        8372
        8370        8372
        8371        8372
        8372        8377
        8372        8378
        8372        8382
        8373        8375
        8373        8376
        8374        8379
        8374        8380
        8374        8381
        8374        8383
        8374        8384
        8375        8377
        8375        8378
        8375        8382
        8377        8379
        8377        8380
        8377        8381
        8377        8383
        8377        8384
        8378        8383
        8378        8384
        8379        8382
        8380        8382
        8381        8382
        8385        8388
        8385        8393
        8385        8394
        8385        8401
        8385        8402
        8385        8404
        8385        8407
        8385        8414
        8385        8427
        8385        8439
        8386        8387
        8386        8391
        8386        8392
        8386        8400
        8386        8438
        8387        8390
        8387        8401
        8387        8402
        8387        8411
        8387        8440
        8388        8400
        8388        8405
        8388        8406
        8388        8408
        8388        8409
        8388        8410
        8389        8391
        8389        8392
        8389        8400
        8389        8405
        8389        8406
        8389        8408
        8389        8409
        8389        8410
        8389        8438
        8390        8395
        8390        8396
        8390        8403
        8390        8405
        8390        8406
        8390        8438
        8391        8393
        8391        8394
        8391        8401
        8391        8402
        8391        8404
        8391        8440
        8392        8397
        8392        8398
        8392        8399
        8392        8401
        8392        8402
        8392        8404
        8392        8440
        8393        8395
        8393        8396
        8393        8400
        8394        8400
        8395        8397
        8395        8398
        8395        8399
        8400        8407
        8400        8440
        8401        8403
        8401        8405
        8401        8406
        8402        8405
        8402        8406
        8403        8404
        8404        8408
        8404        8409
        8404        8410
        8405        8407
        8406        8407
        8408        8411
        8409        8411
        8412        8415
        8412        8420
        8412        8421
        8412        8428
        8412        8429
        8412        8438
        8412        8441
        8413        8414
        8413        8418
        8413        8419
        8413        8427
        8414        8417
        8414        8428
        8414        8429
        8414        8445
        8415        8427
        8415        8439
        8415        8440
        8415        8442
        8415        8443
        8415        8444
        8416        8418
        8416        8419
        8416        8427
        8416        8439
        8416        8440
        8416        8442
        8416        8443
        8416        8444
        8417        8422
        8417        8423
        8417        8430
        8417        8439
        8417        8440
        8418        8420
        8418        8421
        8418        8428
        8418        8429
        8418        8438
        8419        8424
        8419        8425
        8419        8426
        8419        8428
        8419        8429
        8419        8438
        8420        8422
        8420        8423
        8420        8427
        8421        8427
        8422        8424
        8422        8425
        8422        8426
        8427        8431
        8427        8432
        8427        8434
        8427        8441
        8428        8430
        8428        8439
        8428        8440
        8429        8433
        8429        8435
        8429        8436
        8429        8437
        8429        8439
        8429        8440
        8429        8446
        8430        8438
        8430        8447
        8430        8448
        8431        8433
        8431        8435
        8431        8436
        8431        8437
        8431        8446
        8432        8435
        8432        8436
        8432        8437
        8432        8449
        8432        8450
        8432        8454
        8433        8434
        8433        8447
        8433        8448
        8434        8446
        8438        8442
        8438        8443
        8438        8444
        8439        8441
        8440        8441
        8442        8445
        8443        8445
        8446        8451
        8446        8452
        8446        8453
        8446        8455
        8446        8456
        8447        8449
        8447        8450
        8447        8454
        8448        8457
        8448        8458
        8449        8451
        8449        8452
        8449        8453
        8449        8455
        8449        8456
        8450        8455
        8450        8456
        8451        8454
        8452        8454
        8453        8454
        8454        8459
        8454        8460
        8454        8465
        8455        8457
        8455        8458
        8456        8461
        8456        8462
        8456        8466
        8456        8467
        8456        8468
        8457        8459
        8457        8460
        8457        8465
        8458        8463
        8458        8464
        8458        8469
        8458        8470
        8458        8471
        8459        8461
        8459        8462
        8459        8466
        8459        8467
        8459        8468
        8460        8466
        8460        8467
        8460        8468
        8461        8463
        8461        8464
        8461        8465
        8462        8465
        8465        8472
        8465        8473
        8466        8469
        8466        8470
        8466        8471
        8467        8469
        8467        8470
        8467        8471
        8468        8474
        8468        8475
        8469        8472
        8469        8473
        8470        8472
        8470        8473
        8471        8476
        8471        8477
        8471        8493
        8472        8474
        8472        8475
        8473        8478
        8473        8479
        8473        8480
        8473        8494
        8473        8495
        8474        8476
        8474        8477
        8474        8493
        8475        8481
        8475        8482
        8475        8483
        8475        8496
        8475        8497
        8476        8478
        8476        8479
        8476        8480
        8476        8494
        8476        8495
        8477        8484
        8477        8485
        8477        8486
        8477        8494
        8477        8495
        8478        8481
        8478        8482
        8478        8483
        8478        8493
        8479        8481
        8479        8482
        8479        8483
        8479        8493
        8480        8487
        8480        8488
        8480        8489
        8480        8493
        8481        8484
        8481        8485
        8481        8486
        8482        8484
        8482        8485
        8482        8486
        8483        8490
        8483        8491
        8483        8492
        8484        8487
        8484        8488
        8484        8489
        8485        8487
        8485        8488
        8485        8489
        8487        8490
        8487        8491
        8487        8492
        8488        8490
        8488        8491
        8488        8492
        8493        8498
        8493        8499
        8493        8503
        8494        8496
        8494        8497
        8495        8500
        8495        8501
        8495        8502
        8495        8504
        8495        8505
        8496        8498
        8496        8499
        8496        8503
        8497        8506
        8497        8507
        8498        8500
        8498        8501
        8498        8502
        8498        8504
        8498        8505
        8499        8504
        8499        8505
        8500        8503
        8501        8503
        8502        8503
        8503        8508
        8503        8509
        8503        8513
        8504        8506
        8504        8507
        8505        8510
        8505        8511
        8505        8512
        8505        8514
        8505        8515
        8506        8508
        8506        8509
        8506        8513
        8508        8510
        8508        8511
        8508        8512
        8508        8514
        8508        8515
        8509        8514
        8509        8515
        8510        8513
        8511        8513
        8512        8513
        8516        8519
        8516        8524
        8516        8525
        8516        8532
        8516        8533
        8516        8535
        8516        8538
        8516        8545
        8516        8558
        8516        8570
        8517        8518
        8517        8522
        8517        8523
        8517        8531
        8517        8569
        8518        8521
        8518        8532
        8518        8533
        8518        8542
        8518        8571
        8518       10115
        8519        8531
        8519        8536
        8519        8537
        8519        8539
        8519        8540
        8519        8541
        8520        8522
        8520        8523
        8520        8531
        8520        8536
        8520        8537
        8520        8539
        8520        8540
        8520        8541
        8520        8569
        8521        8526
        8521        8527
        8521        8534
        8521        8536
        8521        8537
        8521        8569
        8522        8524
        8522        8525
        8522        8532
        8522        8533
        8522        8535
        8522        8571
        8523        8528
        8523        8529
        8523        8530
        8523        8532
        8523        8533
        8523        8535
        8523        8571
        8524        8526
        8524        8527
        8524        8531
        8525        8531
        8526        8528
        8526        8529
        8526        8530
        8531        8538
        8531        8571
        8531       10115
        8532        8534
        8532        8536
        8532        8537
        8533        8536
        8533        8537
        8534        8535
        8535        8539
        8535        8540
        8535        8541
        8535       10116
        8535       10119
        8535       10120
        8536        8538
        8536       10115
        8537        8538
        8537       10117
        8537       10121
        8537       10122
        8537       10130
        8539        8542
        8540        8542
        8543        8546
        8543        8551
        8543        8552
        8543        8559
        8543        8560
        8543        8569
        8543        8572
        8543        8649
        8543        8662
        8543        8667
        8544        8545
        8544        8549
        8544        8550
        8544        8558
        8544        8666
        8545        8548
        8545        8559
        8545        8560
        8545        8576
        8545        8668
        8546        8558
        8546        8570
        8546        8571
        8546        8573
        8546        8574
        8546        8575
        8547        8549
        8547        8550
        8547        8558
        8547        8570
        8547        8571
        8547        8573
        8547        8574
        8547        8575
        8547        8666
        8548        8553
        8548        8554
        8548        8561
        8548        8570
        8548        8571
        8548        8666
        8549        8551
        8549        8552
        8549        8559
        8549        8560
        8549        8569
        8549        8668
        8550        8555
        8550        8556
        8550        8557
        8550        8559
        8550        8560
        8550        8569
        8550        8668
        8551        8553
        8551        8554
        8551        8558
        8552        8558
        8553        8555
        8553        8556
        8553        8557
        8558        8562
        8558        8563
        8558        8565
        8558        8572
        8558        8668
        8559        8561
        8559        8570
        8559        8571
        8560        8564
        8560        8566
        8560        8567
        8560        8568
        8560        8570
        8560        8571
        8560        8577
        8561        8569
        8561        8578
        8561        8579
        8562        8564
        8562        8566
        8562        8567
        8562        8568
        8562        8577
        8563        8566
        8563        8567
        8563        8568
        8563        8580
        8563        8581
        8563        8585
        8564        8565
        8564        8578
        8564        8579
        8565        8577
        8569        8573
        8569        8574
        8569        8575
        8570        8572
        8571        8572
        8573        8576
        8574        8576
        8577        8582
        8577        8583
        8577        8584
        8577        8586
        8577        8587
        8578        8580
        8578        8581
        8578        8585
        8579        8588
        8579        8589
        8580        8582
        8580        8583
        8580        8584
        8580        8586
        8580        8587
        8581        8586
        8581        8587
        8582        8585
        8583        8585
        8584        8585
        8585        8590
        8585        8591
        8585        8596
        8586        8588
        8586        8589
        8587        8592
        8587        8593
        8587        8597
        8587        8598
        8587        8599
        8588        8590
        8588        8591
        8588        8596
        8589        8594
        8589        8595
        8589        8600
        8589        8601
        8589        8602
        8590        8592
        8590        8593
        8590        8597
        8590        8598
        8590        8599
        8591        8597
        8591        8598
        8591        8599
        8592        8594
        8592        8595
        8592        8596
        8593        8596
        8596        8603
        8596        8604
        8597        8600
        8597        8601
        8597        8602
        8598        8600
        8598        8601
        8598        8602
        8599        8605
        8599        8606
        8600        8603
        8600        8604
        8601        8603
        8601        8604
        8602        8607
        8602        8608
        8602        8624
        8603        8605
        8603        8606
        8604        8609
        8604        8610
        8604        8611
        8604        8625
        8604        8626
        8605        8607
        8605        8608
        8605        8624
        8606        8612
        8606        8613
        8606        8614
        8606        8627
        8606        8628
        8607        8609
        8607        8610
        8607        8611
        8607        8625
        8607        8626
        8608        8615
        8608        8616
        8608        8617
        8608        8625
        8608        8626
        8609        8612
        8609        8613
        8609        8614
        8609        8624
        8610        8612
        8610        8613
        8610        8614
        8610        8624
        8611        8618
        8611        8619
        8611        8620
        8611        8624
        8612        8615
        8612        8616
        8612        8617
        8613        8615
        8613        8616
        8613        8617
        8614        8621
        8614        8622
        8614        8623
        8615        8618
        8615        8619
        8615        8620
        8616        8618
        8616        8619
        8616        8620
        8618        8621
        8618        8622
        8618        8623
        8619        8621
        8619        8622
        8619        8623
        8624        8629
        8624        8630
        8624        8634
        8625        8627
        8625        8628
        8626        8631
        8626        8632
        8626        8633
        8626        8635
        8626        8636
        8627        8629
        8627        8630
        8627        8634
        8628        8637
        8628        8638
        8629        8631
        8629        8632
        8629        8633
        8629        8635
        8629        8636
        8630        8635
        8630        8636
        8631        8634
        8632        8634
        8633        8634
        8634        8639
        8634        8640
        8634        8644
        8635        8637
        8635        8638
        8636        8641
        8636        8642
        8636        8643
        8636        8645
        8636        8646
        8637        8639
        8637        8640
        8637        8644
        8639        8641
        8639        8642
        8639        8643
        8639        8645
        8639        8646
        8640        8645
        8640        8646
        8641        8644
        8642        8644
        8643        8644
        8647        8650
        8647        8655
        8647        8656
        8647        8663
        8647        8664
        8647        8666
        8647        8669
        8647        8676
        8647        8689
        8647        8701
        8648        8649
        8648        8653
        8648        8654
        8648        8662
        8648        8700
        8649        8652
        8649        8663
        8649        8664
        8649        8673
        8649        8702
        8650        8662
        8650        8667
        8650        8668
        8650        8670
        8650        8671
        8650        8672
        8651        8653
        8651        8654
        8651        8662
        8651        8667
        8651        8668
        8651        8670
        8651        8671
        8651        8672
        8651        8700
        8652        8657
        8652        8658
        8652        8665
        8652        8667
        8652        8668
        8652        8700
        8653        8655
        8653        8656
        8653        8663
        8653        8664
        8653        8666
        8653        8702
        8654        8659
        8654        8660
        8654        8661
        8654        8663
        8654        8664
        8654        8666
        8654        8702
        8655        8657
        8655        8658
        8655        8662
        8656        8662
        8657        8659
        8657        8660
        8657        8661
        8662        8669
        8662        8702
        8663        8665
        8663        8667
        8663        8668
        8664        8667
        8664        8668
        8665        8666
        8666        8670
        8666        8671
        8666        8672
        8667        8669
        8668        8669
        8670        8673
        8671        8673
        8674        8677
        8674        8682
        8674        8683
        8674        8690
        8674        8691
        8674        8700
        8674        8703
        8674        8780
        8674        8793
        8674        8798
        8675        8676
        8675        8680
        8675        8681
        8675        8689
        8675        8797
        8676        8679
        8676        8690
        8676        8691
        8676        8707
        8676        8799
        8677        8689
        8677        8701
        8677        8702
        8677        8704
        8677        8705
        8677        8706
        8678        8680
        8678        8681
        8678        8689
        8678        8701
        8678        8702
        8678        8704
        8678        8705
        8678        8706
        8678        8797
        8679        8684
        8679        8685
        8679        8692
        8679        8701
        8679        8702
        8679        8797
        8680        8682
        8680        8683
        8680        8690
        8680        8691
        8680        8700
        8680        8799
        8681        8686
        8681        8687
        8681        8688
        8681        8690
        8681        8691
        8681        8700
        8681        8799
        8682        8684
        8682        8685
        8682        8689
        8683        8689
        8684        8686
        8684        8687
        8684        8688
        8689        8693
        8689        8694
        8689        8696
        8689        8703
        8689        8799
        8690        8692
        8690        8701
        8690        8702
        8691        8695
        8691        8697
        8691        8698
        8691        8699
        8691        8701
        8691        8702
        8691        8708
        8692        8700
        8692        8709
        8692        8710
        8693        8695
        8693        8697
        8693        8698
        8693        8699
        8693        8708
        8694        8697
        8694        8698
        8694        8699
        8694        8711
        8694        8712
        8694        8716
        8695        8696
        8695        8709
        8695        8710
        8696        8708
        8700        8704
        8700        8705
        8700        8706
        8701        8703
        8702        8703
        8704        8707
        8705        8707
        8708        8713
        8708        8714
        8708        8715
        8708        8717
        8708        8718
        8709        8711
        8709        8712
        8709        8716
        8710        8719
        8710        8720
        8711        8713
        8711        8714
        8711        8715
        8711        8717
        8711        8718
        8712        8717
        8712        8718
        8713        8716
        8714        8716
        8715        8716
        8716        8721
        8716        8722
        8716        8727
        8717        8719
        8717        8720
        8718        8723
        8718        8724
        8718        8728
        8718        8729
        8718        8730
        8719        8721
        8719        8722
        8719        8727
        8720        8725
        8720        8726
        8720        8731
        8720        8732
        8720        8733
        8721        8723
        8721        8724
        8721        8728
        8721        8729
        8721        8730
        8722        8728
        8722        8729
        8722        8730
        8723        8725
        8723        8726
        8723        8727
        8724        8727
        8727        8734
        8727        8735
        8728        8731
        8728        8732
        8728        8733
        8729        8731
        8729        8732
        8729        8733
        8730        8736
        8730        8737
        8731        8734
        8731        8735
        8732        8734
        8732        8735
        8733        8738
        8733        8739
        8733        8755
        8734        8736
        8734        8737
        8735        8740
        8735        8741
        8735        8742
        8735        8756
        8735        8757
        8736        8738
        8736        8739
        8736        8755
        8737        8743
        8737        8744
        8737        8745
        8737        8758
        8737        8759
        8738        8740
        8738        8741
        8738        8742
        8738        8756
        8738        8757
        8739        8746
        8739        8747
        8739        8748
        8739        8756
        8739        8757
        8740        8743
        8740        8744
        8740        8745
        8740        8755
        8741        8743
        8741        8744
        8741        8745
        8741        8755
        8742        8749
        8742        8750
        8742        8751
        8742        8755
        8743        8746
        8743        8747
        8743        8748
        8744        8746
        8744        8747
        8744        8748
        8745        8752
        8745        8753
        8745        8754
        8746        8749
        8746        8750
        8746        8751
        8747        8749
        8747        8750
        8747        8751
        8749        8752
        8749        8753
        8749        8754
        8750        8752
        8750        8753
        8750        8754
        8755        8760
        8755        8761
        8755        8765
        8756        8758
        8756        8759
        8757        8762
        8757        8763
        8757        8764
        8757        8766
        8757        8767
        8758        8760
        8758        8761
        8758        8765
        8759        8768
        8759        8769
        8760        8762
        8760        8763
        8760        8764
        8760        8766
        8760        8767
        8761        8766
        8761        8767
        8762        8765
        8763        8765
        8764        8765
        8765        8770
        8765        8771
        8765        8775
        8766        8768
        8766        8769
        8767        8772
        8767        8773
        8767        8774
        8767        8776
        8767        8777
        8768        8770
        8768        8771
        8768        8775
        8770        8772
        8770        8773
        8770        8774
        8770        8776
        8770        8777
        8771        8776
        8771        8777
        8772        8775
        8773        8775
        8774        8775
        8778        8781
        8778        8786
        8778        8787
        8778        8794
        8778        8795
        8778        8797
        8778        8800
        8778        8807
        8778        8820
        8778        8832
        8779        8780
        8779        8784
        8779        8785
        8779        8793
        8779        8831
        8780        8783
        8780        8794
        8780        8795
        8780        8804
        8780        8833
        8781        8793
        8781        8798
        8781        8799
        8781        8801
        8781        8802
        8781        8803
        8782        8784
        8782        8785
        8782        8793
        8782        8798
        8782        8799
        8782        8801
        8782        8802
        8782        8803
        8782        8831
        8783        8788
        8783        8789
        8783        8796
        8783        8798
        8783        8799
        8783        8831
        8784        8786
        8784        8787
        8784        8794
        8784        8795
        8784        8797
        8784        8833
        8785        8790
        8785        8791
        8785        8792
        8785        8794
        8785        8795
        8785        8797
        8785        8833
        8786        8788
        8786        8789
        8786        8793
        8787        8793
        8788        8790
        8788        8791
        8788        8792
        8793        8800
        8793        8833
        8794        8796
        8794        8798
        8794        8799
        8795        8798
        8795        8799
        8796        8797
        8797        8801
        8797        8802
        8797        8803
        8798        8800
        8799        8800
        8801        8804
        8802        8804
        8805        8808
        8805        8813
        8805        8814
        8805        8821
        8805        8822
        8805        8831
        8805        8834
        8805        8911
        8805        8924
        8805        8929
        8806        8807
        8806        8811
        8806        8812
        8806        8820
        8806        8928
        8807        8810
        8807        8821
        8807        8822
        8807        8838
        8807        8930
        8808        8820
        8808        8832
        8808        8833
        8808        8835
        8808        8836
        8808        8837
        8809        8811
        8809        8812
        8809        8820
        8809        8832
        8809        8833
        8809        8835
        8809        8836
        8809        8837
        8809        8928
        8810        8815
        8810        8816
        8810        8823
        8810        8832
        8810        8833
        8810        8928
        8811        8813
        8811        8814
        8811        8821
        8811        8822
        8811        8831
        8811        8930
        8812        8817
        8812        8818
        8812        8819
        8812        8821
        8812        8822
        8812        8831
        8812        8930
        8813        8815
        8813        8816
        8813        8820
        8814        8820
        8815        8817
        8815        8818
        8815        8819
        8820        8824
        8820        8825
        8820        8827
        8820        8834
        8820        8930
        8821        8823
        8821        8832
        8821        8833
        8822        8826
        8822        8828
        8822        8829
        8822        8830
        8822        8832
        8822        8833
        8822        8839
        8823        8831
        8823        8840
        8823        8841
        8824        8826
        8824        8828
        8824        8829
        8824        8830
        8824        8839
        8825        8828
        8825        8829
        8825        8830
        8825        8842
        8825        8843
        8825        8847
        8826        8827
        8826        8840
        8826        8841
        8827        8839
        8831        8835
        8831        8836
        8831        8837
        8832        8834
        8833        8834
        8835        8838
        8836        8838
        8839        8844
        8839        8845
        8839        8846
        8839        8848
        8839        8849
        8840        8842
        8840        8843
        8840        8847
        8841        8850
        8841        8851
        8842        8844
        8842        8845
        8842        8846
        8842        8848
        8842        8849
        8843        8848
        8843        8849
        8844        8847
        8845        8847
        8846        8847
        8847        8852
        8847        8853
        8847        8858
        8848        8850
        8848        8851
        8849        8854
        8849        8855
        8849        8859
        8849        8860
        8849        8861
        8850        8852
        8850        8853
        8850        8858
        8851        8856
        8851        8857
        8851        8862
        8851        8863
        8851        8864
        8852        8854
        8852        8855
        8852        8859
        8852        8860
        8852        8861
        8853        8859
        8853        8860
        8853        8861
        8854        8856
        8854        8857
        8854        8858
        8855        8858
        8858        8865
        8858        8866
        8859        8862
        8859        8863
        8859        8864
        8860        8862
        8860        8863
        8860        8864
        8861        8867
        8861        8868
        8862        8865
        8862        8866
        8863        8865
        8863        8866
        8864        8869
        8864        8870
        8864        8886
        8865        8867
        8865        8868
        8866        8871
        8866        8872
        8866        8873
        8866        8887
        8866        8888
        8867        8869
        8867        8870
        8867        8886
        8868        8874
        8868        8875
        8868        8876
        8868        8889
        8868        8890
        8869        8871
        8869        8872
        8869        8873
        8869        8887
        8869        8888
        8870        8877
        8870        8878
        8870        8879
        8870        8887
        8870        8888
        8871        8874
        8871        8875
        8871        8876
        8871        8886
        8872        8874
        8872        8875
        8872        8876
        8872        8886
        8873        8880
        8873        8881
        8873        8882
        8873        8886
        8874        8877
        8874        8878
        8874        8879
        8875        8877
        8875        8878
        8875        8879
        8876        8883
        8876        8884
        8876        8885
        8877        8880
        8877        8881
        8877        8882
        8878        8880
        8878        8881
        8878        8882
        8880        8883
        8880        8884
        8880        8885
        8881        8883
        8881        8884
        8881        8885
        8886        8891
        8886        8892
        8886        8896
        8887        8889
        8887        8890
        8888        8893
        8888        8894
        8888        8895
        8888        8897
        8888        8898
        8889        8891
        8889        8892
        8889        8896
        8890        8899
        8890        8900
        8891        8893
        8891        8894
        8891        8895
        8891        8897
        8891        8898
        8892        8897
        8892        8898
        8893        8896
        8894        8896
        8895        8896
        8896        8901
        8896        8902
        8896        8906
        8897        8899
        8897        8900
        8898        8903
        8898        8904
        8898        8905
        8898        8907
        8898        8908
        8899        8901
        8899        8902
        8899        8906
        8901        8903
        8901        8904
        8901        8905
        8901        8907
        8901        8908
        8902        8907
        8902        8908
        8903        8906
        8904        8906
        8905        8906
        8909        8912
        8909        8917
        8909        8918
        8909        8925
        8909        8926
        8909        8928
        8909        8931
        8909        8938
        8909        8951
        8909        8963
        8910        8911
        8910        8915
        8910        8916
        8910        8924
        8910        8962
        8911        8914
        8911        8925
        8911        8926
        8911        8935
        8911        8964
        8912        8924
        8912        8929
        8912        8930
        8912        8932
        8912        8933
        8912        8934
        8913        8915
        8913        8916
        8913        8924
        8913        8929
        8913        8930
        8913        8932
        8913        8933
        8913        8934
        8913        8962
        8914        8919
        8914        8920
        8914        8927
        8914        8929
        8914        8930
        8914        8962
        8915        8917
        8915        8918
        8915        8925
        8915        8926
        8915        8928
        8915        8964
        8916        8921
        8916        8922
        8916        8923
        8916        8925
        8916        8926
        8916        8928
        8916        8964
        8917        8919
        8917        8920
        8917        8924
        8918        8924
        8919        8921
        8919        8922
        8919        8923
        8924        8931
        8924        8964
        8925        8927
        8925        8929
        8925        8930
        8926        8929
        8926        8930
        8927        8928
        8928        8932
        8928        8933
        8928        8934
        8929        8931
        8930        8931
        8932        8935
        8933        8935
        8936        8939
        8936        8944
        8936        8945
        8936        8952
        8936        8953
        8936        8962
        8936        8965
        8936        9042
        8936        9055
        8936        9060
        8937        8938
        8937        8942
        8937        8943
        8937        8951
        8937        9059
        8938        8941
        8938        8952
        8938        8953
        8938        8969
        8938        9061
        8939        8951
        8939        8963
        8939        8964
        8939        8966
        8939        8967
        8939        8968
        8940        8942
        8940        8943
        8940        8951
        8940        8963
        8940        8964
        8940        8966
        8940        8967
        8940        8968
        8940        9059
        8941        8946
        8941        8947
        8941        8954
        8941        8963
        8941        8964
        8941        9059
        8942        8944
        8942        8945
        8942        8952
        8942        8953
        8942        8962
        8942        9061
        8943        8948
        8943        8949
        8943        8950
        8943        8952
        8943        8953
        8943        8962
        8943        9061
        8944        8946
        8944        8947
        8944        8951
        8945        8951
        8946        8948
        8946        8949
        8946        8950
        8951        8955
        8951        8956
        8951        8958
        8951        8965
        8951        9061
        8952        8954
        8952        8963
        8952        8964
        8953        8957
        8953        8959
        8953        8960
        8953        8961
        8953        8963
        8953        8964
        8953        8970
        8954        8962
        8954        8971
        8954        8972
        8955        8957
        8955        8959
        8955        8960
        8955        8961
        8955        8970
        8956        8959
        8956        8960
        8956        8961
        8956        8973
        8956        8974
        8956        8978
        8957        8958
        8957        8971
        8957        8972
        8958        8970
        8962        8966
        8962        8967
        8962        8968
        8963        8965
        8964        8965
        8966        8969
        8967        8969
        8970        8975
        8970        8976
        8970        8977
        8970        8979
        8970        8980
        8971        8973
        8971        8974
        8971        8978
        8972        8981
        8972        8982
        8973        8975
        8973        8976
        8973        8977
        8973        8979
        8973        8980
        8974        8979
        8974        8980
        8975        8978
        8976        8978
        8977        8978
        8978        8983
        8978        8984
        8978        8989
        8979        8981
        8979        8982
        8980        8985
        8980        8986
        8980        8990
        8980        8991
        8980        8992
        8981        8983
        8981        8984
        8981        8989
        8982        8987
        8982        8988
        8982        8993
        8982        8994
        8982        8995
        8983        8985
        8983        8986
        8983        8990
        8983        8991
        8983        8992
        8984        8990
        8984        8991
        8984        8992
        8985        8987
        8985        8988
        8985        8989
        8986        8989
        8989        8996
        8989        8997
        8990        8993
        8990        8994
        8990        8995
        8991        8993
        8991        8994
        8991        8995
        8992        8998
        8992        8999
        8993        8996
        8993        8997
        8994        8996
        8994        8997
        8995        9000
        8995        9001
        8995        9017
        8996        8998
        8996        8999
        8997        9002
        8997        9003
        8997        9004
        8997        9018
        8997        9019
        8998        9000
        8998        9001
        8998        9017
        8999        9005
        8999        9006
        8999        9007
        8999        9020
        8999        9021
        9000        9002
        9000        9003
        9000        9004
        9000        9018
        9000        9019
        9001        9008
        9001        9009
        9001        9010
        9001        9018
        9001        9019
        9002        9005
        9002        9006
        9002        9007
        9002        9017
        9003        9005
        9003        9006
        9003        9007
        9003        9017
        9004        9011
        9004        9012
        9004        9013
        9004        9017
        9005        9008
        9005        9009
        9005        9010
        9006        9008
        9006        9009
        9006        9010
        9007        9014
        9007        9015
        9007        9016
        9008        9011
        9008        9012
        9008        9013
        9009        9011
        9009        9012
        9009        9013
        9011        9014
        9011        9015
        9011        9016
        9012        9014
        9012        9015
        9012        9016
        9017        9022
        9017        9023
        9017        9027
        9018        9020
        9018        9021
        9019        9024
        9019        9025
        9019        9026
        9019        9028
        9019        9029
        9020        9022
        9020        9023
        9020        9027
        9021        9030
        9021        9031
        9022        9024
        9022        9025
        9022        9026
        9022        9028
        9022        9029
        9023        9028
        9023        9029
        9024        9027
        9025        9027
        9026        9027
        9027        9032
        9027        9033
        9027        9037
        9028        9030
        9028        9031
        9029        9034
        9029        9035
        9029        9036
        9029        9038
        9029        9039
        9030        9032
        9030        9033
        9030        9037
        9032        9034
        9032        9035
        9032        9036
        9032        9038
        9032        9039
        9033        9038
        9033        9039
        9034        9037
        9035        9037
        9036        9037
        9040        9043
        9040        9048
        9040        9049
        9040        9056
        9040        9057
        9040        9059
        9040        9062
        9040        9069
        9040        9082
        9040        9094
        9041        9042
        9041        9046
        9041        9047
        9041        9055
        9041        9093
        9042        9045
        9042        9056
        9042        9057
        9042        9066
        9042        9095
        9043        9055
        9043        9060
        9043        9061
        9043        9063
        9043        9064
        9043        9065
        9044        9046
        9044        9047
        9044        9055
        9044        9060
        9044        9061
        9044        9063
        9044        9064
        9044        9065
        9044        9093
        9045        9050
        9045        9051
        9045        9058
        9045        9060
        9045        9061
        9045        9093
        9046        9048
        9046        9049
        9046        9056
        9046        9057
        9046        9059
        9046        9095
        9047        9052
        9047        9053
        9047        9054
        9047        9056
        9047        9057
        9047        9059
        9047        9095
        9048        9050
        9048        9051
        9048        9055
        9049        9055
        9050        9052
        9050        9053
        9050        9054
        9055        9062
        9055        9095
        9056        9058
        9056        9060
        9056        9061
        9057        9060
        9057        9061
        9058        9059
        9059        9063
        9059        9064
        9059        9065
        9060        9062
        9061        9062
        9063        9066
        9064        9066
        9067        9070
        9067        9075
        9067        9076
        9067        9083
        9067        9084
        9067        9093
        9067        9096
        9067        9173
        9067        9186
        9067        9191
        9068        9069
        9068        9073
        9068        9074
        9068        9082
        9068        9190
        9069        9072
        9069        9083
        9069        9084
        9069        9100
        9069        9192
        9070        9082
        9070        9094
        9070        9095
        9070        9097
        9070        9098
        9070        9099
        9071        9073
        9071        9074
        9071        9082
        9071        9094
        9071        9095
        9071        9097
        9071        9098
        9071        9099
        9071        9190
        9072        9077
        9072        9078
        9072        9085
        9072        9094
        9072        9095
        9072        9190
        9073        9075
        9073        9076
        9073        9083
        9073        9084
        9073        9093
        9073        9192
        9074        9079
        9074        9080
        9074        9081
        9074        9083
        9074        9084
        9074        9093
        9074        9192
        9075        9077
        9075        9078
        9075        9082
        9076        9082
        9077        9079
        9077        9080
        9077        9081
        9082        9086
        9082        9087
        9082        9089
        9082        9096
        9082        9192
        9083        9085
        9083        9094
        9083        9095
        9084        9088
        9084        9090
        9084        9091
        9084        9092
        9084        9094
        9084        9095
        9084        9101
        9085        9093
        9085        9102
        9085        9103
        9086        9088
        9086        9090
        9086        9091
        9086        9092
        9086        9101
        9087        9090
        9087        9091
        9087        9092
        9087        9104
        9087        9105
        9087        9109
        9088        9089
        9088        9102
        9088        9103
        9089        9101
        9093        9097
        9093        9098
        9093        9099
        9094        9096
        9095        9096
        9097        9100
        9098        9100
        9101        9106
        9101        9107
        9101        9108
        9101        9110
        9101        9111
        9102        9104
        9102        9105
        9102        9109
        9103        9112
        9103        9113
        9104        9106
        9104        9107
        9104        9108
        9104        9110
        9104        9111
        9105        9110
        9105        9111
        9106        9109
        9107        9109
        9108        9109
        9109        9114
        9109        9115
        9109        9120
        9110        9112
        9110        9113
        9111        9116
        9111        9117
        9111        9121
        9111        9122
        9111        9123
        9112        9114
        9112        9115
        9112        9120
        9113        9118
        9113        9119
        9113        9124
        9113        9125
        9113        9126
        9114        9116
        9114        9117
        9114        9121
        9114        9122
        9114        9123
        9115        9121
        9115        9122
        9115        9123
        9116        9118
        9116        9119
        9116        9120
        9117        9120
        9120        9127
        9120        9128
        9121        9124
        9121        9125
        9121        9126
        9122        9124
        9122        9125
        9122        9126
        9123        9129
        9123        9130
        9124        9127
        9124        9128
        9125        9127
        9125        9128
        9126        9131
        9126        9132
        9126        9148
        9127        9129
        9127        9130
        9128        9133
        9128        9134
        9128        9135
        9128        9149
        9128        9150
        9129        9131
        9129        9132
        9129        9148
        9130        9136
        9130        9137
        9130        9138
        9130        9151
        9130        9152
        9131        9133
        9131        9134
        9131        9135
        9131        9149
        9131        9150
        9132        9139
        9132        9140
        9132        9141
        9132        9149
        9132        9150
        9133        9136
        9133        9137
        9133        9138
        9133        9148
        9134        9136
        9134        9137
        9134        9138
        9134        9148
        9135        9142
        9135        9143
        9135        9144
        9135        9148
        9136        9139
        9136        9140
        9136        9141
        9137        9139
        9137        9140
        9137        9141
        9138        9145
        9138        9146
        9138        9147
        9139        9142
        9139        9143
        9139        9144
        9140        9142
        9140        9143
        9140        9144
        9142        9145
        9142        9146
        9142        9147
        9143        9145
        9143        9146
        9143        9147
        9148        9153
        9148        9154
        9148        9158
        9149        9151
        9149        9152
        9150        9155
        9150        9156
        9150        9157
        9150        9159
        9150        9160
        9151        9153
        9151        9154
        9151        9158
        9152        9161
        9152        9162
        9153        9155
        9153        9156
        9153        9157
        9153        9159
        9153        9160
        9154        9159
        9154        9160
        9155        9158
        9156        9158
        9157        9158
        9158        9163
        9158        9164
        9158        9168
        9159        9161
        9159        9162
        9160        9165
        9160        9166
        9160        9167
        9160        9169
        9160        9170
        9161        9163
        9161        9164
        9161        9168
        9163        9165
        9163        9166
        9163        9167
        9163        9169
        9163        9170
        9164        9169
        9164        9170
        9165        9168
        9166        9168
        9167        9168
        9171        9174
        9171        9179
        9171        9180
        9171        9187
        9171        9188
        9171        9190
        9171        9193
        9171        9200
        9171        9213
        9171        9225
        9172        9173
        9172        9177
        9172        9178
        9172        9186
        9172        9224
        9173        9176
        9173        9187
        9173        9188
        9173        9197
        9173        9226
        9174        9186
        9174        9191
        9174        9192
        9174        9194
        9174        9195
        9174        9196
        9175        9177
        9175        9178
        9175        9186
        9175        9191
        9175        9192
        9175        9194
        9175        9195
        9175        9196
        9175        9224
        9176        9181
        9176        9182
        9176        9189
        9176        9191
        9176        9192
        9176        9224
        9177        9179
        9177        9180
        9177        9187
        9177        9188
        9177        9190
        9177        9226
        9178        9183
        9178        9184
        9178        9185
        9178        9187
        9178        9188
        9178        9190
        9178        9226
        9179        9181
        9179        9182
        9179        9186
        9180        9186
        9181        9183
        9181        9184
        9181        9185
        9186        9193
        9186        9226
        9187        9189
        9187        9191
        9187        9192
        9188        9191
        9188        9192
        9189        9190
        9190        9194
        9190        9195
        9190        9196
        9191        9193
        9192        9193
        9194        9197
        9195        9197
        9198        9201
        9198        9206
        9198        9207
        9198        9214
        9198        9215
        9198        9224
        9198        9227
        9198        9304
        9198        9317
        9198        9322
        9199        9200
        9199        9204
        9199        9205
        9199        9213
        9199        9321
        9200        9203
        9200        9214
        9200        9215
        9200        9231
        9200        9323
        9201        9213
        9201        9225
        9201        9226
        9201        9228
        9201        9229
        9201        9230
        9202        9204
        9202        9205
        9202        9213
        9202        9225
        9202        9226
        9202        9228
        9202        9229
        9202        9230
        9202        9321
        9203        9208
        9203        9209
        9203        9216
        9203        9225
        9203        9226
        9203        9321
        9204        9206
        9204        9207
        9204        9214
        9204        9215
        9204        9224
        9204        9323
        9205        9210
        9205        9211
        9205        9212
        9205        9214
        9205        9215
        9205        9224
        9205        9323
        9206        9208
        9206        9209
        9206        9213
        9207        9213
        9208        9210
        9208        9211
        9208        9212
        9213        9217
        9213        9218
        9213        9220
        9213        9227
        9213        9323
        9214        9216
        9214        9225
        9214        9226
        9215        9219
        9215        9221
        9215        9222
        9215        9223
        9215        9225
        9215        9226
        9215        9232
        9216        9224
        9216        9233
        9216        9234
        9217        9219
        9217        9221
        9217        9222
        9217        9223
        9217        9232
        9218        9221
        9218        9222
        9218        9223
        9218        9235
        9218        9236
        9218        9240
        9219        9220
        9219        9233
        9219        9234
        9220        9232
        9224        9228
        9224        9229
        9224        9230
        9225        9227
        9226        9227
        9228        9231
        9229        9231
        9232        9237
        9232        9238
        9232        9239
        9232        9241
        9232        9242
        9233        9235
        9233        9236
        9233        9240
        9234        9243
        9234        9244
        9235        9237
        9235        9238
        9235        9239
        9235        9241
        9235        9242
        9236        9241
        9236        9242
        9237        9240
        9238        9240
        9239        9240
        9240        9245
        9240        9246
        9240        9251
        9241        9243
        9241        9244
        9242        9247
        9242        9248
        9242        9252
        9242        9253
        9242        9254
        9243        9245
        9243        9246
        9243        9251
        9244        9249
        9244        9250
        9244        9255
        9244        9256
        9244        9257
        9245        9247
        9245        9248
        9245        9252
        9245        9253
        9245        9254
        9246        9252
        9246        9253
        9246        9254
        9247        9249
        9247        9250
        9247        9251
        9248        9251
        9251        9258
        9251        9259
        9252        9255
        9252        9256
        9252        9257
        9253        9255
        9253        9256
        9253        9257
        9254        9260
        9254        9261
        9255        9258
        9255        9259
        9256        9258
        9256        9259
        9257        9262
        9257        9263
        9257        9279
        9258        9260
        9258        9261
        9259        9264
        9259        9265
        9259        9266
        9259        9280
        9259        9281
        9260        9262
        9260        9263
        9260        9279
        9261        9267
        9261        9268
        9261        9269
        9261        9282
        9261        9283
        9262        9264
        9262        9265
        9262        9266
        9262        9280
        9262        9281
        9263        9270
        9263        9271
        9263        9272
        9263        9280
        9263        9281
        9264        9267
        9264        9268
        9264        9269
        9264        9279
        9265        9267
        9265        9268
        9265        9269
        9265        9279
        9266        9273
        9266        9274
        9266        9275
        9266        9279
        9267        9270
        9267        9271
        9267        9272
        9268        9270
        9268        9271
        9268        9272
        9269        9276
        9269        9277
        9269        9278
        9270        9273
        9270        9274
        9270        9275
        9271        9273
        9271        9274
        9271        9275
        9273        9276
        9273        9277
        9273        9278
        9274        9276
        9274        9277
        9274        9278
        9279        9284
        9279        9285
        9279        9289
        9280        9282
        9280        9283
        9281        9286
        9281        9287
        9281        9288
        9281        9290
        9281        9291
        9282        9284
        9282        9285
        9282        9289
        9283        9292
        9283        9293
        9284        9286
        9284        9287
        9284        9288
        9284        9290
        9284        9291
        9285        9290
        9285        9291
        9286        9289
        9287        9289
        9288        9289
        9289        9294
        9289        9295
        9289        9299
        9290        9292
        9290        9293
        9291        9296
        9291        9297
        9291        9298
        9291        9300
        9291        9301
        9292        9294
        9292        9295
        9292        9299
        9294        9296
        9294        9297
        9294        9298
        9294        9300
        9294        9301
        9295        9300
        9295        9301
        9296        9299
        9297        9299
        9298        9299
        9302        9305
        9302        9310
        9302        9311
        9302        9318
        9302        9319
        9302        9321
        9302        9324
        9302        9331
        9302        9344
        9302        9356
        9303        9304
        9303        9308
        9303        9309
        9303        9317
        9303        9355
        9304        9307
        9304        9318
        9304        9319
        9304        9328
        9304        9357
        9305        9317
        9305        9322
        9305        9323
        9305        9325
        9305        9326
        9305        9327
        9306        9308
        9306        9309
        9306        9317
        9306        9322
        9306        9323
        9306        9325
        9306        9326
        9306        9327
        9306        9355
        9307        9312
        9307        9313
        9307        9320
        9307        9322
        9307        9323
        9307        9355
        9308        9310
        9308        9311
        9308        9318
        9308        9319
        9308        9321
        9308        9357
        9309        9314
        9309        9315
        9309        9316
        9309        9318
        9309        9319
        9309        9321
        9309        9357
        9310        9312
        9310        9313
        9310        9317
        9311        9317
        9312        9314
        9312        9315
        9312        9316
        9317        9324
        9317        9357
        9318        9320
        9318        9322
        9318        9323
        9319        9322
        9319        9323
        9320        9321
        9321        9325
        9321        9326
        9321        9327
        9322        9324
        9323        9324
        9325        9328
        9326        9328
        9329        9332
        9329        9337
        9329        9338
        9329        9345
        9329        9346
        9329        9355
        9329        9358
        9329        9435
        9329        9448
        9329        9453
        9330        9331
        9330        9335
        9330        9336
        9330        9344
        9330        9452
        9331        9334
        9331        9345
        9331        9346
        9331        9362
        9331        9454
        9332        9344
        9332        9356
        9332        9357
        9332        9359
        9332        9360
        9332        9361
        9333        9335
        9333        9336
        9333        9344
        9333        9356
        9333        9357
        9333        9359
        9333        9360
        9333        9361
        9333        9452
        9334        9339
        9334        9340
        9334        9347
        9334        9356
        9334        9357
        9334        9452
        9335        9337
        9335        9338
        9335        9345
        9335        9346
        9335        9355
        9335        9454
        9336        9341
        9336        9342
        9336        9343
        9336        9345
        9336        9346
        9336        9355
        9336        9454
        9337        9339
        9337        9340
        9337        9344
        9338        9344
        9339        9341
        9339        9342
        9339        9343
        9344        9348
        9344        9349
        9344        9351
        9344        9358
        9344        9454
        9345        9347
        9345        9356
        9345        9357
        9346        9350
        9346        9352
        9346        9353
        9346        9354
        9346        9356
        9346        9357
        9346        9363
        9347        9355
        9347        9364
        9347        9365
        9348        9350
        9348        9352
        9348        9353
        9348        9354
        9348        9363
        9349        9352
        9349        9353
        9349        9354
        9349        9366
        9349        9367
        9349        9371
        9350        9351
        9350        9364
        9350        9365
        9351        9363
        9355        9359
        9355        9360
        9355        9361
        9356        9358
        9357        9358
        9359        9362
        9360        9362
        9363        9368
        9363        9369
        9363        9370
        9363        9372
        9363        9373
        9364        9366
        9364        9367
        9364        9371
        9365        9374
        9365        9375
        9366        9368
        9366        9369
        9366        9370
        9366        9372
        9366        9373
        9367        9372
        9367        9373
        9368        9371
        9369        9371
        9370        9371
        9371        9376
        9371        9377
        9371        9382
        9372        9374
        9372        9375
        9373        9378
        9373        9379
        9373        9383
        9373        9384
        9373        9385
        9374        9376
        9374        9377
        9374        9382
        9375        9380
        9375        9381
        9375        9386
        9375        9387
        9375        9388
        9376        9378
        9376        9379
        9376        9383
        9376        9384
        9376        9385
        9377        9383
        9377        9384
        9377        9385
        9378        9380
        9378        9381
        9378        9382
        9379        9382
        9382        9389
        9382        9390
        9383        9386
        9383        9387
        9383        9388
        9384        9386
        9384        9387
        9384        9388
        9385        9391
        9385        9392
        9386        9389
        9386        9390
        9387        9389
        9387        9390
        9388        9393
        9388        9394
        9388        9410
        9389        9391
        9389        9392
        9390        9395
        9390        9396
        9390        9397
        9390        9411
        9390        9412
        9391        9393
        9391        9394
        9391        9410
        9392        9398
        9392        9399
        9392        9400
        9392        9413
        9392        9414
        9393        9395
        9393        9396
        9393        9397
        9393        9411
        9393        9412
        9394        9401
        9394        9402
        9394        9403
        9394        9411
        9394        9412
        9395        9398
        9395        9399
        9395        9400
        9395        9410
        9396        9398
        9396        9399
        9396        9400
        9396        9410
        9397        9404
        9397        9405
        9397        9406
        9397        9410
        9398        9401
        9398        9402
        9398        9403
        9399        9401
        9399        9402
        9399        9403
        9400        9407
        9400        9408
        9400        9409
        9401        9404
        9401        9405
        9401        9406
        9402        9404
        9402        9405
        9402        9406
        9404        9407
        9404        9408
        9404        9409
        9405        9407
        9405        9408
        9405        9409
        9410        9415
        9410        9416
        9410        9420
        9411        9413
        9411        9414
        9412        9417
        9412        9418
        9412        9419
        9412        9421
        9412        9422
        9413        9415
        9413        9416
        9413        9420
        9414        9423
        9414        9424
        9415        9417
        9415        9418
        9415        9419
        9415        9421
        9415        9422
        9416        9421
        9416        9422
        9417        9420
        9418        9420
        9419        9420
        9420        9425
        9420        9426
        9420        9430
        9421        9423
        9421        9424
        9422        9427
        9422        9428
        9422        9429
        9422        9431
        9422        9432
        9423        9425
        9423        9426
        9423        9430
        9425        9427
        9425        9428
        9425        9429
        9425        9431
        9425        9432
        9426        9431
        9426        9432
        9427        9430
        9428        9430
        9429        9430
        9433        9436
        9433        9441
        9433        9442
        9433        9449
        9433        9450
        9433        9452
        9433        9455
        9433        9462
        9433        9475
        9433        9487
        9434        9435
        9434        9439
        9434        9440
        9434        9448
        9434        9486
        9435        9438
        9435        9449
        9435        9450
        9435        9459
        9435        9488
        9436        9448
        9436        9453
        9436        9454
        9436        9456
        9436        9457
        9436        9458
        9437        9439
        9437        9440
        9437        9448
        9437        9453
        9437        9454
        9437        9456
        9437        9457
        9437        9458
        9437        9486
        9438        9443
        9438        9444
        9438        9451
        9438        9453
        9438        9454
        9438        9486
        9439        9441
        9439        9442
        9439        9449
        9439        9450
        9439        9452
        9439        9488
        9440        9445
        9440        9446
        9440        9447
        9440        9449
        9440        9450
        9440        9452
        9440        9488
        9441        9443
        9441        9444
        9441        9448
        9442        9448
        9443        9445
        9443        9446
        9443        9447
        9448        9455
        9448        9488
        9449        9451
        9449        9453
        9449        9454
        9450        9453
        9450        9454
        9451        9452
        9452        9456
        9452        9457
        9452        9458
        9453        9455
        9454        9455
        9456        9459
        9457        9459
        9460        9463
        9460        9468
        9460        9469
        9460        9476
        9460        9477
        9460        9486
        9460        9489
        9460        9566
        9460        9579
        9460        9584
        9461        9462
        9461        9466
        9461        9467
        9461        9475
        9461        9583
        9462        9465
        9462        9476
        9462        9477
        9462        9493
        9462        9585
        9463        9475
        9463        9487
        9463        9488
        9463        9490
        9463        9491
        9463        9492
        9464        9466
        9464        9467
        9464        9475
        9464        9487
        9464        9488
        9464        9490
        9464        9491
        9464        9492
        9464        9583
        9465        9470
        9465        9471
        9465        9478
        9465        9487
        9465        9488
        9465        9583
        9466        9468
        9466        9469
        9466        9476
        9466        9477
        9466        9486
        9466        9585
        9467        9472
        9467        9473
        9467        9474
        9467        9476
        9467        9477
        9467        9486
        9467        9585
        9468        9470
        9468        9471
        9468        9475
        9469        9475
        9470        9472
        9470        9473
        9470        9474
        9475        9479
        9475        9480
        9475        9482
        9475        9489
        9475        9585
        9476        9478
        9476        9487
        9476        9488
        9477        9481
        9477        9483
        9477        9484
        9477        9485
        9477        9487
        9477        9488
        9477        9494
        9478        9486
        9478        9495
        9478        9496
        9479        9481
        9479        9483
        9479        9484
        9479        9485
        9479        9494
        9480        9483
        9480        9484
        9480        9485
        9480        9497
        9480        9498
        9480        9502
        9481        9482
        9481        9495
        9481        9496
        9482        9494
        9486        9490
        9486        9491
        9486        9492
        9487        9489
        9488        9489
        9490        9493
        9491        9493
        9494        9499
        9494        9500
        9494        9501
        9494        9503
        9494        9504
        9495        9497
        9495        9498
        9495        9502
        9496        9505
        9496        9506
        9497        9499
        9497        9500
        9497        9501
        9497        9503
        9497        9504
        9498        9503
        9498        9504
        9499        9502
        9500        9502
        9501        9502
        9502        9507
        9502        9508
        9502        9513
        9503        9505
        9503        9506
        9504        9509
        9504        9510
        9504        9514
        9504        9515
        9504        9516
        9505        9507
        9505        9508
        9505        9513
        9506        9511
        9506        9512
        9506        9517
        9506        9518
        9506        9519
        9507        9509
        9507        9510
        9507        9514
        9507        9515
        9507        9516
        9508        9514
        9508        9515
        9508        9516
        9509        9511
        9509        9512
        9509        9513
        9510        9513
        9513        9520
        9513        9521
        9514        9517
        9514        9518
        9514        9519
        9515        9517
        9515        9518
        9515        9519
        9516        9522
        9516        9523
        9517        9520
        9517        9521
        9518        9520
        9518        9521
        9519        9524
        9519        9525
        9519        9541
        9520        9522
        9520        9523
        9521        9526
        9521        9527
        9521        9528
        9521        9542
        9521        9543
        9522        9524
        9522        9525
        9522        9541
        9523        9529
        9523        9530
        9523        9531
        9523        9544
        9523        9545
        9524        9526
        9524        9527
        9524        9528
        9524        9542
        9524        9543
        9525        9532
        9525        9533
        9525        9534
        9525        9542
        9525        9543
        9526        9529
        9526        9530
        9526        9531
        9526        9541
        9527        9529
        9527        9530
        9527        9531
        9527        9541
        9528        9535
        9528        9536
        9528        9537
        9528        9541
        9529        9532
        9529        9533
        9529        9534
        9530        9532
        9530        9533
        9530        9534
        9531        9538
        9531        9539
        9531        9540
        9532        9535
        9532        9536
        9532        9537
        9533        9535
        9533        9536
        9533        9537
        9535        9538
        9535        9539
        9535        9540
        9536        9538
        9536        9539
        9536        9540
        9541        9546
        9541        9547
        9541        9551
        9542        9544
        9542        9545
        9543        9548
        9543        9549
        9543        9550
        9543        9552
        9543        9553
        9544        9546
        9544        9547
        9544        9551
        9545        9554
        9545        9555
        9546        9548
        9546        9549
        9546        9550
        9546        9552
        9546        9553
        9547        9552
        9547        9553
        9548        9551
        9549        9551
        9550        9551
        9551        9556
        9551        9557
        9551        9561
        9552        9554
        9552        9555
        9553        9558
        9553        9559
        9553        9560
        9553        9562
        9553        9563
        9554        9556
        9554        9557
        9554        9561
        9556        9558
        9556        9559
        9556        9560
        9556        9562
        9556        9563
        9557        9562
        9557        9563
        9558        9561
        9559        9561
        9560        9561
        9564        9567
        9564        9572
        9564        9573
        9564        9580
        9564        9581
        9564        9583
        9564        9586
        9564        9593
        9564        9606
        9564        9618
        9565        9566
        9565        9570
        9565        9571
        9565        9579
        9565        9617
        9566        9569
        9566        9580
        9566        9581
        9566        9590
        9566        9619
        9567        9579
        9567        9584
        9567        9585
        9567        9587
        9567        9588
        9567        9589
        9568        9570
        9568        9571
        9568        9579
        9568        9584
        9568        9585
        9568        9587
        9568        9588
        9568        9589
        9568        9617
        9569        9574
        9569        9575
        9569        9582
        9569        9584
        9569        9585
        9569        9617
        9570        9572
        9570        9573
        9570        9580
        9570        9581
        9570        9583
        9570        9619
        9571        9576
        9571        9577
        9571        9578
        9571        9580
        9571        9581
        9571        9583
        9571        9619
        9572        9574
        9572        9575
        9572        9579
        9573        9579
        9574        9576
        9574        9577
        9574        9578
        9579        9586
        9579        9619
        9580        9582
        9580        9584
        9580        9585
        9581        9584
        9581        9585
        9582        9583
        9583        9587
        9583        9588
        9583        9589
        9584        9586
        9585        9586
        9587        9590
        9588        9590
        9591        9594
        9591        9599
        9591        9600
        9591        9607
        9591        9608
        9591        9617
        9591        9620
        9591        9697
        9591        9710
        9591        9715
        9592        9593
        9592        9597
        9592        9598
        9592        9606
        9592        9714
        9593        9596
        9593        9607
        9593        9608
        9593        9624
        9593        9716
        9594        9606
        9594        9618
        9594        9619
        9594        9621
        9594        9622
        9594        9623
        9595        9597
        9595        9598
        9595        9606
        9595        9618
        9595        9619
        9595        9621
        9595        9622
        9595        9623
        9595        9714
        9596        9601
        9596        9602
        9596        9609
        9596        9618
        9596        9619
        9596        9714
        9597        9599
        9597        9600
        9597        9607
        9597        9608
        9597        9617
        9597        9716
        9598        9603
        9598        9604
        9598        9605
        9598        9607
        9598        9608
        9598        9617
        9598        9716
        9599        9601
        9599        9602
        9599        9606
        9600        9606
        9601        9603
        9601        9604
        9601        9605
        9606        9610
        9606        9611
        9606        9613
        9606        9620
        9606        9716
        9607        9609
        9607        9618
        9607        9619
        9608        9612
        9608        9614
        9608        9615
        9608        9616
        9608        9618
        9608        9619
        9608        9625
        9609        9617
        9609        9626
        9609        9627
        9610        9612
        9610        9614
        9610        9615
        9610        9616
        9610        9625
        9611        9614
        9611        9615
        9611        9616
        9611        9628
        9611        9629
        9611        9633
        9612        9613
        9612        9626
        9612        9627
        9613        9625
        9617        9621
        9617        9622
        9617        9623
        9618        9620
        9619        9620
        9621        9624
        9622        9624
        9625        9630
        9625        9631
        9625        9632
        9625        9634
        9625        9635
        9626        9628
        9626        9629
        9626        9633
        9627        9636
        9627        9637
        9628        9630
        9628        9631
        9628        9632
        9628        9634
        9628        9635
        9629        9634
        9629        9635
        9630        9633
        9631        9633
        9632        9633
        9633        9638
        9633        9639
        9633        9644
        9634        9636
        9634        9637
        9635        9640
        9635        9641
        9635        9645
        9635        9646
        9635        9647
        9636        9638
        9636        9639
        9636        9644
        9637        9642
        9637        9643
        9637        9648
        9637        9649
        9637        9650
        9638        9640
        9638        9641
        9638        9645
        9638        9646
        9638        9647
        9639        9645
        9639        9646
        9639        9647
        9640        9642
        9640        9643
        9640        9644
        9641        9644
        9644        9651
        9644        9652
        9645        9648
        9645        9649
        9645        9650
        9646        9648
        9646        9649
        9646        9650
        9647        9653
        9647        9654
        9648        9651
        9648        9652
        9649        9651
        9649        9652
        9650        9655
        9650        9656
        9650        9672
        9651        9653
        9651        9654
        9652        9657
        9652        9658
        9652        9659
        9652        9673
        9652        9674
        9653        9655
        9653        9656
        9653        9672
        9654        9660
        9654        9661
        9654        9662
        9654        9675
        9654        9676
        9655        9657
        9655        9658
        9655        9659
        9655        9673
        9655        9674
        9656        9663
        9656        9664
        9656        9665
        9656        9673
        9656        9674
        9657        9660
        9657        9661
        9657        9662
        9657        9672
        9658        9660
        9658        9661
        9658        9662
        9658        9672
        9659        9666
        9659        9667
        9659        9668
        9659        9672
        9660        9663
        9660        9664
        9660        9665
        9661        9663
        9661        9664
        9661        9665
        9662        9669
        9662        9670
        9662        9671
        9663        9666
        9663        9667
        9663        9668
        9664        9666
        9664        9667
        9664        9668
        9666        9669
        9666        9670
        9666        9671
        9667        9669
        9667        9670
        9667        9671
        9672        9677
        9672        9678
        9672        9682
        9673        9675
        9673        9676
        9674        9679
        9674        9680
        9674        9681
        9674        9683
        9674        9684
        9675        9677
        9675        9678
        9675        9682
        9676        9685
        9676        9686
        9677        9679
        9677        9680
        9677        9681
        9677        9683
        9677        9684
        9678        9683
        9678        9684
        9679        9682
        9680        9682
        9681        9682
        9682        9687
        9682        9688
        9682        9692
        9683        9685
        9683        9686
        9684        9689
        9684        9690
        9684        9691
        9684        9693
        9684        9694
        9685        9687
        9685        9688
        9685        9692
        9687        9689
        9687        9690
        9687        9691
        9687        9693
        9687        9694
        9688        9693
        9688        9694
        9689        9692
        9690        9692
        9691        9692
        9695        9698
        9695        9703
        9695        9704
        9695        9711
        9695        9712
        9695        9714
        9695        9717
        9695        9724
        9695        9737
        9695        9749
        9696        9697
        9696        9701
        9696        9702
        9696        9710
        9696        9748
        9697        9700
        9697        9711
        9697        9712
        9697        9721
        9697        9750
        9698        9710
        9698        9715
        9698        9716
        9698        9718
        9698        9719
        9698        9720
        9699        9701
        9699        9702
        9699        9710
        9699        9715
        9699        9716
        9699        9718
        9699        9719
        9699        9720
        9699        9748
        9700        9705
        9700        9706
        9700        9713
        9700        9715
        9700        9716
        9700        9748
        9701        9703
        9701        9704
        9701        9711
        9701        9712
        9701        9714
        9701        9750
        9702        9707
        9702        9708
        9702        9709
        9702        9711
        9702        9712
        9702        9714
        9702        9750
        9703        9705
        9703        9706
        9703        9710
        9704        9710
        9705        9707
        9705        9708
        9705        9709
        9710        9717
        9710        9750
        9711        9713
        9711        9715
        9711        9716
        9712        9715
        9712        9716
        9713        9714
        9714        9718
        9714        9719
        9714        9720
        9715        9717
        9716        9717
        9718        9721
        9719        9721
        9722        9725
        9722        9730
        9722        9731
        9722        9738
        9722        9739
        9722        9748
        9722        9751
        9722        9828
        9722        9841
        9722        9846
        9723        9724
        9723        9728
        9723        9729
        9723        9737
        9723        9845
        9724        9727
        9724        9738
        9724        9739
        9724        9755
        9724        9847
        9725        9737
        9725        9749
        9725        9750
        9725        9752
        9725        9753
        9725        9754
        9726        9728
        9726        9729
        9726        9737
        9726        9749
        9726        9750
        9726        9752
        9726        9753
        9726        9754
        9726        9845
        9727        9732
        9727        9733
        9727        9740
        9727        9749
        9727        9750
        9727        9845
        9728        9730
        9728        9731
        9728        9738
        9728        9739
        9728        9748
        9728        9847
        9729        9734
        9729        9735
        9729        9736
        9729        9738
        9729        9739
        9729        9748
        9729        9847
        9730        9732
        9730        9733
        9730        9737
        9731        9737
        9732        9734
        9732        9735
        9732        9736
        9737        9741
        9737        9742
        9737        9744
        9737        9751
        9737        9847
        9738        9740
        9738        9749
        9738        9750
        9739        9743
        9739        9745
        9739        9746
        9739        9747
        9739        9749
        9739        9750
        9739        9756
        9740        9748
        9740        9757
        9740        9758
        9741        9743
        9741        9745
        9741        9746
        9741        9747
        9741        9756
        9742        9745
        9742        9746
        9742        9747
        9742        9759
        9742        9760
        9742        9764
        9743        9744
        9743        9757
        9743        9758
        9744        9756
        9748        9752
        9748        9753
        9748        9754
        9749        9751
        9750        9751
        9752        9755
        9753        9755
        9756        9761
        9756        9762
        9756        9763
        9756        9765
        9756        9766
        9757        9759
        9757        9760
        9757        9764
        9758        9767
        9758        9768
        9759        9761
        9759        9762
        9759        9763
        9759        9765
        9759        9766
        9760        9765
        9760        9766
        9761        9764
        9762        9764
        9763        9764
        9764        9769
        9764        9770
        9764        9775
        9765        9767
        9765        9768
        9766        9771
        9766        9772
        9766        9776
        9766        9777
        9766        9778
        9767        9769
        9767        9770
        9767        9775
        9768        9773
        9768        9774
        9768        9779
        9768        9780
        9768        9781
        9769        9771
        9769        9772
        9769        9776
        9769        9777
        9769        9778
        9770        9776
        9770        9777
        9770        9778
        9771        9773
        9771        9774
        9771        9775
        9772        9775
        9775        9782
        9775        9783
        9776        9779
        9776        9780
        9776        9781
        9777        9779
        9777        9780
        9777        9781
        9778        9784
        9778        9785
        9779        9782
        9779        9783
        9780        9782
        9780        9783
        9781        9786
        9781        9787
        9781        9803
        9782        9784
        9782        9785
        9783        9788
        9783        9789
        9783        9790
        9783        9804
        9783        9805
        9784        9786
        9784        9787
        9784        9803
        9785        9791
        9785        9792
        9785        9793
        9785        9806
        9785        9807
        9786        9788
        9786        9789
        9786        9790
        9786        9804
        9786        9805
        9787        9794
        9787        9795
        9787        9796
        9787        9804
        9787        9805
        9788        9791
        9788        9792
        9788        9793
        9788        9803
        9789        9791
        9789        9792
        9789        9793
        9789        9803
        9790        9797
        9790        9798
        9790        9799
        9790        9803
        9791        9794
        9791        9795
        9791        9796
        9792        9794
        9792        9795
        9792        9796
        9793        9800
        9793        9801
        9793        9802
        9794        9797
        9794        9798
        9794        9799
        9795        9797
        9795        9798
        9795        9799
        9797        9800
        9797        9801
        9797        9802
        9798        9800
        9798        9801
        9798        9802
        9803        9808
        9803        9809
        9803        9813
        9804        9806
        9804        9807
        9805        9810
        9805        9811
        9805        9812
        9805        9814
        9805        9815
        9806        9808
        9806        9809
        9806        9813
        9807        9816
        9807        9817
        9808        9810
        9808        9811
        9808        9812
        9808        9814
        9808        9815
        9809        9814
        9809        9815
        9810        9813
        9811        9813
        9812        9813
        9813        9818
        9813        9819
        9813        9823
        9814        9816
        9814        9817
        9815        9820
        9815        9821
        9815        9822
        9815        9824
        9815        9825
        9816        9818
        9816        9819
        9816        9823
        9818        9820
        9818        9821
        9818        9822
        9818        9824
        9818        9825
        9819        9824
        9819        9825
        9820        9823
        9821        9823
        9822        9823
        9826        9829
        9826        9834
        9826        9835
        9826        9842
        9826        9843
        9826        9845
        9826        9848
        9826        9855
        9826        9868
        9826        9880
        9827        9828
        9827        9832
        9827        9833
        9827        9841
        9827        9879
        9828        9831
        9828        9842
        9828        9843
        9828        9852
        9828        9881
        9829        9841
        9829        9846
        9829        9847
        9829        9849
        9829        9850
        9829        9851
        9830        9832
        9830        9833
        9830        9841
        9830        9846
        9830        9847
        9830        9849
        9830        9850
        9830        9851
        9830        9879
        9831        9836
        9831        9837
        9831        9844
        9831        9846
        9831        9847
        9831        9879
        9832        9834
        9832        9835
        9832        9842
        9832        9843
        9832        9845
        9832        9881
        9833        9838
        9833        9839
        9833        9840
        9833        9842
        9833        9843
        9833        9845
        9833        9881
        9834        9836
        9834        9837
        9834        9841
        9835        9841
        9836        9838
        9836        9839
        9836        9840
        9841        9848
        9841        9881
        9842        9844
        9842        9846
        9842        9847
        9843        9846
        9843        9847
        9844        9845
        9845        9849
        9845        9850
        9845        9851
        9846        9848
        9847        9848
        9849        9852
        9850        9852
        9853        9856
        9853        9861
        9853        9862
        9853        9869
        9853        9870
        9853        9879
        9853        9882
        9853        9959
        9853        9972
        9853        9977
        9854        9855
        9854        9859
        9854        9860
        9854        9868
        9854        9976
        9855        9858
        9855        9869
        9855        9870
        9855        9886
        9855        9978
        9856        9868
        9856        9880
        9856        9881
        9856        9883
        9856        9884
        9856        9885
        9857        9859
        9857        9860
        9857        9868
        9857        9880
        9857        9881
        9857        9883
        9857        9884
        9857        9885
        9857        9976
        9858        9863
        9858        9864
        9858        9871
        9858        9880
        9858        9881
        9858        9976
        9859        9861
        9859        9862
        9859        9869
        9859        9870
        9859        9879
        9859        9978
        9860        9865
        9860        9866
        9860        9867
        9860        9869
        9860        9870
        9860        9879
        9860        9978
        9861        9863
        9861        9864
        9861        9868
        9862        9868
        9863        9865
        9863        9866
        9863        9867
        9868        9872
        9868        9873
        9868        9875
        9868        9882
        9868        9978
        9869        9871
        9869        9880
        9869        9881
        9870        9874
        9870        9876
        9870        9877
        9870        9878
        9870        9880
        9870        9881
        9870        9887
        9871        9879
        9871        9888
        9871        9889
        9872        9874
        9872        9876
        9872        9877
        9872        9878
        9872        9887
        9873        9876
        9873        9877
        9873        9878
        9873        9890
        9873        9891
        9873        9895
        9874        9875
        9874        9888
        9874        9889
        9875        9887
        9879        9883
        9879        9884
        9879        9885
        9880        9882
        9881        9882
        9883        9886
        9884        9886
        9887        9892
        9887        9893
        9887        9894
        9887        9896
        9887        9897
        9888        9890
        9888        9891
        9888        9895
        9889        9898
        9889        9899
        9890        9892
        9890        9893
        9890        9894
        9890        9896
        9890        9897
        9891        9896
        9891        9897
        9892        9895
        9893        9895
        9894        9895
        9895        9900
        9895        9901
        9895        9906
        9896        9898
        9896        9899
        9897        9902
        9897        9903
        9897        9907
        9897        9908
        9897        9909
        9898        9900
        9898        9901
        9898        9906
        9899        9904
        9899        9905
        9899        9910
        9899        9911
        9899        9912
        9900        9902
        9900        9903
        9900        9907
        9900        9908
        9900        9909
        9901        9907
        9901        9908
        9901        9909
        9902        9904
        9902        9905
        9902        9906
        9903        9906
        9906        9913
        9906        9914
        9907        9910
        9907        9911
        9907        9912
        9908        9910
        9908        9911
        9908        9912
        9909        9915
        9909        9916
        9910        9913
        9910        9914
        9911        9913
        9911        9914
        9912        9917
        9912        9918
        9912        9934
        9913        9915
        9913        9916
        9914        9919
        9914        9920
        9914        9921
        9914        9935
        9914        9936
        9915        9917
        9915        9918
        9915        9934
        9916        9922
        9916        9923
        9916        9924
        9916        9937
        9916        9938
        9917        9919
        9917        9920
        9917        9921
        9917        9935
        9917        9936
        9918        9925
        9918        9926
        9918        9927
        9918        9935
        9918        9936
        9919        9922
        9919        9923
        9919        9924
        9919        9934
        9920        9922
        9920        9923
        9920        9924
        9920        9934
        9921        9928
        9921        9929
        9921        9930
        9921        9934
        9922        9925
        9922        9926
        9922        9927
        9923        9925
        9923        9926
        9923        9927
        9924        9931
        9924        9932
        9924        9933
        9925        9928
        9925        9929
        9925        9930
        9926        9928
        9926        9929
        9926        9930
        9928        9931
        9928        9932
        9928        9933
        9929        9931
        9929        9932
        9929        9933
        9934        9939
        9934        9940
        9934        9944
        9935        9937
        9935        9938
        9936        9941
        9936        9942
        9936        9943
        9936        9945
        9936        9946
        9937        9939
        9937        9940
        9937        9944
        9938        9947
        9938        9948
        9939        9941
        9939        9942
        9939        9943
        9939        9945
        9939        9946
        9940        9945
        9940        9946
        9941        9944
        9942        9944
        9943        9944
        9944        9949
        9944        9950
        9944        9954
        9945        9947
        9945        9948
        9946        9951
        9946        9952
        9946        9953
        9946        9955
        9946        9956
        9947        9949
        9947        9950
        9947        9954
        9949        9951
        9949        9952
        9949        9953
        9949        9955
        9949        9956
        9950        9955
        9950        9956
        9951        9954
        9952        9954
        9953        9954
        9957        9960
        9957        9965
        9957        9966
        9957        9973
        9957        9974
        9957        9976
        9957        9979
        9957        9986
        9957        9999
        9957       10011
        9958        9959
        9958        9963
        9958        9964
        9958        9972
        9958       10010
        9959        9962
        9959        9973
        9959        9974
        9959        9983
        9959       10012
        9960        9972
        9960        9977
        9960        9978
        9960        9980
        9960        9981
        9960        9982
        9961        9963
        9961        9964
        9961        9972
        9961        9977
        9961        9978
        9961        9980
        9961        9981
        9961        9982
        9961       10010
        9962        9967
        9962        9968
        9962        9975
        9962        9977
        9962        9978
        9962       10010
        9963        9965
        9963        9966
        9963        9973
        9963        9974
        9963        9976
        9963       10012
        9964        9969
        9964        9970
        9964        9971
        9964        9973
        9964        9974
        9964        9976
        9964       10012
        9965        9967
        9965        9968
        9965        9972
        9966        9972
        9967        9969
        9967        9970
        9967        9971
        9972        9979
        9972       10012
        9973        9975
        9973        9977
        9973        9978
        9974        9977
        9974        9978
        9975        9976
        9976        9980
        9976        9981
        9976        9982
        9977        9979
        9978        9979
        9980        9983
        9981        9983
        9984        9987
        9984        9992
        9984        9993
        9984       10000
        9984       10001
        9984       10010
        9984       10013
        9984       10090
        9984       10103
        9984       10108
        9985        9986
        9985        9990
        9985        9991
        9985        9999
        9985       10107
        9986        9989
        9986       10000
        9986       10001
        9986       10017
        9986       10109
        9987        9999
        9987       10011
        9987       10012
        9987       10014
        9987       10015
        9987       10016
        9988        9990
        9988        9991
        9988        9999
        9988       10011
        9988       10012
        9988       10014
        9988       10015
        9988       10016
        9988       10107
        9989        9994
        9989        9995
        9989       10002
        9989       10011
        9989       10012
        9989       10107
        9990        9992
        9990        9993
        9990       10000
        9990       10001
        9990       10010
        9990       10109
        9991        9996
        9991        9997
        9991        9998
        9991       10000
        9991       10001
        9991       10010
        9991       10109
        9992        9994
        9992        9995
        9992        9999
        9993        9999
        9994        9996
        9994        9997
        9994        9998
        9999       10003
        9999       10004
        9999       10006
        9999       10013
        9999       10109
       10000       10002
       10000       10011
       10000       10012
       10001       10005
       10001       10007
       10001       10008
       10001       10009
       10001       10011
       10001       10012
       10001       10018
       10002       10010
       10002       10019
       10002       10020
       10003       10005
       10003       10007
       10003       10008
       10003       10009
       10003       10018
       10004       10007
       10004       10008
       10004       10009
       10004       10021
       10004       10022
       10004       10026
       10005       10006
       10005       10019
       10005       10020
       10006       10018
       10010       10014
       10010       10015
       10010       10016
       10011       10013
       10012       10013
       10014       10017
       10015       10017
       10018       10023
       10018       10024
       10018       10025
       10018       10027
       10018       10028
       10019       10021
       10019       10022
       10019       10026
       10020       10029
       10020       10030
       10021       10023
       10021       10024
       10021       10025
       10021       10027
       10021       10028
       10022       10027
       10022       10028
       10023       10026
       10024       10026
       10025       10026
       10026       10031
       10026       10032
       10026       10037
       10027       10029
       10027       10030
       10028       10033
       10028       10034
       10028       10038
       10028       10039
       10028       10040
       10029       10031
       10029       10032
       10029       10037
       10030       10035
       10030       10036
       10030       10041
       10030       10042
       10030       10043
       10031       10033
       10031       10034
       10031       10038
       10031       10039
       10031       10040
       10032       10038
       10032       10039
       10032       10040
       10033       10035
       10033       10036
       10033       10037
       10034       10037
       10037       10044
       10037       10045
       10038       10041
       10038       10042
       10038       10043
       10039       10041
       10039       10042
       10039       10043
       10040       10046
       10040       10047
       10041       10044
       10041       10045
       10042       10044
       10042       10045
       10043       10048
       10043       10049
       10043       10065
       10044       10046
       10044       10047
       10045       10050
       10045       10051
       10045       10052
       10045       10066
       10045       10067
       10046       10048
       10046       10049
       10046       10065
       10047       10053
       10047       10054
       10047       10055
       10047       10068
       10047       10069
       10048       10050
       10048       10051
       10048       10052
       10048       10066
       10048       10067
       10049       10056
       10049       10057
       10049       10058
       10049       10066
       10049       10067
       10050       10053
       10050       10054
       10050       10055
       10050       10065
       10051       10053
       10051       10054
       10051       10055
       10051       10065
       10052       10059
       10052       10060
       10052       10061
       10052       10065
       10053       10056
       10053       10057
       10053       10058
       10054       10056
       10054       10057
       10054       10058
       10055       10062
       10055       10063
       10055       10064
       10056       10059
       10056       10060
       10056       10061
       10057       10059
       10057       10060
       10057       10061
       10059       10062
       10059       10063
       10059       10064
       10060       10062
       10060       10063
       10060       10064
       10065       10070
       10065       10071
       10065       10075
       10066       10068
       10066       10069
       10067       10072
       10067       10073
       10067       10074
       10067       10076
       10067       10077
       10068       10070
       10068       10071
       10068       10075
       10069       10078
       10069       10079
       10070       10072
       10070       10073
       10070       10074
       10070       10076
       10070       10077
       10071       10076
       10071       10077
       10072       10075
       10073       10075
       10074       10075
       10075       10080
       10075       10081
       10075       10085
       10076       10078
       10076       10079
       10077       10082
       10077       10083
       10077       10084
       10077       10086
       10077       10087
       10078       10080
       10078       10081
       10078       10085
       10080       10082
       10080       10083
       10080       10084
       10080       10086
       10080       10087
       10081       10086
       10081       10087
       10082       10085
       10083       10085
       10084       10085
       10088       10091
       10088       10096
       10088       10097
       10088       10104
       10088       10105
       10088       10107
       10088       10110
       10088       10117
       10088       10130
       10088       10142
       10089       10090
       10089       10094
       10089       10095
       10089       10103
       10089       10141
       10090       10093
       10090       10104
       10090       10105
       10090       10114
       10090       10143
       10091       10103
       10091       10108
       10091       10109
       10091       10111
       10091       10112
       10091       10113
       10092       10094
       10092       10095
       10092       10103
       10092       10108
       10092       10109
       10092       10111
       10092       10112
       10092       10113
       10092       10141
       10093       10098
       10093       10099
       10093       10106
       10093       10108
       10093       10109
       10093       10141
       10094       10096
       10094       10097
       10094       10104
       10094       10105
       10094       10107
       10094       10143
       10095       10100
       10095       10101
       10095       10102
       10095       10104
       10095       10105
       10095       10107
       10095       10143
       10096       10098
       10096       10099
       10096       10103
       10097       10103
       10098       10100
       10098       10101
       10098       10102
       10103       10110
       10103       10143
       10104       10106
       10104       10108
       10104       10109
       10105       10108
       10105       10109
       10106       10107
       10107       10111
       10107       10112
       10107       10113
       10108       10110
       10109       10110
       10111       10114
       10112       10114
       10115       10118
       10115       10123
       10115       10124
       10115       10131
       10115       10132
       10115       10141
       10115       10144
       10116       10117
       10116       10121
       10116       10122
       10116       10130
       10117       10120
       10117       10131
       10117       10132
       10117       10148
       10118       10130
       10118       10142
       10118       10143
       10118       10145
       10118       10146
       10118       10147
       10119       10121
       10119       10122
       10119       10130
       10119       10142
       10119       10143
       10119       10145
       10119       10146
       10119       10147
       10120       10125
       10120       10126
       10120       10133
       10120       10142
       10120       10143
       10121       10123
       10121       10124
       10121       10131
       10121       10132
       10121       10141
       10122       10127
       10122       10128
       10122       10129
       10122       10131
       10122       10132
       10122       10141
       10123       10125
       10123       10126
       10123       10130
       10124       10130
       10125       10127
       10125       10128
       10125       10129
       10130       10134
       10130       10135
       10130       10137
       10130       10144
       10131       10133
       10131       10142
       10131       10143
       10132       10136
       10132       10138
       10132       10139
       10132       10140
       10132       10142
       10132       10143
       10132       10149
       10133       10141
       10133       10150
       10133       10151
       10134       10136
       10134       10138
       10134       10139
       10134       10140
       10134       10149
       10135       10138
       10135       10139
       10135       10140
       10135       10152
       10135       10153
       10135       10157
       10136       10137
       10136       10150
       10136       10151
       10137       10149
       10141       10145
       10141       10146
       10141       10147
       10142       10144
       10143       10144
       10145       10148
       10146       10148
       10149       10154
       10149       10155
       10149       10156
       10149       10158
       10149       10159
       10150       10152
       10150       10153
       10150       10157
       10151       10160
       10151       10161
       10152       10154
       10152       10155
       10152       10156
       10152       10158
       10152       10159
       10153       10158
       10153       10159
       10154       10157
       10155       10157
       10156       10157
       10157       10162
       10157       10163
       10157       10168
       10158       10160
       10158       10161
       10159       10164
       10159       10165
       10159       10169
       10159       10170
       10159       10171
       10160       10162
       10160       10163
       10160       10168
       10161       10166
       10161       10167
       10161       10172
       10161       10173
       10161       10174
       10162       10164
       10162       10165
       10162       10169
       10162       10170
       10162       10171
       10163       10169
       10163       10170
       10163       10171
       10164       10166
       10164       10167
       10164       10168
       10165       10168
       10168       10175
       10168       10176
       10169       10172
       10169       10173
       10169       10174
       10170       10172
       10170       10173
       10170       10174
       10171       10177
       10171       10178
       10172       10175
       10172       10176
       10173       10175
       10173       10176
       10174       10179
       10174       10180
       10174       10196
       10175       10177
       10175       10178
       10176       10181
       10176       10182
       10176       10183
       10176       10197
       10176       10198
       10177       10179
       10177       10180
       10177       10196
       10178       10184
       10178       10185
       10178       10186
       10178       10199
       10178       10200
       10179       10181
       10179       10182
       10179       10183
       10179       10197
       10179       10198
       10180       10187
       10180       10188
       10180       10189
       10180       10197
       10180       10198
       10181       10184
       10181       10185
       10181       10186
       10181       10196
       10182       10184
       10182       10185
       10182       10186
       10182       10196
       10183       10190
       10183       10191
       10183       10192
       10183       10196
       10184       10187
       10184       10188
       10184       10189
       10185       10187
       10185       10188
       10185       10189
       10186       10193
       10186       10194
       10186       10195
       10187       10190
       10187       10191
       10187       10192
       10188       10190
       10188       10191
       10188       10192
       10190       10193
       10190       10194
       10190       10195
       10191       10193
       10191       10194
       10191       10195
       10196       10201
       10196       10202
       10196       10206
       10197       10199
       10197       10200
       10198       10203
       10198       10204
       10198       10205
       10198       10207
       10198       10208
       10199       10201
       10199       10202
       10199       10206
       10200       10209
       10200       10210
       10201       10203
       10201       10204
       10201       10205
       10201       10207
       10201       10208
       10202       10207
       10202       10208
       10203       10206
       10204       10206
       10205       10206
       10206       10211
       10206       10212
       10206       10216
       10207       10209
       10207       10210
       10208       10213
       10208       10214
       10208       10215
       10208       10217
       10208       10218
       10209       10211
       10209       10212
       10209       10216
       10211       10213
       10211       10214
       10211       10215
       10211       10217
       10211       10218
       10212       10217
       10212       10218
       10213       10216
       10214       10216
       10215       10216
       10219       10222
       10219       10227
       10219       10228
       10219       10235
       10219       10236
       10219       10238
       10219       10241
       10219       10248
       10219       10261
       10219       10273
       10220       10221
       10220       10225
       10220       10226
       10220       10234
       10220       10272
       10221       10224
       10221       10235
       10221       10236
       10221       10245
       10221       10274
       10221       11818
       10222       10234
       10222       10239
       10222       10240
       10222       10242
       10222       10243
       10222       10244
       10223       10225
       10223       10226
       10223       10234
       10223       10239
       10223       10240
       10223       10242
       10223       10243
       10223       10244
       10223       10272
       10224       10229
       10224       10230
       10224       10237
       10224       10239
       10224       10240
       10224       10272
       10225       10227
       10225       10228
       10225       10235
       10225       10236
       10225       10238
       10225       10274
       10226       10231
       10226       10232
       10226       10233
       10226       10235
       10226       10236
       10226       10238
       10226       10274
       10227       10229
       10227       10230
       10227       10234
       10228       10234
       10229       10231
       10229       10232
       10229       10233
       10234       10241
       10234       10274
       10234       11818
       10235       10237
       10235       10239
       10235       10240
       10236       10239
       10236       10240
       10237       10238
       10238       10242
       10238       10243
       10238       10244
       10238       11819
       10238       11822
       10238       11823
       10239       10241
       10239       11818
       10240       10241
       10240       11820
       10240       11824
       10240       11825
       10240       11833
       10242       10245
       10243       10245
       10246       10249
       10246       10254
       10246       10255
       10246       10262
       10246       10263
       10246       10272
       10246       10275
       10246       10352
       10246       10365
       10246       10370
       10247       10248
       10247       10252
       10247       10253
       10247       10261
       10247       10369
       10248       10251
       10248       10262
       10248       10263
       10248       10279
       10248       10371
       10249       10261
       10249       10273
       10249       10274
       10249       10276
       10249       10277
       10249       10278
       10250       10252
       10250       10253
       10250       10261
       10250       10273
       10250       10274
       10250       10276
       10250       10277
       10250       10278
       10250       10369
       10251       10256
       10251       10257
       10251       10264
       10251       10273
       10251       10274
       10251       10369
       10252       10254
       10252       10255
       10252       10262
       10252       10263
       10252       10272
       10252       10371
       10253       10258
       10253       10259
       10253       10260
       10253       10262
       10253       10263
       10253       10272
       10253       10371
       10254       10256
       10254       10257
       10254       10261
       10255       10261
       10256       10258
       10256       10259
       10256       10260
       10261       10265
       10261       10266
       10261       10268
       10261       10275
       10261       10371
       10262       10264
       10262       10273
       10262       10274
       10263       10267
       10263       10269
       10263       10270
       10263       10271
       10263       10273
       10263       10274
       10263       10280
       10264       10272
       10264       10281
       10264       10282
       10265       10267
       10265       10269
       10265       10270
       10265       10271
       10265       10280
       10266       10269
       10266       10270
       10266       10271
       10266       10283
       10266       10284
       10266       10288
       10267       10268
       10267       10281
       10267       10282
       10268       10280
       10272       10276
       10272       10277
       10272       10278
       10273       10275
       10274       10275
       10276       10279
       10277       10279
       10280       10285
       10280       10286
       10280       10287
       10280       10289
       10280       10290
       10281       10283
       10281       10284
       10281       10288
       10282       10291
       10282       10292
       10283       10285
       10283       10286
       10283       10287
       10283       10289
       10283       10290
       10284       10289
       10284       10290
       10285       10288
       10286       10288
       10287       10288
       10288       10293
       10288       10294
       10288       10299
       10289       10291
       10289       10292
       10290       10295
       10290       10296
       10290       10300
       10290       10301
       10290       10302
       10291       10293
       10291       10294
       10291       10299
       10292       10297
       10292       10298
       10292       10303
       10292       10304
       10292       10305
       10293       10295
       10293       10296
       10293       10300
       10293       10301
       10293       10302
       10294       10300
       10294       10301
       10294       10302
       10295       10297
       10295       10298
       10295       10299
       10296       10299
       10299       10306
       10299       10307
       10300       10303
       10300       10304
       10300       10305
       10301       10303
       10301       10304
       10301       10305
       10302       10308
       10302       10309
       10303       10306
       10303       10307
       10304       10306
       10304       10307
       10305       10310
       10305       10311
       10305       10327
       10306       10308
       10306       10309
       10307       10312
       10307       10313
       10307       10314
       10307       10328
       10307       10329
       10308       10310
       10308       10311
       10308       10327
       10309       10315
       10309       10316
       10309       10317
       10309       10330
       10309       10331
       10310       10312
       10310       10313
       10310       10314
       10310       10328
       10310       10329
       10311       10318
       10311       10319
       10311       10320
       10311       10328
       10311       10329
       10312       10315
       10312       10316
       10312       10317
       10312       10327
       10313       10315
       10313       10316
       10313       10317
       10313       10327
       10314       10321
       10314       10322
       10314       10323
       10314       10327
       10315       10318
       10315       10319
       10315       10320
       10316       10318
       10316       10319
       10316       10320
       10317       10324
       10317       10325
       10317       10326
       10318       10321
       10318       10322
       10318       10323
       10319       10321
       10319       10322
       10319       10323
       10321       10324
       10321       10325
       10321       10326
       10322       10324
       10322       10325
       10322       10326
       10327       10332
       10327       10333
       10327       10337
       10328       10330
       10328       10331
       10329       10334
       10329       10335
       10329       10336
       10329       10338
       10329       10339
       10330       10332
       10330       10333
       10330       10337
       10331       10340
       10331       10341
       10332       10334
       10332       10335
       10332       10336
       10332       10338
       10332       10339
       10333       10338
       10333       10339
       10334       10337
       10335       10337
       10336       10337
       10337       10342
       10337       10343
       10337       10347
       10338       10340
       10338       10341
       10339       10344
       10339       10345
       10339       10346
       10339       10348
       10339       10349
       10340       10342
       10340       10343
       10340       10347
       10342       10344
       10342       10345
       10342       10346
       10342       10348
       10342       10349
       10343       10348
       10343       10349
       10344       10347
       10345       10347
       10346       10347
       10350       10353
       10350       10358
       10350       10359
       10350       10366
       10350       10367
       10350       10369
       10350       10372
       10350       10379
       10350       10392
       10350       10404
       10351       10352
       10351       10356
       10351       10357
       10351       10365
       10351       10403
       10352       10355
       10352       10366
       10352       10367
       10352       10376
       10352       10405
       10353       10365
       10353       10370
       10353       10371
       10353       10373
       10353       10374
       10353       10375
       10354       10356
       10354       10357
       10354       10365
       10354       10370
       10354       10371
       10354       10373
       10354       10374
       10354       10375
       10354       10403
       10355       10360
       10355       10361
       10355       10368
       10355       10370
       10355       10371
       10355       10403
       10356       10358
       10356       10359
       10356       10366
       10356       10367
       10356       10369
       10356       10405
       10357       10362
       10357       10363
       10357       10364
       10357       10366
       10357       10367
       10357       10369
       10357       10405
       10358       10360
       10358       10361
       10358       10365
       10359       10365
       10360       10362
       10360       10363
       10360       10364
       10365       10372
       10365       10405
       10366       10368
       10366       10370
       10366       10371
       10367       10370
       10367       10371
       10368       10369
       10369       10373
       10369       10374
       10369       10375
       10370       10372
       10371       10372
       10373       10376
       10374       10376
       10377       10380
       10377       10385
       10377       10386
       10377       10393
       10377       10394
       10377       10403
       10377       10406
       10377       10483
       10377       10496
       10377       10501
       10378       10379
       10378       10383
       10378       10384
       10378       10392
       10378       10500
       10379       10382
       10379       10393
       10379       10394
       10379       10410
       10379       10502
       10380       10392
       10380       10404
       10380       10405
       10380       10407
       10380       10408
       10380       10409
       10381       10383
       10381       10384
       10381       10392
       10381       10404
       10381       10405
       10381       10407
       10381       10408
       10381       10409
       10381       10500
       10382       10387
       10382       10388
       10382       10395
       10382       10404
       10382       10405
       10382       10500
       10383       10385
       10383       10386
       10383       10393
       10383       10394
       10383       10403
       10383       10502
       10384       10389
       10384       10390
       10384       10391
       10384       10393
       10384       10394
       10384       10403
       10384       10502
       10385       10387
       10385       10388
       10385       10392
       10386       10392
       10387       10389
       10387       10390
       10387       10391
       10392       10396
       10392       10397
       10392       10399
       10392       10406
       10392       10502
       10393       10395
       10393       10404
       10393       10405
       10394       10398
       10394       10400
       10394       10401
       10394       10402
       10394       10404
       10394       10405
       10394       10411
       10395       10403
       10395       10412
       10395       10413
       10396       10398
       10396       10400
       10396       10401
       10396       10402
       10396       10411
       10397       10400
       10397       10401
       10397       10402
       10397       10414
       10397       10415
       10397       10419
       10398       10399
       10398       10412
       10398       10413
       10399       10411
       10403       10407
       10403       10408
       10403       10409
       10404       10406
       10405       10406
       10407       10410
       10408       10410
       10411       10416
       10411       10417
       10411       10418
       10411       10420
       10411       10421
       10412       10414
       10412       10415
       10412       10419
       10413       10422
       10413       10423
       10414       10416
       10414       10417
       10414       10418
       10414       10420
       10414       10421
       10415       10420
       10415       10421
       10416       10419
       10417       10419
       10418       10419
       10419       10424
       10419       10425
       10419       10430
       10420       10422
       10420       10423
       10421       10426
       10421       10427
       10421       10431
       10421       10432
       10421       10433
       10422       10424
       10422       10425
       10422       10430
       10423       10428
       10423       10429
       10423       10434
       10423       10435
       10423       10436
       10424       10426
       10424       10427
       10424       10431
       10424       10432
       10424       10433
       10425       10431
       10425       10432
       10425       10433
       10426       10428
       10426       10429
       10426       10430
       10427       10430
       10430       10437
       10430       10438
       10431       10434
       10431       10435
       10431       10436
       10432       10434
       10432       10435
       10432       10436
       10433       10439
       10433       10440
       10434       10437
       10434       10438
       10435       10437
       10435       10438
       10436       10441
       10436       10442
       10436       10458
       10437       10439
       10437       10440
       10438       10443
       10438       10444
       10438       10445
       10438       10459
       10438       10460
       10439       10441
       10439       10442
       10439       10458
       10440       10446
       10440       10447
       10440       10448
       10440       10461
       10440       10462
       10441       10443
       10441       10444
       10441       10445
       10441       10459
       10441       10460
       10442       10449
       10442       10450
       10442       10451
       10442       10459
       10442       10460
       10443       10446
       10443       10447
       10443       10448
       10443       10458
       10444       10446
       10444       10447
       10444       10448
       10444       10458
       10445       10452
       10445       10453
       10445       10454
       10445       10458
       10446       10449
       10446       10450
       10446       10451
       10447       10449
       10447       10450
       10447       10451
       10448       10455
       10448       10456
       10448       10457
       10449       10452
       10449       10453
       10449       10454
       10450       10452
       10450       10453
       10450       10454
       10452       10455
       10452       10456
       10452       10457
       10453       10455
       10453       10456
       10453       10457
       10458       10463
       10458       10464
       10458       10468
       10459       10461
       10459       10462
       10460       10465
       10460       10466
       10460       10467
       10460       10469
       10460       10470
       10461       10463
       10461       10464
       10461       10468
       10462       10471
       10462       10472
       10463       10465
       10463       10466
       10463       10467
       10463       10469
       10463       10470
       10464       10469
       10464       10470
       10465       10468
       10466       10468
       10467       10468
       10468       10473
       10468       10474
       10468       10478
       10469       10471
       10469       10472
       10470       10475
       10470       10476
       10470       10477
       10470       10479
       10470       10480
       10471       10473
       10471       10474
       10471       10478
       10473       10475
       10473       10476
       10473       10477
       10473       10479
       10473       10480
       10474       10479
       10474       10480
       10475       10478
       10476       10478
       10477       10478
       10481       10484
       10481       10489
       10481       10490
       10481       10497
       10481       10498
       10481       10500
       10481       10503
       10481       10510
       10481       10523
       10481       10535
       10482       10483
       10482       10487
       10482       10488
       10482       10496
       10482       10534
       10483       10486
       10483       10497
       10483       10498
       10483       10507
       10483       10536
       10484       10496
       10484       10501
       10484       10502
       10484       10504
       10484       10505
       10484       10506
       10485       10487
       10485       10488
       10485       10496
       10485       10501
       10485       10502
       10485       10504
       10485       10505
       10485       10506
       10485       10534
       10486       10491
       10486       10492
       10486       10499
       10486       10501
       10486       10502
       10486       10534
       10487       10489
       10487       10490
       10487       10497
       10487       10498
       10487       10500
       10487       10536
       10488       10493
       10488       10494
       10488       10495
       10488       10497
       10488       10498
       10488       10500
       10488       10536
       10489       10491
       10489       10492
       10489       10496
       10490       10496
       10491       10493
       10491       10494
       10491       10495
       10496       10503
       10496       10536
       10497       10499
       10497       10501
       10497       10502
       10498       10501
       10498       10502
       10499       10500
       10500       10504
       10500       10505
       10500       10506
       10501       10503
       10502       10503
       10504       10507
       10505       10507
       10508       10511
       10508       10516
       10508       10517
       10508       10524
       10508       10525
       10508       10534
       10508       10537
       10508       10614
       10508       10627
       10508       10632
       10509       10510
       10509       10514
       10509       10515
       10509       10523
       10509       10631
       10510       10513
       10510       10524
       10510       10525
       10510       10541
       10510       10633
       10511       10523
       10511       10535
       10511       10536
       10511       10538
       10511       10539
       10511       10540
       10512       10514
       10512       10515
       10512       10523
       10512       10535
       10512       10536
       10512       10538
       10512       10539
       10512       10540
       10512       10631
       10513       10518
       10513       10519
       10513       10526
       10513       10535
       10513       10536
       10513       10631
       10514       10516
       10514       10517
       10514       10524
       10514       10525
       10514       10534
       10514       10633
       10515       10520
       10515       10521
       10515       10522
       10515       10524
       10515       10525
       10515       10534
       10515       10633
       10516       10518
       10516       10519
       10516       10523
       10517       10523
       10518       10520
       10518       10521
       10518       10522
       10523       10527
       10523       10528
       10523       10530
       10523       10537
       10523       10633
       10524       10526
       10524       10535
       10524       10536
       10525       10529
       10525       10531
       10525       10532
       10525       10533
       10525       10535
       10525       10536
       10525       10542
       10526       10534
       10526       10543
       10526       10544
       10527       10529
       10527       10531
       10527       10532
       10527       10533
       10527       10542
       10528       10531
       10528       10532
       10528       10533
       10528       10545
       10528       10546
       10528       10550
       10529       10530
       10529       10543
       10529       10544
       10530       10542
       10534       10538
       10534       10539
       10534       10540
       10535       10537
       10536       10537
       10538       10541
       10539       10541
       10542       10547
       10542       10548
       10542       10549
       10542       10551
       10542       10552
       10543       10545
       10543       10546
       10543       10550
       10544       10553
       10544       10554
       10545       10547
       10545       10548
       10545       10549
       10545       10551
       10545       10552
       10546       10551
       10546       10552
       10547       10550
       10548       10550
       10549       10550
       10550       10555
       10550       10556
       10550       10561
       10551       10553
       10551       10554
       10552       10557
       10552       10558
       10552       10562
       10552       10563
       10552       10564
       10553       10555
       10553       10556
       10553       10561
       10554       10559
       10554       10560
       10554       10565
       10554       10566
       10554       10567
       10555       10557
       10555       10558
       10555       10562
       10555       10563
       10555       10564
       10556       10562
       10556       10563
       10556       10564
       10557       10559
       10557       10560
       10557       10561
       10558       10561
       10561       10568
       10561       10569
       10562       10565
       10562       10566
       10562       10567
       10563       10565
       10563       10566
       10563       10567
       10564       10570
       10564       10571
       10565       10568
       10565       10569
       10566       10568
       10566       10569
       10567       10572
       10567       10573
       10567       10589
       10568       10570
       10568       10571
       10569       10574
       10569       10575
       10569       10576
       10569       10590
       10569       10591
       10570       10572
       10570       10573
       10570       10589
       10571       10577
       10571       10578
       10571       10579
       10571       10592
       10571       10593
       10572       10574
       10572       10575
       10572       10576
       10572       10590
       10572       10591
       10573       10580
       10573       10581
       10573       10582
       10573       10590
       10573       10591
       10574       10577
       10574       10578
       10574       10579
       10574       10589
       10575       10577
       10575       10578
       10575       10579
       10575       10589
       10576       10583
       10576       10584
       10576       10585
       10576       10589
       10577       10580
       10577       10581
       10577       10582
       10578       10580
       10578       10581
       10578       10582
       10579       10586
       10579       10587
       10579       10588
       10580       10583
       10580       10584
       10580       10585
       10581       10583
       10581       10584
       10581       10585
       10583       10586
       10583       10587
       10583       10588
       10584       10586
       10584       10587
       10584       10588
       10589       10594
       10589       10595
       10589       10599
       10590       10592
       10590       10593
       10591       10596
       10591       10597
       10591       10598
       10591       10600
       10591       10601
       10592       10594
       10592       10595
       10592       10599
       10593       10602
       10593       10603
       10594       10596
       10594       10597
       10594       10598
       10594       10600
       10594       10601
       10595       10600
       10595       10601
       10596       10599
       10597       10599
       10598       10599
       10599       10604
       10599       10605
       10599       10609
       10600       10602
       10600       10603
       10601       10606
       10601       10607
       10601       10608
       10601       10610
       10601       10611
       10602       10604
       10602       10605
       10602       10609
       10604       10606
       10604       10607
       10604       10608
       10604       10610
       10604       10611
       10605       10610
       10605       10611
       10606       10609
       10607       10609
       10608       10609
       10612       10615
       10612       10620
       10612       10621
       10612       10628
       10612       10629
       10612       10631
       10612       10634
       10612       10641
       10612       10654
       10612       10666
       10613       10614
       10613       10618
       10613       10619
       10613       10627
       10613       10665
       10614       10617
       10614       10628
       10614       10629
       10614       10638
       10614       10667
       10615       10627
       10615       10632
       10615       10633
       10615       10635
       10615       10636
       10615       10637
       10616       10618
       10616       10619
       10616       10627
       10616       10632
       10616       10633
       10616       10635
       10616       10636
       10616       10637
       10616       10665
       10617       10622
       10617       10623
       10617       10630
       10617       10632
       10617       10633
       10617       10665
       10618       10620
       10618       10621
       10618       10628
       10618       10629
       10618       10631
       10618       10667
       10619       10624
       10619       10625
       10619       10626
       10619       10628
       10619       10629
       10619       10631
       10619       10667
       10620       10622
       10620       10623
       10620       10627
       10621       10627
       10622       10624
       10622       10625
       10622       10626
       10627       10634
       10627       10667
       10628       10630
       10628       10632
       10628       10633
       10629       10632
       10629       10633
       10630       10631
       10631       10635
       10631       10636
       10631       10637
       10632       10634
       10633       10634
       10635       10638
       10636       10638
       10639       10642
       10639       10647
       10639       10648
       10639       10655
       10639       10656
       10639       10665
       10639       10668
       10639       10745
       10639       10758
       10639       10763
       10640       10641
       10640       10645
       10640       10646
       10640       10654
       10640       10762
       10641       10644
       10641       10655
       10641       10656
       10641       10672
       10641       10764
       10642       10654
       10642       10666
       10642       10667
       10642       10669
       10642       10670
       10642       10671
       10643       10645
       10643       10646
       10643       10654
       10643       10666
       10643       10667
       10643       10669
       10643       10670
       10643       10671
       10643       10762
       10644       10649
       10644       10650
       10644       10657
       10644       10666
       10644       10667
       10644       10762
       10645       10647
       10645       10648
       10645       10655
       10645       10656
       10645       10665
       10645       10764
       10646       10651
       10646       10652
       10646       10653
       10646       10655
       10646       10656
       10646       10665
       10646       10764
       10647       10649
       10647       10650
       10647       10654
       10648       10654
       10649       10651
       10649       10652
       10649       10653
       10654       10658
       10654       10659
       10654       10661
       10654       10668
       10654       10764
       10655       10657
       10655       10666
       10655       10667
       10656       10660
       10656       10662
       10656       10663
       10656       10664
       10656       10666
       10656       10667
       10656       10673
       10657       10665
       10657       10674
       10657       10675
       10658       10660
       10658       10662
       10658       10663
       10658       10664
       10658       10673
       10659       10662
       10659       10663
       10659       10664
       10659       10676
       10659       10677
       10659       10681
       10660       10661
       10660       10674
       10660       10675
       10661       10673
       10665       10669
       10665       10670
       10665       10671
       10666       10668
       10667       10668
       10669       10672
       10670       10672
       10673       10678
       10673       10679
       10673       10680
       10673       10682
       10673       10683
       10674       10676
       10674       10677
       10674       10681
       10675       10684
       10675       10685
       10676       10678
       10676       10679
       10676       10680
       10676       10682
       10676       10683
       10677       10682
       10677       10683
       10678       10681
       10679       10681
       10680       10681
       10681       10686
       10681       10687
       10681       10692
       10682       10684
       10682       10685
       10683       10688
       10683       10689
       10683       10693
       10683       10694
       10683       10695
       10684       10686
       10684       10687
       10684       10692
       10685       10690
       10685       10691
       10685       10696
       10685       10697
       10685       10698
       10686       10688
       10686       10689
       10686       10693
       10686       10694
       10686       10695
       10687       10693
       10687       10694
       10687       10695
       10688       10690
       10688       10691
       10688       10692
       10689       10692
       10692       10699
       10692       10700
       10693       10696
       10693       10697
       10693       10698
       10694       10696
       10694       10697
       10694       10698
       10695       10701
       10695       10702
       10696       10699
       10696       10700
       10697       10699
       10697       10700
       10698       10703
       10698       10704
       10698       10720
       10699       10701
       10699       10702
       10700       10705
       10700       10706
       10700       10707
       10700       10721
       10700       10722
       10701       10703
       10701       10704
       10701       10720
       10702       10708
       10702       10709
       10702       10710
       10702       10723
       10702       10724
       10703       10705
       10703       10706
       10703       10707
       10703       10721
       10703       10722
       10704       10711
       10704       10712
       10704       10713
       10704       10721
       10704       10722
       10705       10708
       10705       10709
       10705       10710
       10705       10720
       10706       10708
       10706       10709
       10706       10710
       10706       10720
       10707       10714
       10707       10715
       10707       10716
       10707       10720
       10708       10711
       10708       10712
       10708       10713
       10709       10711
       10709       10712
       10709       10713
       10710       10717
       10710       10718
       10710       10719
       10711       10714
       10711       10715
       10711       10716
       10712       10714
       10712       10715
       10712       10716
       10714       10717
       10714       10718
       10714       10719
       10715       10717
       10715       10718
       10715       10719
       10720       10725
       10720       10726
       10720       10730
       10721       10723
       10721       10724
       10722       10727
       10722       10728
       10722       10729
       10722       10731
       10722       10732
       10723       10725
       10723       10726
       10723       10730
       10724       10733
       10724       10734
       10725       10727
       10725       10728
       10725       10729
       10725       10731
       10725       10732
       10726       10731
       10726       10732
       10727       10730
       10728       10730
       10729       10730
       10730       10735
       10730       10736
       10730       10740
       10731       10733
       10731       10734
       10732       10737
       10732       10738
       10732       10739
       10732       10741
       10732       10742
       10733       10735
       10733       10736
       10733       10740
       10735       10737
       10735       10738
       10735       10739
       10735       10741
       10735       10742
       10736       10741
       10736       10742
       10737       10740
       10738       10740
       10739       10740
       10743       10746
       10743       10751
       10743       10752
       10743       10759
       10743       10760
       10743       10762
       10743       10765
       10743       10772
       10743       10785
       10743       10797
       10744       10745
       10744       10749
       10744       10750
       10744       10758
       10744       10796
       10745       10748
       10745       10759
       10745       10760
       10745       10769
       10745       10798
       10746       10758
       10746       10763
       10746       10764
       10746       10766
       10746       10767
       10746       10768
       10747       10749
       10747       10750
       10747       10758
       10747       10763
       10747       10764
       10747       10766
       10747       10767
       10747       10768
       10747       10796
       10748       10753
       10748       10754
       10748       10761
       10748       10763
       10748       10764
       10748       10796
       10749       10751
       10749       10752
       10749       10759
       10749       10760
       10749       10762
       10749       10798
       10750       10755
       10750       10756
       10750       10757
       10750       10759
       10750       10760
       10750       10762
       10750       10798
       10751       10753
       10751       10754
       10751       10758
       10752       10758
       10753       10755
       10753       10756
       10753       10757
       10758       10765
       10758       10798
       10759       10761
       10759       10763
       10759       10764
       10760       10763
       10760       10764
       10761       10762
       10762       10766
       10762       10767
       10762       10768
       10763       10765
       10764       10765
       10766       10769
       10767       10769
       10770       10773
       10770       10778
       10770       10779
       10770       10786
       10770       10787
       10770       10796
       10770       10799
       10770       10876
       10770       10889
       10770       10894
       10771       10772
       10771       10776
       10771       10777
       10771       10785
       10771       10893
       10772       10775
       10772       10786
       10772       10787
       10772       10803
       10772       10895
       10773       10785
       10773       10797
       10773       10798
       10773       10800
       10773       10801
       10773       10802
       10774       10776
       10774       10777
       10774       10785
       10774       10797
       10774       10798
       10774       10800
       10774       10801
       10774       10802
       10774       10893
       10775       10780
       10775       10781
       10775       10788
       10775       10797
       10775       10798
       10775       10893
       10776       10778
       10776       10779
       10776       10786
       10776       10787
       10776       10796
       10776       10895
       10777       10782
       10777       10783
       10777       10784
       10777       10786
       10777       10787
       10777       10796
       10777       10895
       10778       10780
       10778       10781
       10778       10785
       10779       10785
       10780       10782
       10780       10783
       10780       10784
       10785       10789
       10785       10790
       10785       10792
       10785       10799
       10785       10895
       10786       10788
       10786       10797
       10786       10798
       10787       10791
       10787       10793
       10787       10794
       10787       10795
       10787       10797
       10787       10798
       10787       10804
       10788       10796
       10788       10805
       10788       10806
       10789       10791
       10789       10793
       10789       10794
       10789       10795
       10789       10804
       10790       10793
       10790       10794
       10790       10795
       10790       10807
       10790       10808
       10790       10812
       10791       10792
       10791       10805
       10791       10806
       10792       10804
       10796       10800
       10796       10801
       10796       10802
       10797       10799
       10798       10799
       10800       10803
       10801       10803
       10804       10809
       10804       10810
       10804       10811
       10804       10813
       10804       10814
       10805       10807
       10805       10808
       10805       10812
       10806       10815
       10806       10816
       10807       10809
       10807       10810
       10807       10811
       10807       10813
       10807       10814
       10808       10813
       10808       10814
       10809       10812
       10810       10812
       10811       10812
       10812       10817
       10812       10818
       10812       10823
       10813       10815
       10813       10816
       10814       10819
       10814       10820
       10814       10824
       10814       10825
       10814       10826
       10815       10817
       10815       10818
       10815       10823
       10816       10821
       10816       10822
       10816       10827
       10816       10828
       10816       10829
       10817       10819
       10817       10820
       10817       10824
       10817       10825
       10817       10826
       10818       10824
       10818       10825
       10818       10826
       10819       10821
       10819       10822
       10819       10823
       10820       10823
       10823       10830
       10823       10831
       10824       10827
       10824       10828
       10824       10829
       10825       10827
       10825       10828
       10825       10829
       10826       10832
       10826       10833
       10827       10830
       10827       10831
       10828       10830
       10828       10831
       10829       10834
       10829       10835
       10829       10851
       10830       10832
       10830       10833
       10831       10836
       10831       10837
       10831       10838
       10831       10852
       10831       10853
       10832       10834
       10832       10835
       10832       10851
       10833       10839
       10833       10840
       10833       10841
       10833       10854
       10833       10855
       10834       10836
       10834       10837
       10834       10838
       10834       10852
       10834       10853
       10835       10842
       10835       10843
       10835       10844
       10835       10852
       10835       10853
       10836       10839
       10836       10840
       10836       10841
       10836       10851
       10837       10839
       10837       10840
       10837       10841
       10837       10851
       10838       10845
       10838       10846
       10838       10847
       10838       10851
       10839       10842
       10839       10843
       10839       10844
       10840       10842
       10840       10843
       10840       10844
       10841       10848
       10841       10849
       10841       10850
       10842       10845
       10842       10846
       10842       10847
       10843       10845
       10843       10846
       10843       10847
       10845       10848
       10845       10849
       10845       10850
       10846       10848
       10846       10849
       10846       10850
       10851       10856
       10851       10857
       10851       10861
       10852       10854
       10852       10855
       10853       10858
       10853       10859
       10853       10860
       10853       10862
       10853       10863
       10854       10856
       10854       10857
       10854       10861
       10855       10864
       10855       10865
       10856       10858
       10856       10859
       10856       10860
       10856       10862
       10856       10863
       10857       10862
       10857       10863
       10858       10861
       10859       10861
       10860       10861
       10861       10866
       10861       10867
       10861       10871
       10862       10864
       10862       10865
       10863       10868
       10863       10869
       10863       10870
       10863       10872
       10863       10873
       10864       10866
       10864       10867
       10864       10871
       10866       10868
       10866       10869
       10866       10870
       10866       10872
       10866       10873
       10867       10872
       10867       10873
       10868       10871
       10869       10871
       10870       10871
       10874       10877
       10874       10882
       10874       10883
       10874       10890
       10874       10891
       10874       10893
       10874       10896
       10874       10903
       10874       10916
       10874       10928
       10875       10876
       10875       10880
       10875       10881
       10875       10889
       10875       10927
       10876       10879
       10876       10890
       10876       10891
       10876       10900
       10876       10929
       10877       10889
       10877       10894
       10877       10895
       10877       10897
       10877       10898
       10877       10899
       10878       10880
       10878       10881
       10878       10889
       10878       10894
       10878       10895
       10878       10897
       10878       10898
       10878       10899
       10878       10927
       10879       10884
       10879       10885
       10879       10892
       10879       10894
       10879       10895
       10879       10927
       10880       10882
       10880       10883
       10880       10890
       10880       10891
       10880       10893
       10880       10929
       10881       10886
       10881       10887
       10881       10888
       10881       10890
       10881       10891
       10881       10893
       10881       10929
       10882       10884
       10882       10885
       10882       10889
       10883       10889
       10884       10886
       10884       10887
       10884       10888
       10889       10896
       10889       10929
       10890       10892
       10890       10894
       10890       10895
       10891       10894
       10891       10895
       10892       10893
       10893       10897
       10893       10898
       10893       10899
       10894       10896
       10895       10896
       10897       10900
       10898       10900
       10901       10904
       10901       10909
       10901       10910
       10901       10917
       10901       10918
       10901       10927
       10901       10930
       10901       11007
       10901       11020
       10901       11025
       10902       10903
       10902       10907
       10902       10908
       10902       10916
       10902       11024
       10903       10906
       10903       10917
       10903       10918
       10903       10934
       10903       11026
       10904       10916
       10904       10928
       10904       10929
       10904       10931
       10904       10932
       10904       10933
       10905       10907
       10905       10908
       10905       10916
       10905       10928
       10905       10929
       10905       10931
       10905       10932
       10905       10933
       10905       11024
       10906       10911
       10906       10912
       10906       10919
       10906       10928
       10906       10929
       10906       11024
       10907       10909
       10907       10910
       10907       10917
       10907       10918
       10907       10927
       10907       11026
       10908       10913
       10908       10914
       10908       10915
       10908       10917
       10908       10918
       10908       10927
       10908       11026
       10909       10911
       10909       10912
       10909       10916
       10910       10916
       10911       10913
       10911       10914
       10911       10915
       10916       10920
       10916       10921
       10916       10923
       10916       10930
       10916       11026
       10917       10919
       10917       10928
       10917       10929
       10918       10922
       10918       10924
       10918       10925
       10918       10926
       10918       10928
       10918       10929
       10918       10935
       10919       10927
       10919       10936
       10919       10937
       10920       10922
       10920       10924
       10920       10925
       10920       10926
       10920       10935
       10921       10924
       10921       10925
       10921       10926
       10921       10938
       10921       10939
       10921       10943
       10922       10923
       10922       10936
       10922       10937
       10923       10935
       10927       10931
       10927       10932
       10927       10933
       10928       10930
       10929       10930
       10931       10934
       10932       10934
       10935       10940
       10935       10941
       10935       10942
       10935       10944
       10935       10945
       10936       10938
       10936       10939
       10936       10943
       10937       10946
       10937       10947
       10938       10940
       10938       10941
       10938       10942
       10938       10944
       10938       10945
       10939       10944
       10939       10945
       10940       10943
       10941       10943
       10942       10943
       10943       10948
       10943       10949
       10943       10954
       10944       10946
       10944       10947
       10945       10950
       10945       10951
       10945       10955
       10945       10956
       10945       10957
       10946       10948
       10946       10949
       10946       10954
       10947       10952
       10947       10953
       10947       10958
       10947       10959
       10947       10960
       10948       10950
       10948       10951
       10948       10955
       10948       10956
       10948       10957
       10949       10955
       10949       10956
       10949       10957
       10950       10952
       10950       10953
       10950       10954
       10951       10954
       10954       10961
       10954       10962
       10955       10958
       10955       10959
       10955       10960
       10956       10958
       10956       10959
       10956       10960
       10957       10963
       10957       10964
       10958       10961
       10958       10962
       10959       10961
       10959       10962
       10960       10965
       10960       10966
       10960       10982
       10961       10963
       10961       10964
       10962       10967
       10962       10968
       10962       10969
       10962       10983
       10962       10984
       10963       10965
       10963       10966
       10963       10982
       10964       10970
       10964       10971
       10964       10972
       10964       10985
       10964       10986
       10965       10967
       10965       10968
       10965       10969
       10965       10983
       10965       10984
       10966       10973
       10966       10974
       10966       10975
       10966       10983
       10966       10984
       10967       10970
       10967       10971
       10967       10972
       10967       10982
       10968       10970
       10968       10971
       10968       10972
       10968       10982
       10969       10976
       10969       10977
       10969       10978
       10969       10982
       10970       10973
       10970       10974
       10970       10975
       10971       10973
       10971       10974
       10971       10975
       10972       10979
       10972       10980
       10972       10981
       10973       10976
       10973       10977
       10973       10978
       10974       10976
       10974       10977
       10974       10978
       10976       10979
       10976       10980
       10976       10981
       10977       10979
       10977       10980
       10977       10981
       10982       10987
       10982       10988
       10982       10992
       10983       10985
       10983       10986
       10984       10989
       10984       10990
       10984       10991
       10984       10993
       10984       10994
       10985       10987
       10985       10988
       10985       10992
       10986       10995
       10986       10996
       10987       10989
       10987       10990
       10987       10991
       10987       10993
       10987       10994
       10988       10993
       10988       10994
       10989       10992
       10990       10992
       10991       10992
       10992       10997
       10992       10998
       10992       11002
       10993       10995
       10993       10996
       10994       10999
       10994       11000
       10994       11001
       10994       11003
       10994       11004
       10995       10997
       10995       10998
       10995       11002
       10997       10999
       10997       11000
       10997       11001
       10997       11003
       10997       11004
       10998       11003
       10998       11004
       10999       11002
       11000       11002
       11001       11002
       11005       11008
       11005       11013
       11005       11014
       11005       11021
       11005       11022
       11005       11024
       11005       11027
       11005       11034
       11005       11047
       11005       11059
       11006       11007
       11006       11011
       11006       11012
       11006       11020
       11006       11058
       11007       11010
       11007       11021
       11007       11022
       11007       11031
       11007       11060
       11008       11020
       11008       11025
       11008       11026
       11008       11028
       11008       11029
       11008       11030
       11009       11011
       11009       11012
       11009       11020
       11009       11025
       11009       11026
       11009       11028
       11009       11029
       11009       11030
       11009       11058
       11010       11015
       11010       11016
       11010       11023
       11010       11025
       11010       11026
       11010       11058
       11011       11013
       11011       11014
       11011       11021
       11011       11022
       11011       11024
       11011       11060
       11012       11017
       11012       11018
       11012       11019
       11012       11021
       11012       11022
       11012       11024
       11012       11060
       11013       11015
       11013       11016
       11013       11020
       11014       11020
       11015       11017
       11015       11018
       11015       11019
       11020       11027
       11020       11060
       11021       11023
       11021       11025
       11021       11026
       11022       11025
       11022       11026
       11023       11024
       11024       11028
       11024       11029
       11024       11030
       11025       11027
       11026       11027
       11028       11031
       11029       11031
       11032       11035
       11032       11040
       11032       11041
       11032       11048
       11032       11049
       11032       11058
       11032       11061
       11032       11138
       11032       11151
       11032       11156
       11033       11034
       11033       11038
       11033       11039
       11033       11047
       11033       11155
       11034       11037
       11034       11048
       11034       11049
       11034       11065
       11034       11157
       11035       11047
       11035       11059
       11035       11060
       11035       11062
       11035       11063
       11035       11064
       11036       11038
       11036       11039
       11036       11047
       11036       11059
       11036       11060
       11036       11062
       11036       11063
       11036       11064
       11036       11155
       11037       11042
       11037       11043
       11037       11050
       11037       11059
       11037       11060
       11037       11155
       11038       11040
       11038       11041
       11038       11048
       11038       11049
       11038       11058
       11038       11157
       11039       11044
       11039       11045
       11039       11046
       11039       11048
       11039       11049
       11039       11058
       11039       11157
       11040       11042
       11040       11043
       11040       11047
       11041       11047
       11042       11044
       11042       11045
       11042       11046
       11047       11051
       11047       11052
       11047       11054
       11047       11061
       11047       11157
       11048       11050
       11048       11059
       11048       11060
       11049       11053
       11049       11055
       11049       11056
       11049       11057
       11049       11059
       11049       11060
       11049       11066
       11050       11058
       11050       11067
       11050       11068
       11051       11053
       11051       11055
       11051       11056
       11051       11057
       11051       11066
       11052       11055
       11052       11056
       11052       11057
       11052       11069
       11052       11070
       11052       11074
       11053       11054
       11053       11067
       11053       11068
       11054       11066
       11058       11062
       11058       11063
       11058       11064
       11059       11061
       11060       11061
       11062       11065
       11063       11065
       11066       11071
       11066       11072
       11066       11073
       11066       11075
       11066       11076
       11067       11069
       11067       11070
       11067       11074
       11068       11077
       11068       11078
       11069       11071
       11069       11072
       11069       11073
       11069       11075
       11069       11076
       11070       11075
       11070       11076
       11071       11074
       11072       11074
       11073       11074
       11074       11079
       11074       11080
       11074       11085
       11075       11077
       11075       11078
       11076       11081
       11076       11082
       11076       11086
       11076       11087
       11076       11088
       11077       11079
       11077       11080
       11077       11085
       11078       11083
       11078       11084
       11078       11089
       11078       11090
       11078       11091
       11079       11081
       11079       11082
       11079       11086
       11079       11087
       11079       11088
       11080       11086
       11080       11087
       11080       11088
       11081       11083
       11081       11084
       11081       11085
       11082       11085
       11085       11092
       11085       11093
       11086       11089
       11086       11090
       11086       11091
       11087       11089
       11087       11090
       11087       11091
       11088       11094
       11088       11095
       11089       11092
       11089       11093
       11090       11092
       11090       11093
       11091       11096
       11091       11097
       11091       11113
       11092       11094
       11092       11095
       11093       11098
       11093       11099
       11093       11100
       11093       11114
       11093       11115
       11094       11096
       11094       11097
       11094       11113
       11095       11101
       11095       11102
       11095       11103
       11095       11116
       11095       11117
       11096       11098
       11096       11099
       11096       11100
       11096       11114
       11096       11115
       11097       11104
       11097       11105
       11097       11106
       11097       11114
       11097       11115
       11098       11101
       11098       11102
       11098       11103
       11098       11113
       11099       11101
       11099       11102
       11099       11103
       11099       11113
       11100       11107
       11100       11108
       11100       11109
       11100       11113
       11101       11104
       11101       11105
       11101       11106
       11102       11104
       11102       11105
       11102       11106
       11103       11110
       11103       11111
       11103       11112
       11104       11107
       11104       11108
       11104       11109
       11105       11107
       11105       11108
       11105       11109
       11107       11110
       11107       11111
       11107       11112
       11108       11110
       11108       11111
       11108       11112
       11113       11118
       11113       11119
       11113       11123
       11114       11116
       11114       11117
       11115       11120
       11115       11121
       11115       11122
       11115       11124
       11115       11125
       11116       11118
       11116       11119
       11116       11123
       11117       11126
       11117       11127
       11118       11120
       11118       11121
       11118       11122
       11118       11124
       11118       11125
       11119       11124
       11119       11125
       11120       11123
       11121       11123
       11122       11123
       11123       11128
       11123       11129
       11123       11133
       11124       11126
       11124       11127
       11125       11130
       11125       11131
       11125       11132
       11125       11134
       11125       11135
       11126       11128
       11126       11129
       11126       11133
       11128       11130
       11128       11131
       11128       11132
       11128       11134
       11128       11135
       11129       11134
       11129       11135
       11130       11133
       11131       11133
       11132       11133
       11136       11139
       11136       11144
       11136       11145
       11136       11152
       11136       11153
       11136       11155
       11136       11158
       11136       11165
       11136       11178
       11136       11190
       11137       11138
       11137       11142
       11137       11143
       11137       11151
       11137       11189
       11138       11141
       11138       11152
       11138       11153
       11138       11162
       11138       11191
       11139       11151
       11139       11156
       11139       11157
       11139       11159
       11139       11160
       11139       11161
       11140       11142
       11140       11143
       11140       11151
       11140       11156
       11140       11157
       11140       11159
       11140       11160
       11140       11161
       11140       11189
       11141       11146
       11141       11147
       11141       11154
       11141       11156
       11141       11157
       11141       11189
       11142       11144
       11142       11145
       11142       11152
       11142       11153
       11142       11155
       11142       11191
       11143       11148
       11143       11149
       11143       11150
       11143       11152
       11143       11153
       11143       11155
       11143       11191
       11144       11146
       11144       11147
       11144       11151
       11145       11151
       11146       11148
       11146       11149
       11146       11150
       11151       11158
       11151       11191
       11152       11154
       11152       11156
       11152       11157
       11153       11156
       11153       11157
       11154       11155
       11155       11159
       11155       11160
       11155       11161
       11156       11158
       11157       11158
       11159       11162
       11160       11162
       11163       11166
       11163       11171
       11163       11172
       11163       11179
       11163       11180
       11163       11189
       11163       11192
       11163       11269
       11163       11282
       11163       11287
       11164       11165
       11164       11169
       11164       11170
       11164       11178
       11164       11286
       11165       11168
       11165       11179
       11165       11180
       11165       11196
       11165       11288
       11166       11178
       11166       11190
       11166       11191
       11166       11193
       11166       11194
       11166       11195
       11167       11169
       11167       11170
       11167       11178
       11167       11190
       11167       11191
       11167       11193
       11167       11194
       11167       11195
       11167       11286
       11168       11173
       11168       11174
       11168       11181
       11168       11190
       11168       11191
       11168       11286
       11169       11171
       11169       11172
       11169       11179
       11169       11180
       11169       11189
       11169       11288
       11170       11175
       11170       11176
       11170       11177
       11170       11179
       11170       11180
       11170       11189
       11170       11288
       11171       11173
       11171       11174
       11171       11178
       11172       11178
       11173       11175
       11173       11176
       11173       11177
       11178       11182
       11178       11183
       11178       11185
       11178       11192
       11178       11288
       11179       11181
       11179       11190
       11179       11191
       11180       11184
       11180       11186
       11180       11187
       11180       11188
       11180       11190
       11180       11191
       11180       11197
       11181       11189
       11181       11198
       11181       11199
       11182       11184
       11182       11186
       11182       11187
       11182       11188
       11182       11197
       11183       11186
       11183       11187
       11183       11188
       11183       11200
       11183       11201
       11183       11205
       11184       11185
       11184       11198
       11184       11199
       11185       11197
       11189       11193
       11189       11194
       11189       11195
       11190       11192
       11191       11192
       11193       11196
       11194       11196
       11197       11202
       11197       11203
       11197       11204
       11197       11206
       11197       11207
       11198       11200
       11198       11201
       11198       11205
       11199       11208
       11199       11209
       11200       11202
       11200       11203
       11200       11204
       11200       11206
       11200       11207
       11201       11206
       11201       11207
       11202       11205
       11203       11205
       11204       11205
       11205       11210
       11205       11211
       11205       11216
       11206       11208
       11206       11209
       11207       11212
       11207       11213
       11207       11217
       11207       11218
       11207       11219
       11208       11210
       11208       11211
       11208       11216
       11209       11214
       11209       11215
       11209       11220
       11209       11221
       11209       11222
       11210       11212
       11210       11213
       11210       11217
       11210       11218
       11210       11219
       11211       11217
       11211       11218
       11211       11219
       11212       11214
       11212       11215
       11212       11216
       11213       11216
       11216       11223
       11216       11224
       11217       11220
       11217       11221
       11217       11222
       11218       11220
       11218       11221
       11218       11222
       11219       11225
       11219       11226
       11220       11223
       11220       11224
       11221       11223
       11221       11224
       11222       11227
       11222       11228
       11222       11244
       11223       11225
       11223       11226
       11224       11229
       11224       11230
       11224       11231
       11224       11245
       11224       11246
       11225       11227
       11225       11228
       11225       11244
       11226       11232
       11226       11233
       11226       11234
       11226       11247
       11226       11248
       11227       11229
       11227       11230
       11227       11231
       11227       11245
       11227       11246
       11228       11235
       11228       11236
       11228       11237
       11228       11245
       11228       11246
       11229       11232
       11229       11233
       11229       11234
       11229       11244
       11230       11232
       11230       11233
       11230       11234
       11230       11244
       11231       11238
       11231       11239
       11231       11240
       11231       11244
       11232       11235
       11232       11236
       11232       11237
       11233       11235
       11233       11236
       11233       11237
       11234       11241
       11234       11242
       11234       11243
       11235       11238
       11235       11239
       11235       11240
       11236       11238
       11236       11239
       11236       11240
       11238       11241
       11238       11242
       11238       11243
       11239       11241
       11239       11242
       11239       11243
       11244       11249
       11244       11250
       11244       11254
       11245       11247
       11245       11248
       11246       11251
       11246       11252
       11246       11253
       11246       11255
       11246       11256
       11247       11249
       11247       11250
       11247       11254
       11248       11257
       11248       11258
       11249       11251
       11249       11252
       11249       11253
       11249       11255
       11249       11256
       11250       11255
       11250       11256
       11251       11254
       11252       11254
       11253       11254
       11254       11259
       11254       11260
       11254       11264
       11255       11257
       11255       11258
       11256       11261
       11256       11262
       11256       11263
       11256       11265
       11256       11266
       11257       11259
       11257       11260
       11257       11264
       11259       11261
       11259       11262
       11259       11263
       11259       11265
       11259       11266
       11260       11265
       11260       11266
       11261       11264
       11262       11264
       11263       11264
       11267       11270
       11267       11275
       11267       11276
       11267       11283
       11267       11284
       11267       11286
       11267       11289
       11267       11296
       11267       11309
       11267       11321
       11268       11269
       11268       11273
       11268       11274
       11268       11282
       11268       11320
       11269       11272
       11269       11283
       11269       11284
       11269       11293
       11269       11322
       11270       11282
       11270       11287
       11270       11288
       11270       11290
       11270       11291
       11270       11292
       11271       11273
       11271       11274
       11271       11282
       11271       11287
       11271       11288
       11271       11290
       11271       11291
       11271       11292
       11271       11320
       11272       11277
       11272       11278
       11272       11285
       11272       11287
       11272       11288
       11272       11320
       11273       11275
       11273       11276
       11273       11283
       11273       11284
       11273       11286
       11273       11322
       11274       11279
       11274       11280
       11274       11281
       11274       11283
       11274       11284
       11274       11286
       11274       11322
       11275       11277
       11275       11278
       11275       11282
       11276       11282
       11277       11279
       11277       11280
       11277       11281
       11282       11289
       11282       11322
       11283       11285
       11283       11287
       11283       11288
       11284       11287
       11284       11288
       11285       11286
       11286       11290
       11286       11291
       11286       11292
       11287       11289
       11288       11289
       11290       11293
       11291       11293
       11294       11297
       11294       11302
       11294       11303
       11294       11310
       11294       11311
       11294       11320
       11294       11323
       11294       11400
       11294       11413
       11294       11418
       11295       11296
       11295       11300
       11295       11301
       11295       11309
       11295       11417
       11296       11299
       11296       11310
       11296       11311
       11296       11327
       11296       11419
       11297       11309
       11297       11321
       11297       11322
       11297       11324
       11297       11325
       11297       11326
       11298       11300
       11298       11301
       11298       11309
       11298       11321
       11298       11322
       11298       11324
       11298       11325
       11298       11326
       11298       11417
       11299       11304
       11299       11305
       11299       11312
       11299       11321
       11299       11322
       11299       11417
       11300       11302
       11300       11303
       11300       11310
       11300       11311
       11300       11320
       11300       11419
       11301       11306
       11301       11307
       11301       11308
       11301       11310
       11301       11311
       11301       11320
       11301       11419
       11302       11304
       11302       11305
       11302       11309
       11303       11309
       11304       11306
       11304       11307
       11304       11308
       11309       11313
       11309       11314
       11309       11316
       11309       11323
       11309       11419
       11310       11312
       11310       11321
       11310       11322
       11311       11315
       11311       11317
       11311       11318
       11311       11319
       11311       11321
       11311       11322
       11311       11328
       11312       11320
       11312       11329
       11312       11330
       11313       11315
       11313       11317
       11313       11318
       11313       11319
       11313       11328
       11314       11317
       11314       11318
       11314       11319
       11314       11331
       11314       11332
       11314       11336
       11315       11316
       11315       11329
       11315       11330
       11316       11328
       11320       11324
       11320       11325
       11320       11326
       11321       11323
       11322       11323
       11324       11327
       11325       11327
       11328       11333
       11328       11334
       11328       11335
       11328       11337
       11328       11338
       11329       11331
       11329       11332
       11329       11336
       11330       11339
       11330       11340
       11331       11333
       11331       11334
       11331       11335
       11331       11337
       11331       11338
       11332       11337
       11332       11338
       11333       11336
       11334       11336
       11335       11336
       11336       11341
       11336       11342
       11336       11347
       11337       11339
       11337       11340
       11338       11343
       11338       11344
       11338       11348
       11338       11349
       11338       11350
       11339       11341
       11339       11342
       11339       11347
       11340       11345
       11340       11346
       11340       11351
       11340       11352
       11340       11353
       11341       11343
       11341       11344
       11341       11348
       11341       11349
       11341       11350
       11342       11348
       11342       11349
       11342       11350
       11343       11345
       11343       11346
       11343       11347
       11344       11347
       11347       11354
       11347       11355
       11348       11351
       11348       11352
       11348       11353
       11349       11351
       11349       11352
       11349       11353
       11350       11356
       11350       11357
       11351       11354
       11351       11355
       11352       11354
       11352       11355
       11353       11358
       11353       11359
       11353       11375
       11354       11356
       11354       11357
       11355       11360
       11355       11361
       11355       11362
       11355       11376
       11355       11377
       11356       11358
       11356       11359
       11356       11375
       11357       11363
       11357       11364
       11357       11365
       11357       11378
       11357       11379
       11358       11360
       11358       11361
       11358       11362
       11358       11376
       11358       11377
       11359       11366
       11359       11367
       11359       11368
       11359       11376
       11359       11377
       11360       11363
       11360       11364
       11360       11365
       11360       11375
       11361       11363
       11361       11364
       11361       11365
       11361       11375
       11362       11369
       11362       11370
       11362       11371
       11362       11375
       11363       11366
       11363       11367
       11363       11368
       11364       11366
       11364       11367
       11364       11368
       11365       11372
       11365       11373
       11365       11374
       11366       11369
       11366       11370
       11366       11371
       11367       11369
       11367       11370
       11367       11371
       11369       11372
       11369       11373
       11369       11374
       11370       11372
       11370       11373
       11370       11374
       11375       11380
       11375       11381
       11375       11385
       11376       11378
       11376       11379
       11377       11382
       11377       11383
       11377       11384
       11377       11386
       11377       11387
       11378       11380
       11378       11381
       11378       11385
       11379       11388
       11379       11389
       11380       11382
       11380       11383
       11380       11384
       11380       11386
       11380       11387
       11381       11386
       11381       11387
       11382       11385
       11383       11385
       11384       11385
       11385       11390
       11385       11391
       11385       11395
       11386       11388
       11386       11389
       11387       11392
       11387       11393
       11387       11394
       11387       11396
       11387       11397
       11388       11390
       11388       11391
       11388       11395
       11390       11392
       11390       11393
       11390       11394
       11390       11396
       11390       11397
       11391       11396
       11391       11397
       11392       11395
       11393       11395
       11394       11395
       11398       11401
       11398       11406
       11398       11407
       11398       11414
       11398       11415
       11398       11417
       11398       11420
       11398       11427
       11398       11440
       11398       11452
       11399       11400
       11399       11404
       11399       11405
       11399       11413
       11399       11451
       11400       11403
       11400       11414
       11400       11415
       11400       11424
       11400       11453
       11401       11413
       11401       11418
       11401       11419
       11401       11421
       11401       11422
       11401       11423
       11402       11404
       11402       11405
       11402       11413
       11402       11418
       11402       11419
       11402       11421
       11402       11422
       11402       11423
       11402       11451
       11403       11408
       11403       11409
       11403       11416
       11403       11418
       11403       11419
       11403       11451
       11404       11406
       11404       11407
       11404       11414
       11404       11415
       11404       11417
       11404       11453
       11405       11410
       11405       11411
       11405       11412
       11405       11414
       11405       11415
       11405       11417
       11405       11453
       11406       11408
       11406       11409
       11406       11413
       11407       11413
       11408       11410
       11408       11411
       11408       11412
       11413       11420
       11413       11453
       11414       11416
       11414       11418
       11414       11419
       11415       11418
       11415       11419
       11416       11417
       11417       11421
       11417       11422
       11417       11423
       11418       11420
       11419       11420
       11421       11424
       11422       11424
       11425       11428
       11425       11433
       11425       11434
       11425       11441
       11425       11442
       11425       11451
       11425       11454
       11425       11531
       11425       11544
       11425       11549
       11426       11427
       11426       11431
       11426       11432
       11426       11440
       11426       11548
       11427       11430
       11427       11441
       11427       11442
       11427       11458
       11427       11550
       11428       11440
       11428       11452
       11428       11453
       11428       11455
       11428       11456
       11428       11457
       11429       11431
       11429       11432
       11429       11440
       11429       11452
       11429       11453
       11429       11455
       11429       11456
       11429       11457
       11429       11548
       11430       11435
       11430       11436
       11430       11443
       11430       11452
       11430       11453
       11430       11548
       11431       11433
       11431       11434
       11431       11441
       11431       11442
       11431       11451
       11431       11550
       11432       11437
       11432       11438
       11432       11439
       11432       11441
       11432       11442
       11432       11451
       11432       11550
       11433       11435
       11433       11436
       11433       11440
       11434       11440
       11435       11437
       11435       11438
       11435       11439
       11440       11444
       11440       11445
       11440       11447
       11440       11454
       11440       11550
       11441       11443
       11441       11452
       11441       11453
       11442       11446
       11442       11448
       11442       11449
       11442       11450
       11442       11452
       11442       11453
       11442       11459
       11443       11451
       11443       11460
       11443       11461
       11444       11446
       11444       11448
       11444       11449
       11444       11450
       11444       11459
       11445       11448
       11445       11449
       11445       11450
       11445       11462
       11445       11463
       11445       11467
       11446       11447
       11446       11460
       11446       11461
       11447       11459
       11451       11455
       11451       11456
       11451       11457
       11452       11454
       11453       11454
       11455       11458
       11456       11458
       11459       11464
       11459       11465
       11459       11466
       11459       11468
       11459       11469
       11460       11462
       11460       11463
       11460       11467
       11461       11470
       11461       11471
       11462       11464
       11462       11465
       11462       11466
       11462       11468
       11462       11469
       11463       11468
       11463       11469
       11464       11467
       11465       11467
       11466       11467
       11467       11472
       11467       11473
       11467       11478
       11468       11470
       11468       11471
       11469       11474
       11469       11475
       11469       11479
       11469       11480
       11469       11481
       11470       11472
       11470       11473
       11470       11478
       11471       11476
       11471       11477
       11471       11482
       11471       11483
       11471       11484
       11472       11474
       11472       11475
       11472       11479
       11472       11480
       11472       11481
       11473       11479
       11473       11480
       11473       11481
       11474       11476
       11474       11477
       11474       11478
       11475       11478
       11478       11485
       11478       11486
       11479       11482
       11479       11483
       11479       11484
       11480       11482
       11480       11483
       11480       11484
       11481       11487
       11481       11488
       11482       11485
       11482       11486
       11483       11485
       11483       11486
       11484       11489
       11484       11490
       11484       11506
       11485       11487
       11485       11488
       11486       11491
       11486       11492
       11486       11493
       11486       11507
       11486       11508
       11487       11489
       11487       11490
       11487       11506
       11488       11494
       11488       11495
       11488       11496
       11488       11509
       11488       11510
       11489       11491
       11489       11492
       11489       11493
       11489       11507
       11489       11508
       11490       11497
       11490       11498
       11490       11499
       11490       11507
       11490       11508
       11491       11494
       11491       11495
       11491       11496
       11491       11506
       11492       11494
       11492       11495
       11492       11496
       11492       11506
       11493       11500
       11493       11501
       11493       11502
       11493       11506
       11494       11497
       11494       11498
       11494       11499
       11495       11497
       11495       11498
       11495       11499
       11496       11503
       11496       11504
       11496       11505
       11497       11500
       11497       11501
       11497       11502
       11498       11500
       11498       11501
       11498       11502
       11500       11503
       11500       11504
       11500       11505
       11501       11503
       11501       11504
       11501       11505
       11506       11511
       11506       11512
       11506       11516
       11507       11509
       11507       11510
       11508       11513
       11508       11514
       11508       11515
       11508       11517
       11508       11518
       11509       11511
       11509       11512
       11509       11516
       11510       11519
       11510       11520
       11511       11513
       11511       11514
       11511       11515
       11511       11517
       11511       11518
       11512       11517
       11512       11518
       11513       11516
       11514       11516
       11515       11516
       11516       11521
       11516       11522
       11516       11526
       11517       11519
       11517       11520
       11518       11523
       11518       11524
       11518       11525
       11518       11527
       11518       11528
       11519       11521
       11519       11522
       11519       11526
       11521       11523
       11521       11524
       11521       11525
       11521       11527
       11521       11528
       11522       11527
       11522       11528
       11523       11526
       11524       11526
       11525       11526
       11529       11532
       11529       11537
       11529       11538
       11529       11545
       11529       11546
       11529       11548
       11529       11551
       11529       11558
       11529       11571
       11529       11583
       11530       11531
       11530       11535
       11530       11536
       11530       11544
       11530       11582
       11531       11534
       11531       11545
       11531       11546
       11531       11555
       11531       11584
       11532       11544
       11532       11549
       11532       11550
       11532       11552
       11532       11553
       11532       11554
       11533       11535
       11533       11536
       11533       11544
       11533       11549
       11533       11550
       11533       11552
       11533       11553
       11533       11554
       11533       11582
       11534       11539
       11534       11540
       11534       11547
       11534       11549
       11534       11550
       11534       11582
       11535       11537
       11535       11538
       11535       11545
       11535       11546
       11535       11548
       11535       11584
       11536       11541
       11536       11542
       11536       11543
       11536       11545
       11536       11546
       11536       11548
       11536       11584
       11537       11539
       11537       11540
       11537       11544
       11538       11544
       11539       11541
       11539       11542
       11539       11543
       11544       11551
       11544       11584
       11545       11547
       11545       11549
       11545       11550
       11546       11549
       11546       11550
       11547       11548
       11548       11552
       11548       11553
       11548       11554
       11549       11551
       11550       11551
       11552       11555
       11553       11555
       11556       11559
       11556       11564
       11556       11565
       11556       11572
       11556       11573
       11556       11582
       11556       11585
       11556       11662
       11556       11675
       11556       11680
       11557       11558
       11557       11562
       11557       11563
       11557       11571
       11557       11679
       11558       11561
       11558       11572
       11558       11573
       11558       11589
       11558       11681
       11559       11571
       11559       11583
       11559       11584
       11559       11586
       11559       11587
       11559       11588
       11560       11562
       11560       11563
       11560       11571
       11560       11583
       11560       11584
       11560       11586
       11560       11587
       11560       11588
       11560       11679
       11561       11566
       11561       11567
       11561       11574
       11561       11583
       11561       11584
       11561       11679
       11562       11564
       11562       11565
       11562       11572
       11562       11573
       11562       11582
       11562       11681
       11563       11568
       11563       11569
       11563       11570
       11563       11572
       11563       11573
       11563       11582
       11563       11681
       11564       11566
       11564       11567
       11564       11571
       11565       11571
       11566       11568
       11566       11569
       11566       11570
       11571       11575
       11571       11576
       11571       11578
       11571       11585
       11571       11681
       11572       11574
       11572       11583
       11572       11584
       11573       11577
       11573       11579
       11573       11580
       11573       11581
       11573       11583
       11573       11584
       11573       11590
       11574       11582
       11574       11591
       11574       11592
       11575       11577
       11575       11579
       11575       11580
       11575       11581
       11575       11590
       11576       11579
       11576       11580
       11576       11581
       11576       11593
       11576       11594
       11576       11598
       11577       11578
       11577       11591
       11577       11592
       11578       11590
       11582       11586
       11582       11587
       11582       11588
       11583       11585
       11584       11585
       11586       11589
       11587       11589
       11590       11595
       11590       11596
       11590       11597
       11590       11599
       11590       11600
       11591       11593
       11591       11594
       11591       11598
       11592       11601
       11592       11602
       11593       11595
       11593       11596
       11593       11597
       11593       11599
       11593       11600
       11594       11599
       11594       11600
       11595       11598
       11596       11598
       11597       11598
       11598       11603
       11598       11604
       11598       11609
       11599       11601
       11599       11602
       11600       11605
       11600       11606
       11600       11610
       11600       11611
       11600       11612
       11601       11603
       11601       11604
       11601       11609
       11602       11607
       11602       11608
       11602       11613
       11602       11614
       11602       11615
       11603       11605
       11603       11606
       11603       11610
       11603       11611
       11603       11612
       11604       11610
       11604       11611
       11604       11612
       11605       11607
       11605       11608
       11605       11609
       11606       11609
       11609       11616
       11609       11617
       11610       11613
       11610       11614
       11610       11615
       11611       11613
       11611       11614
       11611       11615
       11612       11618
       11612       11619
       11613       11616
       11613       11617
       11614       11616
       11614       11617
       11615       11620
       11615       11621
       11615       11637
       11616       11618
       11616       11619
       11617       11622
       11617       11623
       11617       11624
       11617       11638
       11617       11639
       11618       11620
       11618       11621
       11618       11637
       11619       11625
       11619       11626
       11619       11627
       11619       11640
       11619       11641
       11620       11622
       11620       11623
       11620       11624
       11620       11638
       11620       11639
       11621       11628
       11621       11629
       11621       11630
       11621       11638
       11621       11639
       11622       11625
       11622       11626
       11622       11627
       11622       11637
       11623       11625
       11623       11626
       11623       11627
       11623       11637
       11624       11631
       11624       11632
       11624       11633
       11624       11637
       11625       11628
       11625       11629
       11625       11630
       11626       11628
       11626       11629
       11626       11630
       11627       11634
       11627       11635
       11627       11636
       11628       11631
       11628       11632
       11628       11633
       11629       11631
       11629       11632
       11629       11633
       11631       11634
       11631       11635
       11631       11636
       11632       11634
       11632       11635
       11632       11636
       11637       11642
       11637       11643
       11637       11647
       11638       11640
       11638       11641
       11639       11644
       11639       11645
       11639       11646
       11639       11648
       11639       11649
       11640       11642
       11640       11643
       11640       11647
       11641       11650
       11641       11651
       11642       11644
       11642       11645
       11642       11646
       11642       11648
       11642       11649
       11643       11648
       11643       11649
       11644       11647
       11645       11647
       11646       11647
       11647       11652
       11647       11653
       11647       11657
       11648       11650
       11648       11651
       11649       11654
       11649       11655
       11649       11656
       11649       11658
       11649       11659
       11650       11652
       11650       11653
       11650       11657
       11652       11654
       11652       11655
       11652       11656
       11652       11658
       11652       11659
       11653       11658
       11653       11659
       11654       11657
       11655       11657
       11656       11657
       11660       11663
       11660       11668
       11660       11669
       11660       11676
       11660       11677
       11660       11679
       11660       11682
       11660       11689
       11660       11702
       11660       11714
       11661       11662
       11661       11666
       11661       11667
       11661       11675
       11661       11713
       11662       11665
       11662       11676
       11662       11677
       11662       11686
       11662       11715
       11663       11675
       11663       11680
       11663       11681
       11663       11683
       11663       11684
       11663       11685
       11664       11666
       11664       11667
       11664       11675
       11664       11680
       11664       11681
       11664       11683
       11664       11684
       11664       11685
       11664       11713
       11665       11670
       11665       11671
       11665       11678
       11665       11680
       11665       11681
       11665       11713
       11666       11668
       11666       11669
       11666       11676
       11666       11677
       11666       11679
       11666       11715
       11667       11672
       11667       11673
       11667       11674
       11667       11676
       11667       11677
       11667       11679
       11667       11715
       11668       11670
       11668       11671
       11668       11675
       11669       11675
       11670       11672
       11670       11673
       11670       11674
       11675       11682
       11675       11715
       11676       11678
       11676       11680
       11676       11681
       11677       11680
       11677       11681
       11678       11679
       11679       11683
       11679       11684
       11679       11685
       11680       11682
       11681       11682
       11683       11686
       11684       11686
       11687       11690
       11687       11695
       11687       11696
       11687       11703
       11687       11704
       11687       11713
       11687       11716
       11687       11793
       11687       11806
       11687       11811
       11688       11689
       11688       11693
       11688       11694
       11688       11702
       11688       11810
       11689       11692
       11689       11703
       11689       11704
       11689       11720
       11689       11812
       11690       11702
       11690       11714
       11690       11715
       11690       11717
       11690       11718
       11690       11719
       11691       11693
       11691       11694
       11691       11702
       11691       11714
       11691       11715
       11691       11717
       11691       11718
       11691       11719
       11691       11810
       11692       11697
       11692       11698
       11692       11705
       11692       11714
       11692       11715
       11692       11810
       11693       11695
       11693       11696
       11693       11703
       11693       11704
       11693       11713
       11693       11812
       11694       11699
       11694       11700
       11694       11701
       11694       11703
       11694       11704
       11694       11713
       11694       11812
       11695       11697
       11695       11698
       11695       11702
       11696       11702
       11697       11699
       11697       11700
       11697       11701
       11702       11706
       11702       11707
       11702       11709
       11702       11716
       11702       11812
       11703       11705
       11703       11714
       11703       11715
       11704       11708
       11704       11710
       11704       11711
       11704       11712
       11704       11714
       11704       11715
       11704       11721
       11705       11713
       11705       11722
       11705       11723
       11706       11708
       11706       11710
       11706       11711
       11706       11712
       11706       11721
       11707       11710
       11707       11711
       11707       11712
       11707       11724
       11707       11725
       11707       11729
       11708       11709
       11708       11722
       11708       11723
       11709       11721
       11713       11717
       11713       11718
       11713       11719
       11714       11716
       11715       11716
       11717       11720
       11718       11720
       11721       11726
       11721       11727
       11721       11728
       11721       11730
       11721       11731
       11722       11724
       11722       11725
       11722       11729
       11723       11732
       11723       11733
       11724       11726
       11724       11727
       11724       11728
       11724       11730
       11724       11731
       11725       11730
       11725       11731
       11726       11729
       11727       11729
       11728       11729
       11729       11734
       11729       11735
       11729       11740
       11730       11732
       11730       11733
       11731       11736
       11731       11737
       11731       11741
       11731       11742
       11731       11743
       11732       11734
       11732       11735
       11732       11740
       11733       11738
       11733       11739
       11733       11744
       11733       11745
       11733       11746
       11734       11736
       11734       11737
       11734       11741
       11734       11742
       11734       11743
       11735       11741
       11735       11742
       11735       11743
       11736       11738
       11736       11739
       11736       11740
       11737       11740
       11740       11747
       11740       11748
       11741       11744
       11741       11745
       11741       11746
       11742       11744
       11742       11745
       11742       11746
       11743       11749
       11743       11750
       11744       11747
       11744       11748
       11745       11747
       11745       11748
       11746       11751
       11746       11752
       11746       11768
       11747       11749
       11747       11750
       11748       11753
       11748       11754
       11748       11755
       11748       11769
       11748       11770
       11749       11751
       11749       11752
       11749       11768
       11750       11756
       11750       11757
       11750       11758
       11750       11771
       11750       11772
       11751       11753
       11751       11754
       11751       11755
       11751       11769
       11751       11770
       11752       11759
       11752       11760
       11752       11761
       11752       11769
       11752       11770
       11753       11756
       11753       11757
       11753       11758
       11753       11768
       11754       11756
       11754       11757
       11754       11758
       11754       11768
       11755       11762
       11755       11763
       11755       11764
       11755       11768
       11756       11759
       11756       11760
       11756       11761
       11757       11759
       11757       11760
       11757       11761
       11758       11765
       11758       11766
       11758       11767
       11759       11762
       11759       11763
       11759       11764
       11760       11762
       11760       11763
       11760       11764
       11762       11765
       11762       11766
       11762       11767
       11763       11765
       11763       11766
       11763       11767
       11768       11773
       11768       11774
       11768       11778
       11769       11771
       11769       11772
       11770       11775
       11770       11776
       11770       11777
       11770       11779
       11770       11780
       11771       11773
       11771       11774
       11771       11778
       11772       11781
       11772       11782
       11773       11775
       11773       11776
       11773       11777
       11773       11779
       11773       11780
       11774       11779
       11774       11780
       11775       11778
       11776       11778
       11777       11778
       11778       11783
       11778       11784
       11778       11788
       11779       11781
       11779       11782
       11780       11785
       11780       11786
       11780       11787
       11780       11789
       11780       11790
       11781       11783
       11781       11784
       11781       11788
       11783       11785
       11783       11786
       11783       11787
       11783       11789
       11783       11790
       11784       11789
       11784       11790
       11785       11788
       11786       11788
       11787       11788
       11791       11794
       11791       11799
       11791       11800
       11791       11807
       11791       11808
       11791       11810
       11791       11813
       11791       11820
       11791       11833
       11791       11845
       11792       11793
       11792       11797
       11792       11798
       11792       11806
       11792       11844
       11793       11796
       11793       11807
       11793       11808
       11793       11817
       11793       11846
       11794       11806
       11794       11811
       11794       11812
       11794       11814
       11794       11815
       11794       11816
       11795       11797
       11795       11798
       11795       11806
       11795       11811
       11795       11812
       11795       11814
       11795       11815
       11795       11816
       11795       11844
       11796       11801
       11796       11802
       11796       11809
       11796       11811
       11796       11812
       11796       11844
       11797       11799
       11797       11800
       11797       11807
       11797       11808
       11797       11810
       11797       11846
       11798       11803
       11798       11804
       11798       11805
       11798       11807
       11798       11808
       11798       11810
       11798       11846
       11799       11801
       11799       11802
       11799       11806
       11800       11806
       11801       11803
       11801       11804
       11801       11805
       11806       11813
       11806       11846
       11807       11809
       11807       11811
       11807       11812
       11808       11811
       11808       11812
       11809       11810
       11810       11814
       11810       11815
       11810       11816
       11811       11813
       11812       11813
       11814       11817
       11815       11817
       11818       11821
       11818       11826
       11818       11827
       11818       11834
       11818       11835
       11818       11844
       11818       11847
       11819       11820
       11819       11824
       11819       11825
       11819       11833
       11820       11823
       11820       11834
       11820       11835
       11820       11851
       11821       11833
       11821       11845
       11821       11846
       11821       11848
       11821       11849
       11821       11850
       11822       11824
       11822       11825
       11822       11833
       11822       11845
       11822       11846
       11822       11848
       11822       11849
       11822       11850
       11823       11828
       11823       11829
       11823       11836
       11823       11845
       11823       11846
       11824       11826
       11824       11827
       11824       11834
       11824       11835
       11824       11844
       11825       11830
       11825       11831
       11825       11832
       11825       11834
       11825       11835
       11825       11844
       11826       11828
       11826       11829
       11826       11833
       11827       11833
       11828       11830
       11828       11831
       11828       11832
       11833       11837
       11833       11838
       11833       11840
       11833       11847
       11834       11836
       11834       11845
       11834       11846
       11835       11839
       11835       11841
       11835       11842
       11835       11843
       11835       11845
       11835       11846
       11835       11852
       11836       11844
       11836       11853
       11836       11854
       11837       11839
       11837       11841
       11837       11842
       11837       11843
       11837       11852
       11838       11841
       11838       11842
       11838       11843
       11838       11855
       11838       11856
       11838       11860
       11839       11840
       11839       11853
       11839       11854
       11840       11852
       11844       11848
       11844       11849
       11844       11850
       11845       11847
       11846       11847
       11848       11851
       11849       11851
       11852       11857
       11852       11858
       11852       11859
       11852       11861
       11852       11862
       11853       11855
       11853       11856
       11853       11860
       11854       11863
       11854       11864
       11855       11857
       11855       11858
       11855       11859
       11855       11861
       11855       11862
       11856       11861
       11856       11862
       11857       11860
       11858       11860
       11859       11860
       11860       11865
       11860       11866
       11860       11871
       11861       11863
       11861       11864
       11862       11867
       11862       11868
       11862       11872
       11862       11873
       11862       11874
       11863       11865
       11863       11866
       11863       11871
       11864       11869
       11864       11870
       11864       11875
       11864       11876
       11864       11877
       11865       11867
       11865       11868
       11865       11872
       11865       11873
       11865       11874
       11866       11872
       11866       11873
       11866       11874
       11867       11869
       11867       11870
       11867       11871
       11868       11871
       11871       11878
       11871       11879
       11872       11875
       11872       11876
       11872       11877
       11873       11875
       11873       11876
       11873       11877
       11874       11880
       11874       11881
       11875       11878
       11875       11879
       11876       11878
       11876       11879
       11877       11882
       11877       11883
       11877       11899
       11878       11880
       11878       11881
       11879       11884
       11879       11885
       11879       11886
       11879       11900
       11879       11901
       11880       11882
       11880       11883
       11880       11899
       11881       11887
       11881       11888
       11881       11889
       11881       11902
       11881       11903
       11882       11884
       11882       11885
       11882       11886
       11882       11900
       11882       11901
       11883       11890
       11883       11891
       11883       11892
       11883       11900
       11883       11901
       11884       11887
       11884       11888
       11884       11889
       11884       11899
       11885       11887
       11885       11888
       11885       11889
       11885       11899
       11886       11893
       11886       11894
       11886       11895
       11886       11899
       11887       11890
       11887       11891
       11887       11892
       11888       11890
       11888       11891
       11888       11892
       11889       11896
       11889       11897
       11889       11898
       11890       11893
       11890       11894
       11890       11895
       11891       11893
       11891       11894
       11891       11895
       11893       11896
       11893       11897
       11893       11898
       11894       11896
       11894       11897
       11894       11898
       11899       11904
       11899       11905
       11899       11909
       11900       11902
       11900       11903
       11901       11906
       11901       11907
       11901       11908
       11901       11910
       11901       11911
       11902       11904
       11902       11905
       11902       11909
       11903       11912
       11903       11913
       11904       11906
       11904       11907
       11904       11908
       11904       11910
       11904       11911
       11905       11910
       11905       11911
       11906       11909
       11907       11909
       11908       11909
       11909       11914
       11909       11915
       11909       11919
       11910       11912
       11910       11913
       11911       11916
       11911       11917
       11911       11918
       11911       11920
       11911       11921
       11912       11914
       11912       11915
       11912       11919
       11914       11916
       11914       11917
       11914       11918
       11914       11920
       11914       11921
       11915       11920
       11915       11921
       11916       11919
       11917       11919
       11918       11919
