           1           2
           1           5
           1           6
           1          56
           3           4
           3           5
           3          20
           3          23
           6           7
           6           8
           6          16
           8           9
           8          10
          10          11
          10          12
          12          13
          12          14
          12          15
          16          17
          16          18
          16          20
          18          19
          20          21
          20          22
          22        1600
          23          24
          23          25
          23          26
          26          27
          28          29
          28          32
          28          33
          28         153
          30          31
          30          32
          30          54
          30          57
          33          34
          33          35
          33          43
          35          36
          35          37
          37          38
          37          39
          39          40
          39          41
          39          42
          43          44
          43          45
          43          54
          45          46
          46          47
          46          48
          46          50
          48          49
          48          62
          50          51
          50          52
          50          53
          54          55
          54          56
          57          58
          57          59
          57          60
          60          61
          62          63
          62          64
          64          65
          64          66
          64          70
          66          67
          66          68
          66          69
          70          71
          70          72
          72          73
          72          74
          74          75
          74          76
          74          81
          76          77
          76          78
          78          79
          78          80
          81          82
          81          83
          81          84
          84          85
          84          86
          84          87
          87          88
          87          89
          89          90
          89          91
          91          92
          91          93
          91         109
          93          94
          93          95
          93          96
          96          97
          96          98
          96          99
          99         100
          99         101
          99         102
         102         103
         102         104
         102         105
         105         106
         105         107
         105         108
         109         110
         109         111
         111         112
         111         113
         113         114
         113         115
         113         119
         115         116
         115         117
         115         118
         119         120
         119         121
         121         122
         121         123
         123         124
         123         125
         123         129
         125         126
         125         127
         125         128
         129         130
         129         131
         132         133
         132         136
         132         137
         132         187
         134         135
         134         136
         134         151
         134         154
         137         138
         137         139
         137         147
         139         140
         139         141
         141         142
         141         143
         143         144
         143         145
         143         146
         147         148
         147         149
         147         151
         149         150
         151         152
         151         153
         154         155
         154         156
         154         157
         157         158
         159         160
         159         163
         159         164
         159         284
         161         162
         161         163
         161         185
         161         188
         164         165
         164         166
         164         174
         166         167
         166         168
         168         169
         168         170
         170         171
         170         172
         170         173
         174         175
         174         176
         174         185
         176         177
         177         178
         177         179
         177         181
         179         180
         179         193
         181         182
         181         183
         181         184
         185         186
         185         187
         188         189
         188         190
         188         191
         191         192
         193         194
         193         195
         195         196
         195         197
         195         201
         197         198
         197         199
         197         200
         201         202
         201         203
         203         204
         203         205
         205         206
         205         207
         205         212
         207         208
         207         209
         209         210
         209         211
         212         213
         212         214
         212         215
         215         216
         215         217
         215         218
         218         219
         218         220
         220         221
         220         222
         222         223
         222         224
         222         240
         224         225
         224         226
         224         227
         227         228
         227         229
         227         230
         230         231
         230         232
         230         233
         233         234
         233         235
         233         236
         236         237
         236         238
         236         239
         240         241
         240         242
         242         243
         242         244
         244         245
         244         246
         244         250
         246         247
         246         248
         246         249
         250         251
         250         252
         252         253
         252         254
         254         255
         254         256
         254         260
         256         257
         256         258
         256         259
         260         261
         260         262
         263         264
         263         267
         263         268
         263         318
         265         266
         265         267
         265         282
         265         285
         268         269
         268         270
         268         278
         270         271
         270         272
         272         273
         272         274
         274         275
         274         276
         274         277
         278         279
         278         280
         278         282
         280         281
         282         283
         282         284
         285         286
         285         287
         285         288
         288         289
         290         291
         290         294
         290         295
         290         415
         292         293
         292         294
         292         316
         292         319
         295         296
         295         297
         295         305
         297         298
         297         299
         299         300
         299         301
         301         302
         301         303
         301         304
         305         306
         305         307
         305         316
         307         308
         308         309
         308         310
         308         312
         310         311
         310         324
         312         313
         312         314
         312         315
         316         317
         316         318
         319         320
         319         321
         319         322
         322         323
         324         325
         324         326
         326         327
         326         328
         326         332
         328         329
         328         330
         328         331
         332         333
         332         334
         334         335
         334         336
         336         337
         336         338
         336         343
         338         339
         338         340
         340         341
         340         342
         343         344
         343         345
         343         346
         346         347
         346         348
         346         349
         349         350
         349         351
         351         352
         351         353
         353         354
         353         355
         353         371
         355         356
         355         357
         355         358
         358         359
         358         360
         358         361
         361         362
         361         363
         361         364
         364         365
         364         366
         364         367
         367         368
         367         369
         367         370
         371         372
         371         373
         373         374
         373         375
         375         376
         375         377
         375         381
         377         378
         377         379
         377         380
         381         382
         381         383
         383         384
         383         385
         385         386
         385         387
         385         391
         387         388
         387         389
         387         390
         391         392
         391         393
         394         395
         394         398
         394         399
         394         449
         396         397
         396         398
         396         413
         396         416
         399         400
         399         401
         399         409
         401         402
         401         403
         403         404
         403         405
         405         406
         405         407
         405         408
         409         410
         409         411
         409         413
         411         412
         413         414
         413         415
         416         417
         416         418
         416         419
         419         420
         421         422
         421         425
         421         426
         421         546
         423         424
         423         425
         423         447
         423         450
         426         427
         426         428
         426         436
         428         429
         428         430
         430         431
         430         432
         432         433
         432         434
         432         435
         436         437
         436         438
         436         447
         438         439
         439         440
         439         441
         439         443
         441         442
         441         455
         443         444
         443         445
         443         446
         447         448
         447         449
         450         451
         450         452
         450         453
         453         454
         455         456
         455         457
         457         458
         457         459
         457         463
         459         460
         459         461
         459         462
         463         464
         463         465
         465         466
         465         467
         467         468
         467         469
         467         474
         469         470
         469         471
         471         472
         471         473
         474         475
         474         476
         474         477
         477         478
         477         479
         477         480
         480         481
         480         482
         482         483
         482         484
         484         485
         484         486
         484         502
         486         487
         486         488
         486         489
         489         490
         489         491
         489         492
         492         493
         492         494
         492         495
         495         496
         495         497
         495         498
         498         499
         498         500
         498         501
         502         503
         502         504
         504         505
         504         506
         506         507
         506         508
         506         512
         508         509
         508         510
         508         511
         512         513
         512         514
         514         515
         514         516
         516         517
         516         518
         516         522
         518         519
         518         520
         518         521
         522         523
         522         524
         525         526
         525         529
         525         530
         525         580
         527         528
         527         529
         527         544
         527         547
         530         531
         530         532
         530         540
         532         533
         532         534
         534         535
         534         536
         536         537
         536         538
         536         539
         540         541
         540         542
         540         544
         542         543
         544         545
         544         546
         547         548
         547         549
         547         550
         550         551
         552         553
         552         556
         552         557
         552         677
         554         555
         554         556
         554         578
         554         581
         557         558
         557         559
         557         567
         559         560
         559         561
         561         562
         561         563
         563         564
         563         565
         563         566
         567         568
         567         569
         567         578
         569         570
         570         571
         570         572
         570         574
         572         573
         572         586
         574         575
         574         576
         574         577
         578         579
         578         580
         581         582
         581         583
         581         584
         584         585
         586         587
         586         588
         588         589
         588         590
         588         594
         590         591
         590         592
         590         593
         594         595
         594         596
         596         597
         596         598
         598         599
         598         600
         598         605
         600         601
         600         602
         602         603
         602         604
         605         606
         605         607
         605         608
         608         609
         608         610
         608         611
         611         612
         611         613
         613         614
         613         615
         615         616
         615         617
         615         633
         617         618
         617         619
         617         620
         620         621
         620         622
         620         623
         623         624
         623         625
         623         626
         626         627
         626         628
         626         629
         629         630
         629         631
         629         632
         633         634
         633         635
         635         636
         635         637
         637         638
         637         639
         637         643
         639         640
         639         641
         639         642
         643         644
         643         645
         645         646
         645         647
         647         648
         647         649
         647         653
         649         650
         649         651
         649         652
         653         654
         653         655
         656         657
         656         660
         656         661
         656         711
         658         659
         658         660
         658         675
         658         678
         661         662
         661         663
         661         671
         663         664
         663         665
         665         666
         665         667
         667         668
         667         669
         667         670
         671         672
         671         673
         671         675
         673         674
         675         676
         675         677
         678         679
         678         680
         678         681
         681         682
         683         684
         683         687
         683         688
         683         808
         685         686
         685         687
         685         709
         685         712
         688         689
         688         690
         688         698
         690         691
         690         692
         692         693
         692         694
         694         695
         694         696
         694         697
         698         699
         698         700
         698         709
         700         701
         701         702
         701         703
         701         705
         703         704
         703         717
         705         706
         705         707
         705         708
         709         710
         709         711
         712         713
         712         714
         712         715
         715         716
         717         718
         717         719
         719         720
         719         721
         719         725
         721         722
         721         723
         721         724
         725         726
         725         727
         727         728
         727         729
         729         730
         729         731
         729         736
         731         732
         731         733
         733         734
         733         735
         736         737
         736         738
         736         739
         739         740
         739         741
         739         742
         742         743
         742         744
         744         745
         744         746
         746         747
         746         748
         746         764
         748         749
         748         750
         748         751
         751         752
         751         753
         751         754
         754         755
         754         756
         754         757
         757         758
         757         759
         757         760
         760         761
         760         762
         760         763
         764         765
         764         766
         766         767
         766         768
         768         769
         768         770
         768         774
         770         771
         770         772
         770         773
         774         775
         774         776
         776         777
         776         778
         778         779
         778         780
         778         784
         780         781
         780         782
         780         783
         784         785
         784         786
         787         788
         787         791
         787         792
         787         842
         789         790
         789         791
         789         806
         789         809
         792         793
         792         794
         792         802
         794         795
         794         796
         796         797
         796         798
         798         799
         798         800
         798         801
         802         803
         802         804
         802         806
         804         805
         806         807
         806         808
         809         810
         809         811
         809         812
         812         813
         814         815
         814         818
         814         819
         814         939
         816         817
         816         818
         816         840
         816         843
         819         820
         819         821
         819         829
         821         822
         821         823
         823         824
         823         825
         825         826
         825         827
         825         828
         829         830
         829         831
         829         840
         831         832
         832         833
         832         834
         832         836
         834         835
         834         848
         836         837
         836         838
         836         839
         840         841
         840         842
         843         844
         843         845
         843         846
         846         847
         848         849
         848         850
         850         851
         850         852
         850         856
         852         853
         852         854
         852         855
         856         857
         856         858
         858         859
         858         860
         860         861
         860         862
         860         867
         862         863
         862         864
         864         865
         864         866
         867         868
         867         869
         867         870
         870         871
         870         872
         870         873
         873         874
         873         875
         875         876
         875         877
         877         878
         877         879
         877         895
         879         880
         879         881
         879         882
         882         883
         882         884
         882         885
         885         886
         885         887
         885         888
         888         889
         888         890
         888         891
         891         892
         891         893
         891         894
         895         896
         895         897
         897         898
         897         899
         899         900
         899         901
         899         905
         901         902
         901         903
         901         904
         905         906
         905         907
         907         908
         907         909
         909         910
         909         911
         909         915
         911         912
         911         913
         911         914
         915         916
         915         917
         918         919
         918         922
         918         923
         918         973
         920         921
         920         922
         920         937
         920         940
         923         924
         923         925
         923         933
         925         926
         925         927
         927         928
         927         929
         929         930
         929         931
         929         932
         933         934
         933         935
         933         937
         935         936
         937         938
         937         939
         940         941
         940         942
         940         943
         943         944
         945         946
         945         949
         945         950
         945        1070
         947         948
         947         949
         947         971
         947         974
         950         951
         950         952
         950         960
         952         953
         952         954
         954         955
         954         956
         956         957
         956         958
         956         959
         960         961
         960         962
         960         971
         962         963
         963         964
         963         965
         963         967
         965         966
         965         979
         967         968
         967         969
         967         970
         971         972
         971         973
         974         975
         974         976
         974         977
         977         978
         979         980
         979         981
         981         982
         981         983
         981         987
         983         984
         983         985
         983         986
         987         988
         987         989
         989         990
         989         991
         991         992
         991         993
         991         998
         993         994
         993         995
         995         996
         995         997
         998         999
         998        1000
         998        1001
        1001        1002
        1001        1003
        1001        1004
        1004        1005
        1004        1006
        1006        1007
        1006        1008
        1008        1009
        1008        1010
        1008        1026
        1010        1011
        1010        1012
        1010        1013
        1013        1014
        1013        1015
        1013        1016
        1016        1017
        1016        1018
        1016        1019
        1019        1020
        1019        1021
        1019        1022
        1022        1023
        1022        1024
        1022        1025
        1026        1027
        1026        1028
        1028        1029
        1028        1030
        1030        1031
        1030        1032
        1030        1036
        1032        1033
        1032        1034
        1032        1035
        1036        1037
        1036        1038
        1038        1039
        1038        1040
        1040        1041
        1040        1042
        1040        1046
        1042        1043
        1042        1044
        1042        1045
        1046        1047
        1046        1048
        1049        1050
        1049        1053
        1049        1054
        1049        1104
        1051        1052
        1051        1053
        1051        1068
        1051        1071
        1054        1055
        1054        1056
        1054        1064
        1056        1057
        1056        1058
        1058        1059
        1058        1060
        1060        1061
        1060        1062
        1060        1063
        1064        1065
        1064        1066
        1064        1068
        1066        1067
        1068        1069
        1068        1070
        1071        1072
        1071        1073
        1071        1074
        1074        1075
        1076        1077
        1076        1080
        1076        1081
        1076        1201
        1078        1079
        1078        1080
        1078        1102
        1078        1105
        1081        1082
        1081        1083
        1081        1091
        1083        1084
        1083        1085
        1085        1086
        1085        1087
        1087        1088
        1087        1089
        1087        1090
        1091        1092
        1091        1093
        1091        1102
        1093        1094
        1094        1095
        1094        1096
        1094        1098
        1096        1097
        1096        1110
        1098        1099
        1098        1100
        1098        1101
        1102        1103
        1102        1104
        1105        1106
        1105        1107
        1105        1108
        1108        1109
        1110        1111
        1110        1112
        1112        1113
        1112        1114
        1112        1118
        1114        1115
        1114        1116
        1114        1117
        1118        1119
        1118        1120
        1120        1121
        1120        1122
        1122        1123
        1122        1124
        1122        1129
        1124        1125
        1124        1126
        1126        1127
        1126        1128
        1129        1130
        1129        1131
        1129        1132
        1132        1133
        1132        1134
        1132        1135
        1135        1136
        1135        1137
        1137        1138
        1137        1139
        1139        1140
        1139        1141
        1139        1157
        1141        1142
        1141        1143
        1141        1144
        1144        1145
        1144        1146
        1144        1147
        1147        1148
        1147        1149
        1147        1150
        1150        1151
        1150        1152
        1150        1153
        1153        1154
        1153        1155
        1153        1156
        1157        1158
        1157        1159
        1159        1160
        1159        1161
        1161        1162
        1161        1163
        1161        1167
        1163        1164
        1163        1165
        1163        1166
        1167        1168
        1167        1169
        1169        1170
        1169        1171
        1171        1172
        1171        1173
        1171        1177
        1173        1174
        1173        1175
        1173        1176
        1177        1178
        1177        1179
        1180        1181
        1180        1184
        1180        1185
        1180        1235
        1182        1183
        1182        1184
        1182        1199
        1182        1202
        1185        1186
        1185        1187
        1185        1195
        1187        1188
        1187        1189
        1189        1190
        1189        1191
        1191        1192
        1191        1193
        1191        1194
        1195        1196
        1195        1197
        1195        1199
        1197        1198
        1199        1200
        1199        1201
        1202        1203
        1202        1204
        1202        1205
        1205        1206
        1207        1208
        1207        1211
        1207        1212
        1207        1332
        1209        1210
        1209        1211
        1209        1233
        1209        1236
        1212        1213
        1212        1214
        1212        1222
        1214        1215
        1214        1216
        1216        1217
        1216        1218
        1218        1219
        1218        1220
        1218        1221
        1222        1223
        1222        1224
        1222        1233
        1224        1225
        1225        1226
        1225        1227
        1225        1229
        1227        1228
        1227        1241
        1229        1230
        1229        1231
        1229        1232
        1233        1234
        1233        1235
        1236        1237
        1236        1238
        1236        1239
        1239        1240
        1241        1242
        1241        1243
        1243        1244
        1243        1245
        1243        1249
        1245        1246
        1245        1247
        1245        1248
        1249        1250
        1249        1251
        1251        1252
        1251        1253
        1253        1254
        1253        1255
        1253        1260
        1255        1256
        1255        1257
        1257        1258
        1257        1259
        1260        1261
        1260        1262
        1260        1263
        1263        1264
        1263        1265
        1263        1266
        1266        1267
        1266        1268
        1268        1269
        1268        1270
        1270        1271
        1270        1272
        1270        1288
        1272        1273
        1272        1274
        1272        1275
        1275        1276
        1275        1277
        1275        1278
        1278        1279
        1278        1280
        1278        1281
        1281        1282
        1281        1283
        1281        1284
        1284        1285
        1284        1286
        1284        1287
        1288        1289
        1288        1290
        1290        1291
        1290        1292
        1292        1293
        1292        1294
        1292        1298
        1294        1295
        1294        1296
        1294        1297
        1298        1299
        1298        1300
        1300        1301
        1300        1302
        1302        1303
        1302        1304
        1302        1308
        1304        1305
        1304        1306
        1304        1307
        1308        1309
        1308        1310
        1311        1312
        1311        1315
        1311        1316
        1311        1366
        1313        1314
        1313        1315
        1313        1330
        1313        1333
        1316        1317
        1316        1318
        1316        1326
        1318        1319
        1318        1320
        1320        1321
        1320        1322
        1322        1323
        1322        1324
        1322        1325
        1326        1327
        1326        1328
        1326        1330
        1328        1329
        1330        1331
        1330        1332
        1333        1334
        1333        1335
        1333        1336
        1336        1337
        1338        1339
        1338        1342
        1338        1343
        1338        1463
        1340        1341
        1340        1342
        1340        1364
        1340        1367
        1343        1344
        1343        1345
        1343        1353
        1345        1346
        1345        1347
        1347        1348
        1347        1349
        1349        1350
        1349        1351
        1349        1352
        1353        1354
        1353        1355
        1353        1364
        1355        1356
        1356        1357
        1356        1358
        1356        1360
        1358        1359
        1358        1372
        1360        1361
        1360        1362
        1360        1363
        1364        1365
        1364        1366
        1367        1368
        1367        1369
        1367        1370
        1370        1371
        1372        1373
        1372        1374
        1374        1375
        1374        1376
        1374        1380
        1376        1377
        1376        1378
        1376        1379
        1380        1381
        1380        1382
        1382        1383
        1382        1384
        1384        1385
        1384        1386
        1384        1391
        1386        1387
        1386        1388
        1388        1389
        1388        1390
        1391        1392
        1391        1393
        1391        1394
        1394        1395
        1394        1396
        1394        1397
        1397        1398
        1397        1399
        1399        1400
        1399        1401
        1401        1402
        1401        1403
        1401        1419
        1403        1404
        1403        1405
        1403        1406
        1406        1407
        1406        1408
        1406        1409
        1409        1410
        1409        1411
        1409        1412
        1412        1413
        1412        1414
        1412        1415
        1415        1416
        1415        1417
        1415        1418
        1419        1420
        1419        1421
        1421        1422
        1421        1423
        1423        1424
        1423        1425
        1423        1429
        1425        1426
        1425        1427
        1425        1428
        1429        1430
        1429        1431
        1431        1432
        1431        1433
        1433        1434
        1433        1435
        1433        1439
        1435        1436
        1435        1437
        1435        1438
        1439        1440
        1439        1441
        1442        1443
        1442        1446
        1442        1447
        1442        1497
        1444        1445
        1444        1446
        1444        1461
        1444        1464
        1447        1448
        1447        1449
        1447        1457
        1449        1450
        1449        1451
        1451        1452
        1451        1453
        1453        1454
        1453        1455
        1453        1456
        1457        1458
        1457        1459
        1457        1461
        1459        1460
        1461        1462
        1461        1463
        1464        1465
        1464        1466
        1464        1467
        1467        1468
        1469        1470
        1469        1473
        1469        1474
        1469        1594
        1471        1472
        1471        1473
        1471        1495
        1471        1498
        1474        1475
        1474        1476
        1474        1484
        1476        1477
        1476        1478
        1478        1479
        1478        1480
        1480        1481
        1480        1482
        1480        1483
        1484        1485
        1484        1486
        1484        1495
        1486        1487
        1487        1488
        1487        1489
        1487        1491
        1489        1490
        1489        1503
        1491        1492
        1491        1493
        1491        1494
        1495        1496
        1495        1497
        1498        1499
        1498        1500
        1498        1501
        1501        1502
        1503        1504
        1503        1505
        1505        1506
        1505        1507
        1505        1511
        1507        1508
        1507        1509
        1507        1510
        1511        1512
        1511        1513
        1513        1514
        1513        1515
        1515        1516
        1515        1517
        1515        1522
        1517        1518
        1517        1519
        1519        1520
        1519        1521
        1522        1523
        1522        1524
        1522        1525
        1525        1526
        1525        1527
        1525        1528
        1528        1529
        1528        1530
        1530        1531
        1530        1532
        1532        1533
        1532        1534
        1532        1550
        1534        1535
        1534        1536
        1534        1537
        1537        1538
        1537        1539
        1537        1540
        1540        1541
        1540        1542
        1540        1543
        1543        1544
        1543        1545
        1543        1546
        1546        1547
        1546        1548
        1546        1549
        1550        1551
        1550        1552
        1552        1553
        1552        1554
        1554        1555
        1554        1556
        1554        1560
        1556        1557
        1556        1558
        1556        1559
        1560        1561
        1560        1562
        1562        1563
        1562        1564
        1564        1565
        1564        1566
        1564        1570
        1566        1567
        1566        1568
        1566        1569
        1570        1571
        1570        1572
        1573        1574
        1573        1577
        1573        1578
        1573        1628
        1575        1576
        1575        1577
        1575        1592
        1575        1595
        1578        1579
        1578        1580
        1578        1588
        1580        1581
        1580        1582
        1582        1583
        1582        1584
        1584        1585
        1584        1586
        1584        1587
        1588        1589
        1588        1590
        1588        1592
        1590        1591
        1592        1593
        1592        1594
        1595        1596
        1595        1597
        1595        1598
        1598        1599
        1600        1601
        1600        1604
        1600        1605
        1602        1603
        1602        1604
        1602        1626
        1602        1629
        1605        1606
        1605        1607
        1605        1615
        1607        1608
        1607        1609
        1609        1610
        1609        1611
        1611        1612
        1611        1613
        1611        1614
        1615        1616
        1615        1617
        1615        1626
        1617        1618
        1618        1619
        1618        1620
        1618        1622
        1620        1621
        1620        1634
        1622        1623
        1622        1624
        1622        1625
        1626        1627
        1626        1628
        1629        1630
        1629        1631
        1629        1632
        1632        1633
        1634        1635
        1634        1636
        1636        1637
        1636        1638
        1636        1642
        1638        1639
        1638        1640
        1638        1641
        1642        1643
        1642        1644
        1644        1645
        1644        1646
        1646        1647
        1646        1648
        1646        1653
        1648        1649
        1648        1650
        1650        1651
        1650        1652
        1653        1654
        1653        1655
        1653        1656
        1656        1657
        1656        1658
        1656        1659
        1659        1660
        1659        1661
        1661        1662
        1661        1663
        1663        1664
        1663        1665
        1663        1681
        1665        1666
        1665        1667
        1665        1668
        1668        1669
        1668        1670
        1668        1671
        1671        1672
        1671        1673
        1671        1674
        1674        1675
        1674        1676
        1674        1677
        1677        1678
        1677        1679
        1677        1680
        1681        1682
        1681        1683
        1683        1684
        1683        1685
        1685        1686
        1685        1687
        1685        1691
        1687        1688
        1687        1689
        1687        1690
        1691        1692
        1691        1693
        1693        1694
        1693        1695
        1695        1696
        1695        1697
        1695        1701
        1697        1698
        1697        1699
        1697        1700
        1701        1702
        1701        1703
        1704        1705
        1704        1708
        1704        1709
        1704        1759
        1706        1707
        1706        1708
        1706        1723
        1706        1726
        1709        1710
        1709        1711
        1709        1719
        1711        1712
        1711        1713
        1713        1714
        1713        1715
        1715        1716
        1715        1717
        1715        1718
        1719        1720
        1719        1721
        1719        1723
        1721        1722
        1723        1724
        1723        1725
        1725        3303
        1726        1727
        1726        1728
        1726        1729
        1729        1730
        1731        1732
        1731        1735
        1731        1736
        1731        1856
        1733        1734
        1733        1735
        1733        1757
        1733        1760
        1736        1737
        1736        1738
        1736        1746
        1738        1739
        1738        1740
        1740        1741
        1740        1742
        1742        1743
        1742        1744
        1742        1745
        1746        1747
        1746        1748
        1746        1757
        1748        1749
        1749        1750
        1749        1751
        1749        1753
        1751        1752
        1751        1765
        1753        1754
        1753        1755
        1753        1756
        1757        1758
        1757        1759
        1760        1761
        1760        1762
        1760        1763
        1763        1764
        1765        1766
        1765        1767
        1767        1768
        1767        1769
        1767        1773
        1769        1770
        1769        1771
        1769        1772
        1773        1774
        1773        1775
        1775        1776
        1775        1777
        1777        1778
        1777        1779
        1777        1784
        1779        1780
        1779        1781
        1781        1782
        1781        1783
        1784        1785
        1784        1786
        1784        1787
        1787        1788
        1787        1789
        1787        1790
        1790        1791
        1790        1792
        1792        1793
        1792        1794
        1794        1795
        1794        1796
        1794        1812
        1796        1797
        1796        1798
        1796        1799
        1799        1800
        1799        1801
        1799        1802
        1802        1803
        1802        1804
        1802        1805
        1805        1806
        1805        1807
        1805        1808
        1808        1809
        1808        1810
        1808        1811
        1812        1813
        1812        1814
        1814        1815
        1814        1816
        1816        1817
        1816        1818
        1816        1822
        1818        1819
        1818        1820
        1818        1821
        1822        1823
        1822        1824
        1824        1825
        1824        1826
        1826        1827
        1826        1828
        1826        1832
        1828        1829
        1828        1830
        1828        1831
        1832        1833
        1832        1834
        1835        1836
        1835        1839
        1835        1840
        1835        1890
        1837        1838
        1837        1839
        1837        1854
        1837        1857
        1840        1841
        1840        1842
        1840        1850
        1842        1843
        1842        1844
        1844        1845
        1844        1846
        1846        1847
        1846        1848
        1846        1849
        1850        1851
        1850        1852
        1850        1854
        1852        1853
        1854        1855
        1854        1856
        1857        1858
        1857        1859
        1857        1860
        1860        1861
        1862        1863
        1862        1866
        1862        1867
        1862        1987
        1864        1865
        1864        1866
        1864        1888
        1864        1891
        1867        1868
        1867        1869
        1867        1877
        1869        1870
        1869        1871
        1871        1872
        1871        1873
        1873        1874
        1873        1875
        1873        1876
        1877        1878
        1877        1879
        1877        1888
        1879        1880
        1880        1881
        1880        1882
        1880        1884
        1882        1883
        1882        1896
        1884        1885
        1884        1886
        1884        1887
        1888        1889
        1888        1890
        1891        1892
        1891        1893
        1891        1894
        1894        1895
        1896        1897
        1896        1898
        1898        1899
        1898        1900
        1898        1904
        1900        1901
        1900        1902
        1900        1903
        1904        1905
        1904        1906
        1906        1907
        1906        1908
        1908        1909
        1908        1910
        1908        1915
        1910        1911
        1910        1912
        1912        1913
        1912        1914
        1915        1916
        1915        1917
        1915        1918
        1918        1919
        1918        1920
        1918        1921
        1921        1922
        1921        1923
        1923        1924
        1923        1925
        1925        1926
        1925        1927
        1925        1943
        1927        1928
        1927        1929
        1927        1930
        1930        1931
        1930        1932
        1930        1933
        1933        1934
        1933        1935
        1933        1936
        1936        1937
        1936        1938
        1936        1939
        1939        1940
        1939        1941
        1939        1942
        1943        1944
        1943        1945
        1945        1946
        1945        1947
        1947        1948
        1947        1949
        1947        1953
        1949        1950
        1949        1951
        1949        1952
        1953        1954
        1953        1955
        1955        1956
        1955        1957
        1957        1958
        1957        1959
        1957        1963
        1959        1960
        1959        1961
        1959        1962
        1963        1964
        1963        1965
        1966        1967
        1966        1970
        1966        1971
        1966        2021
        1968        1969
        1968        1970
        1968        1985
        1968        1988
        1971        1972
        1971        1973
        1971        1981
        1973        1974
        1973        1975
        1975        1976
        1975        1977
        1977        1978
        1977        1979
        1977        1980
        1981        1982
        1981        1983
        1981        1985
        1983        1984
        1985        1986
        1985        1987
        1988        1989
        1988        1990
        1988        1991
        1991        1992
        1993        1994
        1993        1997
        1993        1998
        1993        2118
        1995        1996
        1995        1997
        1995        2019
        1995        2022
        1998        1999
        1998        2000
        1998        2008
        2000        2001
        2000        2002
        2002        2003
        2002        2004
        2004        2005
        2004        2006
        2004        2007
        2008        2009
        2008        2010
        2008        2019
        2010        2011
        2011        2012
        2011        2013
        2011        2015
        2013        2014
        2013        2027
        2015        2016
        2015        2017
        2015        2018
        2019        2020
        2019        2021
        2022        2023
        2022        2024
        2022        2025
        2025        2026
        2027        2028
        2027        2029
        2029        2030
        2029        2031
        2029        2035
        2031        2032
        2031        2033
        2031        2034
        2035        2036
        2035        2037
        2037        2038
        2037        2039
        2039        2040
        2039        2041
        2039        2046
        2041        2042
        2041        2043
        2043        2044
        2043        2045
        2046        2047
        2046        2048
        2046        2049
        2049        2050
        2049        2051
        2049        2052
        2052        2053
        2052        2054
        2054        2055
        2054        2056
        2056        2057
        2056        2058
        2056        2074
        2058        2059
        2058        2060
        2058        2061
        2061        2062
        2061        2063
        2061        2064
        2064        2065
        2064        2066
        2064        2067
        2067        2068
        2067        2069
        2067        2070
        2070        2071
        2070        2072
        2070        2073
        2074        2075
        2074        2076
        2076        2077
        2076        2078
        2078        2079
        2078        2080
        2078        2084
        2080        2081
        2080        2082
        2080        2083
        2084        2085
        2084        2086
        2086        2087
        2086        2088
        2088        2089
        2088        2090
        2088        2094
        2090        2091
        2090        2092
        2090        2093
        2094        2095
        2094        2096
        2097        2098
        2097        2101
        2097        2102
        2097        2152
        2099        2100
        2099        2101
        2099        2116
        2099        2119
        2102        2103
        2102        2104
        2102        2112
        2104        2105
        2104        2106
        2106        2107
        2106        2108
        2108        2109
        2108        2110
        2108        2111
        2112        2113
        2112        2114
        2112        2116
        2114        2115
        2116        2117
        2116        2118
        2119        2120
        2119        2121
        2119        2122
        2122        2123
        2124        2125
        2124        2128
        2124        2129
        2124        2249
        2126        2127
        2126        2128
        2126        2150
        2126        2153
        2129        2130
        2129        2131
        2129        2139
        2131        2132
        2131        2133
        2133        2134
        2133        2135
        2135        2136
        2135        2137
        2135        2138
        2139        2140
        2139        2141
        2139        2150
        2141        2142
        2142        2143
        2142        2144
        2142        2146
        2144        2145
        2144        2158
        2146        2147
        2146        2148
        2146        2149
        2150        2151
        2150        2152
        2153        2154
        2153        2155
        2153        2156
        2156        2157
        2158        2159
        2158        2160
        2160        2161
        2160        2162
        2160        2166
        2162        2163
        2162        2164
        2162        2165
        2166        2167
        2166        2168
        2168        2169
        2168        2170
        2170        2171
        2170        2172
        2170        2177
        2172        2173
        2172        2174
        2174        2175
        2174        2176
        2177        2178
        2177        2179
        2177        2180
        2180        2181
        2180        2182
        2180        2183
        2183        2184
        2183        2185
        2185        2186
        2185        2187
        2187        2188
        2187        2189
        2187        2205
        2189        2190
        2189        2191
        2189        2192
        2192        2193
        2192        2194
        2192        2195
        2195        2196
        2195        2197
        2195        2198
        2198        2199
        2198        2200
        2198        2201
        2201        2202
        2201        2203
        2201        2204
        2205        2206
        2205        2207
        2207        2208
        2207        2209
        2209        2210
        2209        2211
        2209        2215
        2211        2212
        2211        2213
        2211        2214
        2215        2216
        2215        2217
        2217        2218
        2217        2219
        2219        2220
        2219        2221
        2219        2225
        2221        2222
        2221        2223
        2221        2224
        2225        2226
        2225        2227
        2228        2229
        2228        2232
        2228        2233
        2228        2283
        2230        2231
        2230        2232
        2230        2247
        2230        2250
        2233        2234
        2233        2235
        2233        2243
        2235        2236
        2235        2237
        2237        2238
        2237        2239
        2239        2240
        2239        2241
        2239        2242
        2243        2244
        2243        2245
        2243        2247
        2245        2246
        2247        2248
        2247        2249
        2250        2251
        2250        2252
        2250        2253
        2253        2254
        2255        2256
        2255        2259
        2255        2260
        2255        2380
        2257        2258
        2257        2259
        2257        2281
        2257        2284
        2260        2261
        2260        2262
        2260        2270
        2262        2263
        2262        2264
        2264        2265
        2264        2266
        2266        2267
        2266        2268
        2266        2269
        2270        2271
        2270        2272
        2270        2281
        2272        2273
        2273        2274
        2273        2275
        2273        2277
        2275        2276
        2275        2289
        2277        2278
        2277        2279
        2277        2280
        2281        2282
        2281        2283
        2284        2285
        2284        2286
        2284        2287
        2287        2288
        2289        2290
        2289        2291
        2291        2292
        2291        2293
        2291        2297
        2293        2294
        2293        2295
        2293        2296
        2297        2298
        2297        2299
        2299        2300
        2299        2301
        2301        2302
        2301        2303
        2301        2308
        2303        2304
        2303        2305
        2305        2306
        2305        2307
        2308        2309
        2308        2310
        2308        2311
        2311        2312
        2311        2313
        2311        2314
        2314        2315
        2314        2316
        2316        2317
        2316        2318
        2318        2319
        2318        2320
        2318        2336
        2320        2321
        2320        2322
        2320        2323
        2323        2324
        2323        2325
        2323        2326
        2326        2327
        2326        2328
        2326        2329
        2329        2330
        2329        2331
        2329        2332
        2332        2333
        2332        2334
        2332        2335
        2336        2337
        2336        2338
        2338        2339
        2338        2340
        2340        2341
        2340        2342
        2340        2346
        2342        2343
        2342        2344
        2342        2345
        2346        2347
        2346        2348
        2348        2349
        2348        2350
        2350        2351
        2350        2352
        2350        2356
        2352        2353
        2352        2354
        2352        2355
        2356        2357
        2356        2358
        2359        2360
        2359        2363
        2359        2364
        2359        2414
        2361        2362
        2361        2363
        2361        2378
        2361        2381
        2364        2365
        2364        2366
        2364        2374
        2366        2367
        2366        2368
        2368        2369
        2368        2370
        2370        2371
        2370        2372
        2370        2373
        2374        2375
        2374        2376
        2374        2378
        2376        2377
        2378        2379
        2378        2380
        2381        2382
        2381        2383
        2381        2384
        2384        2385
        2386        2387
        2386        2390
        2386        2391
        2386        2511
        2388        2389
        2388        2390
        2388        2412
        2388        2415
        2391        2392
        2391        2393
        2391        2401
        2393        2394
        2393        2395
        2395        2396
        2395        2397
        2397        2398
        2397        2399
        2397        2400
        2401        2402
        2401        2403
        2401        2412
        2403        2404
        2404        2405
        2404        2406
        2404        2408
        2406        2407
        2406        2420
        2408        2409
        2408        2410
        2408        2411
        2412        2413
        2412        2414
        2415        2416
        2415        2417
        2415        2418
        2418        2419
        2420        2421
        2420        2422
        2422        2423
        2422        2424
        2422        2428
        2424        2425
        2424        2426
        2424        2427
        2428        2429
        2428        2430
        2430        2431
        2430        2432
        2432        2433
        2432        2434
        2432        2439
        2434        2435
        2434        2436
        2436        2437
        2436        2438
        2439        2440
        2439        2441
        2439        2442
        2442        2443
        2442        2444
        2442        2445
        2445        2446
        2445        2447
        2447        2448
        2447        2449
        2449        2450
        2449        2451
        2449        2467
        2451        2452
        2451        2453
        2451        2454
        2454        2455
        2454        2456
        2454        2457
        2457        2458
        2457        2459
        2457        2460
        2460        2461
        2460        2462
        2460        2463
        2463        2464
        2463        2465
        2463        2466
        2467        2468
        2467        2469
        2469        2470
        2469        2471
        2471        2472
        2471        2473
        2471        2477
        2473        2474
        2473        2475
        2473        2476
        2477        2478
        2477        2479
        2479        2480
        2479        2481
        2481        2482
        2481        2483
        2481        2487
        2483        2484
        2483        2485
        2483        2486
        2487        2488
        2487        2489
        2490        2491
        2490        2494
        2490        2495
        2490        2545
        2492        2493
        2492        2494
        2492        2509
        2492        2512
        2495        2496
        2495        2497
        2495        2505
        2497        2498
        2497        2499
        2499        2500
        2499        2501
        2501        2502
        2501        2503
        2501        2504
        2505        2506
        2505        2507
        2505        2509
        2507        2508
        2509        2510
        2509        2511
        2512        2513
        2512        2514
        2512        2515
        2515        2516
        2517        2518
        2517        2521
        2517        2522
        2517        2642
        2519        2520
        2519        2521
        2519        2543
        2519        2546
        2522        2523
        2522        2524
        2522        2532
        2524        2525
        2524        2526
        2526        2527
        2526        2528
        2528        2529
        2528        2530
        2528        2531
        2532        2533
        2532        2534
        2532        2543
        2534        2535
        2535        2536
        2535        2537
        2535        2539
        2537        2538
        2537        2551
        2539        2540
        2539        2541
        2539        2542
        2543        2544
        2543        2545
        2546        2547
        2546        2548
        2546        2549
        2549        2550
        2551        2552
        2551        2553
        2553        2554
        2553        2555
        2553        2559
        2555        2556
        2555        2557
        2555        2558
        2559        2560
        2559        2561
        2561        2562
        2561        2563
        2563        2564
        2563        2565
        2563        2570
        2565        2566
        2565        2567
        2567        2568
        2567        2569
        2570        2571
        2570        2572
        2570        2573
        2573        2574
        2573        2575
        2573        2576
        2576        2577
        2576        2578
        2578        2579
        2578        2580
        2580        2581
        2580        2582
        2580        2598
        2582        2583
        2582        2584
        2582        2585
        2585        2586
        2585        2587
        2585        2588
        2588        2589
        2588        2590
        2588        2591
        2591        2592
        2591        2593
        2591        2594
        2594        2595
        2594        2596
        2594        2597
        2598        2599
        2598        2600
        2600        2601
        2600        2602
        2602        2603
        2602        2604
        2602        2608
        2604        2605
        2604        2606
        2604        2607
        2608        2609
        2608        2610
        2610        2611
        2610        2612
        2612        2613
        2612        2614
        2612        2618
        2614        2615
        2614        2616
        2614        2617
        2618        2619
        2618        2620
        2621        2622
        2621        2625
        2621        2626
        2621        2676
        2623        2624
        2623        2625
        2623        2640
        2623        2643
        2626        2627
        2626        2628
        2626        2636
        2628        2629
        2628        2630
        2630        2631
        2630        2632
        2632        2633
        2632        2634
        2632        2635
        2636        2637
        2636        2638
        2636        2640
        2638        2639
        2640        2641
        2640        2642
        2643        2644
        2643        2645
        2643        2646
        2646        2647
        2648        2649
        2648        2652
        2648        2653
        2648        2773
        2650        2651
        2650        2652
        2650        2674
        2650        2677
        2653        2654
        2653        2655
        2653        2663
        2655        2656
        2655        2657
        2657        2658
        2657        2659
        2659        2660
        2659        2661
        2659        2662
        2663        2664
        2663        2665
        2663        2674
        2665        2666
        2666        2667
        2666        2668
        2666        2670
        2668        2669
        2668        2682
        2670        2671
        2670        2672
        2670        2673
        2674        2675
        2674        2676
        2677        2678
        2677        2679
        2677        2680
        2680        2681
        2682        2683
        2682        2684
        2684        2685
        2684        2686
        2684        2690
        2686        2687
        2686        2688
        2686        2689
        2690        2691
        2690        2692
        2692        2693
        2692        2694
        2694        2695
        2694        2696
        2694        2701
        2696        2697
        2696        2698
        2698        2699
        2698        2700
        2701        2702
        2701        2703
        2701        2704
        2704        2705
        2704        2706
        2704        2707
        2707        2708
        2707        2709
        2709        2710
        2709        2711
        2711        2712
        2711        2713
        2711        2729
        2713        2714
        2713        2715
        2713        2716
        2716        2717
        2716        2718
        2716        2719
        2719        2720
        2719        2721
        2719        2722
        2722        2723
        2722        2724
        2722        2725
        2725        2726
        2725        2727
        2725        2728
        2729        2730
        2729        2731
        2731        2732
        2731        2733
        2733        2734
        2733        2735
        2733        2739
        2735        2736
        2735        2737
        2735        2738
        2739        2740
        2739        2741
        2741        2742
        2741        2743
        2743        2744
        2743        2745
        2743        2749
        2745        2746
        2745        2747
        2745        2748
        2749        2750
        2749        2751
        2752        2753
        2752        2756
        2752        2757
        2752        2807
        2754        2755
        2754        2756
        2754        2771
        2754        2774
        2757        2758
        2757        2759
        2757        2767
        2759        2760
        2759        2761
        2761        2762
        2761        2763
        2763        2764
        2763        2765
        2763        2766
        2767        2768
        2767        2769
        2767        2771
        2769        2770
        2771        2772
        2771        2773
        2774        2775
        2774        2776
        2774        2777
        2777        2778
        2779        2780
        2779        2783
        2779        2784
        2779        2904
        2781        2782
        2781        2783
        2781        2805
        2781        2808
        2784        2785
        2784        2786
        2784        2794
        2786        2787
        2786        2788
        2788        2789
        2788        2790
        2790        2791
        2790        2792
        2790        2793
        2794        2795
        2794        2796
        2794        2805
        2796        2797
        2797        2798
        2797        2799
        2797        2801
        2799        2800
        2799        2813
        2801        2802
        2801        2803
        2801        2804
        2805        2806
        2805        2807
        2808        2809
        2808        2810
        2808        2811
        2811        2812
        2813        2814
        2813        2815
        2815        2816
        2815        2817
        2815        2821
        2817        2818
        2817        2819
        2817        2820
        2821        2822
        2821        2823
        2823        2824
        2823        2825
        2825        2826
        2825        2827
        2825        2832
        2827        2828
        2827        2829
        2829        2830
        2829        2831
        2832        2833
        2832        2834
        2832        2835
        2835        2836
        2835        2837
        2835        2838
        2838        2839
        2838        2840
        2840        2841
        2840        2842
        2842        2843
        2842        2844
        2842        2860
        2844        2845
        2844        2846
        2844        2847
        2847        2848
        2847        2849
        2847        2850
        2850        2851
        2850        2852
        2850        2853
        2853        2854
        2853        2855
        2853        2856
        2856        2857
        2856        2858
        2856        2859
        2860        2861
        2860        2862
        2862        2863
        2862        2864
        2864        2865
        2864        2866
        2864        2870
        2866        2867
        2866        2868
        2866        2869
        2870        2871
        2870        2872
        2872        2873
        2872        2874
        2874        2875
        2874        2876
        2874        2880
        2876        2877
        2876        2878
        2876        2879
        2880        2881
        2880        2882
        2883        2884
        2883        2887
        2883        2888
        2883        2938
        2885        2886
        2885        2887
        2885        2902
        2885        2905
        2888        2889
        2888        2890
        2888        2898
        2890        2891
        2890        2892
        2892        2893
        2892        2894
        2894        2895
        2894        2896
        2894        2897
        2898        2899
        2898        2900
        2898        2902
        2900        2901
        2902        2903
        2902        2904
        2905        2906
        2905        2907
        2905        2908
        2908        2909
        2910        2911
        2910        2914
        2910        2915
        2910        3035
        2912        2913
        2912        2914
        2912        2936
        2912        2939
        2915        2916
        2915        2917
        2915        2925
        2917        2918
        2917        2919
        2919        2920
        2919        2921
        2921        2922
        2921        2923
        2921        2924
        2925        2926
        2925        2927
        2925        2936
        2927        2928
        2928        2929
        2928        2930
        2928        2932
        2930        2931
        2930        2944
        2932        2933
        2932        2934
        2932        2935
        2936        2937
        2936        2938
        2939        2940
        2939        2941
        2939        2942
        2942        2943
        2944        2945
        2944        2946
        2946        2947
        2946        2948
        2946        2952
        2948        2949
        2948        2950
        2948        2951
        2952        2953
        2952        2954
        2954        2955
        2954        2956
        2956        2957
        2956        2958
        2956        2963
        2958        2959
        2958        2960
        2960        2961
        2960        2962
        2963        2964
        2963        2965
        2963        2966
        2966        2967
        2966        2968
        2966        2969
        2969        2970
        2969        2971
        2971        2972
        2971        2973
        2973        2974
        2973        2975
        2973        2991
        2975        2976
        2975        2977
        2975        2978
        2978        2979
        2978        2980
        2978        2981
        2981        2982
        2981        2983
        2981        2984
        2984        2985
        2984        2986
        2984        2987
        2987        2988
        2987        2989
        2987        2990
        2991        2992
        2991        2993
        2993        2994
        2993        2995
        2995        2996
        2995        2997
        2995        3001
        2997        2998
        2997        2999
        2997        3000
        3001        3002
        3001        3003
        3003        3004
        3003        3005
        3005        3006
        3005        3007
        3005        3011
        3007        3008
        3007        3009
        3007        3010
        3011        3012
        3011        3013
        3014        3015
        3014        3018
        3014        3019
        3014        3069
        3016        3017
        3016        3018
        3016        3033
        3016        3036
        3019        3020
        3019        3021
        3019        3029
        3021        3022
        3021        3023
        3023        3024
        3023        3025
        3025        3026
        3025        3027
        3025        3028
        3029        3030
        3029        3031
        3029        3033
        3031        3032
        3033        3034
        3033        3035
        3036        3037
        3036        3038
        3036        3039
        3039        3040
        3041        3042
        3041        3045
        3041        3046
        3041        3166
        3043        3044
        3043        3045
        3043        3067
        3043        3070
        3046        3047
        3046        3048
        3046        3056
        3048        3049
        3048        3050
        3050        3051
        3050        3052
        3052        3053
        3052        3054
        3052        3055
        3056        3057
        3056        3058
        3056        3067
        3058        3059
        3059        3060
        3059        3061
        3059        3063
        3061        3062
        3061        3075
        3063        3064
        3063        3065
        3063        3066
        3067        3068
        3067        3069
        3070        3071
        3070        3072
        3070        3073
        3073        3074
        3075        3076
        3075        3077
        3077        3078
        3077        3079
        3077        3083
        3079        3080
        3079        3081
        3079        3082
        3083        3084
        3083        3085
        3085        3086
        3085        3087
        3087        3088
        3087        3089
        3087        3094
        3089        3090
        3089        3091
        3091        3092
        3091        3093
        3094        3095
        3094        3096
        3094        3097
        3097        3098
        3097        3099
        3097        3100
        3100        3101
        3100        3102
        3102        3103
        3102        3104
        3104        3105
        3104        3106
        3104        3122
        3106        3107
        3106        3108
        3106        3109
        3109        3110
        3109        3111
        3109        3112
        3112        3113
        3112        3114
        3112        3115
        3115        3116
        3115        3117
        3115        3118
        3118        3119
        3118        3120
        3118        3121
        3122        3123
        3122        3124
        3124        3125
        3124        3126
        3126        3127
        3126        3128
        3126        3132
        3128        3129
        3128        3130
        3128        3131
        3132        3133
        3132        3134
        3134        3135
        3134        3136
        3136        3137
        3136        3138
        3136        3142
        3138        3139
        3138        3140
        3138        3141
        3142        3143
        3142        3144
        3145        3146
        3145        3149
        3145        3150
        3145        3200
        3147        3148
        3147        3149
        3147        3164
        3147        3167
        3150        3151
        3150        3152
        3150        3160
        3152        3153
        3152        3154
        3154        3155
        3154        3156
        3156        3157
        3156        3158
        3156        3159
        3160        3161
        3160        3162
        3160        3164
        3162        3163
        3164        3165
        3164        3166
        3167        3168
        3167        3169
        3167        3170
        3170        3171
        3172        3173
        3172        3176
        3172        3177
        3172        3297
        3174        3175
        3174        3176
        3174        3198
        3174        3201
        3177        3178
        3177        3179
        3177        3187
        3179        3180
        3179        3181
        3181        3182
        3181        3183
        3183        3184
        3183        3185
        3183        3186
        3187        3188
        3187        3189
        3187        3198
        3189        3190
        3190        3191
        3190        3192
        3190        3194
        3192        3193
        3192        3206
        3194        3195
        3194        3196
        3194        3197
        3198        3199
        3198        3200
        3201        3202
        3201        3203
        3201        3204
        3204        3205
        3206        3207
        3206        3208
        3208        3209
        3208        3210
        3208        3214
        3210        3211
        3210        3212
        3210        3213
        3214        3215
        3214        3216
        3216        3217
        3216        3218
        3218        3219
        3218        3220
        3218        3225
        3220        3221
        3220        3222
        3222        3223
        3222        3224
        3225        3226
        3225        3227
        3225        3228
        3228        3229
        3228        3230
        3228        3231
        3231        3232
        3231        3233
        3233        3234
        3233        3235
        3235        3236
        3235        3237
        3235        3253
        3237        3238
        3237        3239
        3237        3240
        3240        3241
        3240        3242
        3240        3243
        3243        3244
        3243        3245
        3243        3246
        3246        3247
        3246        3248
        3246        3249
        3249        3250
        3249        3251
        3249        3252
        3253        3254
        3253        3255
        3255        3256
        3255        3257
        3257        3258
        3257        3259
        3257        3263
        3259        3260
        3259        3261
        3259        3262
        3263        3264
        3263        3265
        3265        3266
        3265        3267
        3267        3268
        3267        3269
        3267        3273
        3269        3270
        3269        3271
        3269        3272
        3273        3274
        3273        3275
        3276        3277
        3276        3280
        3276        3281
        3276        3331
        3278        3279
        3278        3280
        3278        3295
        3278        3298
        3281        3282
        3281        3283
        3281        3291
        3283        3284
        3283        3285
        3285        3286
        3285        3287
        3287        3288
        3287        3289
        3287        3290
        3291        3292
        3291        3293
        3291        3295
        3293        3294
        3295        3296
        3295        3297
        3298        3299
        3298        3300
        3298        3301
        3301        3302
        3303        3304
        3303        3307
        3303        3308
        3305        3306
        3305        3307
        3305        3329
        3305        3332
        3308        3309
        3308        3310
        3308        3318
        3310        3311
        3310        3312
        3312        3313
        3312        3314
        3314        3315
        3314        3316
        3314        3317
        3318        3319
        3318        3320
        3318        3329
        3320        3321
        3321        3322
        3321        3323
        3321        3325
        3323        3324
        3323        3337
        3325        3326
        3325        3327
        3325        3328
        3329        3330
        3329        3331
        3332        3333
        3332        3334
        3332        3335
        3335        3336
        3337        3338
        3337        3339
        3339        3340
        3339        3341
        3339        3345
        3341        3342
        3341        3343
        3341        3344
        3345        3346
        3345        3347
        3347        3348
        3347        3349
        3349        3350
        3349        3351
        3349        3356
        3351        3352
        3351        3353
        3353        3354
        3353        3355
        3356        3357
        3356        3358
        3356        3359
        3359        3360
        3359        3361
        3359        3362
        3362        3363
        3362        3364
        3364        3365
        3364        3366
        3366        3367
        3366        3368
        3366        3384
        3368        3369
        3368        3370
        3368        3371
        3371        3372
        3371        3373
        3371        3374
        3374        3375
        3374        3376
        3374        3377
        3377        3378
        3377        3379
        3377        3380
        3380        3381
        3380        3382
        3380        3383
        3384        3385
        3384        3386
        3386        3387
        3386        3388
        3388        3389
        3388        3390
        3388        3394
        3390        3391
        3390        3392
        3390        3393
        3394        3395
        3394        3396
        3396        3397
        3396        3398
        3398        3399
        3398        3400
        3398        3404
        3400        3401
        3400        3402
        3400        3403
        3404        3405
        3404        3406
        3407        3408
        3407        3411
        3407        3412
        3407        3462
        3409        3410
        3409        3411
        3409        3426
        3409        3429
        3412        3413
        3412        3414
        3412        3422
        3414        3415
        3414        3416
        3416        3417
        3416        3418
        3418        3419
        3418        3420
        3418        3421
        3422        3423
        3422        3424
        3422        3426
        3424        3425
        3426        3427
        3426        3428
        3428        5006
        3429        3430
        3429        3431
        3429        3432
        3432        3433
        3434        3435
        3434        3438
        3434        3439
        3434        3559
        3436        3437
        3436        3438
        3436        3460
        3436        3463
        3439        3440
        3439        3441
        3439        3449
        3441        3442
        3441        3443
        3443        3444
        3443        3445
        3445        3446
        3445        3447
        3445        3448
        3449        3450
        3449        3451
        3449        3460
        3451        3452
        3452        3453
        3452        3454
        3452        3456
        3454        3455
        3454        3468
        3456        3457
        3456        3458
        3456        3459
        3460        3461
        3460        3462
        3463        3464
        3463        3465
        3463        3466
        3466        3467
        3468        3469
        3468        3470
        3470        3471
        3470        3472
        3470        3476
        3472        3473
        3472        3474
        3472        3475
        3476        3477
        3476        3478
        3478        3479
        3478        3480
        3480        3481
        3480        3482
        3480        3487
        3482        3483
        3482        3484
        3484        3485
        3484        3486
        3487        3488
        3487        3489
        3487        3490
        3490        3491
        3490        3492
        3490        3493
        3493        3494
        3493        3495
        3495        3496
        3495        3497
        3497        3498
        3497        3499
        3497        3515
        3499        3500
        3499        3501
        3499        3502
        3502        3503
        3502        3504
        3502        3505
        3505        3506
        3505        3507
        3505        3508
        3508        3509
        3508        3510
        3508        3511
        3511        3512
        3511        3513
        3511        3514
        3515        3516
        3515        3517
        3517        3518
        3517        3519
        3519        3520
        3519        3521
        3519        3525
        3521        3522
        3521        3523
        3521        3524
        3525        3526
        3525        3527
        3527        3528
        3527        3529
        3529        3530
        3529        3531
        3529        3535
        3531        3532
        3531        3533
        3531        3534
        3535        3536
        3535        3537
        3538        3539
        3538        3542
        3538        3543
        3538        3593
        3540        3541
        3540        3542
        3540        3557
        3540        3560
        3543        3544
        3543        3545
        3543        3553
        3545        3546
        3545        3547
        3547        3548
        3547        3549
        3549        3550
        3549        3551
        3549        3552
        3553        3554
        3553        3555
        3553        3557
        3555        3556
        3557        3558
        3557        3559
        3560        3561
        3560        3562
        3560        3563
        3563        3564
        3565        3566
        3565        3569
        3565        3570
        3565        3690
        3567        3568
        3567        3569
        3567        3591
        3567        3594
        3570        3571
        3570        3572
        3570        3580
        3572        3573
        3572        3574
        3574        3575
        3574        3576
        3576        3577
        3576        3578
        3576        3579
        3580        3581
        3580        3582
        3580        3591
        3582        3583
        3583        3584
        3583        3585
        3583        3587
        3585        3586
        3585        3599
        3587        3588
        3587        3589
        3587        3590
        3591        3592
        3591        3593
        3594        3595
        3594        3596
        3594        3597
        3597        3598
        3599        3600
        3599        3601
        3601        3602
        3601        3603
        3601        3607
        3603        3604
        3603        3605
        3603        3606
        3607        3608
        3607        3609
        3609        3610
        3609        3611
        3611        3612
        3611        3613
        3611        3618
        3613        3614
        3613        3615
        3615        3616
        3615        3617
        3618        3619
        3618        3620
        3618        3621
        3621        3622
        3621        3623
        3621        3624
        3624        3625
        3624        3626
        3626        3627
        3626        3628
        3628        3629
        3628        3630
        3628        3646
        3630        3631
        3630        3632
        3630        3633
        3633        3634
        3633        3635
        3633        3636
        3636        3637
        3636        3638
        3636        3639
        3639        3640
        3639        3641
        3639        3642
        3642        3643
        3642        3644
        3642        3645
        3646        3647
        3646        3648
        3648        3649
        3648        3650
        3650        3651
        3650        3652
        3650        3656
        3652        3653
        3652        3654
        3652        3655
        3656        3657
        3656        3658
        3658        3659
        3658        3660
        3660        3661
        3660        3662
        3660        3666
        3662        3663
        3662        3664
        3662        3665
        3666        3667
        3666        3668
        3669        3670
        3669        3673
        3669        3674
        3669        3724
        3671        3672
        3671        3673
        3671        3688
        3671        3691
        3674        3675
        3674        3676
        3674        3684
        3676        3677
        3676        3678
        3678        3679
        3678        3680
        3680        3681
        3680        3682
        3680        3683
        3684        3685
        3684        3686
        3684        3688
        3686        3687
        3688        3689
        3688        3690
        3691        3692
        3691        3693
        3691        3694
        3694        3695
        3696        3697
        3696        3700
        3696        3701
        3696        3821
        3698        3699
        3698        3700
        3698        3722
        3698        3725
        3701        3702
        3701        3703
        3701        3711
        3703        3704
        3703        3705
        3705        3706
        3705        3707
        3707        3708
        3707        3709
        3707        3710
        3711        3712
        3711        3713
        3711        3722
        3713        3714
        3714        3715
        3714        3716
        3714        3718
        3716        3717
        3716        3730
        3718        3719
        3718        3720
        3718        3721
        3722        3723
        3722        3724
        3725        3726
        3725        3727
        3725        3728
        3728        3729
        3730        3731
        3730        3732
        3732        3733
        3732        3734
        3732        3738
        3734        3735
        3734        3736
        3734        3737
        3738        3739
        3738        3740
        3740        3741
        3740        3742
        3742        3743
        3742        3744
        3742        3749
        3744        3745
        3744        3746
        3746        3747
        3746        3748
        3749        3750
        3749        3751
        3749        3752
        3752        3753
        3752        3754
        3752        3755
        3755        3756
        3755        3757
        3757        3758
        3757        3759
        3759        3760
        3759        3761
        3759        3777
        3761        3762
        3761        3763
        3761        3764
        3764        3765
        3764        3766
        3764        3767
        3767        3768
        3767        3769
        3767        3770
        3770        3771
        3770        3772
        3770        3773
        3773        3774
        3773        3775
        3773        3776
        3777        3778
        3777        3779
        3779        3780
        3779        3781
        3781        3782
        3781        3783
        3781        3787
        3783        3784
        3783        3785
        3783        3786
        3787        3788
        3787        3789
        3789        3790
        3789        3791
        3791        3792
        3791        3793
        3791        3797
        3793        3794
        3793        3795
        3793        3796
        3797        3798
        3797        3799
        3800        3801
        3800        3804
        3800        3805
        3800        3855
        3802        3803
        3802        3804
        3802        3819
        3802        3822
        3805        3806
        3805        3807
        3805        3815
        3807        3808
        3807        3809
        3809        3810
        3809        3811
        3811        3812
        3811        3813
        3811        3814
        3815        3816
        3815        3817
        3815        3819
        3817        3818
        3819        3820
        3819        3821
        3822        3823
        3822        3824
        3822        3825
        3825        3826
        3827        3828
        3827        3831
        3827        3832
        3827        3952
        3829        3830
        3829        3831
        3829        3853
        3829        3856
        3832        3833
        3832        3834
        3832        3842
        3834        3835
        3834        3836
        3836        3837
        3836        3838
        3838        3839
        3838        3840
        3838        3841
        3842        3843
        3842        3844
        3842        3853
        3844        3845
        3845        3846
        3845        3847
        3845        3849
        3847        3848
        3847        3861
        3849        3850
        3849        3851
        3849        3852
        3853        3854
        3853        3855
        3856        3857
        3856        3858
        3856        3859
        3859        3860
        3861        3862
        3861        3863
        3863        3864
        3863        3865
        3863        3869
        3865        3866
        3865        3867
        3865        3868
        3869        3870
        3869        3871
        3871        3872
        3871        3873
        3873        3874
        3873        3875
        3873        3880
        3875        3876
        3875        3877
        3877        3878
        3877        3879
        3880        3881
        3880        3882
        3880        3883
        3883        3884
        3883        3885
        3883        3886
        3886        3887
        3886        3888
        3888        3889
        3888        3890
        3890        3891
        3890        3892
        3890        3908
        3892        3893
        3892        3894
        3892        3895
        3895        3896
        3895        3897
        3895        3898
        3898        3899
        3898        3900
        3898        3901
        3901        3902
        3901        3903
        3901        3904
        3904        3905
        3904        3906
        3904        3907
        3908        3909
        3908        3910
        3910        3911
        3910        3912
        3912        3913
        3912        3914
        3912        3918
        3914        3915
        3914        3916
        3914        3917
        3918        3919
        3918        3920
        3920        3921
        3920        3922
        3922        3923
        3922        3924
        3922        3928
        3924        3925
        3924        3926
        3924        3927
        3928        3929
        3928        3930
        3931        3932
        3931        3935
        3931        3936
        3931        3986
        3933        3934
        3933        3935
        3933        3950
        3933        3953
        3936        3937
        3936        3938
        3936        3946
        3938        3939
        3938        3940
        3940        3941
        3940        3942
        3942        3943
        3942        3944
        3942        3945
        3946        3947
        3946        3948
        3946        3950
        3948        3949
        3950        3951
        3950        3952
        3953        3954
        3953        3955
        3953        3956
        3956        3957
        3958        3959
        3958        3962
        3958        3963
        3958        4083
        3960        3961
        3960        3962
        3960        3984
        3960        3987
        3963        3964
        3963        3965
        3963        3973
        3965        3966
        3965        3967
        3967        3968
        3967        3969
        3969        3970
        3969        3971
        3969        3972
        3973        3974
        3973        3975
        3973        3984
        3975        3976
        3976        3977
        3976        3978
        3976        3980
        3978        3979
        3978        3992
        3980        3981
        3980        3982
        3980        3983
        3984        3985
        3984        3986
        3987        3988
        3987        3989
        3987        3990
        3990        3991
        3992        3993
        3992        3994
        3994        3995
        3994        3996
        3994        4000
        3996        3997
        3996        3998
        3996        3999
        4000        4001
        4000        4002
        4002        4003
        4002        4004
        4004        4005
        4004        4006
        4004        4011
        4006        4007
        4006        4008
        4008        4009
        4008        4010
        4011        4012
        4011        4013
        4011        4014
        4014        4015
        4014        4016
        4014        4017
        4017        4018
        4017        4019
        4019        4020
        4019        4021
        4021        4022
        4021        4023
        4021        4039
        4023        4024
        4023        4025
        4023        4026
        4026        4027
        4026        4028
        4026        4029
        4029        4030
        4029        4031
        4029        4032
        4032        4033
        4032        4034
        4032        4035
        4035        4036
        4035        4037
        4035        4038
        4039        4040
        4039        4041
        4041        4042
        4041        4043
        4043        4044
        4043        4045
        4043        4049
        4045        4046
        4045        4047
        4045        4048
        4049        4050
        4049        4051
        4051        4052
        4051        4053
        4053        4054
        4053        4055
        4053        4059
        4055        4056
        4055        4057
        4055        4058
        4059        4060
        4059        4061
        4062        4063
        4062        4066
        4062        4067
        4062        4117
        4064        4065
        4064        4066
        4064        4081
        4064        4084
        4067        4068
        4067        4069
        4067        4077
        4069        4070
        4069        4071
        4071        4072
        4071        4073
        4073        4074
        4073        4075
        4073        4076
        4077        4078
        4077        4079
        4077        4081
        4079        4080
        4081        4082
        4081        4083
        4084        4085
        4084        4086
        4084        4087
        4087        4088
        4089        4090
        4089        4093
        4089        4094
        4089        4214
        4091        4092
        4091        4093
        4091        4115
        4091        4118
        4094        4095
        4094        4096
        4094        4104
        4096        4097
        4096        4098
        4098        4099
        4098        4100
        4100        4101
        4100        4102
        4100        4103
        4104        4105
        4104        4106
        4104        4115
        4106        4107
        4107        4108
        4107        4109
        4107        4111
        4109        4110
        4109        4123
        4111        4112
        4111        4113
        4111        4114
        4115        4116
        4115        4117
        4118        4119
        4118        4120
        4118        4121
        4121        4122
        4123        4124
        4123        4125
        4125        4126
        4125        4127
        4125        4131
        4127        4128
        4127        4129
        4127        4130
        4131        4132
        4131        4133
        4133        4134
        4133        4135
        4135        4136
        4135        4137
        4135        4142
        4137        4138
        4137        4139
        4139        4140
        4139        4141
        4142        4143
        4142        4144
        4142        4145
        4145        4146
        4145        4147
        4145        4148
        4148        4149
        4148        4150
        4150        4151
        4150        4152
        4152        4153
        4152        4154
        4152        4170
        4154        4155
        4154        4156
        4154        4157
        4157        4158
        4157        4159
        4157        4160
        4160        4161
        4160        4162
        4160        4163
        4163        4164
        4163        4165
        4163        4166
        4166        4167
        4166        4168
        4166        4169
        4170        4171
        4170        4172
        4172        4173
        4172        4174
        4174        4175
        4174        4176
        4174        4180
        4176        4177
        4176        4178
        4176        4179
        4180        4181
        4180        4182
        4182        4183
        4182        4184
        4184        4185
        4184        4186
        4184        4190
        4186        4187
        4186        4188
        4186        4189
        4190        4191
        4190        4192
        4193        4194
        4193        4197
        4193        4198
        4193        4248
        4195        4196
        4195        4197
        4195        4212
        4195        4215
        4198        4199
        4198        4200
        4198        4208
        4200        4201
        4200        4202
        4202        4203
        4202        4204
        4204        4205
        4204        4206
        4204        4207
        4208        4209
        4208        4210
        4208        4212
        4210        4211
        4212        4213
        4212        4214
        4215        4216
        4215        4217
        4215        4218
        4218        4219
        4220        4221
        4220        4224
        4220        4225
        4220        4345
        4222        4223
        4222        4224
        4222        4246
        4222        4249
        4225        4226
        4225        4227
        4225        4235
        4227        4228
        4227        4229
        4229        4230
        4229        4231
        4231        4232
        4231        4233
        4231        4234
        4235        4236
        4235        4237
        4235        4246
        4237        4238
        4238        4239
        4238        4240
        4238        4242
        4240        4241
        4240        4254
        4242        4243
        4242        4244
        4242        4245
        4246        4247
        4246        4248
        4249        4250
        4249        4251
        4249        4252
        4252        4253
        4254        4255
        4254        4256
        4256        4257
        4256        4258
        4256        4262
        4258        4259
        4258        4260
        4258        4261
        4262        4263
        4262        4264
        4264        4265
        4264        4266
        4266        4267
        4266        4268
        4266        4273
        4268        4269
        4268        4270
        4270        4271
        4270        4272
        4273        4274
        4273        4275
        4273        4276
        4276        4277
        4276        4278
        4276        4279
        4279        4280
        4279        4281
        4281        4282
        4281        4283
        4283        4284
        4283        4285
        4283        4301
        4285        4286
        4285        4287
        4285        4288
        4288        4289
        4288        4290
        4288        4291
        4291        4292
        4291        4293
        4291        4294
        4294        4295
        4294        4296
        4294        4297
        4297        4298
        4297        4299
        4297        4300
        4301        4302
        4301        4303
        4303        4304
        4303        4305
        4305        4306
        4305        4307
        4305        4311
        4307        4308
        4307        4309
        4307        4310
        4311        4312
        4311        4313
        4313        4314
        4313        4315
        4315        4316
        4315        4317
        4315        4321
        4317        4318
        4317        4319
        4317        4320
        4321        4322
        4321        4323
        4324        4325
        4324        4328
        4324        4329
        4324        4379
        4326        4327
        4326        4328
        4326        4343
        4326        4346
        4329        4330
        4329        4331
        4329        4339
        4331        4332
        4331        4333
        4333        4334
        4333        4335
        4335        4336
        4335        4337
        4335        4338
        4339        4340
        4339        4341
        4339        4343
        4341        4342
        4343        4344
        4343        4345
        4346        4347
        4346        4348
        4346        4349
        4349        4350
        4351        4352
        4351        4355
        4351        4356
        4351        4476
        4353        4354
        4353        4355
        4353        4377
        4353        4380
        4356        4357
        4356        4358
        4356        4366
        4358        4359
        4358        4360
        4360        4361
        4360        4362
        4362        4363
        4362        4364
        4362        4365
        4366        4367
        4366        4368
        4366        4377
        4368        4369
        4369        4370
        4369        4371
        4369        4373
        4371        4372
        4371        4385
        4373        4374
        4373        4375
        4373        4376
        4377        4378
        4377        4379
        4380        4381
        4380        4382
        4380        4383
        4383        4384
        4385        4386
        4385        4387
        4387        4388
        4387        4389
        4387        4393
        4389        4390
        4389        4391
        4389        4392
        4393        4394
        4393        4395
        4395        4396
        4395        4397
        4397        4398
        4397        4399
        4397        4404
        4399        4400
        4399        4401
        4401        4402
        4401        4403
        4404        4405
        4404        4406
        4404        4407
        4407        4408
        4407        4409
        4407        4410
        4410        4411
        4410        4412
        4412        4413
        4412        4414
        4414        4415
        4414        4416
        4414        4432
        4416        4417
        4416        4418
        4416        4419
        4419        4420
        4419        4421
        4419        4422
        4422        4423
        4422        4424
        4422        4425
        4425        4426
        4425        4427
        4425        4428
        4428        4429
        4428        4430
        4428        4431
        4432        4433
        4432        4434
        4434        4435
        4434        4436
        4436        4437
        4436        4438
        4436        4442
        4438        4439
        4438        4440
        4438        4441
        4442        4443
        4442        4444
        4444        4445
        4444        4446
        4446        4447
        4446        4448
        4446        4452
        4448        4449
        4448        4450
        4448        4451
        4452        4453
        4452        4454
        4455        4456
        4455        4459
        4455        4460
        4455        4510
        4457        4458
        4457        4459
        4457        4474
        4457        4477
        4460        4461
        4460        4462
        4460        4470
        4462        4463
        4462        4464
        4464        4465
        4464        4466
        4466        4467
        4466        4468
        4466        4469
        4470        4471
        4470        4472
        4470        4474
        4472        4473
        4474        4475
        4474        4476
        4477        4478
        4477        4479
        4477        4480
        4480        4481
        4482        4483
        4482        4486
        4482        4487
        4482        4607
        4484        4485
        4484        4486
        4484        4508
        4484        4511
        4487        4488
        4487        4489
        4487        4497
        4489        4490
        4489        4491
        4491        4492
        4491        4493
        4493        4494
        4493        4495
        4493        4496
        4497        4498
        4497        4499
        4497        4508
        4499        4500
        4500        4501
        4500        4502
        4500        4504
        4502        4503
        4502        4516
        4504        4505
        4504        4506
        4504        4507
        4508        4509
        4508        4510
        4511        4512
        4511        4513
        4511        4514
        4514        4515
        4516        4517
        4516        4518
        4518        4519
        4518        4520
        4518        4524
        4520        4521
        4520        4522
        4520        4523
        4524        4525
        4524        4526
        4526        4527
        4526        4528
        4528        4529
        4528        4530
        4528        4535
        4530        4531
        4530        4532
        4532        4533
        4532        4534
        4535        4536
        4535        4537
        4535        4538
        4538        4539
        4538        4540
        4538        4541
        4541        4542
        4541        4543
        4543        4544
        4543        4545
        4545        4546
        4545        4547
        4545        4563
        4547        4548
        4547        4549
        4547        4550
        4550        4551
        4550        4552
        4550        4553
        4553        4554
        4553        4555
        4553        4556
        4556        4557
        4556        4558
        4556        4559
        4559        4560
        4559        4561
        4559        4562
        4563        4564
        4563        4565
        4565        4566
        4565        4567
        4567        4568
        4567        4569
        4567        4573
        4569        4570
        4569        4571
        4569        4572
        4573        4574
        4573        4575
        4575        4576
        4575        4577
        4577        4578
        4577        4579
        4577        4583
        4579        4580
        4579        4581
        4579        4582
        4583        4584
        4583        4585
        4586        4587
        4586        4590
        4586        4591
        4586        4641
        4588        4589
        4588        4590
        4588        4605
        4588        4608
        4591        4592
        4591        4593
        4591        4601
        4593        4594
        4593        4595
        4595        4596
        4595        4597
        4597        4598
        4597        4599
        4597        4600
        4601        4602
        4601        4603
        4601        4605
        4603        4604
        4605        4606
        4605        4607
        4608        4609
        4608        4610
        4608        4611
        4611        4612
        4613        4614
        4613        4617
        4613        4618
        4613        4738
        4615        4616
        4615        4617
        4615        4639
        4615        4642
        4618        4619
        4618        4620
        4618        4628
        4620        4621
        4620        4622
        4622        4623
        4622        4624
        4624        4625
        4624        4626
        4624        4627
        4628        4629
        4628        4630
        4628        4639
        4630        4631
        4631        4632
        4631        4633
        4631        4635
        4633        4634
        4633        4647
        4635        4636
        4635        4637
        4635        4638
        4639        4640
        4639        4641
        4642        4643
        4642        4644
        4642        4645
        4645        4646
        4647        4648
        4647        4649
        4649        4650
        4649        4651
        4649        4655
        4651        4652
        4651        4653
        4651        4654
        4655        4656
        4655        4657
        4657        4658
        4657        4659
        4659        4660
        4659        4661
        4659        4666
        4661        4662
        4661        4663
        4663        4664
        4663        4665
        4666        4667
        4666        4668
        4666        4669
        4669        4670
        4669        4671
        4669        4672
        4672        4673
        4672        4674
        4674        4675
        4674        4676
        4676        4677
        4676        4678
        4676        4694
        4678        4679
        4678        4680
        4678        4681
        4681        4682
        4681        4683
        4681        4684
        4684        4685
        4684        4686
        4684        4687
        4687        4688
        4687        4689
        4687        4690
        4690        4691
        4690        4692
        4690        4693
        4694        4695
        4694        4696
        4696        4697
        4696        4698
        4698        4699
        4698        4700
        4698        4704
        4700        4701
        4700        4702
        4700        4703
        4704        4705
        4704        4706
        4706        4707
        4706        4708
        4708        4709
        4708        4710
        4708        4714
        4710        4711
        4710        4712
        4710        4713
        4714        4715
        4714        4716
        4717        4718
        4717        4721
        4717        4722
        4717        4772
        4719        4720
        4719        4721
        4719        4736
        4719        4739
        4722        4723
        4722        4724
        4722        4732
        4724        4725
        4724        4726
        4726        4727
        4726        4728
        4728        4729
        4728        4730
        4728        4731
        4732        4733
        4732        4734
        4732        4736
        4734        4735
        4736        4737
        4736        4738
        4739        4740
        4739        4741
        4739        4742
        4742        4743
        4744        4745
        4744        4748
        4744        4749
        4744        4869
        4746        4747
        4746        4748
        4746        4770
        4746        4773
        4749        4750
        4749        4751
        4749        4759
        4751        4752
        4751        4753
        4753        4754
        4753        4755
        4755        4756
        4755        4757
        4755        4758
        4759        4760
        4759        4761
        4759        4770
        4761        4762
        4762        4763
        4762        4764
        4762        4766
        4764        4765
        4764        4778
        4766        4767
        4766        4768
        4766        4769
        4770        4771
        4770        4772
        4773        4774
        4773        4775
        4773        4776
        4776        4777
        4778        4779
        4778        4780
        4780        4781
        4780        4782
        4780        4786
        4782        4783
        4782        4784
        4782        4785
        4786        4787
        4786        4788
        4788        4789
        4788        4790
        4790        4791
        4790        4792
        4790        4797
        4792        4793
        4792        4794
        4794        4795
        4794        4796
        4797        4798
        4797        4799
        4797        4800
        4800        4801
        4800        4802
        4800        4803
        4803        4804
        4803        4805
        4805        4806
        4805        4807
        4807        4808
        4807        4809
        4807        4825
        4809        4810
        4809        4811
        4809        4812
        4812        4813
        4812        4814
        4812        4815
        4815        4816
        4815        4817
        4815        4818
        4818        4819
        4818        4820
        4818        4821
        4821        4822
        4821        4823
        4821        4824
        4825        4826
        4825        4827
        4827        4828
        4827        4829
        4829        4830
        4829        4831
        4829        4835
        4831        4832
        4831        4833
        4831        4834
        4835        4836
        4835        4837
        4837        4838
        4837        4839
        4839        4840
        4839        4841
        4839        4845
        4841        4842
        4841        4843
        4841        4844
        4845        4846
        4845        4847
        4848        4849
        4848        4852
        4848        4853
        4848        4903
        4850        4851
        4850        4852
        4850        4867
        4850        4870
        4853        4854
        4853        4855
        4853        4863
        4855        4856
        4855        4857
        4857        4858
        4857        4859
        4859        4860
        4859        4861
        4859        4862
        4863        4864
        4863        4865
        4863        4867
        4865        4866
        4867        4868
        4867        4869
        4870        4871
        4870        4872
        4870        4873
        4873        4874
        4875        4876
        4875        4879
        4875        4880
        4875        5000
        4877        4878
        4877        4879
        4877        4901
        4877        4904
        4880        4881
        4880        4882
        4880        4890
        4882        4883
        4882        4884
        4884        4885
        4884        4886
        4886        4887
        4886        4888
        4886        4889
        4890        4891
        4890        4892
        4890        4901
        4892        4893
        4893        4894
        4893        4895
        4893        4897
        4895        4896
        4895        4909
        4897        4898
        4897        4899
        4897        4900
        4901        4902
        4901        4903
        4904        4905
        4904        4906
        4904        4907
        4907        4908
        4909        4910
        4909        4911
        4911        4912
        4911        4913
        4911        4917
        4913        4914
        4913        4915
        4913        4916
        4917        4918
        4917        4919
        4919        4920
        4919        4921
        4921        4922
        4921        4923
        4921        4928
        4923        4924
        4923        4925
        4925        4926
        4925        4927
        4928        4929
        4928        4930
        4928        4931
        4931        4932
        4931        4933
        4931        4934
        4934        4935
        4934        4936
        4936        4937
        4936        4938
        4938        4939
        4938        4940
        4938        4956
        4940        4941
        4940        4942
        4940        4943
        4943        4944
        4943        4945
        4943        4946
        4946        4947
        4946        4948
        4946        4949
        4949        4950
        4949        4951
        4949        4952
        4952        4953
        4952        4954
        4952        4955
        4956        4957
        4956        4958
        4958        4959
        4958        4960
        4960        4961
        4960        4962
        4960        4966
        4962        4963
        4962        4964
        4962        4965
        4966        4967
        4966        4968
        4968        4969
        4968        4970
        4970        4971
        4970        4972
        4970        4976
        4972        4973
        4972        4974
        4972        4975
        4976        4977
        4976        4978
        4979        4980
        4979        4983
        4979        4984
        4979        5034
        4981        4982
        4981        4983
        4981        4998
        4981        5001
        4984        4985
        4984        4986
        4984        4994
        4986        4987
        4986        4988
        4988        4989
        4988        4990
        4990        4991
        4990        4992
        4990        4993
        4994        4995
        4994        4996
        4994        4998
        4996        4997
        4998        4999
        4998        5000
        5001        5002
        5001        5003
        5001        5004
        5004        5005
        5006        5007
        5006        5010
        5006        5011
        5008        5009
        5008        5010
        5008        5032
        5008        5035
        5011        5012
        5011        5013
        5011        5021
        5013        5014
        5013        5015
        5015        5016
        5015        5017
        5017        5018
        5017        5019
        5017        5020
        5021        5022
        5021        5023
        5021        5032
        5023        5024
        5024        5025
        5024        5026
        5024        5028
        5026        5027
        5026        5040
        5028        5029
        5028        5030
        5028        5031
        5032        5033
        5032        5034
        5035        5036
        5035        5037
        5035        5038
        5038        5039
        5040        5041
        5040        5042
        5042        5043
        5042        5044
        5042        5048
        5044        5045
        5044        5046
        5044        5047
        5048        5049
        5048        5050
        5050        5051
        5050        5052
        5052        5053
        5052        5054
        5052        5059
        5054        5055
        5054        5056
        5056        5057
        5056        5058
        5059        5060
        5059        5061
        5059        5062
        5062        5063
        5062        5064
        5062        5065
        5065        5066
        5065        5067
        5067        5068
        5067        5069
        5069        5070
        5069        5071
        5069        5087
        5071        5072
        5071        5073
        5071        5074
        5074        5075
        5074        5076
        5074        5077
        5077        5078
        5077        5079
        5077        5080
        5080        5081
        5080        5082
        5080        5083
        5083        5084
        5083        5085
        5083        5086
        5087        5088
        5087        5089
        5089        5090
        5089        5091
        5091        5092
        5091        5093
        5091        5097
        5093        5094
        5093        5095
        5093        5096
        5097        5098
        5097        5099
        5099        5100
        5099        5101
        5101        5102
        5101        5103
        5101        5107
        5103        5104
        5103        5105
        5103        5106
        5107        5108
        5107        5109
        5110        5111
        5110        5114
        5110        5115
        5110        5165
        5112        5113
        5112        5114
        5112        5129
        5112        5132
        5115        5116
        5115        5117
        5115        5125
        5117        5118
        5117        5119
        5119        5120
        5119        5121
        5121        5122
        5121        5123
        5121        5124
        5125        5126
        5125        5127
        5125        5129
        5127        5128
        5129        5130
        5129        5131
        5131        6709
        5132        5133
        5132        5134
        5132        5135
        5135        5136
        5137        5138
        5137        5141
        5137        5142
        5137        5262
        5139        5140
        5139        5141
        5139        5163
        5139        5166
        5142        5143
        5142        5144
        5142        5152
        5144        5145
        5144        5146
        5146        5147
        5146        5148
        5148        5149
        5148        5150
        5148        5151
        5152        5153
        5152        5154
        5152        5163
        5154        5155
        5155        5156
        5155        5157
        5155        5159
        5157        5158
        5157        5171
        5159        5160
        5159        5161
        5159        5162
        5163        5164
        5163        5165
        5166        5167
        5166        5168
        5166        5169
        5169        5170
        5171        5172
        5171        5173
        5173        5174
        5173        5175
        5173        5179
        5175        5176
        5175        5177
        5175        5178
        5179        5180
        5179        5181
        5181        5182
        5181        5183
        5183        5184
        5183        5185
        5183        5190
        5185        5186
        5185        5187
        5187        5188
        5187        5189
        5190        5191
        5190        5192
        5190        5193
        5193        5194
        5193        5195
        5193        5196
        5196        5197
        5196        5198
        5198        5199
        5198        5200
        5200        5201
        5200        5202
        5200        5218
        5202        5203
        5202        5204
        5202        5205
        5205        5206
        5205        5207
        5205        5208
        5208        5209
        5208        5210
        5208        5211
        5211        5212
        5211        5213
        5211        5214
        5214        5215
        5214        5216
        5214        5217
        5218        5219
        5218        5220
        5220        5221
        5220        5222
        5222        5223
        5222        5224
        5222        5228
        5224        5225
        5224        5226
        5224        5227
        5228        5229
        5228        5230
        5230        5231
        5230        5232
        5232        5233
        5232        5234
        5232        5238
        5234        5235
        5234        5236
        5234        5237
        5238        5239
        5238        5240
        5241        5242
        5241        5245
        5241        5246
        5241        5296
        5243        5244
        5243        5245
        5243        5260
        5243        5263
        5246        5247
        5246        5248
        5246        5256
        5248        5249
        5248        5250
        5250        5251
        5250        5252
        5252        5253
        5252        5254
        5252        5255
        5256        5257
        5256        5258
        5256        5260
        5258        5259
        5260        5261
        5260        5262
        5263        5264
        5263        5265
        5263        5266
        5266        5267
        5268        5269
        5268        5272
        5268        5273
        5268        5393
        5270        5271
        5270        5272
        5270        5294
        5270        5297
        5273        5274
        5273        5275
        5273        5283
        5275        5276
        5275        5277
        5277        5278
        5277        5279
        5279        5280
        5279        5281
        5279        5282
        5283        5284
        5283        5285
        5283        5294
        5285        5286
        5286        5287
        5286        5288
        5286        5290
        5288        5289
        5288        5302
        5290        5291
        5290        5292
        5290        5293
        5294        5295
        5294        5296
        5297        5298
        5297        5299
        5297        5300
        5300        5301
        5302        5303
        5302        5304
        5304        5305
        5304        5306
        5304        5310
        5306        5307
        5306        5308
        5306        5309
        5310        5311
        5310        5312
        5312        5313
        5312        5314
        5314        5315
        5314        5316
        5314        5321
        5316        5317
        5316        5318
        5318        5319
        5318        5320
        5321        5322
        5321        5323
        5321        5324
        5324        5325
        5324        5326
        5324        5327
        5327        5328
        5327        5329
        5329        5330
        5329        5331
        5331        5332
        5331        5333
        5331        5349
        5333        5334
        5333        5335
        5333        5336
        5336        5337
        5336        5338
        5336        5339
        5339        5340
        5339        5341
        5339        5342
        5342        5343
        5342        5344
        5342        5345
        5345        5346
        5345        5347
        5345        5348
        5349        5350
        5349        5351
        5351        5352
        5351        5353
        5353        5354
        5353        5355
        5353        5359
        5355        5356
        5355        5357
        5355        5358
        5359        5360
        5359        5361
        5361        5362
        5361        5363
        5363        5364
        5363        5365
        5363        5369
        5365        5366
        5365        5367
        5365        5368
        5369        5370
        5369        5371
        5372        5373
        5372        5376
        5372        5377
        5372        5427
        5374        5375
        5374        5376
        5374        5391
        5374        5394
        5377        5378
        5377        5379
        5377        5387
        5379        5380
        5379        5381
        5381        5382
        5381        5383
        5383        5384
        5383        5385
        5383        5386
        5387        5388
        5387        5389
        5387        5391
        5389        5390
        5391        5392
        5391        5393
        5394        5395
        5394        5396
        5394        5397
        5397        5398
        5399        5400
        5399        5403
        5399        5404
        5399        5524
        5401        5402
        5401        5403
        5401        5425
        5401        5428
        5404        5405
        5404        5406
        5404        5414
        5406        5407
        5406        5408
        5408        5409
        5408        5410
        5410        5411
        5410        5412
        5410        5413
        5414        5415
        5414        5416
        5414        5425
        5416        5417
        5417        5418
        5417        5419
        5417        5421
        5419        5420
        5419        5433
        5421        5422
        5421        5423
        5421        5424
        5425        5426
        5425        5427
        5428        5429
        5428        5430
        5428        5431
        5431        5432
        5433        5434
        5433        5435
        5435        5436
        5435        5437
        5435        5441
        5437        5438
        5437        5439
        5437        5440
        5441        5442
        5441        5443
        5443        5444
        5443        5445
        5445        5446
        5445        5447
        5445        5452
        5447        5448
        5447        5449
        5449        5450
        5449        5451
        5452        5453
        5452        5454
        5452        5455
        5455        5456
        5455        5457
        5455        5458
        5458        5459
        5458        5460
        5460        5461
        5460        5462
        5462        5463
        5462        5464
        5462        5480
        5464        5465
        5464        5466
        5464        5467
        5467        5468
        5467        5469
        5467        5470
        5470        5471
        5470        5472
        5470        5473
        5473        5474
        5473        5475
        5473        5476
        5476        5477
        5476        5478
        5476        5479
        5480        5481
        5480        5482
        5482        5483
        5482        5484
        5484        5485
        5484        5486
        5484        5490
        5486        5487
        5486        5488
        5486        5489
        5490        5491
        5490        5492
        5492        5493
        5492        5494
        5494        5495
        5494        5496
        5494        5500
        5496        5497
        5496        5498
        5496        5499
        5500        5501
        5500        5502
        5503        5504
        5503        5507
        5503        5508
        5503        5558
        5505        5506
        5505        5507
        5505        5522
        5505        5525
        5508        5509
        5508        5510
        5508        5518
        5510        5511
        5510        5512
        5512        5513
        5512        5514
        5514        5515
        5514        5516
        5514        5517
        5518        5519
        5518        5520
        5518        5522
        5520        5521
        5522        5523
        5522        5524
        5525        5526
        5525        5527
        5525        5528
        5528        5529
        5530        5531
        5530        5534
        5530        5535
        5530        5655
        5532        5533
        5532        5534
        5532        5556
        5532        5559
        5535        5536
        5535        5537
        5535        5545
        5537        5538
        5537        5539
        5539        5540
        5539        5541
        5541        5542
        5541        5543
        5541        5544
        5545        5546
        5545        5547
        5545        5556
        5547        5548
        5548        5549
        5548        5550
        5548        5552
        5550        5551
        5550        5564
        5552        5553
        5552        5554
        5552        5555
        5556        5557
        5556        5558
        5559        5560
        5559        5561
        5559        5562
        5562        5563
        5564        5565
        5564        5566
        5566        5567
        5566        5568
        5566        5572
        5568        5569
        5568        5570
        5568        5571
        5572        5573
        5572        5574
        5574        5575
        5574        5576
        5576        5577
        5576        5578
        5576        5583
        5578        5579
        5578        5580
        5580        5581
        5580        5582
        5583        5584
        5583        5585
        5583        5586
        5586        5587
        5586        5588
        5586        5589
        5589        5590
        5589        5591
        5591        5592
        5591        5593
        5593        5594
        5593        5595
        5593        5611
        5595        5596
        5595        5597
        5595        5598
        5598        5599
        5598        5600
        5598        5601
        5601        5602
        5601        5603
        5601        5604
        5604        5605
        5604        5606
        5604        5607
        5607        5608
        5607        5609
        5607        5610
        5611        5612
        5611        5613
        5613        5614
        5613        5615
        5615        5616
        5615        5617
        5615        5621
        5617        5618
        5617        5619
        5617        5620
        5621        5622
        5621        5623
        5623        5624
        5623        5625
        5625        5626
        5625        5627
        5625        5631
        5627        5628
        5627        5629
        5627        5630
        5631        5632
        5631        5633
        5634        5635
        5634        5638
        5634        5639
        5634        5689
        5636        5637
        5636        5638
        5636        5653
        5636        5656
        5639        5640
        5639        5641
        5639        5649
        5641        5642
        5641        5643
        5643        5644
        5643        5645
        5645        5646
        5645        5647
        5645        5648
        5649        5650
        5649        5651
        5649        5653
        5651        5652
        5653        5654
        5653        5655
        5656        5657
        5656        5658
        5656        5659
        5659        5660
        5661        5662
        5661        5665
        5661        5666
        5661        5786
        5663        5664
        5663        5665
        5663        5687
        5663        5690
        5666        5667
        5666        5668
        5666        5676
        5668        5669
        5668        5670
        5670        5671
        5670        5672
        5672        5673
        5672        5674
        5672        5675
        5676        5677
        5676        5678
        5676        5687
        5678        5679
        5679        5680
        5679        5681
        5679        5683
        5681        5682
        5681        5695
        5683        5684
        5683        5685
        5683        5686
        5687        5688
        5687        5689
        5690        5691
        5690        5692
        5690        5693
        5693        5694
        5695        5696
        5695        5697
        5697        5698
        5697        5699
        5697        5703
        5699        5700
        5699        5701
        5699        5702
        5703        5704
        5703        5705
        5705        5706
        5705        5707
        5707        5708
        5707        5709
        5707        5714
        5709        5710
        5709        5711
        5711        5712
        5711        5713
        5714        5715
        5714        5716
        5714        5717
        5717        5718
        5717        5719
        5717        5720
        5720        5721
        5720        5722
        5722        5723
        5722        5724
        5724        5725
        5724        5726
        5724        5742
        5726        5727
        5726        5728
        5726        5729
        5729        5730
        5729        5731
        5729        5732
        5732        5733
        5732        5734
        5732        5735
        5735        5736
        5735        5737
        5735        5738
        5738        5739
        5738        5740
        5738        5741
        5742        5743
        5742        5744
        5744        5745
        5744        5746
        5746        5747
        5746        5748
        5746        5752
        5748        5749
        5748        5750
        5748        5751
        5752        5753
        5752        5754
        5754        5755
        5754        5756
        5756        5757
        5756        5758
        5756        5762
        5758        5759
        5758        5760
        5758        5761
        5762        5763
        5762        5764
        5765        5766
        5765        5769
        5765        5770
        5765        5820
        5767        5768
        5767        5769
        5767        5784
        5767        5787
        5770        5771
        5770        5772
        5770        5780
        5772        5773
        5772        5774
        5774        5775
        5774        5776
        5776        5777
        5776        5778
        5776        5779
        5780        5781
        5780        5782
        5780        5784
        5782        5783
        5784        5785
        5784        5786
        5787        5788
        5787        5789
        5787        5790
        5790        5791
        5792        5793
        5792        5796
        5792        5797
        5792        5917
        5794        5795
        5794        5796
        5794        5818
        5794        5821
        5797        5798
        5797        5799
        5797        5807
        5799        5800
        5799        5801
        5801        5802
        5801        5803
        5803        5804
        5803        5805
        5803        5806
        5807        5808
        5807        5809
        5807        5818
        5809        5810
        5810        5811
        5810        5812
        5810        5814
        5812        5813
        5812        5826
        5814        5815
        5814        5816
        5814        5817
        5818        5819
        5818        5820
        5821        5822
        5821        5823
        5821        5824
        5824        5825
        5826        5827
        5826        5828
        5828        5829
        5828        5830
        5828        5834
        5830        5831
        5830        5832
        5830        5833
        5834        5835
        5834        5836
        5836        5837
        5836        5838
        5838        5839
        5838        5840
        5838        5845
        5840        5841
        5840        5842
        5842        5843
        5842        5844
        5845        5846
        5845        5847
        5845        5848
        5848        5849
        5848        5850
        5848        5851
        5851        5852
        5851        5853
        5853        5854
        5853        5855
        5855        5856
        5855        5857
        5855        5873
        5857        5858
        5857        5859
        5857        5860
        5860        5861
        5860        5862
        5860        5863
        5863        5864
        5863        5865
        5863        5866
        5866        5867
        5866        5868
        5866        5869
        5869        5870
        5869        5871
        5869        5872
        5873        5874
        5873        5875
        5875        5876
        5875        5877
        5877        5878
        5877        5879
        5877        5883
        5879        5880
        5879        5881
        5879        5882
        5883        5884
        5883        5885
        5885        5886
        5885        5887
        5887        5888
        5887        5889
        5887        5893
        5889        5890
        5889        5891
        5889        5892
        5893        5894
        5893        5895
        5896        5897
        5896        5900
        5896        5901
        5896        5951
        5898        5899
        5898        5900
        5898        5915
        5898        5918
        5901        5902
        5901        5903
        5901        5911
        5903        5904
        5903        5905
        5905        5906
        5905        5907
        5907        5908
        5907        5909
        5907        5910
        5911        5912
        5911        5913
        5911        5915
        5913        5914
        5915        5916
        5915        5917
        5918        5919
        5918        5920
        5918        5921
        5921        5922
        5923        5924
        5923        5927
        5923        5928
        5923        6048
        5925        5926
        5925        5927
        5925        5949
        5925        5952
        5928        5929
        5928        5930
        5928        5938
        5930        5931
        5930        5932
        5932        5933
        5932        5934
        5934        5935
        5934        5936
        5934        5937
        5938        5939
        5938        5940
        5938        5949
        5940        5941
        5941        5942
        5941        5943
        5941        5945
        5943        5944
        5943        5957
        5945        5946
        5945        5947
        5945        5948
        5949        5950
        5949        5951
        5952        5953
        5952        5954
        5952        5955
        5955        5956
        5957        5958
        5957        5959
        5959        5960
        5959        5961
        5959        5965
        5961        5962
        5961        5963
        5961        5964
        5965        5966
        5965        5967
        5967        5968
        5967        5969
        5969        5970
        5969        5971
        5969        5976
        5971        5972
        5971        5973
        5973        5974
        5973        5975
        5976        5977
        5976        5978
        5976        5979
        5979        5980
        5979        5981
        5979        5982
        5982        5983
        5982        5984
        5984        5985
        5984        5986
        5986        5987
        5986        5988
        5986        6004
        5988        5989
        5988        5990
        5988        5991
        5991        5992
        5991        5993
        5991        5994
        5994        5995
        5994        5996
        5994        5997
        5997        5998
        5997        5999
        5997        6000
        6000        6001
        6000        6002
        6000        6003
        6004        6005
        6004        6006
        6006        6007
        6006        6008
        6008        6009
        6008        6010
        6008        6014
        6010        6011
        6010        6012
        6010        6013
        6014        6015
        6014        6016
        6016        6017
        6016        6018
        6018        6019
        6018        6020
        6018        6024
        6020        6021
        6020        6022
        6020        6023
        6024        6025
        6024        6026
        6027        6028
        6027        6031
        6027        6032
        6027        6082
        6029        6030
        6029        6031
        6029        6046
        6029        6049
        6032        6033
        6032        6034
        6032        6042
        6034        6035
        6034        6036
        6036        6037
        6036        6038
        6038        6039
        6038        6040
        6038        6041
        6042        6043
        6042        6044
        6042        6046
        6044        6045
        6046        6047
        6046        6048
        6049        6050
        6049        6051
        6049        6052
        6052        6053
        6054        6055
        6054        6058
        6054        6059
        6054        6179
        6056        6057
        6056        6058
        6056        6080
        6056        6083
        6059        6060
        6059        6061
        6059        6069
        6061        6062
        6061        6063
        6063        6064
        6063        6065
        6065        6066
        6065        6067
        6065        6068
        6069        6070
        6069        6071
        6069        6080
        6071        6072
        6072        6073
        6072        6074
        6072        6076
        6074        6075
        6074        6088
        6076        6077
        6076        6078
        6076        6079
        6080        6081
        6080        6082
        6083        6084
        6083        6085
        6083        6086
        6086        6087
        6088        6089
        6088        6090
        6090        6091
        6090        6092
        6090        6096
        6092        6093
        6092        6094
        6092        6095
        6096        6097
        6096        6098
        6098        6099
        6098        6100
        6100        6101
        6100        6102
        6100        6107
        6102        6103
        6102        6104
        6104        6105
        6104        6106
        6107        6108
        6107        6109
        6107        6110
        6110        6111
        6110        6112
        6110        6113
        6113        6114
        6113        6115
        6115        6116
        6115        6117
        6117        6118
        6117        6119
        6117        6135
        6119        6120
        6119        6121
        6119        6122
        6122        6123
        6122        6124
        6122        6125
        6125        6126
        6125        6127
        6125        6128
        6128        6129
        6128        6130
        6128        6131
        6131        6132
        6131        6133
        6131        6134
        6135        6136
        6135        6137
        6137        6138
        6137        6139
        6139        6140
        6139        6141
        6139        6145
        6141        6142
        6141        6143
        6141        6144
        6145        6146
        6145        6147
        6147        6148
        6147        6149
        6149        6150
        6149        6151
        6149        6155
        6151        6152
        6151        6153
        6151        6154
        6155        6156
        6155        6157
        6158        6159
        6158        6162
        6158        6163
        6158        6213
        6160        6161
        6160        6162
        6160        6177
        6160        6180
        6163        6164
        6163        6165
        6163        6173
        6165        6166
        6165        6167
        6167        6168
        6167        6169
        6169        6170
        6169        6171
        6169        6172
        6173        6174
        6173        6175
        6173        6177
        6175        6176
        6177        6178
        6177        6179
        6180        6181
        6180        6182
        6180        6183
        6183        6184
        6185        6186
        6185        6189
        6185        6190
        6185        6310
        6187        6188
        6187        6189
        6187        6211
        6187        6214
        6190        6191
        6190        6192
        6190        6200
        6192        6193
        6192        6194
        6194        6195
        6194        6196
        6196        6197
        6196        6198
        6196        6199
        6200        6201
        6200        6202
        6200        6211
        6202        6203
        6203        6204
        6203        6205
        6203        6207
        6205        6206
        6205        6219
        6207        6208
        6207        6209
        6207        6210
        6211        6212
        6211        6213
        6214        6215
        6214        6216
        6214        6217
        6217        6218
        6219        6220
        6219        6221
        6221        6222
        6221        6223
        6221        6227
        6223        6224
        6223        6225
        6223        6226
        6227        6228
        6227        6229
        6229        6230
        6229        6231
        6231        6232
        6231        6233
        6231        6238
        6233        6234
        6233        6235
        6235        6236
        6235        6237
        6238        6239
        6238        6240
        6238        6241
        6241        6242
        6241        6243
        6241        6244
        6244        6245
        6244        6246
        6246        6247
        6246        6248
        6248        6249
        6248        6250
        6248        6266
        6250        6251
        6250        6252
        6250        6253
        6253        6254
        6253        6255
        6253        6256
        6256        6257
        6256        6258
        6256        6259
        6259        6260
        6259        6261
        6259        6262
        6262        6263
        6262        6264
        6262        6265
        6266        6267
        6266        6268
        6268        6269
        6268        6270
        6270        6271
        6270        6272
        6270        6276
        6272        6273
        6272        6274
        6272        6275
        6276        6277
        6276        6278
        6278        6279
        6278        6280
        6280        6281
        6280        6282
        6280        6286
        6282        6283
        6282        6284
        6282        6285
        6286        6287
        6286        6288
        6289        6290
        6289        6293
        6289        6294
        6289        6344
        6291        6292
        6291        6293
        6291        6308
        6291        6311
        6294        6295
        6294        6296
        6294        6304
        6296        6297
        6296        6298
        6298        6299
        6298        6300
        6300        6301
        6300        6302
        6300        6303
        6304        6305
        6304        6306
        6304        6308
        6306        6307
        6308        6309
        6308        6310
        6311        6312
        6311        6313
        6311        6314
        6314        6315
        6316        6317
        6316        6320
        6316        6321
        6316        6441
        6318        6319
        6318        6320
        6318        6342
        6318        6345
        6321        6322
        6321        6323
        6321        6331
        6323        6324
        6323        6325
        6325        6326
        6325        6327
        6327        6328
        6327        6329
        6327        6330
        6331        6332
        6331        6333
        6331        6342
        6333        6334
        6334        6335
        6334        6336
        6334        6338
        6336        6337
        6336        6350
        6338        6339
        6338        6340
        6338        6341
        6342        6343
        6342        6344
        6345        6346
        6345        6347
        6345        6348
        6348        6349
        6350        6351
        6350        6352
        6352        6353
        6352        6354
        6352        6358
        6354        6355
        6354        6356
        6354        6357
        6358        6359
        6358        6360
        6360        6361
        6360        6362
        6362        6363
        6362        6364
        6362        6369
        6364        6365
        6364        6366
        6366        6367
        6366        6368
        6369        6370
        6369        6371
        6369        6372
        6372        6373
        6372        6374
        6372        6375
        6375        6376
        6375        6377
        6377        6378
        6377        6379
        6379        6380
        6379        6381
        6379        6397
        6381        6382
        6381        6383
        6381        6384
        6384        6385
        6384        6386
        6384        6387
        6387        6388
        6387        6389
        6387        6390
        6390        6391
        6390        6392
        6390        6393
        6393        6394
        6393        6395
        6393        6396
        6397        6398
        6397        6399
        6399        6400
        6399        6401
        6401        6402
        6401        6403
        6401        6407
        6403        6404
        6403        6405
        6403        6406
        6407        6408
        6407        6409
        6409        6410
        6409        6411
        6411        6412
        6411        6413
        6411        6417
        6413        6414
        6413        6415
        6413        6416
        6417        6418
        6417        6419
        6420        6421
        6420        6424
        6420        6425
        6420        6475
        6422        6423
        6422        6424
        6422        6439
        6422        6442
        6425        6426
        6425        6427
        6425        6435
        6427        6428
        6427        6429
        6429        6430
        6429        6431
        6431        6432
        6431        6433
        6431        6434
        6435        6436
        6435        6437
        6435        6439
        6437        6438
        6439        6440
        6439        6441
        6442        6443
        6442        6444
        6442        6445
        6445        6446
        6447        6448
        6447        6451
        6447        6452
        6447        6572
        6449        6450
        6449        6451
        6449        6473
        6449        6476
        6452        6453
        6452        6454
        6452        6462
        6454        6455
        6454        6456
        6456        6457
        6456        6458
        6458        6459
        6458        6460
        6458        6461
        6462        6463
        6462        6464
        6462        6473
        6464        6465
        6465        6466
        6465        6467
        6465        6469
        6467        6468
        6467        6481
        6469        6470
        6469        6471
        6469        6472
        6473        6474
        6473        6475
        6476        6477
        6476        6478
        6476        6479
        6479        6480
        6481        6482
        6481        6483
        6483        6484
        6483        6485
        6483        6489
        6485        6486
        6485        6487
        6485        6488
        6489        6490
        6489        6491
        6491        6492
        6491        6493
        6493        6494
        6493        6495
        6493        6500
        6495        6496
        6495        6497
        6497        6498
        6497        6499
        6500        6501
        6500        6502
        6500        6503
        6503        6504
        6503        6505
        6503        6506
        6506        6507
        6506        6508
        6508        6509
        6508        6510
        6510        6511
        6510        6512
        6510        6528
        6512        6513
        6512        6514
        6512        6515
        6515        6516
        6515        6517
        6515        6518
        6518        6519
        6518        6520
        6518        6521
        6521        6522
        6521        6523
        6521        6524
        6524        6525
        6524        6526
        6524        6527
        6528        6529
        6528        6530
        6530        6531
        6530        6532
        6532        6533
        6532        6534
        6532        6538
        6534        6535
        6534        6536
        6534        6537
        6538        6539
        6538        6540
        6540        6541
        6540        6542
        6542        6543
        6542        6544
        6542        6548
        6544        6545
        6544        6546
        6544        6547
        6548        6549
        6548        6550
        6551        6552
        6551        6555
        6551        6556
        6551        6606
        6553        6554
        6553        6555
        6553        6570
        6553        6573
        6556        6557
        6556        6558
        6556        6566
        6558        6559
        6558        6560
        6560        6561
        6560        6562
        6562        6563
        6562        6564
        6562        6565
        6566        6567
        6566        6568
        6566        6570
        6568        6569
        6570        6571
        6570        6572
        6573        6574
        6573        6575
        6573        6576
        6576        6577
        6578        6579
        6578        6582
        6578        6583
        6578        6703
        6580        6581
        6580        6582
        6580        6604
        6580        6607
        6583        6584
        6583        6585
        6583        6593
        6585        6586
        6585        6587
        6587        6588
        6587        6589
        6589        6590
        6589        6591
        6589        6592
        6593        6594
        6593        6595
        6593        6604
        6595        6596
        6596        6597
        6596        6598
        6596        6600
        6598        6599
        6598        6612
        6600        6601
        6600        6602
        6600        6603
        6604        6605
        6604        6606
        6607        6608
        6607        6609
        6607        6610
        6610        6611
        6612        6613
        6612        6614
        6614        6615
        6614        6616
        6614        6620
        6616        6617
        6616        6618
        6616        6619
        6620        6621
        6620        6622
        6622        6623
        6622        6624
        6624        6625
        6624        6626
        6624        6631
        6626        6627
        6626        6628
        6628        6629
        6628        6630
        6631        6632
        6631        6633
        6631        6634
        6634        6635
        6634        6636
        6634        6637
        6637        6638
        6637        6639
        6639        6640
        6639        6641
        6641        6642
        6641        6643
        6641        6659
        6643        6644
        6643        6645
        6643        6646
        6646        6647
        6646        6648
        6646        6649
        6649        6650
        6649        6651
        6649        6652
        6652        6653
        6652        6654
        6652        6655
        6655        6656
        6655        6657
        6655        6658
        6659        6660
        6659        6661
        6661        6662
        6661        6663
        6663        6664
        6663        6665
        6663        6669
        6665        6666
        6665        6667
        6665        6668
        6669        6670
        6669        6671
        6671        6672
        6671        6673
        6673        6674
        6673        6675
        6673        6679
        6675        6676
        6675        6677
        6675        6678
        6679        6680
        6679        6681
        6682        6683
        6682        6686
        6682        6687
        6682        6737
        6684        6685
        6684        6686
        6684        6701
        6684        6704
        6687        6688
        6687        6689
        6687        6697
        6689        6690
        6689        6691
        6691        6692
        6691        6693
        6693        6694
        6693        6695
        6693        6696
        6697        6698
        6697        6699
        6697        6701
        6699        6700
        6701        6702
        6701        6703
        6704        6705
        6704        6706
        6704        6707
        6707        6708
        6709        6710
        6709        6713
        6709        6714
        6711        6712
        6711        6713
        6711        6735
        6711        6738
        6714        6715
        6714        6716
        6714        6724
        6716        6717
        6716        6718
        6718        6719
        6718        6720
        6720        6721
        6720        6722
        6720        6723
        6724        6725
        6724        6726
        6724        6735
        6726        6727
        6727        6728
        6727        6729
        6727        6731
        6729        6730
        6729        6743
        6731        6732
        6731        6733
        6731        6734
        6735        6736
        6735        6737
        6738        6739
        6738        6740
        6738        6741
        6741        6742
        6743        6744
        6743        6745
        6745        6746
        6745        6747
        6745        6751
        6747        6748
        6747        6749
        6747        6750
        6751        6752
        6751        6753
        6753        6754
        6753        6755
        6755        6756
        6755        6757
        6755        6762
        6757        6758
        6757        6759
        6759        6760
        6759        6761
        6762        6763
        6762        6764
        6762        6765
        6765        6766
        6765        6767
        6765        6768
        6768        6769
        6768        6770
        6770        6771
        6770        6772
        6772        6773
        6772        6774
        6772        6790
        6774        6775
        6774        6776
        6774        6777
        6777        6778
        6777        6779
        6777        6780
        6780        6781
        6780        6782
        6780        6783
        6783        6784
        6783        6785
        6783        6786
        6786        6787
        6786        6788
        6786        6789
        6790        6791
        6790        6792
        6792        6793
        6792        6794
        6794        6795
        6794        6796
        6794        6800
        6796        6797
        6796        6798
        6796        6799
        6800        6801
        6800        6802
        6802        6803
        6802        6804
        6804        6805
        6804        6806
        6804        6810
        6806        6807
        6806        6808
        6806        6809
        6810        6811
        6810        6812
        6813        6814
        6813        6817
        6813        6818
        6813        6868
        6815        6816
        6815        6817
        6815        6832
        6815        6835
        6818        6819
        6818        6820
        6818        6828
        6820        6821
        6820        6822
        6822        6823
        6822        6824
        6824        6825
        6824        6826
        6824        6827
        6828        6829
        6828        6830
        6828        6832
        6830        6831
        6832        6833
        6832        6834
        6834        8412
        6835        6836
        6835        6837
        6835        6838
        6838        6839
        6840        6841
        6840        6844
        6840        6845
        6840        6965
        6842        6843
        6842        6844
        6842        6866
        6842        6869
        6845        6846
        6845        6847
        6845        6855
        6847        6848
        6847        6849
        6849        6850
        6849        6851
        6851        6852
        6851        6853
        6851        6854
        6855        6856
        6855        6857
        6855        6866
        6857        6858
        6858        6859
        6858        6860
        6858        6862
        6860        6861
        6860        6874
        6862        6863
        6862        6864
        6862        6865
        6866        6867
        6866        6868
        6869        6870
        6869        6871
        6869        6872
        6872        6873
        6874        6875
        6874        6876
        6876        6877
        6876        6878
        6876        6882
        6878        6879
        6878        6880
        6878        6881
        6882        6883
        6882        6884
        6884        6885
        6884        6886
        6886        6887
        6886        6888
        6886        6893
        6888        6889
        6888        6890
        6890        6891
        6890        6892
        6893        6894
        6893        6895
        6893        6896
        6896        6897
        6896        6898
        6896        6899
        6899        6900
        6899        6901
        6901        6902
        6901        6903
        6903        6904
        6903        6905
        6903        6921
        6905        6906
        6905        6907
        6905        6908
        6908        6909
        6908        6910
        6908        6911
        6911        6912
        6911        6913
        6911        6914
        6914        6915
        6914        6916
        6914        6917
        6917        6918
        6917        6919
        6917        6920
        6921        6922
        6921        6923
        6923        6924
        6923        6925
        6925        6926
        6925        6927
        6925        6931
        6927        6928
        6927        6929
        6927        6930
        6931        6932
        6931        6933
        6933        6934
        6933        6935
        6935        6936
        6935        6937
        6935        6941
        6937        6938
        6937        6939
        6937        6940
        6941        6942
        6941        6943
        6944        6945
        6944        6948
        6944        6949
        6944        6999
        6946        6947
        6946        6948
        6946        6963
        6946        6966
        6949        6950
        6949        6951
        6949        6959
        6951        6952
        6951        6953
        6953        6954
        6953        6955
        6955        6956
        6955        6957
        6955        6958
        6959        6960
        6959        6961
        6959        6963
        6961        6962
        6963        6964
        6963        6965
        6966        6967
        6966        6968
        6966        6969
        6969        6970
        6971        6972
        6971        6975
        6971        6976
        6971        7096
        6973        6974
        6973        6975
        6973        6997
        6973        7000
        6976        6977
        6976        6978
        6976        6986
        6978        6979
        6978        6980
        6980        6981
        6980        6982
        6982        6983
        6982        6984
        6982        6985
        6986        6987
        6986        6988
        6986        6997
        6988        6989
        6989        6990
        6989        6991
        6989        6993
        6991        6992
        6991        7005
        6993        6994
        6993        6995
        6993        6996
        6997        6998
        6997        6999
        7000        7001
        7000        7002
        7000        7003
        7003        7004
        7005        7006
        7005        7007
        7007        7008
        7007        7009
        7007        7013
        7009        7010
        7009        7011
        7009        7012
        7013        7014
        7013        7015
        7015        7016
        7015        7017
        7017        7018
        7017        7019
        7017        7024
        7019        7020
        7019        7021
        7021        7022
        7021        7023
        7024        7025
        7024        7026
        7024        7027
        7027        7028
        7027        7029
        7027        7030
        7030        7031
        7030        7032
        7032        7033
        7032        7034
        7034        7035
        7034        7036
        7034        7052
        7036        7037
        7036        7038
        7036        7039
        7039        7040
        7039        7041
        7039        7042
        7042        7043
        7042        7044
        7042        7045
        7045        7046
        7045        7047
        7045        7048
        7048        7049
        7048        7050
        7048        7051
        7052        7053
        7052        7054
        7054        7055
        7054        7056
        7056        7057
        7056        7058
        7056        7062
        7058        7059
        7058        7060
        7058        7061
        7062        7063
        7062        7064
        7064        7065
        7064        7066
        7066        7067
        7066        7068
        7066        7072
        7068        7069
        7068        7070
        7068        7071
        7072        7073
        7072        7074
        7075        7076
        7075        7079
        7075        7080
        7075        7130
        7077        7078
        7077        7079
        7077        7094
        7077        7097
        7080        7081
        7080        7082
        7080        7090
        7082        7083
        7082        7084
        7084        7085
        7084        7086
        7086        7087
        7086        7088
        7086        7089
        7090        7091
        7090        7092
        7090        7094
        7092        7093
        7094        7095
        7094        7096
        7097        7098
        7097        7099
        7097        7100
        7100        7101
        7102        7103
        7102        7106
        7102        7107
        7102        7227
        7104        7105
        7104        7106
        7104        7128
        7104        7131
        7107        7108
        7107        7109
        7107        7117
        7109        7110
        7109        7111
        7111        7112
        7111        7113
        7113        7114
        7113        7115
        7113        7116
        7117        7118
        7117        7119
        7117        7128
        7119        7120
        7120        7121
        7120        7122
        7120        7124
        7122        7123
        7122        7136
        7124        7125
        7124        7126
        7124        7127
        7128        7129
        7128        7130
        7131        7132
        7131        7133
        7131        7134
        7134        7135
        7136        7137
        7136        7138
        7138        7139
        7138        7140
        7138        7144
        7140        7141
        7140        7142
        7140        7143
        7144        7145
        7144        7146
        7146        7147
        7146        7148
        7148        7149
        7148        7150
        7148        7155
        7150        7151
        7150        7152
        7152        7153
        7152        7154
        7155        7156
        7155        7157
        7155        7158
        7158        7159
        7158        7160
        7158        7161
        7161        7162
        7161        7163
        7163        7164
        7163        7165
        7165        7166
        7165        7167
        7165        7183
        7167        7168
        7167        7169
        7167        7170
        7170        7171
        7170        7172
        7170        7173
        7173        7174
        7173        7175
        7173        7176
        7176        7177
        7176        7178
        7176        7179
        7179        7180
        7179        7181
        7179        7182
        7183        7184
        7183        7185
        7185        7186
        7185        7187
        7187        7188
        7187        7189
        7187        7193
        7189        7190
        7189        7191
        7189        7192
        7193        7194
        7193        7195
        7195        7196
        7195        7197
        7197        7198
        7197        7199
        7197        7203
        7199        7200
        7199        7201
        7199        7202
        7203        7204
        7203        7205
        7206        7207
        7206        7210
        7206        7211
        7206        7261
        7208        7209
        7208        7210
        7208        7225
        7208        7228
        7211        7212
        7211        7213
        7211        7221
        7213        7214
        7213        7215
        7215        7216
        7215        7217
        7217        7218
        7217        7219
        7217        7220
        7221        7222
        7221        7223
        7221        7225
        7223        7224
        7225        7226
        7225        7227
        7228        7229
        7228        7230
        7228        7231
        7231        7232
        7233        7234
        7233        7237
        7233        7238
        7233        7358
        7235        7236
        7235        7237
        7235        7259
        7235        7262
        7238        7239
        7238        7240
        7238        7248
        7240        7241
        7240        7242
        7242        7243
        7242        7244
        7244        7245
        7244        7246
        7244        7247
        7248        7249
        7248        7250
        7248        7259
        7250        7251
        7251        7252
        7251        7253
        7251        7255
        7253        7254
        7253        7267
        7255        7256
        7255        7257
        7255        7258
        7259        7260
        7259        7261
        7262        7263
        7262        7264
        7262        7265
        7265        7266
        7267        7268
        7267        7269
        7269        7270
        7269        7271
        7269        7275
        7271        7272
        7271        7273
        7271        7274
        7275        7276
        7275        7277
        7277        7278
        7277        7279
        7279        7280
        7279        7281
        7279        7286
        7281        7282
        7281        7283
        7283        7284
        7283        7285
        7286        7287
        7286        7288
        7286        7289
        7289        7290
        7289        7291
        7289        7292
        7292        7293
        7292        7294
        7294        7295
        7294        7296
        7296        7297
        7296        7298
        7296        7314
        7298        7299
        7298        7300
        7298        7301
        7301        7302
        7301        7303
        7301        7304
        7304        7305
        7304        7306
        7304        7307
        7307        7308
        7307        7309
        7307        7310
        7310        7311
        7310        7312
        7310        7313
        7314        7315
        7314        7316
        7316        7317
        7316        7318
        7318        7319
        7318        7320
        7318        7324
        7320        7321
        7320        7322
        7320        7323
        7324        7325
        7324        7326
        7326        7327
        7326        7328
        7328        7329
        7328        7330
        7328        7334
        7330        7331
        7330        7332
        7330        7333
        7334        7335
        7334        7336
        7337        7338
        7337        7341
        7337        7342
        7337        7392
        7339        7340
        7339        7341
        7339        7356
        7339        7359
        7342        7343
        7342        7344
        7342        7352
        7344        7345
        7344        7346
        7346        7347
        7346        7348
        7348        7349
        7348        7350
        7348        7351
        7352        7353
        7352        7354
        7352        7356
        7354        7355
        7356        7357
        7356        7358
        7359        7360
        7359        7361
        7359        7362
        7362        7363
        7364        7365
        7364        7368
        7364        7369
        7364        7489
        7366        7367
        7366        7368
        7366        7390
        7366        7393
        7369        7370
        7369        7371
        7369        7379
        7371        7372
        7371        7373
        7373        7374
        7373        7375
        7375        7376
        7375        7377
        7375        7378
        7379        7380
        7379        7381
        7379        7390
        7381        7382
        7382        7383
        7382        7384
        7382        7386
        7384        7385
        7384        7398
        7386        7387
        7386        7388
        7386        7389
        7390        7391
        7390        7392
        7393        7394
        7393        7395
        7393        7396
        7396        7397
        7398        7399
        7398        7400
        7400        7401
        7400        7402
        7400        7406
        7402        7403
        7402        7404
        7402        7405
        7406        7407
        7406        7408
        7408        7409
        7408        7410
        7410        7411
        7410        7412
        7410        7417
        7412        7413
        7412        7414
        7414        7415
        7414        7416
        7417        7418
        7417        7419
        7417        7420
        7420        7421
        7420        7422
        7420        7423
        7423        7424
        7423        7425
        7425        7426
        7425        7427
        7427        7428
        7427        7429
        7427        7445
        7429        7430
        7429        7431
        7429        7432
        7432        7433
        7432        7434
        7432        7435
        7435        7436
        7435        7437
        7435        7438
        7438        7439
        7438        7440
        7438        7441
        7441        7442
        7441        7443
        7441        7444
        7445        7446
        7445        7447
        7447        7448
        7447        7449
        7449        7450
        7449        7451
        7449        7455
        7451        7452
        7451        7453
        7451        7454
        7455        7456
        7455        7457
        7457        7458
        7457        7459
        7459        7460
        7459        7461
        7459        7465
        7461        7462
        7461        7463
        7461        7464
        7465        7466
        7465        7467
        7468        7469
        7468        7472
        7468        7473
        7468        7523
        7470        7471
        7470        7472
        7470        7487
        7470        7490
        7473        7474
        7473        7475
        7473        7483
        7475        7476
        7475        7477
        7477        7478
        7477        7479
        7479        7480
        7479        7481
        7479        7482
        7483        7484
        7483        7485
        7483        7487
        7485        7486
        7487        7488
        7487        7489
        7490        7491
        7490        7492
        7490        7493
        7493        7494
        7495        7496
        7495        7499
        7495        7500
        7495        7620
        7497        7498
        7497        7499
        7497        7521
        7497        7524
        7500        7501
        7500        7502
        7500        7510
        7502        7503
        7502        7504
        7504        7505
        7504        7506
        7506        7507
        7506        7508
        7506        7509
        7510        7511
        7510        7512
        7510        7521
        7512        7513
        7513        7514
        7513        7515
        7513        7517
        7515        7516
        7515        7529
        7517        7518
        7517        7519
        7517        7520
        7521        7522
        7521        7523
        7524        7525
        7524        7526
        7524        7527
        7527        7528
        7529        7530
        7529        7531
        7531        7532
        7531        7533
        7531        7537
        7533        7534
        7533        7535
        7533        7536
        7537        7538
        7537        7539
        7539        7540
        7539        7541
        7541        7542
        7541        7543
        7541        7548
        7543        7544
        7543        7545
        7545        7546
        7545        7547
        7548        7549
        7548        7550
        7548        7551
        7551        7552
        7551        7553
        7551        7554
        7554        7555
        7554        7556
        7556        7557
        7556        7558
        7558        7559
        7558        7560
        7558        7576
        7560        7561
        7560        7562
        7560        7563
        7563        7564
        7563        7565
        7563        7566
        7566        7567
        7566        7568
        7566        7569
        7569        7570
        7569        7571
        7569        7572
        7572        7573
        7572        7574
        7572        7575
        7576        7577
        7576        7578
        7578        7579
        7578        7580
        7580        7581
        7580        7582
        7580        7586
        7582        7583
        7582        7584
        7582        7585
        7586        7587
        7586        7588
        7588        7589
        7588        7590
        7590        7591
        7590        7592
        7590        7596
        7592        7593
        7592        7594
        7592        7595
        7596        7597
        7596        7598
        7599        7600
        7599        7603
        7599        7604
        7599        7654
        7601        7602
        7601        7603
        7601        7618
        7601        7621
        7604        7605
        7604        7606
        7604        7614
        7606        7607
        7606        7608
        7608        7609
        7608        7610
        7610        7611
        7610        7612
        7610        7613
        7614        7615
        7614        7616
        7614        7618
        7616        7617
        7618        7619
        7618        7620
        7621        7622
        7621        7623
        7621        7624
        7624        7625
        7626        7627
        7626        7630
        7626        7631
        7626        7751
        7628        7629
        7628        7630
        7628        7652
        7628        7655
        7631        7632
        7631        7633
        7631        7641
        7633        7634
        7633        7635
        7635        7636
        7635        7637
        7637        7638
        7637        7639
        7637        7640
        7641        7642
        7641        7643
        7641        7652
        7643        7644
        7644        7645
        7644        7646
        7644        7648
        7646        7647
        7646        7660
        7648        7649
        7648        7650
        7648        7651
        7652        7653
        7652        7654
        7655        7656
        7655        7657
        7655        7658
        7658        7659
        7660        7661
        7660        7662
        7662        7663
        7662        7664
        7662        7668
        7664        7665
        7664        7666
        7664        7667
        7668        7669
        7668        7670
        7670        7671
        7670        7672
        7672        7673
        7672        7674
        7672        7679
        7674        7675
        7674        7676
        7676        7677
        7676        7678
        7679        7680
        7679        7681
        7679        7682
        7682        7683
        7682        7684
        7682        7685
        7685        7686
        7685        7687
        7687        7688
        7687        7689
        7689        7690
        7689        7691
        7689        7707
        7691        7692
        7691        7693
        7691        7694
        7694        7695
        7694        7696
        7694        7697
        7697        7698
        7697        7699
        7697        7700
        7700        7701
        7700        7702
        7700        7703
        7703        7704
        7703        7705
        7703        7706
        7707        7708
        7707        7709
        7709        7710
        7709        7711
        7711        7712
        7711        7713
        7711        7717
        7713        7714
        7713        7715
        7713        7716
        7717        7718
        7717        7719
        7719        7720
        7719        7721
        7721        7722
        7721        7723
        7721        7727
        7723        7724
        7723        7725
        7723        7726
        7727        7728
        7727        7729
        7730        7731
        7730        7734
        7730        7735
        7730        7785
        7732        7733
        7732        7734
        7732        7749
        7732        7752
        7735        7736
        7735        7737
        7735        7745
        7737        7738
        7737        7739
        7739        7740
        7739        7741
        7741        7742
        7741        7743
        7741        7744
        7745        7746
        7745        7747
        7745        7749
        7747        7748
        7749        7750
        7749        7751
        7752        7753
        7752        7754
        7752        7755
        7755        7756
        7757        7758
        7757        7761
        7757        7762
        7757        7882
        7759        7760
        7759        7761
        7759        7783
        7759        7786
        7762        7763
        7762        7764
        7762        7772
        7764        7765
        7764        7766
        7766        7767
        7766        7768
        7768        7769
        7768        7770
        7768        7771
        7772        7773
        7772        7774
        7772        7783
        7774        7775
        7775        7776
        7775        7777
        7775        7779
        7777        7778
        7777        7791
        7779        7780
        7779        7781
        7779        7782
        7783        7784
        7783        7785
        7786        7787
        7786        7788
        7786        7789
        7789        7790
        7791        7792
        7791        7793
        7793        7794
        7793        7795
        7793        7799
        7795        7796
        7795        7797
        7795        7798
        7799        7800
        7799        7801
        7801        7802
        7801        7803
        7803        7804
        7803        7805
        7803        7810
        7805        7806
        7805        7807
        7807        7808
        7807        7809
        7810        7811
        7810        7812
        7810        7813
        7813        7814
        7813        7815
        7813        7816
        7816        7817
        7816        7818
        7818        7819
        7818        7820
        7820        7821
        7820        7822
        7820        7838
        7822        7823
        7822        7824
        7822        7825
        7825        7826
        7825        7827
        7825        7828
        7828        7829
        7828        7830
        7828        7831
        7831        7832
        7831        7833
        7831        7834
        7834        7835
        7834        7836
        7834        7837
        7838        7839
        7838        7840
        7840        7841
        7840        7842
        7842        7843
        7842        7844
        7842        7848
        7844        7845
        7844        7846
        7844        7847
        7848        7849
        7848        7850
        7850        7851
        7850        7852
        7852        7853
        7852        7854
        7852        7858
        7854        7855
        7854        7856
        7854        7857
        7858        7859
        7858        7860
        7861        7862
        7861        7865
        7861        7866
        7861        7916
        7863        7864
        7863        7865
        7863        7880
        7863        7883
        7866        7867
        7866        7868
        7866        7876
        7868        7869
        7868        7870
        7870        7871
        7870        7872
        7872        7873
        7872        7874
        7872        7875
        7876        7877
        7876        7878
        7876        7880
        7878        7879
        7880        7881
        7880        7882
        7883        7884
        7883        7885
        7883        7886
        7886        7887
        7888        7889
        7888        7892
        7888        7893
        7888        8013
        7890        7891
        7890        7892
        7890        7914
        7890        7917
        7893        7894
        7893        7895
        7893        7903
        7895        7896
        7895        7897
        7897        7898
        7897        7899
        7899        7900
        7899        7901
        7899        7902
        7903        7904
        7903        7905
        7903        7914
        7905        7906
        7906        7907
        7906        7908
        7906        7910
        7908        7909
        7908        7922
        7910        7911
        7910        7912
        7910        7913
        7914        7915
        7914        7916
        7917        7918
        7917        7919
        7917        7920
        7920        7921
        7922        7923
        7922        7924
        7924        7925
        7924        7926
        7924        7930
        7926        7927
        7926        7928
        7926        7929
        7930        7931
        7930        7932
        7932        7933
        7932        7934
        7934        7935
        7934        7936
        7934        7941
        7936        7937
        7936        7938
        7938        7939
        7938        7940
        7941        7942
        7941        7943
        7941        7944
        7944        7945
        7944        7946
        7944        7947
        7947        7948
        7947        7949
        7949        7950
        7949        7951
        7951        7952
        7951        7953
        7951        7969
        7953        7954
        7953        7955
        7953        7956
        7956        7957
        7956        7958
        7956        7959
        7959        7960
        7959        7961
        7959        7962
        7962        7963
        7962        7964
        7962        7965
        7965        7966
        7965        7967
        7965        7968
        7969        7970
        7969        7971
        7971        7972
        7971        7973
        7973        7974
        7973        7975
        7973        7979
        7975        7976
        7975        7977
        7975        7978
        7979        7980
        7979        7981
        7981        7982
        7981        7983
        7983        7984
        7983        7985
        7983        7989
        7985        7986
        7985        7987
        7985        7988
        7989        7990
        7989        7991
        7992        7993
        7992        7996
        7992        7997
        7992        8047
        7994        7995
        7994        7996
        7994        8011
        7994        8014
        7997        7998
        7997        7999
        7997        8007
        7999        8000
        7999        8001
        8001        8002
        8001        8003
        8003        8004
        8003        8005
        8003        8006
        8007        8008
        8007        8009
        8007        8011
        8009        8010
        8011        8012
        8011        8013
        8014        8015
        8014        8016
        8014        8017
        8017        8018
        8019        8020
        8019        8023
        8019        8024
        8019        8144
        8021        8022
        8021        8023
        8021        8045
        8021        8048
        8024        8025
        8024        8026
        8024        8034
        8026        8027
        8026        8028
        8028        8029
        8028        8030
        8030        8031
        8030        8032
        8030        8033
        8034        8035
        8034        8036
        8034        8045
        8036        8037
        8037        8038
        8037        8039
        8037        8041
        8039        8040
        8039        8053
        8041        8042
        8041        8043
        8041        8044
        8045        8046
        8045        8047
        8048        8049
        8048        8050
        8048        8051
        8051        8052
        8053        8054
        8053        8055
        8055        8056
        8055        8057
        8055        8061
        8057        8058
        8057        8059
        8057        8060
        8061        8062
        8061        8063
        8063        8064
        8063        8065
        8065        8066
        8065        8067
        8065        8072
        8067        8068
        8067        8069
        8069        8070
        8069        8071
        8072        8073
        8072        8074
        8072        8075
        8075        8076
        8075        8077
        8075        8078
        8078        8079
        8078        8080
        8080        8081
        8080        8082
        8082        8083
        8082        8084
        8082        8100
        8084        8085
        8084        8086
        8084        8087
        8087        8088
        8087        8089
        8087        8090
        8090        8091
        8090        8092
        8090        8093
        8093        8094
        8093        8095
        8093        8096
        8096        8097
        8096        8098
        8096        8099
        8100        8101
        8100        8102
        8102        8103
        8102        8104
        8104        8105
        8104        8106
        8104        8110
        8106        8107
        8106        8108
        8106        8109
        8110        8111
        8110        8112
        8112        8113
        8112        8114
        8114        8115
        8114        8116
        8114        8120
        8116        8117
        8116        8118
        8116        8119
        8120        8121
        8120        8122
        8123        8124
        8123        8127
        8123        8128
        8123        8178
        8125        8126
        8125        8127
        8125        8142
        8125        8145
        8128        8129
        8128        8130
        8128        8138
        8130        8131
        8130        8132
        8132        8133
        8132        8134
        8134        8135
        8134        8136
        8134        8137
        8138        8139
        8138        8140
        8138        8142
        8140        8141
        8142        8143
        8142        8144
        8145        8146
        8145        8147
        8145        8148
        8148        8149
        8150        8151
        8150        8154
        8150        8155
        8150        8275
        8152        8153
        8152        8154
        8152        8176
        8152        8179
        8155        8156
        8155        8157
        8155        8165
        8157        8158
        8157        8159
        8159        8160
        8159        8161
        8161        8162
        8161        8163
        8161        8164
        8165        8166
        8165        8167
        8165        8176
        8167        8168
        8168        8169
        8168        8170
        8168        8172
        8170        8171
        8170        8184
        8172        8173
        8172        8174
        8172        8175
        8176        8177
        8176        8178
        8179        8180
        8179        8181
        8179        8182
        8182        8183
        8184        8185
        8184        8186
        8186        8187
        8186        8188
        8186        8192
        8188        8189
        8188        8190
        8188        8191
        8192        8193
        8192        8194
        8194        8195
        8194        8196
        8196        8197
        8196        8198
        8196        8203
        8198        8199
        8198        8200
        8200        8201
        8200        8202
        8203        8204
        8203        8205
        8203        8206
        8206        8207
        8206        8208
        8206        8209
        8209        8210
        8209        8211
        8211        8212
        8211        8213
        8213        8214
        8213        8215
        8213        8231
        8215        8216
        8215        8217
        8215        8218
        8218        8219
        8218        8220
        8218        8221
        8221        8222
        8221        8223
        8221        8224
        8224        8225
        8224        8226
        8224        8227
        8227        8228
        8227        8229
        8227        8230
        8231        8232
        8231        8233
        8233        8234
        8233        8235
        8235        8236
        8235        8237
        8235        8241
        8237        8238
        8237        8239
        8237        8240
        8241        8242
        8241        8243
        8243        8244
        8243        8245
        8245        8246
        8245        8247
        8245        8251
        8247        8248
        8247        8249
        8247        8250
        8251        8252
        8251        8253
        8254        8255
        8254        8258
        8254        8259
        8254        8309
        8256        8257
        8256        8258
        8256        8273
        8256        8276
        8259        8260
        8259        8261
        8259        8269
        8261        8262
        8261        8263
        8263        8264
        8263        8265
        8265        8266
        8265        8267
        8265        8268
        8269        8270
        8269        8271
        8269        8273
        8271        8272
        8273        8274
        8273        8275
        8276        8277
        8276        8278
        8276        8279
        8279        8280
        8281        8282
        8281        8285
        8281        8286
        8281        8406
        8283        8284
        8283        8285
        8283        8307
        8283        8310
        8286        8287
        8286        8288
        8286        8296
        8288        8289
        8288        8290
        8290        8291
        8290        8292
        8292        8293
        8292        8294
        8292        8295
        8296        8297
        8296        8298
        8296        8307
        8298        8299
        8299        8300
        8299        8301
        8299        8303
        8301        8302
        8301        8315
        8303        8304
        8303        8305
        8303        8306
        8307        8308
        8307        8309
        8310        8311
        8310        8312
        8310        8313
        8313        8314
        8315        8316
        8315        8317
        8317        8318
        8317        8319
        8317        8323
        8319        8320
        8319        8321
        8319        8322
        8323        8324
        8323        8325
        8325        8326
        8325        8327
        8327        8328
        8327        8329
        8327        8334
        8329        8330
        8329        8331
        8331        8332
        8331        8333
        8334        8335
        8334        8336
        8334        8337
        8337        8338
        8337        8339
        8337        8340
        8340        8341
        8340        8342
        8342        8343
        8342        8344
        8344        8345
        8344        8346
        8344        8362
        8346        8347
        8346        8348
        8346        8349
        8349        8350
        8349        8351
        8349        8352
        8352        8353
        8352        8354
        8352        8355
        8355        8356
        8355        8357
        8355        8358
        8358        8359
        8358        8360
        8358        8361
        8362        8363
        8362        8364
        8364        8365
        8364        8366
        8366        8367
        8366        8368
        8366        8372
        8368        8369
        8368        8370
        8368        8371
        8372        8373
        8372        8374
        8374        8375
        8374        8376
        8376        8377
        8376        8378
        8376        8382
        8378        8379
        8378        8380
        8378        8381
        8382        8383
        8382        8384
        8385        8386
        8385        8389
        8385        8390
        8385        8440
        8387        8388
        8387        8389
        8387        8404
        8387        8407
        8390        8391
        8390        8392
        8390        8400
        8392        8393
        8392        8394
        8394        8395
        8394        8396
        8396        8397
        8396        8398
        8396        8399
        8400        8401
        8400        8402
        8400        8404
        8402        8403
        8404        8405
        8404        8406
        8407        8408
        8407        8409
        8407        8410
        8410        8411
        8412        8413
        8412        8416
        8412        8417
        8414        8415
        8414        8416
        8414        8438
        8414        8441
        8417        8418
        8417        8419
        8417        8427
        8419        8420
        8419        8421
        8421        8422
        8421        8423
        8423        8424
        8423        8425
        8423        8426
        8427        8428
        8427        8429
        8427        8438
        8429        8430
        8430        8431
        8430        8432
        8430        8434
        8432        8433
        8432        8446
        8434        8435
        8434        8436
        8434        8437
        8438        8439
        8438        8440
        8441        8442
        8441        8443
        8441        8444
        8444        8445
        8446        8447
        8446        8448
        8448        8449
        8448        8450
        8448        8454
        8450        8451
        8450        8452
        8450        8453
        8454        8455
        8454        8456
        8456        8457
        8456        8458
        8458        8459
        8458        8460
        8458        8465
        8460        8461
        8460        8462
        8462        8463
        8462        8464
        8465        8466
        8465        8467
        8465        8468
        8468        8469
        8468        8470
        8468        8471
        8471        8472
        8471        8473
        8473        8474
        8473        8475
        8475        8476
        8475        8477
        8475        8493
        8477        8478
        8477        8479
        8477        8480
        8480        8481
        8480        8482
        8480        8483
        8483        8484
        8483        8485
        8483        8486
        8486        8487
        8486        8488
        8486        8489
        8489        8490
        8489        8491
        8489        8492
        8493        8494
        8493        8495
        8495        8496
        8495        8497
        8497        8498
        8497        8499
        8497        8503
        8499        8500
        8499        8501
        8499        8502
        8503        8504
        8503        8505
        8505        8506
        8505        8507
        8507        8508
        8507        8509
        8507        8513
        8509        8510
        8509        8511
        8509        8512
        8513        8514
        8513        8515
        8516        8517
        8516        8520
        8516        8521
        8516        8571
        8518        8519
        8518        8520
        8518        8535
        8518        8538
        8521        8522
        8521        8523
        8521        8531
        8523        8524
        8523        8525
        8525        8526
        8525        8527
        8527        8528
        8527        8529
        8527        8530
        8531        8532
        8531        8533
        8531        8535
        8533        8534
        8535        8536
        8535        8537
        8537       10115
        8538        8539
        8538        8540
        8538        8541
        8541        8542
        8543        8544
        8543        8547
        8543        8548
        8543        8668
        8545        8546
        8545        8547
        8545        8569
        8545        8572
        8548        8549
        8548        8550
        8548        8558
        8550        8551
        8550        8552
        8552        8553
        8552        8554
        8554        8555
        8554        8556
        8554        8557
        8558        8559
        8558        8560
        8558        8569
        8560        8561
        8561        8562
        8561        8563
        8561        8565
        8563        8564
        8563        8577
        8565        8566
        8565        8567
        8565        8568
        8569        8570
        8569        8571
        8572        8573
        8572        8574
        8572        8575
        8575        8576
        8577        8578
        8577        8579
        8579        8580
        8579        8581
        8579        8585
        8581        8582
        8581        8583
        8581        8584
        8585        8586
        8585        8587
        8587        8588
        8587        8589
        8589        8590
        8589        8591
        8589        8596
        8591        8592
        8591        8593
        8593        8594
        8593        8595
        8596        8597
        8596        8598
        8596        8599
        8599        8600
        8599        8601
        8599        8602
        8602        8603
        8602        8604
        8604        8605
        8604        8606
        8606        8607
        8606        8608
        8606        8624
        8608        8609
        8608        8610
        8608        8611
        8611        8612
        8611        8613
        8611        8614
        8614        8615
        8614        8616
        8614        8617
        8617        8618
        8617        8619
        8617        8620
        8620        8621
        8620        8622
        8620        8623
        8624        8625
        8624        8626
        8626        8627
        8626        8628
        8628        8629
        8628        8630
        8628        8634
        8630        8631
        8630        8632
        8630        8633
        8634        8635
        8634        8636
        8636        8637
        8636        8638
        8638        8639
        8638        8640
        8638        8644
        8640        8641
        8640        8642
        8640        8643
        8644        8645
        8644        8646
        8647        8648
        8647        8651
        8647        8652
        8647        8702
        8649        8650
        8649        8651
        8649        8666
        8649        8669
        8652        8653
        8652        8654
        8652        8662
        8654        8655
        8654        8656
        8656        8657
        8656        8658
        8658        8659
        8658        8660
        8658        8661
        8662        8663
        8662        8664
        8662        8666
        8664        8665
        8666        8667
        8666        8668
        8669        8670
        8669        8671
        8669        8672
        8672        8673
        8674        8675
        8674        8678
        8674        8679
        8674        8799
        8676        8677
        8676        8678
        8676        8700
        8676        8703
        8679        8680
        8679        8681
        8679        8689
        8681        8682
        8681        8683
        8683        8684
        8683        8685
        8685        8686
        8685        8687
        8685        8688
        8689        8690
        8689        8691
        8689        8700
        8691        8692
        8692        8693
        8692        8694
        8692        8696
        8694        8695
        8694        8708
        8696        8697
        8696        8698
        8696        8699
        8700        8701
        8700        8702
        8703        8704
        8703        8705
        8703        8706
        8706        8707
        8708        8709
        8708        8710
        8710        8711
        8710        8712
        8710        8716
        8712        8713
        8712        8714
        8712        8715
        8716        8717
        8716        8718
        8718        8719
        8718        8720
        8720        8721
        8720        8722
        8720        8727
        8722        8723
        8722        8724
        8724        8725
        8724        8726
        8727        8728
        8727        8729
        8727        8730
        8730        8731
        8730        8732
        8730        8733
        8733        8734
        8733        8735
        8735        8736
        8735        8737
        8737        8738
        8737        8739
        8737        8755
        8739        8740
        8739        8741
        8739        8742
        8742        8743
        8742        8744
        8742        8745
        8745        8746
        8745        8747
        8745        8748
        8748        8749
        8748        8750
        8748        8751
        8751        8752
        8751        8753
        8751        8754
        8755        8756
        8755        8757
        8757        8758
        8757        8759
        8759        8760
        8759        8761
        8759        8765
        8761        8762
        8761        8763
        8761        8764
        8765        8766
        8765        8767
        8767        8768
        8767        8769
        8769        8770
        8769        8771
        8769        8775
        8771        8772
        8771        8773
        8771        8774
        8775        8776
        8775        8777
        8778        8779
        8778        8782
        8778        8783
        8778        8833
        8780        8781
        8780        8782
        8780        8797
        8780        8800
        8783        8784
        8783        8785
        8783        8793
        8785        8786
        8785        8787
        8787        8788
        8787        8789
        8789        8790
        8789        8791
        8789        8792
        8793        8794
        8793        8795
        8793        8797
        8795        8796
        8797        8798
        8797        8799
        8800        8801
        8800        8802
        8800        8803
        8803        8804
        8805        8806
        8805        8809
        8805        8810
        8805        8930
        8807        8808
        8807        8809
        8807        8831
        8807        8834
        8810        8811
        8810        8812
        8810        8820
        8812        8813
        8812        8814
        8814        8815
        8814        8816
        8816        8817
        8816        8818
        8816        8819
        8820        8821
        8820        8822
        8820        8831
        8822        8823
        8823        8824
        8823        8825
        8823        8827
        8825        8826
        8825        8839
        8827        8828
        8827        8829
        8827        8830
        8831        8832
        8831        8833
        8834        8835
        8834        8836
        8834        8837
        8837        8838
        8839        8840
        8839        8841
        8841        8842
        8841        8843
        8841        8847
        8843        8844
        8843        8845
        8843        8846
        8847        8848
        8847        8849
        8849        8850
        8849        8851
        8851        8852
        8851        8853
        8851        8858
        8853        8854
        8853        8855
        8855        8856
        8855        8857
        8858        8859
        8858        8860
        8858        8861
        8861        8862
        8861        8863
        8861        8864
        8864        8865
        8864        8866
        8866        8867
        8866        8868
        8868        8869
        8868        8870
        8868        8886
        8870        8871
        8870        8872
        8870        8873
        8873        8874
        8873        8875
        8873        8876
        8876        8877
        8876        8878
        8876        8879
        8879        8880
        8879        8881
        8879        8882
        8882        8883
        8882        8884
        8882        8885
        8886        8887
        8886        8888
        8888        8889
        8888        8890
        8890        8891
        8890        8892
        8890        8896
        8892        8893
        8892        8894
        8892        8895
        8896        8897
        8896        8898
        8898        8899
        8898        8900
        8900        8901
        8900        8902
        8900        8906
        8902        8903
        8902        8904
        8902        8905
        8906        8907
        8906        8908
        8909        8910
        8909        8913
        8909        8914
        8909        8964
        8911        8912
        8911        8913
        8911        8928
        8911        8931
        8914        8915
        8914        8916
        8914        8924
        8916        8917
        8916        8918
        8918        8919
        8918        8920
        8920        8921
        8920        8922
        8920        8923
        8924        8925
        8924        8926
        8924        8928
        8926        8927
        8928        8929
        8928        8930
        8931        8932
        8931        8933
        8931        8934
        8934        8935
        8936        8937
        8936        8940
        8936        8941
        8936        9061
        8938        8939
        8938        8940
        8938        8962
        8938        8965
        8941        8942
        8941        8943
        8941        8951
        8943        8944
        8943        8945
        8945        8946
        8945        8947
        8947        8948
        8947        8949
        8947        8950
        8951        8952
        8951        8953
        8951        8962
        8953        8954
        8954        8955
        8954        8956
        8954        8958
        8956        8957
        8956        8970
        8958        8959
        8958        8960
        8958        8961
        8962        8963
        8962        8964
        8965        8966
        8965        8967
        8965        8968
        8968        8969
        8970        8971
        8970        8972
        8972        8973
        8972        8974
        8972        8978
        8974        8975
        8974        8976
        8974        8977
        8978        8979
        8978        8980
        8980        8981
        8980        8982
        8982        8983
        8982        8984
        8982        8989
        8984        8985
        8984        8986
        8986        8987
        8986        8988
        8989        8990
        8989        8991
        8989        8992
        8992        8993
        8992        8994
        8992        8995
        8995        8996
        8995        8997
        8997        8998
        8997        8999
        8999        9000
        8999        9001
        8999        9017
        9001        9002
        9001        9003
        9001        9004
        9004        9005
        9004        9006
        9004        9007
        9007        9008
        9007        9009
        9007        9010
        9010        9011
        9010        9012
        9010        9013
        9013        9014
        9013        9015
        9013        9016
        9017        9018
        9017        9019
        9019        9020
        9019        9021
        9021        9022
        9021        9023
        9021        9027
        9023        9024
        9023        9025
        9023        9026
        9027        9028
        9027        9029
        9029        9030
        9029        9031
        9031        9032
        9031        9033
        9031        9037
        9033        9034
        9033        9035
        9033        9036
        9037        9038
        9037        9039
        9040        9041
        9040        9044
        9040        9045
        9040        9095
        9042        9043
        9042        9044
        9042        9059
        9042        9062
        9045        9046
        9045        9047
        9045        9055
        9047        9048
        9047        9049
        9049        9050
        9049        9051
        9051        9052
        9051        9053
        9051        9054
        9055        9056
        9055        9057
        9055        9059
        9057        9058
        9059        9060
        9059        9061
        9062        9063
        9062        9064
        9062        9065
        9065        9066
        9067        9068
        9067        9071
        9067        9072
        9067        9192
        9069        9070
        9069        9071
        9069        9093
        9069        9096
        9072        9073
        9072        9074
        9072        9082
        9074        9075
        9074        9076
        9076        9077
        9076        9078
        9078        9079
        9078        9080
        9078        9081
        9082        9083
        9082        9084
        9082        9093
        9084        9085
        9085        9086
        9085        9087
        9085        9089
        9087        9088
        9087        9101
        9089        9090
        9089        9091
        9089        9092
        9093        9094
        9093        9095
        9096        9097
        9096        9098
        9096        9099
        9099        9100
        9101        9102
        9101        9103
        9103        9104
        9103        9105
        9103        9109
        9105        9106
        9105        9107
        9105        9108
        9109        9110
        9109        9111
        9111        9112
        9111        9113
        9113        9114
        9113        9115
        9113        9120
        9115        9116
        9115        9117
        9117        9118
        9117        9119
        9120        9121
        9120        9122
        9120        9123
        9123        9124
        9123        9125
        9123        9126
        9126        9127
        9126        9128
        9128        9129
        9128        9130
        9130        9131
        9130        9132
        9130        9148
        9132        9133
        9132        9134
        9132        9135
        9135        9136
        9135        9137
        9135        9138
        9138        9139
        9138        9140
        9138        9141
        9141        9142
        9141        9143
        9141        9144
        9144        9145
        9144        9146
        9144        9147
        9148        9149
        9148        9150
        9150        9151
        9150        9152
        9152        9153
        9152        9154
        9152        9158
        9154        9155
        9154        9156
        9154        9157
        9158        9159
        9158        9160
        9160        9161
        9160        9162
        9162        9163
        9162        9164
        9162        9168
        9164        9165
        9164        9166
        9164        9167
        9168        9169
        9168        9170
        9171        9172
        9171        9175
        9171        9176
        9171        9226
        9173        9174
        9173        9175
        9173        9190
        9173        9193
        9176        9177
        9176        9178
        9176        9186
        9178        9179
        9178        9180
        9180        9181
        9180        9182
        9182        9183
        9182        9184
        9182        9185
        9186        9187
        9186        9188
        9186        9190
        9188        9189
        9190        9191
        9190        9192
        9193        9194
        9193        9195
        9193        9196
        9196        9197
        9198        9199
        9198        9202
        9198        9203
        9198        9323
        9200        9201
        9200        9202
        9200        9224
        9200        9227
        9203        9204
        9203        9205
        9203        9213
        9205        9206
        9205        9207
        9207        9208
        9207        9209
        9209        9210
        9209        9211
        9209        9212
        9213        9214
        9213        9215
        9213        9224
        9215        9216
        9216        9217
        9216        9218
        9216        9220
        9218        9219
        9218        9232
        9220        9221
        9220        9222
        9220        9223
        9224        9225
        9224        9226
        9227        9228
        9227        9229
        9227        9230
        9230        9231
        9232        9233
        9232        9234
        9234        9235
        9234        9236
        9234        9240
        9236        9237
        9236        9238
        9236        9239
        9240        9241
        9240        9242
        9242        9243
        9242        9244
        9244        9245
        9244        9246
        9244        9251
        9246        9247
        9246        9248
        9248        9249
        9248        9250
        9251        9252
        9251        9253
        9251        9254
        9254        9255
        9254        9256
        9254        9257
        9257        9258
        9257        9259
        9259        9260
        9259        9261
        9261        9262
        9261        9263
        9261        9279
        9263        9264
        9263        9265
        9263        9266
        9266        9267
        9266        9268
        9266        9269
        9269        9270
        9269        9271
        9269        9272
        9272        9273
        9272        9274
        9272        9275
        9275        9276
        9275        9277
        9275        9278
        9279        9280
        9279        9281
        9281        9282
        9281        9283
        9283        9284
        9283        9285
        9283        9289
        9285        9286
        9285        9287
        9285        9288
        9289        9290
        9289        9291
        9291        9292
        9291        9293
        9293        9294
        9293        9295
        9293        9299
        9295        9296
        9295        9297
        9295        9298
        9299        9300
        9299        9301
        9302        9303
        9302        9306
        9302        9307
        9302        9357
        9304        9305
        9304        9306
        9304        9321
        9304        9324
        9307        9308
        9307        9309
        9307        9317
        9309        9310
        9309        9311
        9311        9312
        9311        9313
        9313        9314
        9313        9315
        9313        9316
        9317        9318
        9317        9319
        9317        9321
        9319        9320
        9321        9322
        9321        9323
        9324        9325
        9324        9326
        9324        9327
        9327        9328
        9329        9330
        9329        9333
        9329        9334
        9329        9454
        9331        9332
        9331        9333
        9331        9355
        9331        9358
        9334        9335
        9334        9336
        9334        9344
        9336        9337
        9336        9338
        9338        9339
        9338        9340
        9340        9341
        9340        9342
        9340        9343
        9344        9345
        9344        9346
        9344        9355
        9346        9347
        9347        9348
        9347        9349
        9347        9351
        9349        9350
        9349        9363
        9351        9352
        9351        9353
        9351        9354
        9355        9356
        9355        9357
        9358        9359
        9358        9360
        9358        9361
        9361        9362
        9363        9364
        9363        9365
        9365        9366
        9365        9367
        9365        9371
        9367        9368
        9367        9369
        9367        9370
        9371        9372
        9371        9373
        9373        9374
        9373        9375
        9375        9376
        9375        9377
        9375        9382
        9377        9378
        9377        9379
        9379        9380
        9379        9381
        9382        9383
        9382        9384
        9382        9385
        9385        9386
        9385        9387
        9385        9388
        9388        9389
        9388        9390
        9390        9391
        9390        9392
        9392        9393
        9392        9394
        9392        9410
        9394        9395
        9394        9396
        9394        9397
        9397        9398
        9397        9399
        9397        9400
        9400        9401
        9400        9402
        9400        9403
        9403        9404
        9403        9405
        9403        9406
        9406        9407
        9406        9408
        9406        9409
        9410        9411
        9410        9412
        9412        9413
        9412        9414
        9414        9415
        9414        9416
        9414        9420
        9416        9417
        9416        9418
        9416        9419
        9420        9421
        9420        9422
        9422        9423
        9422        9424
        9424        9425
        9424        9426
        9424        9430
        9426        9427
        9426        9428
        9426        9429
        9430        9431
        9430        9432
        9433        9434
        9433        9437
        9433        9438
        9433        9488
        9435        9436
        9435        9437
        9435        9452
        9435        9455
        9438        9439
        9438        9440
        9438        9448
        9440        9441
        9440        9442
        9442        9443
        9442        9444
        9444        9445
        9444        9446
        9444        9447
        9448        9449
        9448        9450
        9448        9452
        9450        9451
        9452        9453
        9452        9454
        9455        9456
        9455        9457
        9455        9458
        9458        9459
        9460        9461
        9460        9464
        9460        9465
        9460        9585
        9462        9463
        9462        9464
        9462        9486
        9462        9489
        9465        9466
        9465        9467
        9465        9475
        9467        9468
        9467        9469
        9469        9470
        9469        9471
        9471        9472
        9471        9473
        9471        9474
        9475        9476
        9475        9477
        9475        9486
        9477        9478
        9478        9479
        9478        9480
        9478        9482
        9480        9481
        9480        9494
        9482        9483
        9482        9484
        9482        9485
        9486        9487
        9486        9488
        9489        9490
        9489        9491
        9489        9492
        9492        9493
        9494        9495
        9494        9496
        9496        9497
        9496        9498
        9496        9502
        9498        9499
        9498        9500
        9498        9501
        9502        9503
        9502        9504
        9504        9505
        9504        9506
        9506        9507
        9506        9508
        9506        9513
        9508        9509
        9508        9510
        9510        9511
        9510        9512
        9513        9514
        9513        9515
        9513        9516
        9516        9517
        9516        9518
        9516        9519
        9519        9520
        9519        9521
        9521        9522
        9521        9523
        9523        9524
        9523        9525
        9523        9541
        9525        9526
        9525        9527
        9525        9528
        9528        9529
        9528        9530
        9528        9531
        9531        9532
        9531        9533
        9531        9534
        9534        9535
        9534        9536
        9534        9537
        9537        9538
        9537        9539
        9537        9540
        9541        9542
        9541        9543
        9543        9544
        9543        9545
        9545        9546
        9545        9547
        9545        9551
        9547        9548
        9547        9549
        9547        9550
        9551        9552
        9551        9553
        9553        9554
        9553        9555
        9555        9556
        9555        9557
        9555        9561
        9557        9558
        9557        9559
        9557        9560
        9561        9562
        9561        9563
        9564        9565
        9564        9568
        9564        9569
        9564        9619
        9566        9567
        9566        9568
        9566        9583
        9566        9586
        9569        9570
        9569        9571
        9569        9579
        9571        9572
        9571        9573
        9573        9574
        9573        9575
        9575        9576
        9575        9577
        9575        9578
        9579        9580
        9579        9581
        9579        9583
        9581        9582
        9583        9584
        9583        9585
        9586        9587
        9586        9588
        9586        9589
        9589        9590
        9591        9592
        9591        9595
        9591        9596
        9591        9716
        9593        9594
        9593        9595
        9593        9617
        9593        9620
        9596        9597
        9596        9598
        9596        9606
        9598        9599
        9598        9600
        9600        9601
        9600        9602
        9602        9603
        9602        9604
        9602        9605
        9606        9607
        9606        9608
        9606        9617
        9608        9609
        9609        9610
        9609        9611
        9609        9613
        9611        9612
        9611        9625
        9613        9614
        9613        9615
        9613        9616
        9617        9618
        9617        9619
        9620        9621
        9620        9622
        9620        9623
        9623        9624
        9625        9626
        9625        9627
        9627        9628
        9627        9629
        9627        9633
        9629        9630
        9629        9631
        9629        9632
        9633        9634
        9633        9635
        9635        9636
        9635        9637
        9637        9638
        9637        9639
        9637        9644
        9639        9640
        9639        9641
        9641        9642
        9641        9643
        9644        9645
        9644        9646
        9644        9647
        9647        9648
        9647        9649
        9647        9650
        9650        9651
        9650        9652
        9652        9653
        9652        9654
        9654        9655
        9654        9656
        9654        9672
        9656        9657
        9656        9658
        9656        9659
        9659        9660
        9659        9661
        9659        9662
        9662        9663
        9662        9664
        9662        9665
        9665        9666
        9665        9667
        9665        9668
        9668        9669
        9668        9670
        9668        9671
        9672        9673
        9672        9674
        9674        9675
        9674        9676
        9676        9677
        9676        9678
        9676        9682
        9678        9679
        9678        9680
        9678        9681
        9682        9683
        9682        9684
        9684        9685
        9684        9686
        9686        9687
        9686        9688
        9686        9692
        9688        9689
        9688        9690
        9688        9691
        9692        9693
        9692        9694
        9695        9696
        9695        9699
        9695        9700
        9695        9750
        9697        9698
        9697        9699
        9697        9714
        9697        9717
        9700        9701
        9700        9702
        9700        9710
        9702        9703
        9702        9704
        9704        9705
        9704        9706
        9706        9707
        9706        9708
        9706        9709
        9710        9711
        9710        9712
        9710        9714
        9712        9713
        9714        9715
        9714        9716
        9717        9718
        9717        9719
        9717        9720
        9720        9721
        9722        9723
        9722        9726
        9722        9727
        9722        9847
        9724        9725
        9724        9726
        9724        9748
        9724        9751
        9727        9728
        9727        9729
        9727        9737
        9729        9730
        9729        9731
        9731        9732
        9731        9733
        9733        9734
        9733        9735
        9733        9736
        9737        9738
        9737        9739
        9737        9748
        9739        9740
        9740        9741
        9740        9742
        9740        9744
        9742        9743
        9742        9756
        9744        9745
        9744        9746
        9744        9747
        9748        9749
        9748        9750
        9751        9752
        9751        9753
        9751        9754
        9754        9755
        9756        9757
        9756        9758
        9758        9759
        9758        9760
        9758        9764
        9760        9761
        9760        9762
        9760        9763
        9764        9765
        9764        9766
        9766        9767
        9766        9768
        9768        9769
        9768        9770
        9768        9775
        9770        9771
        9770        9772
        9772        9773
        9772        9774
        9775        9776
        9775        9777
        9775        9778
        9778        9779
        9778        9780
        9778        9781
        9781        9782
        9781        9783
        9783        9784
        9783        9785
        9785        9786
        9785        9787
        9785        9803
        9787        9788
        9787        9789
        9787        9790
        9790        9791
        9790        9792
        9790        9793
        9793        9794
        9793        9795
        9793        9796
        9796        9797
        9796        9798
        9796        9799
        9799        9800
        9799        9801
        9799        9802
        9803        9804
        9803        9805
        9805        9806
        9805        9807
        9807        9808
        9807        9809
        9807        9813
        9809        9810
        9809        9811
        9809        9812
        9813        9814
        9813        9815
        9815        9816
        9815        9817
        9817        9818
        9817        9819
        9817        9823
        9819        9820
        9819        9821
        9819        9822
        9823        9824
        9823        9825
        9826        9827
        9826        9830
        9826        9831
        9826        9881
        9828        9829
        9828        9830
        9828        9845
        9828        9848
        9831        9832
        9831        9833
        9831        9841
        9833        9834
        9833        9835
        9835        9836
        9835        9837
        9837        9838
        9837        9839
        9837        9840
        9841        9842
        9841        9843
        9841        9845
        9843        9844
        9845        9846
        9845        9847
        9848        9849
        9848        9850
        9848        9851
        9851        9852
        9853        9854
        9853        9857
        9853        9858
        9853        9978
        9855        9856
        9855        9857
        9855        9879
        9855        9882
        9858        9859
        9858        9860
        9858        9868
        9860        9861
        9860        9862
        9862        9863
        9862        9864
        9864        9865
        9864        9866
        9864        9867
        9868        9869
        9868        9870
        9868        9879
        9870        9871
        9871        9872
        9871        9873
        9871        9875
        9873        9874
        9873        9887
        9875        9876
        9875        9877
        9875        9878
        9879        9880
        9879        9881
        9882        9883
        9882        9884
        9882        9885
        9885        9886
        9887        9888
        9887        9889
        9889        9890
        9889        9891
        9889        9895
        9891        9892
        9891        9893
        9891        9894
        9895        9896
        9895        9897
        9897        9898
        9897        9899
        9899        9900
        9899        9901
        9899        9906
        9901        9902
        9901        9903
        9903        9904
        9903        9905
        9906        9907
        9906        9908
        9906        9909
        9909        9910
        9909        9911
        9909        9912
        9912        9913
        9912        9914
        9914        9915
        9914        9916
        9916        9917
        9916        9918
        9916        9934
        9918        9919
        9918        9920
        9918        9921
        9921        9922
        9921        9923
        9921        9924
        9924        9925
        9924        9926
        9924        9927
        9927        9928
        9927        9929
        9927        9930
        9930        9931
        9930        9932
        9930        9933
        9934        9935
        9934        9936
        9936        9937
        9936        9938
        9938        9939
        9938        9940
        9938        9944
        9940        9941
        9940        9942
        9940        9943
        9944        9945
        9944        9946
        9946        9947
        9946        9948
        9948        9949
        9948        9950
        9948        9954
        9950        9951
        9950        9952
        9950        9953
        9954        9955
        9954        9956
        9957        9958
        9957        9961
        9957        9962
        9957       10012
        9959        9960
        9959        9961
        9959        9976
        9959        9979
        9962        9963
        9962        9964
        9962        9972
        9964        9965
        9964        9966
        9966        9967
        9966        9968
        9968        9969
        9968        9970
        9968        9971
        9972        9973
        9972        9974
        9972        9976
        9974        9975
        9976        9977
        9976        9978
        9979        9980
        9979        9981
        9979        9982
        9982        9983
        9984        9985
        9984        9988
        9984        9989
        9984       10109
        9986        9987
        9986        9988
        9986       10010
        9986       10013
        9989        9990
        9989        9991
        9989        9999
        9991        9992
        9991        9993
        9993        9994
        9993        9995
        9995        9996
        9995        9997
        9995        9998
        9999       10000
        9999       10001
        9999       10010
       10001       10002
       10002       10003
       10002       10004
       10002       10006
       10004       10005
       10004       10018
       10006       10007
       10006       10008
       10006       10009
       10010       10011
       10010       10012
       10013       10014
       10013       10015
       10013       10016
       10016       10017
       10018       10019
       10018       10020
       10020       10021
       10020       10022
       10020       10026
       10022       10023
       10022       10024
       10022       10025
       10026       10027
       10026       10028
       10028       10029
       10028       10030
       10030       10031
       10030       10032
       10030       10037
       10032       10033
       10032       10034
       10034       10035
       10034       10036
       10037       10038
       10037       10039
       10037       10040
       10040       10041
       10040       10042
       10040       10043
       10043       10044
       10043       10045
       10045       10046
       10045       10047
       10047       10048
       10047       10049
       10047       10065
       10049       10050
       10049       10051
       10049       10052
       10052       10053
       10052       10054
       10052       10055
       10055       10056
       10055       10057
       10055       10058
       10058       10059
       10058       10060
       10058       10061
       10061       10062
       10061       10063
       10061       10064
       10065       10066
       10065       10067
       10067       10068
       10067       10069
       10069       10070
       10069       10071
       10069       10075
       10071       10072
       10071       10073
       10071       10074
       10075       10076
       10075       10077
       10077       10078
       10077       10079
       10079       10080
       10079       10081
       10079       10085
       10081       10082
       10081       10083
       10081       10084
       10085       10086
       10085       10087
       10088       10089
       10088       10092
       10088       10093
       10088       10143
       10090       10091
       10090       10092
       10090       10107
       10090       10110
       10093       10094
       10093       10095
       10093       10103
       10095       10096
       10095       10097
       10097       10098
       10097       10099
       10099       10100
       10099       10101
       10099       10102
       10103       10104
       10103       10105
       10103       10107
       10105       10106
       10107       10108
       10107       10109
       10110       10111
       10110       10112
       10110       10113
       10113       10114
       10115       10116
       10115       10119
       10115       10120
       10117       10118
       10117       10119
       10117       10141
       10117       10144
       10120       10121
       10120       10122
       10120       10130
       10122       10123
       10122       10124
       10124       10125
       10124       10126
       10126       10127
       10126       10128
       10126       10129
       10130       10131
       10130       10132
       10130       10141
       10132       10133
       10133       10134
       10133       10135
       10133       10137
       10135       10136
       10135       10149
       10137       10138
       10137       10139
       10137       10140
       10141       10142
       10141       10143
       10144       10145
       10144       10146
       10144       10147
       10147       10148
       10149       10150
       10149       10151
       10151       10152
       10151       10153
       10151       10157
       10153       10154
       10153       10155
       10153       10156
       10157       10158
       10157       10159
       10159       10160
       10159       10161
       10161       10162
       10161       10163
       10161       10168
       10163       10164
       10163       10165
       10165       10166
       10165       10167
       10168       10169
       10168       10170
       10168       10171
       10171       10172
       10171       10173
       10171       10174
       10174       10175
       10174       10176
       10176       10177
       10176       10178
       10178       10179
       10178       10180
       10178       10196
       10180       10181
       10180       10182
       10180       10183
       10183       10184
       10183       10185
       10183       10186
       10186       10187
       10186       10188
       10186       10189
       10189       10190
       10189       10191
       10189       10192
       10192       10193
       10192       10194
       10192       10195
       10196       10197
       10196       10198
       10198       10199
       10198       10200
       10200       10201
       10200       10202
       10200       10206
       10202       10203
       10202       10204
       10202       10205
       10206       10207
       10206       10208
       10208       10209
       10208       10210
       10210       10211
       10210       10212
       10210       10216
       10212       10213
       10212       10214
       10212       10215
       10216       10217
       10216       10218
       10219       10220
       10219       10223
       10219       10224
       10219       10274
       10221       10222
       10221       10223
       10221       10238
       10221       10241
       10224       10225
       10224       10226
       10224       10234
       10226       10227
       10226       10228
       10228       10229
       10228       10230
       10230       10231
       10230       10232
       10230       10233
       10234       10235
       10234       10236
       10234       10238
       10236       10237
       10238       10239
       10238       10240
       10240       11818
       10241       10242
       10241       10243
       10241       10244
       10244       10245
       10246       10247
       10246       10250
       10246       10251
       10246       10371
       10248       10249
       10248       10250
       10248       10272
       10248       10275
       10251       10252
       10251       10253
       10251       10261
       10253       10254
       10253       10255
       10255       10256
       10255       10257
       10257       10258
       10257       10259
       10257       10260
       10261       10262
       10261       10263
       10261       10272
       10263       10264
       10264       10265
       10264       10266
       10264       10268
       10266       10267
       10266       10280
       10268       10269
       10268       10270
       10268       10271
       10272       10273
       10272       10274
       10275       10276
       10275       10277
       10275       10278
       10278       10279
       10280       10281
       10280       10282
       10282       10283
       10282       10284
       10282       10288
       10284       10285
       10284       10286
       10284       10287
       10288       10289
       10288       10290
       10290       10291
       10290       10292
       10292       10293
       10292       10294
       10292       10299
       10294       10295
       10294       10296
       10296       10297
       10296       10298
       10299       10300
       10299       10301
       10299       10302
       10302       10303
       10302       10304
       10302       10305
       10305       10306
       10305       10307
       10307       10308
       10307       10309
       10309       10310
       10309       10311
       10309       10327
       10311       10312
       10311       10313
       10311       10314
       10314       10315
       10314       10316
       10314       10317
       10317       10318
       10317       10319
       10317       10320
       10320       10321
       10320       10322
       10320       10323
       10323       10324
       10323       10325
       10323       10326
       10327       10328
       10327       10329
       10329       10330
       10329       10331
       10331       10332
       10331       10333
       10331       10337
       10333       10334
       10333       10335
       10333       10336
       10337       10338
       10337       10339
       10339       10340
       10339       10341
       10341       10342
       10341       10343
       10341       10347
       10343       10344
       10343       10345
       10343       10346
       10347       10348
       10347       10349
       10350       10351
       10350       10354
       10350       10355
       10350       10405
       10352       10353
       10352       10354
       10352       10369
       10352       10372
       10355       10356
       10355       10357
       10355       10365
       10357       10358
       10357       10359
       10359       10360
       10359       10361
       10361       10362
       10361       10363
       10361       10364
       10365       10366
       10365       10367
       10365       10369
       10367       10368
       10369       10370
       10369       10371
       10372       10373
       10372       10374
       10372       10375
       10375       10376
       10377       10378
       10377       10381
       10377       10382
       10377       10502
       10379       10380
       10379       10381
       10379       10403
       10379       10406
       10382       10383
       10382       10384
       10382       10392
       10384       10385
       10384       10386
       10386       10387
       10386       10388
       10388       10389
       10388       10390
       10388       10391
       10392       10393
       10392       10394
       10392       10403
       10394       10395
       10395       10396
       10395       10397
       10395       10399
       10397       10398
       10397       10411
       10399       10400
       10399       10401
       10399       10402
       10403       10404
       10403       10405
       10406       10407
       10406       10408
       10406       10409
       10409       10410
       10411       10412
       10411       10413
       10413       10414
       10413       10415
       10413       10419
       10415       10416
       10415       10417
       10415       10418
       10419       10420
       10419       10421
       10421       10422
       10421       10423
       10423       10424
       10423       10425
       10423       10430
       10425       10426
       10425       10427
       10427       10428
       10427       10429
       10430       10431
       10430       10432
       10430       10433
       10433       10434
       10433       10435
       10433       10436
       10436       10437
       10436       10438
       10438       10439
       10438       10440
       10440       10441
       10440       10442
       10440       10458
       10442       10443
       10442       10444
       10442       10445
       10445       10446
       10445       10447
       10445       10448
       10448       10449
       10448       10450
       10448       10451
       10451       10452
       10451       10453
       10451       10454
       10454       10455
       10454       10456
       10454       10457
       10458       10459
       10458       10460
       10460       10461
       10460       10462
       10462       10463
       10462       10464
       10462       10468
       10464       10465
       10464       10466
       10464       10467
       10468       10469
       10468       10470
       10470       10471
       10470       10472
       10472       10473
       10472       10474
       10472       10478
       10474       10475
       10474       10476
       10474       10477
       10478       10479
       10478       10480
       10481       10482
       10481       10485
       10481       10486
       10481       10536
       10483       10484
       10483       10485
       10483       10500
       10483       10503
       10486       10487
       10486       10488
       10486       10496
       10488       10489
       10488       10490
       10490       10491
       10490       10492
       10492       10493
       10492       10494
       10492       10495
       10496       10497
       10496       10498
       10496       10500
       10498       10499
       10500       10501
       10500       10502
       10503       10504
       10503       10505
       10503       10506
       10506       10507
       10508       10509
       10508       10512
       10508       10513
       10508       10633
       10510       10511
       10510       10512
       10510       10534
       10510       10537
       10513       10514
       10513       10515
       10513       10523
       10515       10516
       10515       10517
       10517       10518
       10517       10519
       10519       10520
       10519       10521
       10519       10522
       10523       10524
       10523       10525
       10523       10534
       10525       10526
       10526       10527
       10526       10528
       10526       10530
       10528       10529
       10528       10542
       10530       10531
       10530       10532
       10530       10533
       10534       10535
       10534       10536
       10537       10538
       10537       10539
       10537       10540
       10540       10541
       10542       10543
       10542       10544
       10544       10545
       10544       10546
       10544       10550
       10546       10547
       10546       10548
       10546       10549
       10550       10551
       10550       10552
       10552       10553
       10552       10554
       10554       10555
       10554       10556
       10554       10561
       10556       10557
       10556       10558
       10558       10559
       10558       10560
       10561       10562
       10561       10563
       10561       10564
       10564       10565
       10564       10566
       10564       10567
       10567       10568
       10567       10569
       10569       10570
       10569       10571
       10571       10572
       10571       10573
       10571       10589
       10573       10574
       10573       10575
       10573       10576
       10576       10577
       10576       10578
       10576       10579
       10579       10580
       10579       10581
       10579       10582
       10582       10583
       10582       10584
       10582       10585
       10585       10586
       10585       10587
       10585       10588
       10589       10590
       10589       10591
       10591       10592
       10591       10593
       10593       10594
       10593       10595
       10593       10599
       10595       10596
       10595       10597
       10595       10598
       10599       10600
       10599       10601
       10601       10602
       10601       10603
       10603       10604
       10603       10605
       10603       10609
       10605       10606
       10605       10607
       10605       10608
       10609       10610
       10609       10611
       10612       10613
       10612       10616
       10612       10617
       10612       10667
       10614       10615
       10614       10616
       10614       10631
       10614       10634
       10617       10618
       10617       10619
       10617       10627
       10619       10620
       10619       10621
       10621       10622
       10621       10623
       10623       10624
       10623       10625
       10623       10626
       10627       10628
       10627       10629
       10627       10631
       10629       10630
       10631       10632
       10631       10633
       10634       10635
       10634       10636
       10634       10637
       10637       10638
       10639       10640
       10639       10643
       10639       10644
       10639       10764
       10641       10642
       10641       10643
       10641       10665
       10641       10668
       10644       10645
       10644       10646
       10644       10654
       10646       10647
       10646       10648
       10648       10649
       10648       10650
       10650       10651
       10650       10652
       10650       10653
       10654       10655
       10654       10656
       10654       10665
       10656       10657
       10657       10658
       10657       10659
       10657       10661
       10659       10660
       10659       10673
       10661       10662
       10661       10663
       10661       10664
       10665       10666
       10665       10667
       10668       10669
       10668       10670
       10668       10671
       10671       10672
       10673       10674
       10673       10675
       10675       10676
       10675       10677
       10675       10681
       10677       10678
       10677       10679
       10677       10680
       10681       10682
       10681       10683
       10683       10684
       10683       10685
       10685       10686
       10685       10687
       10685       10692
       10687       10688
       10687       10689
       10689       10690
       10689       10691
       10692       10693
       10692       10694
       10692       10695
       10695       10696
       10695       10697
       10695       10698
       10698       10699
       10698       10700
       10700       10701
       10700       10702
       10702       10703
       10702       10704
       10702       10720
       10704       10705
       10704       10706
       10704       10707
       10707       10708
       10707       10709
       10707       10710
       10710       10711
       10710       10712
       10710       10713
       10713       10714
       10713       10715
       10713       10716
       10716       10717
       10716       10718
       10716       10719
       10720       10721
       10720       10722
       10722       10723
       10722       10724
       10724       10725
       10724       10726
       10724       10730
       10726       10727
       10726       10728
       10726       10729
       10730       10731
       10730       10732
       10732       10733
       10732       10734
       10734       10735
       10734       10736
       10734       10740
       10736       10737
       10736       10738
       10736       10739
       10740       10741
       10740       10742
       10743       10744
       10743       10747
       10743       10748
       10743       10798
       10745       10746
       10745       10747
       10745       10762
       10745       10765
       10748       10749
       10748       10750
       10748       10758
       10750       10751
       10750       10752
       10752       10753
       10752       10754
       10754       10755
       10754       10756
       10754       10757
       10758       10759
       10758       10760
       10758       10762
       10760       10761
       10762       10763
       10762       10764
       10765       10766
       10765       10767
       10765       10768
       10768       10769
       10770       10771
       10770       10774
       10770       10775
       10770       10895
       10772       10773
       10772       10774
       10772       10796
       10772       10799
       10775       10776
       10775       10777
       10775       10785
       10777       10778
       10777       10779
       10779       10780
       10779       10781
       10781       10782
       10781       10783
       10781       10784
       10785       10786
       10785       10787
       10785       10796
       10787       10788
       10788       10789
       10788       10790
       10788       10792
       10790       10791
       10790       10804
       10792       10793
       10792       10794
       10792       10795
       10796       10797
       10796       10798
       10799       10800
       10799       10801
       10799       10802
       10802       10803
       10804       10805
       10804       10806
       10806       10807
       10806       10808
       10806       10812
       10808       10809
       10808       10810
       10808       10811
       10812       10813
       10812       10814
       10814       10815
       10814       10816
       10816       10817
       10816       10818
       10816       10823
       10818       10819
       10818       10820
       10820       10821
       10820       10822
       10823       10824
       10823       10825
       10823       10826
       10826       10827
       10826       10828
       10826       10829
       10829       10830
       10829       10831
       10831       10832
       10831       10833
       10833       10834
       10833       10835
       10833       10851
       10835       10836
       10835       10837
       10835       10838
       10838       10839
       10838       10840
       10838       10841
       10841       10842
       10841       10843
       10841       10844
       10844       10845
       10844       10846
       10844       10847
       10847       10848
       10847       10849
       10847       10850
       10851       10852
       10851       10853
       10853       10854
       10853       10855
       10855       10856
       10855       10857
       10855       10861
       10857       10858
       10857       10859
       10857       10860
       10861       10862
       10861       10863
       10863       10864
       10863       10865
       10865       10866
       10865       10867
       10865       10871
       10867       10868
       10867       10869
       10867       10870
       10871       10872
       10871       10873
       10874       10875
       10874       10878
       10874       10879
       10874       10929
       10876       10877
       10876       10878
       10876       10893
       10876       10896
       10879       10880
       10879       10881
       10879       10889
       10881       10882
       10881       10883
       10883       10884
       10883       10885
       10885       10886
       10885       10887
       10885       10888
       10889       10890
       10889       10891
       10889       10893
       10891       10892
       10893       10894
       10893       10895
       10896       10897
       10896       10898
       10896       10899
       10899       10900
       10901       10902
       10901       10905
       10901       10906
       10901       11026
       10903       10904
       10903       10905
       10903       10927
       10903       10930
       10906       10907
       10906       10908
       10906       10916
       10908       10909
       10908       10910
       10910       10911
       10910       10912
       10912       10913
       10912       10914
       10912       10915
       10916       10917
       10916       10918
       10916       10927
       10918       10919
       10919       10920
       10919       10921
       10919       10923
       10921       10922
       10921       10935
       10923       10924
       10923       10925
       10923       10926
       10927       10928
       10927       10929
       10930       10931
       10930       10932
       10930       10933
       10933       10934
       10935       10936
       10935       10937
       10937       10938
       10937       10939
       10937       10943
       10939       10940
       10939       10941
       10939       10942
       10943       10944
       10943       10945
       10945       10946
       10945       10947
       10947       10948
       10947       10949
       10947       10954
       10949       10950
       10949       10951
       10951       10952
       10951       10953
       10954       10955
       10954       10956
       10954       10957
       10957       10958
       10957       10959
       10957       10960
       10960       10961
       10960       10962
       10962       10963
       10962       10964
       10964       10965
       10964       10966
       10964       10982
       10966       10967
       10966       10968
       10966       10969
       10969       10970
       10969       10971
       10969       10972
       10972       10973
       10972       10974
       10972       10975
       10975       10976
       10975       10977
       10975       10978
       10978       10979
       10978       10980
       10978       10981
       10982       10983
       10982       10984
       10984       10985
       10984       10986
       10986       10987
       10986       10988
       10986       10992
       10988       10989
       10988       10990
       10988       10991
       10992       10993
       10992       10994
       10994       10995
       10994       10996
       10996       10997
       10996       10998
       10996       11002
       10998       10999
       10998       11000
       10998       11001
       11002       11003
       11002       11004
       11005       11006
       11005       11009
       11005       11010
       11005       11060
       11007       11008
       11007       11009
       11007       11024
       11007       11027
       11010       11011
       11010       11012
       11010       11020
       11012       11013
       11012       11014
       11014       11015
       11014       11016
       11016       11017
       11016       11018
       11016       11019
       11020       11021
       11020       11022
       11020       11024
       11022       11023
       11024       11025
       11024       11026
       11027       11028
       11027       11029
       11027       11030
       11030       11031
       11032       11033
       11032       11036
       11032       11037
       11032       11157
       11034       11035
       11034       11036
       11034       11058
       11034       11061
       11037       11038
       11037       11039
       11037       11047
       11039       11040
       11039       11041
       11041       11042
       11041       11043
       11043       11044
       11043       11045
       11043       11046
       11047       11048
       11047       11049
       11047       11058
       11049       11050
       11050       11051
       11050       11052
       11050       11054
       11052       11053
       11052       11066
       11054       11055
       11054       11056
       11054       11057
       11058       11059
       11058       11060
       11061       11062
       11061       11063
       11061       11064
       11064       11065
       11066       11067
       11066       11068
       11068       11069
       11068       11070
       11068       11074
       11070       11071
       11070       11072
       11070       11073
       11074       11075
       11074       11076
       11076       11077
       11076       11078
       11078       11079
       11078       11080
       11078       11085
       11080       11081
       11080       11082
       11082       11083
       11082       11084
       11085       11086
       11085       11087
       11085       11088
       11088       11089
       11088       11090
       11088       11091
       11091       11092
       11091       11093
       11093       11094
       11093       11095
       11095       11096
       11095       11097
       11095       11113
       11097       11098
       11097       11099
       11097       11100
       11100       11101
       11100       11102
       11100       11103
       11103       11104
       11103       11105
       11103       11106
       11106       11107
       11106       11108
       11106       11109
       11109       11110
       11109       11111
       11109       11112
       11113       11114
       11113       11115
       11115       11116
       11115       11117
       11117       11118
       11117       11119
       11117       11123
       11119       11120
       11119       11121
       11119       11122
       11123       11124
       11123       11125
       11125       11126
       11125       11127
       11127       11128
       11127       11129
       11127       11133
       11129       11130
       11129       11131
       11129       11132
       11133       11134
       11133       11135
       11136       11137
       11136       11140
       11136       11141
       11136       11191
       11138       11139
       11138       11140
       11138       11155
       11138       11158
       11141       11142
       11141       11143
       11141       11151
       11143       11144
       11143       11145
       11145       11146
       11145       11147
       11147       11148
       11147       11149
       11147       11150
       11151       11152
       11151       11153
       11151       11155
       11153       11154
       11155       11156
       11155       11157
       11158       11159
       11158       11160
       11158       11161
       11161       11162
       11163       11164
       11163       11167
       11163       11168
       11163       11288
       11165       11166
       11165       11167
       11165       11189
       11165       11192
       11168       11169
       11168       11170
       11168       11178
       11170       11171
       11170       11172
       11172       11173
       11172       11174
       11174       11175
       11174       11176
       11174       11177
       11178       11179
       11178       11180
       11178       11189
       11180       11181
       11181       11182
       11181       11183
       11181       11185
       11183       11184
       11183       11197
       11185       11186
       11185       11187
       11185       11188
       11189       11190
       11189       11191
       11192       11193
       11192       11194
       11192       11195
       11195       11196
       11197       11198
       11197       11199
       11199       11200
       11199       11201
       11199       11205
       11201       11202
       11201       11203
       11201       11204
       11205       11206
       11205       11207
       11207       11208
       11207       11209
       11209       11210
       11209       11211
       11209       11216
       11211       11212
       11211       11213
       11213       11214
       11213       11215
       11216       11217
       11216       11218
       11216       11219
       11219       11220
       11219       11221
       11219       11222
       11222       11223
       11222       11224
       11224       11225
       11224       11226
       11226       11227
       11226       11228
       11226       11244
       11228       11229
       11228       11230
       11228       11231
       11231       11232
       11231       11233
       11231       11234
       11234       11235
       11234       11236
       11234       11237
       11237       11238
       11237       11239
       11237       11240
       11240       11241
       11240       11242
       11240       11243
       11244       11245
       11244       11246
       11246       11247
       11246       11248
       11248       11249
       11248       11250
       11248       11254
       11250       11251
       11250       11252
       11250       11253
       11254       11255
       11254       11256
       11256       11257
       11256       11258
       11258       11259
       11258       11260
       11258       11264
       11260       11261
       11260       11262
       11260       11263
       11264       11265
       11264       11266
       11267       11268
       11267       11271
       11267       11272
       11267       11322
       11269       11270
       11269       11271
       11269       11286
       11269       11289
       11272       11273
       11272       11274
       11272       11282
       11274       11275
       11274       11276
       11276       11277
       11276       11278
       11278       11279
       11278       11280
       11278       11281
       11282       11283
       11282       11284
       11282       11286
       11284       11285
       11286       11287
       11286       11288
       11289       11290
       11289       11291
       11289       11292
       11292       11293
       11294       11295
       11294       11298
       11294       11299
       11294       11419
       11296       11297
       11296       11298
       11296       11320
       11296       11323
       11299       11300
       11299       11301
       11299       11309
       11301       11302
       11301       11303
       11303       11304
       11303       11305
       11305       11306
       11305       11307
       11305       11308
       11309       11310
       11309       11311
       11309       11320
       11311       11312
       11312       11313
       11312       11314
       11312       11316
       11314       11315
       11314       11328
       11316       11317
       11316       11318
       11316       11319
       11320       11321
       11320       11322
       11323       11324
       11323       11325
       11323       11326
       11326       11327
       11328       11329
       11328       11330
       11330       11331
       11330       11332
       11330       11336
       11332       11333
       11332       11334
       11332       11335
       11336       11337
       11336       11338
       11338       11339
       11338       11340
       11340       11341
       11340       11342
       11340       11347
       11342       11343
       11342       11344
       11344       11345
       11344       11346
       11347       11348
       11347       11349
       11347       11350
       11350       11351
       11350       11352
       11350       11353
       11353       11354
       11353       11355
       11355       11356
       11355       11357
       11357       11358
       11357       11359
       11357       11375
       11359       11360
       11359       11361
       11359       11362
       11362       11363
       11362       11364
       11362       11365
       11365       11366
       11365       11367
       11365       11368
       11368       11369
       11368       11370
       11368       11371
       11371       11372
       11371       11373
       11371       11374
       11375       11376
       11375       11377
       11377       11378
       11377       11379
       11379       11380
       11379       11381
       11379       11385
       11381       11382
       11381       11383
       11381       11384
       11385       11386
       11385       11387
       11387       11388
       11387       11389
       11389       11390
       11389       11391
       11389       11395
       11391       11392
       11391       11393
       11391       11394
       11395       11396
       11395       11397
       11398       11399
       11398       11402
       11398       11403
       11398       11453
       11400       11401
       11400       11402
       11400       11417
       11400       11420
       11403       11404
       11403       11405
       11403       11413
       11405       11406
       11405       11407
       11407       11408
       11407       11409
       11409       11410
       11409       11411
       11409       11412
       11413       11414
       11413       11415
       11413       11417
       11415       11416
       11417       11418
       11417       11419
       11420       11421
       11420       11422
       11420       11423
       11423       11424
       11425       11426
       11425       11429
       11425       11430
       11425       11550
       11427       11428
       11427       11429
       11427       11451
       11427       11454
       11430       11431
       11430       11432
       11430       11440
       11432       11433
       11432       11434
       11434       11435
       11434       11436
       11436       11437
       11436       11438
       11436       11439
       11440       11441
       11440       11442
       11440       11451
       11442       11443
       11443       11444
       11443       11445
       11443       11447
       11445       11446
       11445       11459
       11447       11448
       11447       11449
       11447       11450
       11451       11452
       11451       11453
       11454       11455
       11454       11456
       11454       11457
       11457       11458
       11459       11460
       11459       11461
       11461       11462
       11461       11463
       11461       11467
       11463       11464
       11463       11465
       11463       11466
       11467       11468
       11467       11469
       11469       11470
       11469       11471
       11471       11472
       11471       11473
       11471       11478
       11473       11474
       11473       11475
       11475       11476
       11475       11477
       11478       11479
       11478       11480
       11478       11481
       11481       11482
       11481       11483
       11481       11484
       11484       11485
       11484       11486
       11486       11487
       11486       11488
       11488       11489
       11488       11490
       11488       11506
       11490       11491
       11490       11492
       11490       11493
       11493       11494
       11493       11495
       11493       11496
       11496       11497
       11496       11498
       11496       11499
       11499       11500
       11499       11501
       11499       11502
       11502       11503
       11502       11504
       11502       11505
       11506       11507
       11506       11508
       11508       11509
       11508       11510
       11510       11511
       11510       11512
       11510       11516
       11512       11513
       11512       11514
       11512       11515
       11516       11517
       11516       11518
       11518       11519
       11518       11520
       11520       11521
       11520       11522
       11520       11526
       11522       11523
       11522       11524
       11522       11525
       11526       11527
       11526       11528
       11529       11530
       11529       11533
       11529       11534
       11529       11584
       11531       11532
       11531       11533
       11531       11548
       11531       11551
       11534       11535
       11534       11536
       11534       11544
       11536       11537
       11536       11538
       11538       11539
       11538       11540
       11540       11541
       11540       11542
       11540       11543
       11544       11545
       11544       11546
       11544       11548
       11546       11547
       11548       11549
       11548       11550
       11551       11552
       11551       11553
       11551       11554
       11554       11555
       11556       11557
       11556       11560
       11556       11561
       11556       11681
       11558       11559
       11558       11560
       11558       11582
       11558       11585
       11561       11562
       11561       11563
       11561       11571
       11563       11564
       11563       11565
       11565       11566
       11565       11567
       11567       11568
       11567       11569
       11567       11570
       11571       11572
       11571       11573
       11571       11582
       11573       11574
       11574       11575
       11574       11576
       11574       11578
       11576       11577
       11576       11590
       11578       11579
       11578       11580
       11578       11581
       11582       11583
       11582       11584
       11585       11586
       11585       11587
       11585       11588
       11588       11589
       11590       11591
       11590       11592
       11592       11593
       11592       11594
       11592       11598
       11594       11595
       11594       11596
       11594       11597
       11598       11599
       11598       11600
       11600       11601
       11600       11602
       11602       11603
       11602       11604
       11602       11609
       11604       11605
       11604       11606
       11606       11607
       11606       11608
       11609       11610
       11609       11611
       11609       11612
       11612       11613
       11612       11614
       11612       11615
       11615       11616
       11615       11617
       11617       11618
       11617       11619
       11619       11620
       11619       11621
       11619       11637
       11621       11622
       11621       11623
       11621       11624
       11624       11625
       11624       11626
       11624       11627
       11627       11628
       11627       11629
       11627       11630
       11630       11631
       11630       11632
       11630       11633
       11633       11634
       11633       11635
       11633       11636
       11637       11638
       11637       11639
       11639       11640
       11639       11641
       11641       11642
       11641       11643
       11641       11647
       11643       11644
       11643       11645
       11643       11646
       11647       11648
       11647       11649
       11649       11650
       11649       11651
       11651       11652
       11651       11653
       11651       11657
       11653       11654
       11653       11655
       11653       11656
       11657       11658
       11657       11659
       11660       11661
       11660       11664
       11660       11665
       11660       11715
       11662       11663
       11662       11664
       11662       11679
       11662       11682
       11665       11666
       11665       11667
       11665       11675
       11667       11668
       11667       11669
       11669       11670
       11669       11671
       11671       11672
       11671       11673
       11671       11674
       11675       11676
       11675       11677
       11675       11679
       11677       11678
       11679       11680
       11679       11681
       11682       11683
       11682       11684
       11682       11685
       11685       11686
       11687       11688
       11687       11691
       11687       11692
       11687       11812
       11689       11690
       11689       11691
       11689       11713
       11689       11716
       11692       11693
       11692       11694
       11692       11702
       11694       11695
       11694       11696
       11696       11697
       11696       11698
       11698       11699
       11698       11700
       11698       11701
       11702       11703
       11702       11704
       11702       11713
       11704       11705
       11705       11706
       11705       11707
       11705       11709
       11707       11708
       11707       11721
       11709       11710
       11709       11711
       11709       11712
       11713       11714
       11713       11715
       11716       11717
       11716       11718
       11716       11719
       11719       11720
       11721       11722
       11721       11723
       11723       11724
       11723       11725
       11723       11729
       11725       11726
       11725       11727
       11725       11728
       11729       11730
       11729       11731
       11731       11732
       11731       11733
       11733       11734
       11733       11735
       11733       11740
       11735       11736
       11735       11737
       11737       11738
       11737       11739
       11740       11741
       11740       11742
       11740       11743
       11743       11744
       11743       11745
       11743       11746
       11746       11747
       11746       11748
       11748       11749
       11748       11750
       11750       11751
       11750       11752
       11750       11768
       11752       11753
       11752       11754
       11752       11755
       11755       11756
       11755       11757
       11755       11758
       11758       11759
       11758       11760
       11758       11761
       11761       11762
       11761       11763
       11761       11764
       11764       11765
       11764       11766
       11764       11767
       11768       11769
       11768       11770
       11770       11771
       11770       11772
       11772       11773
       11772       11774
       11772       11778
       11774       11775
       11774       11776
       11774       11777
       11778       11779
       11778       11780
       11780       11781
       11780       11782
       11782       11783
       11782       11784
       11782       11788
       11784       11785
       11784       11786
       11784       11787
       11788       11789
       11788       11790
       11791       11792
       11791       11795
       11791       11796
       11791       11846
       11793       11794
       11793       11795
       11793       11810
       11793       11813
       11796       11797
       11796       11798
       11796       11806
       11798       11799
       11798       11800
       11800       11801
       11800       11802
       11802       11803
       11802       11804
       11802       11805
       11806       11807
       11806       11808
       11806       11810
       11808       11809
       11810       11811
       11810       11812
       11813       11814
       11813       11815
       11813       11816
       11816       11817
       11818       11819
       11818       11822
       11818       11823
       11820       11821
       11820       11822
       11820       11844
       11820       11847
       11823       11824
       11823       11825
       11823       11833
       11825       11826
       11825       11827
       11827       11828
       11827       11829
       11829       11830
       11829       11831
       11829       11832
       11833       11834
       11833       11835
       11833       11844
       11835       11836
       11836       11837
       11836       11838
       11836       11840
       11838       11839
       11838       11852
       11840       11841
       11840       11842
       11840       11843
       11844       11845
       11844       11846
       11847       11848
       11847       11849
       11847       11850
       11850       11851
       11852       11853
       11852       11854
       11854       11855
       11854       11856
       11854       11860
       11856       11857
       11856       11858
       11856       11859
       11860       11861
       11860       11862
       11862       11863
       11862       11864
       11864       11865
       11864       11866
       11864       11871
       11866       11867
       11866       11868
       11868       11869
       11868       11870
       11871       11872
       11871       11873
       11871       11874
       11874       11875
       11874       11876
       11874       11877
       11877       11878
       11877       11879
       11879       11880
       11879       11881
       11881       11882
       11881       11883
       11881       11899
       11883       11884
       11883       11885
       11883       11886
       11886       11887
       11886       11888
       11886       11889
       11889       11890
       11889       11891
       11889       11892
       11892       11893
       11892       11894
       11892       11895
       11895       11896
       11895       11897
       11895       11898
       11899       11900
       11899       11901
       11901       11902
       11901       11903
       11903       11904
       11903       11905
       11903       11909
       11905       11906
       11905       11907
       11905       11908
       11909       11910
       11909       11911
       11911       11912
       11911       11913
       11913       11914
       11913       11915
       11913       11919
       11915       11916
       11915       11917
       11915       11918
       11919       11920
       11919       11921
