           1           5           3           4
           1           5           3          20
           1           5           3          24
           1           6           8           9
           1           6           8          10
           1           6          16          17
           1           6          16          18
           1           6          16          20
           1          57          55          31
           1          57          55          44
           1          57          55          56
           2           1           5           3
           2           1           6           7
           2           1           6           8
           2           1           6          16
           2           1          57          55
           3           5           1           6
           3           5           1          57
           3          20          16           6
           3          20          16          17
           3          20          16          18
           3          20          22          23
           3          24          27          28
           4           3          20          16
           4           3          20          21
           4           3          20          22
           4           3          24          25
           4           3          24          26
           4           3          24          27
           5           1           6           7
           5           1           6           8
           5           1           6          16
           5           1          57          55
           5           3          20          16
           5           3          20          21
           5           3          20          22
           5           3          24          25
           5           3          24          26
           5           3          24          27
           6           1          57          55
           6           8          10          11
           6           8          10          12
           6          16          18          19
           6          16          20          21
           6          16          20          22
           7           6           1          57
           7           6           8           9
           7           6           8          10
           7           6          16          17
           7           6          16          18
           7           6          16          20
           8           6           1          57
           8           6          16          17
           8           6          16          18
           8           6          16          20
           8          10          12          13
           8          10          12          14
           8          10          12          15
           9           8           6          16
           9           8          10          11
           9           8          10          12
          10           8           6          16
          11          10          12          13
          11          10          12          14
          11          10          12          15
          16           6           1          57
          16          20           3          24
          16          20          22          23
          17          16          18          19
          17          16          20          21
          17          16          20          22
          18          16          20          21
          18          16          20          22
          19          18          16          20
          20           3          24          25
          20           3          24          26
          20           3          24          27
          21          20           3          24
          21          20          22          23
          22          20           3          24
          25          24          27          28
          26          24          27          28
          29          33          31          32
          29          33          31          55
          29          33          31          58
          29          34          36          37
          29          34          36          38
          29          34          44          45
          29          34          44          46
          29          34          44          55
          29         154         152         135
          29         154         152         148
          29         154         152         153
          30          29          33          31
          30          29          34          35
          30          29          34          36
          30          29          34          44
          30          29         154         152
          31          33          29          34
          31          33          29         154
          31          55          44          34
          31          55          44          45
          31          55          44          46
          31          58          61          62
          32          31          55          44
          32          31          55          56
          32          31          55          57
          32          31          58          59
          32          31          58          60
          32          31          58          61
          33          29          34          35
          33          29          34          36
          33          29          34          44
          33          29         154         152
          33          31          55          44
          33          31          55          56
          33          31          55          57
          33          31          58          59
          33          31          58          60
          33          31          58          61
          34          29         154         152
          34          36          38          39
          34          36          38          40
          34          44          46          47
          34          44          55          56
          34          44          55          57
          35          34          29         154
          35          34          36          37
          35          34          36          38
          35          34          44          45
          35          34          44          46
          35          34          44          55
          36          34          29         154
          36          34          44          45
          36          34          44          46
          36          34          44          55
          36          38          40          41
          36          38          40          42
          36          38          40          43
          37          36          34          44
          37          36          38          39
          37          36          38          40
          38          36          34          44
          39          38          40          41
          39          38          40          42
          39          38          40          43
          44          34          29         154
          44          46          47          48
          44          46          47          49
          44          46          47          51
          44          55          31          58
          45          44          46          47
          45          44          55          56
          45          44          55          57
          46          44          55          56
          46          44          55          57
          46          47          49          50
          46          47          49          63
          46          47          51          52
          46          47          51          53
          46          47          51          54
          47          46          44          55
          47          49          63          64
          47          49          63          65
          48          47          49          50
          48          47          49          63
          48          47          51          52
          48          47          51          53
          48          47          51          54
          49          47          51          52
          49          47          51          53
          49          47          51          54
          49          63          65          66
          49          63          65          67
          49          63          65          71
          50          49          47          51
          50          49          63          64
          50          49          63          65
          51          47          49          63
          55          31          58          59
          55          31          58          60
          55          31          58          61
          56          55          31          58
          57          55          31          58
          59          58          61          62
          60          58          61          62
          63          65          67          68
          63          65          67          69
          63          65          67          70
          63          65          71          72
          63          65          71          73
          64          63          65          66
          64          63          65          67
          64          63          65          71
          65          71          73          74
          65          71          73          75
          66          65          67          68
          66          65          67          69
          66          65          67          70
          66          65          71          72
          66          65          71          73
          67          65          71          72
          67          65          71          73
          68          67          65          71
          69          67          65          71
          70          67          65          71
          71          73          75          76
          71          73          75          77
          71          73          75          82
          72          71          73          74
          72          71          73          75
          73          75          77          78
          73          75          77          79
          73          75          82          83
          73          75          82          84
          73          75          82          85
          74          73          75          76
          74          73          75          77
          74          73          75          82
          75          77          79          80
          75          77          79          81
          75          82          85          86
          75          82          85          87
          75          82          85          88
          76          75          77          78
          76          75          77          79
          76          75          82          83
          76          75          82          84
          76          75          82          85
          77          75          82          83
          77          75          82          84
          77          75          82          85
          78          77          75          82
          78          77          79          80
          78          77          79          81
          79          77          75          82
          82          85          88          89
          82          85          88          90
          83          82          85          86
          83          82          85          87
          83          82          85          88
          84          82          85          86
          84          82          85          87
          84          82          85          88
          85          88          90          91
          85          88          90          92
          86          85          88          89
          86          85          88          90
          87          85          88          89
          87          85          88          90
          88          90          92          93
          88          90          92          94
          88          90          92         110
          89          88          90          91
          89          88          90          92
          90          92          94          95
          90          92          94          96
          90          92          94          97
          90          92         110         111
          90          92         110         112
          91          90          92          93
          91          90          92          94
          91          90          92         110
          92          94          97          98
          92          94          97          99
          92          94          97         100
          92         110         112         113
          92         110         112         114
          93          92          94          95
          93          92          94          96
          93          92          94          97
          93          92         110         111
          93          92         110         112
          94          92         110         111
          94          92         110         112
          94          97         100         101
          94          97         100         102
          94          97         100         103
          95          94          92         110
          95          94          97          98
          95          94          97          99
          95          94          97         100
          96          94          92         110
          96          94          97          98
          96          94          97          99
          96          94          97         100
          97          94          92         110
          97         100         103         104
          97         100         103         105
          97         100         103         106
          98          97         100         101
          98          97         100         102
          98          97         100         103
          99          97         100         101
          99          97         100         102
          99          97         100         103
         100         103         106         107
         100         103         106         108
         100         103         106         109
         101         100         103         104
         101         100         103         105
         101         100         103         106
         102         100         103         104
         102         100         103         105
         102         100         103         106
         104         103         106         107
         104         103         106         108
         104         103         106         109
         105         103         106         107
         105         103         106         108
         105         103         106         109
         110         112         114         115
         110         112         114         116
         110         112         114         120
         111         110         112         113
         111         110         112         114
         112         114         116         117
         112         114         116         118
         112         114         116         119
         112         114         120         121
         112         114         120         122
         113         112         114         115
         113         112         114         116
         113         112         114         120
         114         120         122         123
         114         120         122         124
         115         114         116         117
         115         114         116         118
         115         114         116         119
         115         114         120         121
         115         114         120         122
         116         114         120         121
         116         114         120         122
         117         116         114         120
         118         116         114         120
         119         116         114         120
         120         122         124         125
         120         122         124         126
         120         122         124         130
         121         120         122         123
         121         120         122         124
         122         124         126         127
         122         124         126         128
         122         124         126         129
         122         124         130         131
         122         124         130         132
         123         122         124         125
         123         122         124         126
         123         122         124         130
         125         124         126         127
         125         124         126         128
         125         124         126         129
         125         124         130         131
         125         124         130         132
         126         124         130         131
         126         124         130         132
         127         126         124         130
         128         126         124         130
         129         126         124         130
         133         137         135         136
         133         137         135         152
         133         137         135         155
         133         138         140         141
         133         138         140         142
         133         138         148         149
         133         138         148         150
         133         138         148         152
         133         188         186         162
         133         188         186         175
         133         188         186         187
         134         133         137         135
         134         133         138         139
         134         133         138         140
         134         133         138         148
         134         133         188         186
         135         137         133         138
         135         137         133         188
         135         152         148         138
         135         152         148         149
         135         152         148         150
         135         155         158         159
         136         135         152         148
         136         135         152         153
         136         135         152         154
         136         135         155         156
         136         135         155         157
         136         135         155         158
         137         133         138         139
         137         133         138         140
         137         133         138         148
         137         133         188         186
         137         135         152         148
         137         135         152         153
         137         135         152         154
         137         135         155         156
         137         135         155         157
         137         135         155         158
         138         133         188         186
         138         140         142         143
         138         140         142         144
         138         148         150         151
         138         148         152         153
         138         148         152         154
         139         138         133         188
         139         138         140         141
         139         138         140         142
         139         138         148         149
         139         138         148         150
         139         138         148         152
         140         138         133         188
         140         138         148         149
         140         138         148         150
         140         138         148         152
         140         142         144         145
         140         142         144         146
         140         142         144         147
         141         140         138         148
         141         140         142         143
         141         140         142         144
         142         140         138         148
         143         142         144         145
         143         142         144         146
         143         142         144         147
         148         138         133         188
         148         152         135         155
         149         148         150         151
         149         148         152         153
         149         148         152         154
         150         148         152         153
         150         148         152         154
         151         150         148         152
         152         135         155         156
         152         135         155         157
         152         135         155         158
         153         152         135         155
         154         152         135         155
         156         155         158         159
         157         155         158         159
         160         164         162         163
         160         164         162         186
         160         164         162         189
         160         165         167         168
         160         165         167         169
         160         165         175         176
         160         165         175         177
         160         165         175         186
         160         285         283         266
         160         285         283         279
         160         285         283         284
         161         160         164         162
         161         160         165         166
         161         160         165         167
         161         160         165         175
         161         160         285         283
         162         164         160         165
         162         164         160         285
         162         186         175         165
         162         186         175         176
         162         186         175         177
         162         189         192         193
         163         162         186         175
         163         162         186         187
         163         162         186         188
         163         162         189         190
         163         162         189         191
         163         162         189         192
         164         160         165         166
         164         160         165         167
         164         160         165         175
         164         160         285         283
         164         162         186         175
         164         162         186         187
         164         162         186         188
         164         162         189         190
         164         162         189         191
         164         162         189         192
         165         160         285         283
         165         167         169         170
         165         167         169         171
         165         175         177         178
         165         175         186         187
         165         175         186         188
         166         165         160         285
         166         165         167         168
         166         165         167         169
         166         165         175         176
         166         165         175         177
         166         165         175         186
         167         165         160         285
         167         165         175         176
         167         165         175         177
         167         165         175         186
         167         169         171         172
         167         169         171         173
         167         169         171         174
         168         167         165         175
         168         167         169         170
         168         167         169         171
         169         167         165         175
         170         169         171         172
         170         169         171         173
         170         169         171         174
         175         165         160         285
         175         177         178         179
         175         177         178         180
         175         177         178         182
         175         186         162         189
         176         175         177         178
         176         175         186         187
         176         175         186         188
         177         175         186         187
         177         175         186         188
         177         178         180         181
         177         178         180         194
         177         178         182         183
         177         178         182         184
         177         178         182         185
         178         177         175         186
         178         180         194         195
         178         180         194         196
         179         178         180         181
         179         178         180         194
         179         178         182         183
         179         178         182         184
         179         178         182         185
         180         178         182         183
         180         178         182         184
         180         178         182         185
         180         194         196         197
         180         194         196         198
         180         194         196         202
         181         180         178         182
         181         180         194         195
         181         180         194         196
         182         178         180         194
         186         162         189         190
         186         162         189         191
         186         162         189         192
         187         186         162         189
         188         186         162         189
         190         189         192         193
         191         189         192         193
         194         196         198         199
         194         196         198         200
         194         196         198         201
         194         196         202         203
         194         196         202         204
         195         194         196         197
         195         194         196         198
         195         194         196         202
         196         202         204         205
         196         202         204         206
         197         196         198         199
         197         196         198         200
         197         196         198         201
         197         196         202         203
         197         196         202         204
         198         196         202         203
         198         196         202         204
         199         198         196         202
         200         198         196         202
         201         198         196         202
         202         204         206         207
         202         204         206         208
         202         204         206         213
         203         202         204         205
         203         202         204         206
         204         206         208         209
         204         206         208         210
         204         206         213         214
         204         206         213         215
         204         206         213         216
         205         204         206         207
         205         204         206         208
         205         204         206         213
         206         208         210         211
         206         208         210         212
         206         213         216         217
         206         213         216         218
         206         213         216         219
         207         206         208         209
         207         206         208         210
         207         206         213         214
         207         206         213         215
         207         206         213         216
         208         206         213         214
         208         206         213         215
         208         206         213         216
         209         208         206         213
         209         208         210         211
         209         208         210         212
         210         208         206         213
         213         216         219         220
         213         216         219         221
         214         213         216         217
         214         213         216         218
         214         213         216         219
         215         213         216         217
         215         213         216         218
         215         213         216         219
         216         219         221         222
         216         219         221         223
         217         216         219         220
         217         216         219         221
         218         216         219         220
         218         216         219         221
         219         221         223         224
         219         221         223         225
         219         221         223         241
         220         219         221         222
         220         219         221         223
         221         223         225         226
         221         223         225         227
         221         223         225         228
         221         223         241         242
         221         223         241         243
         222         221         223         224
         222         221         223         225
         222         221         223         241
         223         225         228         229
         223         225         228         230
         223         225         228         231
         223         241         243         244
         223         241         243         245
         224         223         225         226
         224         223         225         227
         224         223         225         228
         224         223         241         242
         224         223         241         243
         225         223         241         242
         225         223         241         243
         225         228         231         232
         225         228         231         233
         225         228         231         234
         226         225         223         241
         226         225         228         229
         226         225         228         230
         226         225         228         231
         227         225         223         241
         227         225         228         229
         227         225         228         230
         227         225         228         231
         228         225         223         241
         228         231         234         235
         228         231         234         236
         228         231         234         237
         229         228         231         232
         229         228         231         233
         229         228         231         234
         230         228         231         232
         230         228         231         233
         230         228         231         234
         231         234         237         238
         231         234         237         239
         231         234         237         240
         232         231         234         235
         232         231         234         236
         232         231         234         237
         233         231         234         235
         233         231         234         236
         233         231         234         237
         235         234         237         238
         235         234         237         239
         235         234         237         240
         236         234         237         238
         236         234         237         239
         236         234         237         240
         241         243         245         246
         241         243         245         247
         241         243         245         251
         242         241         243         244
         242         241         243         245
         243         245         247         248
         243         245         247         249
         243         245         247         250
         243         245         251         252
         243         245         251         253
         244         243         245         246
         244         243         245         247
         244         243         245         251
         245         251         253         254
         245         251         253         255
         246         245         247         248
         246         245         247         249
         246         245         247         250
         246         245         251         252
         246         245         251         253
         247         245         251         252
         247         245         251         253
         248         247         245         251
         249         247         245         251
         250         247         245         251
         251         253         255         256
         251         253         255         257
         251         253         255         261
         252         251         253         254
         252         251         253         255
         253         255         257         258
         253         255         257         259
         253         255         257         260
         253         255         261         262
         253         255         261         263
         254         253         255         256
         254         253         255         257
         254         253         255         261
         256         255         257         258
         256         255         257         259
         256         255         257         260
         256         255         261         262
         256         255         261         263
         257         255         261         262
         257         255         261         263
         258         257         255         261
         259         257         255         261
         260         257         255         261
         264         268         266         267
         264         268         266         283
         264         268         266         286
         264         269         271         272
         264         269         271         273
         264         269         279         280
         264         269         279         281
         264         269         279         283
         264         319         317         293
         264         319         317         306
         264         319         317         318
         265         264         268         266
         265         264         269         270
         265         264         269         271
         265         264         269         279
         265         264         319         317
         266         268         264         269
         266         268         264         319
         266         283         279         269
         266         283         279         280
         266         283         279         281
         266         286         289         290
         267         266         283         279
         267         266         283         284
         267         266         283         285
         267         266         286         287
         267         266         286         288
         267         266         286         289
         268         264         269         270
         268         264         269         271
         268         264         269         279
         268         264         319         317
         268         266         283         279
         268         266         283         284
         268         266         283         285
         268         266         286         287
         268         266         286         288
         268         266         286         289
         269         264         319         317
         269         271         273         274
         269         271         273         275
         269         279         281         282
         269         279         283         284
         269         279         283         285
         270         269         264         319
         270         269         271         272
         270         269         271         273
         270         269         279         280
         270         269         279         281
         270         269         279         283
         271         269         264         319
         271         269         279         280
         271         269         279         281
         271         269         279         283
         271         273         275         276
         271         273         275         277
         271         273         275         278
         272         271         269         279
         272         271         273         274
         272         271         273         275
         273         271         269         279
         274         273         275         276
         274         273         275         277
         274         273         275         278
         279         269         264         319
         279         283         266         286
         280         279         281         282
         280         279         283         284
         280         279         283         285
         281         279         283         284
         281         279         283         285
         282         281         279         283
         283         266         286         287
         283         266         286         288
         283         266         286         289
         284         283         266         286
         285         283         266         286
         287         286         289         290
         288         286         289         290
         291         295         293         294
         291         295         293         317
         291         295         293         320
         291         296         298         299
         291         296         298         300
         291         296         306         307
         291         296         306         308
         291         296         306         317
         291         416         414         397
         291         416         414         410
         291         416         414         415
         292         291         295         293
         292         291         296         297
         292         291         296         298
         292         291         296         306
         292         291         416         414
         293         295         291         296
         293         295         291         416
         293         317         306         296
         293         317         306         307
         293         317         306         308
         293         320         323         324
         294         293         317         306
         294         293         317         318
         294         293         317         319
         294         293         320         321
         294         293         320         322
         294         293         320         323
         295         291         296         297
         295         291         296         298
         295         291         296         306
         295         291         416         414
         295         293         317         306
         295         293         317         318
         295         293         317         319
         295         293         320         321
         295         293         320         322
         295         293         320         323
         296         291         416         414
         296         298         300         301
         296         298         300         302
         296         306         308         309
         296         306         317         318
         296         306         317         319
         297         296         291         416
         297         296         298         299
         297         296         298         300
         297         296         306         307
         297         296         306         308
         297         296         306         317
         298         296         291         416
         298         296         306         307
         298         296         306         308
         298         296         306         317
         298         300         302         303
         298         300         302         304
         298         300         302         305
         299         298         296         306
         299         298         300         301
         299         298         300         302
         300         298         296         306
         301         300         302         303
         301         300         302         304
         301         300         302         305
         306         296         291         416
         306         308         309         310
         306         308         309         311
         306         308         309         313
         306         317         293         320
         307         306         308         309
         307         306         317         318
         307         306         317         319
         308         306         317         318
         308         306         317         319
         308         309         311         312
         308         309         311         325
         308         309         313         314
         308         309         313         315
         308         309         313         316
         309         308         306         317
         309         311         325         326
         309         311         325         327
         310         309         311         312
         310         309         311         325
         310         309         313         314
         310         309         313         315
         310         309         313         316
         311         309         313         314
         311         309         313         315
         311         309         313         316
         311         325         327         328
         311         325         327         329
         311         325         327         333
         312         311         309         313
         312         311         325         326
         312         311         325         327
         313         309         311         325
         317         293         320         321
         317         293         320         322
         317         293         320         323
         318         317         293         320
         319         317         293         320
         321         320         323         324
         322         320         323         324
         325         327         329         330
         325         327         329         331
         325         327         329         332
         325         327         333         334
         325         327         333         335
         326         325         327         328
         326         325         327         329
         326         325         327         333
         327         333         335         336
         327         333         335         337
         328         327         329         330
         328         327         329         331
         328         327         329         332
         328         327         333         334
         328         327         333         335
         329         327         333         334
         329         327         333         335
         330         329         327         333
         331         329         327         333
         332         329         327         333
         333         335         337         338
         333         335         337         339
         333         335         337         344
         334         333         335         336
         334         333         335         337
         335         337         339         340
         335         337         339         341
         335         337         344         345
         335         337         344         346
         335         337         344         347
         336         335         337         338
         336         335         337         339
         336         335         337         344
         337         339         341         342
         337         339         341         343
         337         344         347         348
         337         344         347         349
         337         344         347         350
         338         337         339         340
         338         337         339         341
         338         337         344         345
         338         337         344         346
         338         337         344         347
         339         337         344         345
         339         337         344         346
         339         337         344         347
         340         339         337         344
         340         339         341         342
         340         339         341         343
         341         339         337         344
         344         347         350         351
         344         347         350         352
         345         344         347         348
         345         344         347         349
         345         344         347         350
         346         344         347         348
         346         344         347         349
         346         344         347         350
         347         350         352         353
         347         350         352         354
         348         347         350         351
         348         347         350         352
         349         347         350         351
         349         347         350         352
         350         352         354         355
         350         352         354         356
         350         352         354         372
         351         350         352         353
         351         350         352         354
         352         354         356         357
         352         354         356         358
         352         354         356         359
         352         354         372         373
         352         354         372         374
         353         352         354         355
         353         352         354         356
         353         352         354         372
         354         356         359         360
         354         356         359         361
         354         356         359         362
         354         372         374         375
         354         372         374         376
         355         354         356         357
         355         354         356         358
         355         354         356         359
         355         354         372         373
         355         354         372         374
         356         354         372         373
         356         354         372         374
         356         359         362         363
         356         359         362         364
         356         359         362         365
         357         356         354         372
         357         356         359         360
         357         356         359         361
         357         356         359         362
         358         356         354         372
         358         356         359         360
         358         356         359         361
         358         356         359         362
         359         356         354         372
         359         362         365         366
         359         362         365         367
         359         362         365         368
         360         359         362         363
         360         359         362         364
         360         359         362         365
         361         359         362         363
         361         359         362         364
         361         359         362         365
         362         365         368         369
         362         365         368         370
         362         365         368         371
         363         362         365         366
         363         362         365         367
         363         362         365         368
         364         362         365         366
         364         362         365         367
         364         362         365         368
         366         365         368         369
         366         365         368         370
         366         365         368         371
         367         365         368         369
         367         365         368         370
         367         365         368         371
         372         374         376         377
         372         374         376         378
         372         374         376         382
         373         372         374         375
         373         372         374         376
         374         376         378         379
         374         376         378         380
         374         376         378         381
         374         376         382         383
         374         376         382         384
         375         374         376         377
         375         374         376         378
         375         374         376         382
         376         382         384         385
         376         382         384         386
         377         376         378         379
         377         376         378         380
         377         376         378         381
         377         376         382         383
         377         376         382         384
         378         376         382         383
         378         376         382         384
         379         378         376         382
         380         378         376         382
         381         378         376         382
         382         384         386         387
         382         384         386         388
         382         384         386         392
         383         382         384         385
         383         382         384         386
         384         386         388         389
         384         386         388         390
         384         386         388         391
         384         386         392         393
         384         386         392         394
         385         384         386         387
         385         384         386         388
         385         384         386         392
         387         386         388         389
         387         386         388         390
         387         386         388         391
         387         386         392         393
         387         386         392         394
         388         386         392         393
         388         386         392         394
         389         388         386         392
         390         388         386         392
         391         388         386         392
         395         399         397         398
         395         399         397         414
         395         399         397         417
         395         400         402         403
         395         400         402         404
         395         400         410         411
         395         400         410         412
         395         400         410         414
         395         450         448         424
         395         450         448         437
         395         450         448         449
         396         395         399         397
         396         395         400         401
         396         395         400         402
         396         395         400         410
         396         395         450         448
         397         399         395         400
         397         399         395         450
         397         414         410         400
         397         414         410         411
         397         414         410         412
         397         417         420         421
         398         397         414         410
         398         397         414         415
         398         397         414         416
         398         397         417         418
         398         397         417         419
         398         397         417         420
         399         395         400         401
         399         395         400         402
         399         395         400         410
         399         395         450         448
         399         397         414         410
         399         397         414         415
         399         397         414         416
         399         397         417         418
         399         397         417         419
         399         397         417         420
         400         395         450         448
         400         402         404         405
         400         402         404         406
         400         410         412         413
         400         410         414         415
         400         410         414         416
         401         400         395         450
         401         400         402         403
         401         400         402         404
         401         400         410         411
         401         400         410         412
         401         400         410         414
         402         400         395         450
         402         400         410         411
         402         400         410         412
         402         400         410         414
         402         404         406         407
         402         404         406         408
         402         404         406         409
         403         402         400         410
         403         402         404         405
         403         402         404         406
         404         402         400         410
         405         404         406         407
         405         404         406         408
         405         404         406         409
         410         400         395         450
         410         414         397         417
         411         410         412         413
         411         410         414         415
         411         410         414         416
         412         410         414         415
         412         410         414         416
         413         412         410         414
         414         397         417         418
         414         397         417         419
         414         397         417         420
         415         414         397         417
         416         414         397         417
         418         417         420         421
         419         417         420         421
         422         426         424         425
         422         426         424         448
         422         426         424         451
         422         427         429         430
         422         427         429         431
         422         427         437         438
         422         427         437         439
         422         427         437         448
         422         547         545         528
         422         547         545         541
         422         547         545         546
         423         422         426         424
         423         422         427         428
         423         422         427         429
         423         422         427         437
         423         422         547         545
         424         426         422         427
         424         426         422         547
         424         448         437         427
         424         448         437         438
         424         448         437         439
         424         451         454         455
         425         424         448         437
         425         424         448         449
         425         424         448         450
         425         424         451         452
         425         424         451         453
         425         424         451         454
         426         422         427         428
         426         422         427         429
         426         422         427         437
         426         422         547         545
         426         424         448         437
         426         424         448         449
         426         424         448         450
         426         424         451         452
         426         424         451         453
         426         424         451         454
         427         422         547         545
         427         429         431         432
         427         429         431         433
         427         437         439         440
         427         437         448         449
         427         437         448         450
         428         427         422         547
         428         427         429         430
         428         427         429         431
         428         427         437         438
         428         427         437         439
         428         427         437         448
         429         427         422         547
         429         427         437         438
         429         427         437         439
         429         427         437         448
         429         431         433         434
         429         431         433         435
         429         431         433         436
         430         429         427         437
         430         429         431         432
         430         429         431         433
         431         429         427         437
         432         431         433         434
         432         431         433         435
         432         431         433         436
         437         427         422         547
         437         439         440         441
         437         439         440         442
         437         439         440         444
         437         448         424         451
         438         437         439         440
         438         437         448         449
         438         437         448         450
         439         437         448         449
         439         437         448         450
         439         440         442         443
         439         440         442         456
         439         440         444         445
         439         440         444         446
         439         440         444         447
         440         439         437         448
         440         442         456         457
         440         442         456         458
         441         440         442         443
         441         440         442         456
         441         440         444         445
         441         440         444         446
         441         440         444         447
         442         440         444         445
         442         440         444         446
         442         440         444         447
         442         456         458         459
         442         456         458         460
         442         456         458         464
         443         442         440         444
         443         442         456         457
         443         442         456         458
         444         440         442         456
         448         424         451         452
         448         424         451         453
         448         424         451         454
         449         448         424         451
         450         448         424         451
         452         451         454         455
         453         451         454         455
         456         458         460         461
         456         458         460         462
         456         458         460         463
         456         458         464         465
         456         458         464         466
         457         456         458         459
         457         456         458         460
         457         456         458         464
         458         464         466         467
         458         464         466         468
         459         458         460         461
         459         458         460         462
         459         458         460         463
         459         458         464         465
         459         458         464         466
         460         458         464         465
         460         458         464         466
         461         460         458         464
         462         460         458         464
         463         460         458         464
         464         466         468         469
         464         466         468         470
         464         466         468         475
         465         464         466         467
         465         464         466         468
         466         468         470         471
         466         468         470         472
         466         468         475         476
         466         468         475         477
         466         468         475         478
         467         466         468         469
         467         466         468         470
         467         466         468         475
         468         470         472         473
         468         470         472         474
         468         475         478         479
         468         475         478         480
         468         475         478         481
         469         468         470         471
         469         468         470         472
         469         468         475         476
         469         468         475         477
         469         468         475         478
         470         468         475         476
         470         468         475         477
         470         468         475         478
         471         470         468         475
         471         470         472         473
         471         470         472         474
         472         470         468         475
         475         478         481         482
         475         478         481         483
         476         475         478         479
         476         475         478         480
         476         475         478         481
         477         475         478         479
         477         475         478         480
         477         475         478         481
         478         481         483         484
         478         481         483         485
         479         478         481         482
         479         478         481         483
         480         478         481         482
         480         478         481         483
         481         483         485         486
         481         483         485         487
         481         483         485         503
         482         481         483         484
         482         481         483         485
         483         485         487         488
         483         485         487         489
         483         485         487         490
         483         485         503         504
         483         485         503         505
         484         483         485         486
         484         483         485         487
         484         483         485         503
         485         487         490         491
         485         487         490         492
         485         487         490         493
         485         503         505         506
         485         503         505         507
         486         485         487         488
         486         485         487         489
         486         485         487         490
         486         485         503         504
         486         485         503         505
         487         485         503         504
         487         485         503         505
         487         490         493         494
         487         490         493         495
         487         490         493         496
         488         487         485         503
         488         487         490         491
         488         487         490         492
         488         487         490         493
         489         487         485         503
         489         487         490         491
         489         487         490         492
         489         487         490         493
         490         487         485         503
         490         493         496         497
         490         493         496         498
         490         493         496         499
         491         490         493         494
         491         490         493         495
         491         490         493         496
         492         490         493         494
         492         490         493         495
         492         490         493         496
         493         496         499         500
         493         496         499         501
         493         496         499         502
         494         493         496         497
         494         493         496         498
         494         493         496         499
         495         493         496         497
         495         493         496         498
         495         493         496         499
         497         496         499         500
         497         496         499         501
         497         496         499         502
         498         496         499         500
         498         496         499         501
         498         496         499         502
         503         505         507         508
         503         505         507         509
         503         505         507         513
         504         503         505         506
         504         503         505         507
         505         507         509         510
         505         507         509         511
         505         507         509         512
         505         507         513         514
         505         507         513         515
         506         505         507         508
         506         505         507         509
         506         505         507         513
         507         513         515         516
         507         513         515         517
         508         507         509         510
         508         507         509         511
         508         507         509         512
         508         507         513         514
         508         507         513         515
         509         507         513         514
         509         507         513         515
         510         509         507         513
         511         509         507         513
         512         509         507         513
         513         515         517         518
         513         515         517         519
         513         515         517         523
         514         513         515         516
         514         513         515         517
         515         517         519         520
         515         517         519         521
         515         517         519         522
         515         517         523         524
         515         517         523         525
         516         515         517         518
         516         515         517         519
         516         515         517         523
         518         517         519         520
         518         517         519         521
         518         517         519         522
         518         517         523         524
         518         517         523         525
         519         517         523         524
         519         517         523         525
         520         519         517         523
         521         519         517         523
         522         519         517         523
         526         530         528         529
         526         530         528         545
         526         530         528         548
         526         531         533         534
         526         531         533         535
         526         531         541         542
         526         531         541         543
         526         531         541         545
         526         581         579         555
         526         581         579         568
         526         581         579         580
         527         526         530         528
         527         526         531         532
         527         526         531         533
         527         526         531         541
         527         526         581         579
         528         530         526         531
         528         530         526         581
         528         545         541         531
         528         545         541         542
         528         545         541         543
         528         548         551         552
         529         528         545         541
         529         528         545         546
         529         528         545         547
         529         528         548         549
         529         528         548         550
         529         528         548         551
         530         526         531         532
         530         526         531         533
         530         526         531         541
         530         526         581         579
         530         528         545         541
         530         528         545         546
         530         528         545         547
         530         528         548         549
         530         528         548         550
         530         528         548         551
         531         526         581         579
         531         533         535         536
         531         533         535         537
         531         541         543         544
         531         541         545         546
         531         541         545         547
         532         531         526         581
         532         531         533         534
         532         531         533         535
         532         531         541         542
         532         531         541         543
         532         531         541         545
         533         531         526         581
         533         531         541         542
         533         531         541         543
         533         531         541         545
         533         535         537         538
         533         535         537         539
         533         535         537         540
         534         533         531         541
         534         533         535         536
         534         533         535         537
         535         533         531         541
         536         535         537         538
         536         535         537         539
         536         535         537         540
         541         531         526         581
         541         545         528         548
         542         541         543         544
         542         541         545         546
         542         541         545         547
         543         541         545         546
         543         541         545         547
         544         543         541         545
         545         528         548         549
         545         528         548         550
         545         528         548         551
         546         545         528         548
         547         545         528         548
         549         548         551         552
         550         548         551         552
         553         557         555         556
         553         557         555         579
         553         557         555         582
         553         558         560         561
         553         558         560         562
         553         558         568         569
         553         558         568         570
         553         558         568         579
         553         678         676         659
         553         678         676         672
         553         678         676         677
         554         553         557         555
         554         553         558         559
         554         553         558         560
         554         553         558         568
         554         553         678         676
         555         557         553         558
         555         557         553         678
         555         579         568         558
         555         579         568         569
         555         579         568         570
         555         582         585         586
         556         555         579         568
         556         555         579         580
         556         555         579         581
         556         555         582         583
         556         555         582         584
         556         555         582         585
         557         553         558         559
         557         553         558         560
         557         553         558         568
         557         553         678         676
         557         555         579         568
         557         555         579         580
         557         555         579         581
         557         555         582         583
         557         555         582         584
         557         555         582         585
         558         553         678         676
         558         560         562         563
         558         560         562         564
         558         568         570         571
         558         568         579         580
         558         568         579         581
         559         558         553         678
         559         558         560         561
         559         558         560         562
         559         558         568         569
         559         558         568         570
         559         558         568         579
         560         558         553         678
         560         558         568         569
         560         558         568         570
         560         558         568         579
         560         562         564         565
         560         562         564         566
         560         562         564         567
         561         560         558         568
         561         560         562         563
         561         560         562         564
         562         560         558         568
         563         562         564         565
         563         562         564         566
         563         562         564         567
         568         558         553         678
         568         570         571         572
         568         570         571         573
         568         570         571         575
         568         579         555         582
         569         568         570         571
         569         568         579         580
         569         568         579         581
         570         568         579         580
         570         568         579         581
         570         571         573         574
         570         571         573         587
         570         571         575         576
         570         571         575         577
         570         571         575         578
         571         570         568         579
         571         573         587         588
         571         573         587         589
         572         571         573         574
         572         571         573         587
         572         571         575         576
         572         571         575         577
         572         571         575         578
         573         571         575         576
         573         571         575         577
         573         571         575         578
         573         587         589         590
         573         587         589         591
         573         587         589         595
         574         573         571         575
         574         573         587         588
         574         573         587         589
         575         571         573         587
         579         555         582         583
         579         555         582         584
         579         555         582         585
         580         579         555         582
         581         579         555         582
         583         582         585         586
         584         582         585         586
         587         589         591         592
         587         589         591         593
         587         589         591         594
         587         589         595         596
         587         589         595         597
         588         587         589         590
         588         587         589         591
         588         587         589         595
         589         595         597         598
         589         595         597         599
         590         589         591         592
         590         589         591         593
         590         589         591         594
         590         589         595         596
         590         589         595         597
         591         589         595         596
         591         589         595         597
         592         591         589         595
         593         591         589         595
         594         591         589         595
         595         597         599         600
         595         597         599         601
         595         597         599         606
         596         595         597         598
         596         595         597         599
         597         599         601         602
         597         599         601         603
         597         599         606         607
         597         599         606         608
         597         599         606         609
         598         597         599         600
         598         597         599         601
         598         597         599         606
         599         601         603         604
         599         601         603         605
         599         606         609         610
         599         606         609         611
         599         606         609         612
         600         599         601         602
         600         599         601         603
         600         599         606         607
         600         599         606         608
         600         599         606         609
         601         599         606         607
         601         599         606         608
         601         599         606         609
         602         601         599         606
         602         601         603         604
         602         601         603         605
         603         601         599         606
         606         609         612         613
         606         609         612         614
         607         606         609         610
         607         606         609         611
         607         606         609         612
         608         606         609         610
         608         606         609         611
         608         606         609         612
         609         612         614         615
         609         612         614         616
         610         609         612         613
         610         609         612         614
         611         609         612         613
         611         609         612         614
         612         614         616         617
         612         614         616         618
         612         614         616         634
         613         612         614         615
         613         612         614         616
         614         616         618         619
         614         616         618         620
         614         616         618         621
         614         616         634         635
         614         616         634         636
         615         614         616         617
         615         614         616         618
         615         614         616         634
         616         618         621         622
         616         618         621         623
         616         618         621         624
         616         634         636         637
         616         634         636         638
         617         616         618         619
         617         616         618         620
         617         616         618         621
         617         616         634         635
         617         616         634         636
         618         616         634         635
         618         616         634         636
         618         621         624         625
         618         621         624         626
         618         621         624         627
         619         618         616         634
         619         618         621         622
         619         618         621         623
         619         618         621         624
         620         618         616         634
         620         618         621         622
         620         618         621         623
         620         618         621         624
         621         618         616         634
         621         624         627         628
         621         624         627         629
         621         624         627         630
         622         621         624         625
         622         621         624         626
         622         621         624         627
         623         621         624         625
         623         621         624         626
         623         621         624         627
         624         627         630         631
         624         627         630         632
         624         627         630         633
         625         624         627         628
         625         624         627         629
         625         624         627         630
         626         624         627         628
         626         624         627         629
         626         624         627         630
         628         627         630         631
         628         627         630         632
         628         627         630         633
         629         627         630         631
         629         627         630         632
         629         627         630         633
         634         636         638         639
         634         636         638         640
         634         636         638         644
         635         634         636         637
         635         634         636         638
         636         638         640         641
         636         638         640         642
         636         638         640         643
         636         638         644         645
         636         638         644         646
         637         636         638         639
         637         636         638         640
         637         636         638         644
         638         644         646         647
         638         644         646         648
         639         638         640         641
         639         638         640         642
         639         638         640         643
         639         638         644         645
         639         638         644         646
         640         638         644         645
         640         638         644         646
         641         640         638         644
         642         640         638         644
         643         640         638         644
         644         646         648         649
         644         646         648         650
         644         646         648         654
         645         644         646         647
         645         644         646         648
         646         648         650         651
         646         648         650         652
         646         648         650         653
         646         648         654         655
         646         648         654         656
         647         646         648         649
         647         646         648         650
         647         646         648         654
         649         648         650         651
         649         648         650         652
         649         648         650         653
         649         648         654         655
         649         648         654         656
         650         648         654         655
         650         648         654         656
         651         650         648         654
         652         650         648         654
         653         650         648         654
         657         661         659         660
         657         661         659         676
         657         661         659         679
         657         662         664         665
         657         662         664         666
         657         662         672         673
         657         662         672         674
         657         662         672         676
         657         712         710         686
         657         712         710         699
         657         712         710         711
         658         657         661         659
         658         657         662         663
         658         657         662         664
         658         657         662         672
         658         657         712         710
         659         661         657         662
         659         661         657         712
         659         676         672         662
         659         676         672         673
         659         676         672         674
         659         679         682         683
         660         659         676         672
         660         659         676         677
         660         659         676         678
         660         659         679         680
         660         659         679         681
         660         659         679         682
         661         657         662         663
         661         657         662         664
         661         657         662         672
         661         657         712         710
         661         659         676         672
         661         659         676         677
         661         659         676         678
         661         659         679         680
         661         659         679         681
         661         659         679         682
         662         657         712         710
         662         664         666         667
         662         664         666         668
         662         672         674         675
         662         672         676         677
         662         672         676         678
         663         662         657         712
         663         662         664         665
         663         662         664         666
         663         662         672         673
         663         662         672         674
         663         662         672         676
         664         662         657         712
         664         662         672         673
         664         662         672         674
         664         662         672         676
         664         666         668         669
         664         666         668         670
         664         666         668         671
         665         664         662         672
         665         664         666         667
         665         664         666         668
         666         664         662         672
         667         666         668         669
         667         666         668         670
         667         666         668         671
         672         662         657         712
         672         676         659         679
         673         672         674         675
         673         672         676         677
         673         672         676         678
         674         672         676         677
         674         672         676         678
         675         674         672         676
         676         659         679         680
         676         659         679         681
         676         659         679         682
         677         676         659         679
         678         676         659         679
         680         679         682         683
         681         679         682         683
         684         688         686         687
         684         688         686         710
         684         688         686         713
         684         689         691         692
         684         689         691         693
         684         689         699         700
         684         689         699         701
         684         689         699         710
         684         809         807         790
         684         809         807         803
         684         809         807         808
         685         684         688         686
         685         684         689         690
         685         684         689         691
         685         684         689         699
         685         684         809         807
         686         688         684         689
         686         688         684         809
         686         710         699         689
         686         710         699         700
         686         710         699         701
         686         713         716         717
         687         686         710         699
         687         686         710         711
         687         686         710         712
         687         686         713         714
         687         686         713         715
         687         686         713         716
         688         684         689         690
         688         684         689         691
         688         684         689         699
         688         684         809         807
         688         686         710         699
         688         686         710         711
         688         686         710         712
         688         686         713         714
         688         686         713         715
         688         686         713         716
         689         684         809         807
         689         691         693         694
         689         691         693         695
         689         699         701         702
         689         699         710         711
         689         699         710         712
         690         689         684         809
         690         689         691         692
         690         689         691         693
         690         689         699         700
         690         689         699         701
         690         689         699         710
         691         689         684         809
         691         689         699         700
         691         689         699         701
         691         689         699         710
         691         693         695         696
         691         693         695         697
         691         693         695         698
         692         691         689         699
         692         691         693         694
         692         691         693         695
         693         691         689         699
         694         693         695         696
         694         693         695         697
         694         693         695         698
         699         689         684         809
         699         701         702         703
         699         701         702         704
         699         701         702         706
         699         710         686         713
         700         699         701         702
         700         699         710         711
         700         699         710         712
         701         699         710         711
         701         699         710         712
         701         702         704         705
         701         702         704         718
         701         702         706         707
         701         702         706         708
         701         702         706         709
         702         701         699         710
         702         704         718         719
         702         704         718         720
         703         702         704         705
         703         702         704         718
         703         702         706         707
         703         702         706         708
         703         702         706         709
         704         702         706         707
         704         702         706         708
         704         702         706         709
         704         718         720         721
         704         718         720         722
         704         718         720         726
         705         704         702         706
         705         704         718         719
         705         704         718         720
         706         702         704         718
         710         686         713         714
         710         686         713         715
         710         686         713         716
         711         710         686         713
         712         710         686         713
         714         713         716         717
         715         713         716         717
         718         720         722         723
         718         720         722         724
         718         720         722         725
         718         720         726         727
         718         720         726         728
         719         718         720         721
         719         718         720         722
         719         718         720         726
         720         726         728         729
         720         726         728         730
         721         720         722         723
         721         720         722         724
         721         720         722         725
         721         720         726         727
         721         720         726         728
         722         720         726         727
         722         720         726         728
         723         722         720         726
         724         722         720         726
         725         722         720         726
         726         728         730         731
         726         728         730         732
         726         728         730         737
         727         726         728         729
         727         726         728         730
         728         730         732         733
         728         730         732         734
         728         730         737         738
         728         730         737         739
         728         730         737         740
         729         728         730         731
         729         728         730         732
         729         728         730         737
         730         732         734         735
         730         732         734         736
         730         737         740         741
         730         737         740         742
         730         737         740         743
         731         730         732         733
         731         730         732         734
         731         730         737         738
         731         730         737         739
         731         730         737         740
         732         730         737         738
         732         730         737         739
         732         730         737         740
         733         732         730         737
         733         732         734         735
         733         732         734         736
         734         732         730         737
         737         740         743         744
         737         740         743         745
         738         737         740         741
         738         737         740         742
         738         737         740         743
         739         737         740         741
         739         737         740         742
         739         737         740         743
         740         743         745         746
         740         743         745         747
         741         740         743         744
         741         740         743         745
         742         740         743         744
         742         740         743         745
         743         745         747         748
         743         745         747         749
         743         745         747         765
         744         743         745         746
         744         743         745         747
         745         747         749         750
         745         747         749         751
         745         747         749         752
         745         747         765         766
         745         747         765         767
         746         745         747         748
         746         745         747         749
         746         745         747         765
         747         749         752         753
         747         749         752         754
         747         749         752         755
         747         765         767         768
         747         765         767         769
         748         747         749         750
         748         747         749         751
         748         747         749         752
         748         747         765         766
         748         747         765         767
         749         747         765         766
         749         747         765         767
         749         752         755         756
         749         752         755         757
         749         752         755         758
         750         749         747         765
         750         749         752         753
         750         749         752         754
         750         749         752         755
         751         749         747         765
         751         749         752         753
         751         749         752         754
         751         749         752         755
         752         749         747         765
         752         755         758         759
         752         755         758         760
         752         755         758         761
         753         752         755         756
         753         752         755         757
         753         752         755         758
         754         752         755         756
         754         752         755         757
         754         752         755         758
         755         758         761         762
         755         758         761         763
         755         758         761         764
         756         755         758         759
         756         755         758         760
         756         755         758         761
         757         755         758         759
         757         755         758         760
         757         755         758         761
         759         758         761         762
         759         758         761         763
         759         758         761         764
         760         758         761         762
         760         758         761         763
         760         758         761         764
         765         767         769         770
         765         767         769         771
         765         767         769         775
         766         765         767         768
         766         765         767         769
         767         769         771         772
         767         769         771         773
         767         769         771         774
         767         769         775         776
         767         769         775         777
         768         767         769         770
         768         767         769         771
         768         767         769         775
         769         775         777         778
         769         775         777         779
         770         769         771         772
         770         769         771         773
         770         769         771         774
         770         769         775         776
         770         769         775         777
         771         769         775         776
         771         769         775         777
         772         771         769         775
         773         771         769         775
         774         771         769         775
         775         777         779         780
         775         777         779         781
         775         777         779         785
         776         775         777         778
         776         775         777         779
         777         779         781         782
         777         779         781         783
         777         779         781         784
         777         779         785         786
         777         779         785         787
         778         777         779         780
         778         777         779         781
         778         777         779         785
         780         779         781         782
         780         779         781         783
         780         779         781         784
         780         779         785         786
         780         779         785         787
         781         779         785         786
         781         779         785         787
         782         781         779         785
         783         781         779         785
         784         781         779         785
         788         792         790         791
         788         792         790         807
         788         792         790         810
         788         793         795         796
         788         793         795         797
         788         793         803         804
         788         793         803         805
         788         793         803         807
         788         843         841         817
         788         843         841         830
         788         843         841         842
         789         788         792         790
         789         788         793         794
         789         788         793         795
         789         788         793         803
         789         788         843         841
         790         792         788         793
         790         792         788         843
         790         807         803         793
         790         807         803         804
         790         807         803         805
         790         810         813         814
         791         790         807         803
         791         790         807         808
         791         790         807         809
         791         790         810         811
         791         790         810         812
         791         790         810         813
         792         788         793         794
         792         788         793         795
         792         788         793         803
         792         788         843         841
         792         790         807         803
         792         790         807         808
         792         790         807         809
         792         790         810         811
         792         790         810         812
         792         790         810         813
         793         788         843         841
         793         795         797         798
         793         795         797         799
         793         803         805         806
         793         803         807         808
         793         803         807         809
         794         793         788         843
         794         793         795         796
         794         793         795         797
         794         793         803         804
         794         793         803         805
         794         793         803         807
         795         793         788         843
         795         793         803         804
         795         793         803         805
         795         793         803         807
         795         797         799         800
         795         797         799         801
         795         797         799         802
         796         795         793         803
         796         795         797         798
         796         795         797         799
         797         795         793         803
         798         797         799         800
         798         797         799         801
         798         797         799         802
         803         793         788         843
         803         807         790         810
         804         803         805         806
         804         803         807         808
         804         803         807         809
         805         803         807         808
         805         803         807         809
         806         805         803         807
         807         790         810         811
         807         790         810         812
         807         790         810         813
         808         807         790         810
         809         807         790         810
         811         810         813         814
         812         810         813         814
         815         819         817         818
         815         819         817         841
         815         819         817         844
         815         820         822         823
         815         820         822         824
         815         820         830         831
         815         820         830         832
         815         820         830         841
         815         940         938         921
         815         940         938         934
         815         940         938         939
         816         815         819         817
         816         815         820         821
         816         815         820         822
         816         815         820         830
         816         815         940         938
         817         819         815         820
         817         819         815         940
         817         841         830         820
         817         841         830         831
         817         841         830         832
         817         844         847         848
         818         817         841         830
         818         817         841         842
         818         817         841         843
         818         817         844         845
         818         817         844         846
         818         817         844         847
         819         815         820         821
         819         815         820         822
         819         815         820         830
         819         815         940         938
         819         817         841         830
         819         817         841         842
         819         817         841         843
         819         817         844         845
         819         817         844         846
         819         817         844         847
         820         815         940         938
         820         822         824         825
         820         822         824         826
         820         830         832         833
         820         830         841         842
         820         830         841         843
         821         820         815         940
         821         820         822         823
         821         820         822         824
         821         820         830         831
         821         820         830         832
         821         820         830         841
         822         820         815         940
         822         820         830         831
         822         820         830         832
         822         820         830         841
         822         824         826         827
         822         824         826         828
         822         824         826         829
         823         822         820         830
         823         822         824         825
         823         822         824         826
         824         822         820         830
         825         824         826         827
         825         824         826         828
         825         824         826         829
         830         820         815         940
         830         832         833         834
         830         832         833         835
         830         832         833         837
         830         841         817         844
         831         830         832         833
         831         830         841         842
         831         830         841         843
         832         830         841         842
         832         830         841         843
         832         833         835         836
         832         833         835         849
         832         833         837         838
         832         833         837         839
         832         833         837         840
         833         832         830         841
         833         835         849         850
         833         835         849         851
         834         833         835         836
         834         833         835         849
         834         833         837         838
         834         833         837         839
         834         833         837         840
         835         833         837         838
         835         833         837         839
         835         833         837         840
         835         849         851         852
         835         849         851         853
         835         849         851         857
         836         835         833         837
         836         835         849         850
         836         835         849         851
         837         833         835         849
         841         817         844         845
         841         817         844         846
         841         817         844         847
         842         841         817         844
         843         841         817         844
         845         844         847         848
         846         844         847         848
         849         851         853         854
         849         851         853         855
         849         851         853         856
         849         851         857         858
         849         851         857         859
         850         849         851         852
         850         849         851         853
         850         849         851         857
         851         857         859         860
         851         857         859         861
         852         851         853         854
         852         851         853         855
         852         851         853         856
         852         851         857         858
         852         851         857         859
         853         851         857         858
         853         851         857         859
         854         853         851         857
         855         853         851         857
         856         853         851         857
         857         859         861         862
         857         859         861         863
         857         859         861         868
         858         857         859         860
         858         857         859         861
         859         861         863         864
         859         861         863         865
         859         861         868         869
         859         861         868         870
         859         861         868         871
         860         859         861         862
         860         859         861         863
         860         859         861         868
         861         863         865         866
         861         863         865         867
         861         868         871         872
         861         868         871         873
         861         868         871         874
         862         861         863         864
         862         861         863         865
         862         861         868         869
         862         861         868         870
         862         861         868         871
         863         861         868         869
         863         861         868         870
         863         861         868         871
         864         863         861         868
         864         863         865         866
         864         863         865         867
         865         863         861         868
         868         871         874         875
         868         871         874         876
         869         868         871         872
         869         868         871         873
         869         868         871         874
         870         868         871         872
         870         868         871         873
         870         868         871         874
         871         874         876         877
         871         874         876         878
         872         871         874         875
         872         871         874         876
         873         871         874         875
         873         871         874         876
         874         876         878         879
         874         876         878         880
         874         876         878         896
         875         874         876         877
         875         874         876         878
         876         878         880         881
         876         878         880         882
         876         878         880         883
         876         878         896         897
         876         878         896         898
         877         876         878         879
         877         876         878         880
         877         876         878         896
         878         880         883         884
         878         880         883         885
         878         880         883         886
         878         896         898         899
         878         896         898         900
         879         878         880         881
         879         878         880         882
         879         878         880         883
         879         878         896         897
         879         878         896         898
         880         878         896         897
         880         878         896         898
         880         883         886         887
         880         883         886         888
         880         883         886         889
         881         880         878         896
         881         880         883         884
         881         880         883         885
         881         880         883         886
         882         880         878         896
         882         880         883         884
         882         880         883         885
         882         880         883         886
         883         880         878         896
         883         886         889         890
         883         886         889         891
         883         886         889         892
         884         883         886         887
         884         883         886         888
         884         883         886         889
         885         883         886         887
         885         883         886         888
         885         883         886         889
         886         889         892         893
         886         889         892         894
         886         889         892         895
         887         886         889         890
         887         886         889         891
         887         886         889         892
         888         886         889         890
         888         886         889         891
         888         886         889         892
         890         889         892         893
         890         889         892         894
         890         889         892         895
         891         889         892         893
         891         889         892         894
         891         889         892         895
         896         898         900         901
         896         898         900         902
         896         898         900         906
         897         896         898         899
         897         896         898         900
         898         900         902         903
         898         900         902         904
         898         900         902         905
         898         900         906         907
         898         900         906         908
         899         898         900         901
         899         898         900         902
         899         898         900         906
         900         906         908         909
         900         906         908         910
         901         900         902         903
         901         900         902         904
         901         900         902         905
         901         900         906         907
         901         900         906         908
         902         900         906         907
         902         900         906         908
         903         902         900         906
         904         902         900         906
         905         902         900         906
         906         908         910         911
         906         908         910         912
         906         908         910         916
         907         906         908         909
         907         906         908         910
         908         910         912         913
         908         910         912         914
         908         910         912         915
         908         910         916         917
         908         910         916         918
         909         908         910         911
         909         908         910         912
         909         908         910         916
         911         910         912         913
         911         910         912         914
         911         910         912         915
         911         910         916         917
         911         910         916         918
         912         910         916         917
         912         910         916         918
         913         912         910         916
         914         912         910         916
         915         912         910         916
         919         923         921         922
         919         923         921         938
         919         923         921         941
         919         924         926         927
         919         924         926         928
         919         924         934         935
         919         924         934         936
         919         924         934         938
         919         976         974         950
         919         976         974         963
         919         976         974         975
         920         919         923         921
         920         919         924         925
         920         919         924         926
         920         919         924         934
         920         919         976         974
         921         923         919         924
         921         923         919         976
         921         938         934         924
         921         938         934         935
         921         938         934         936
         921         941         944         945
         922         921         938         934
         922         921         938         939
         922         921         938         940
         922         921         941         942
         922         921         941         943
         922         921         941         944
         923         919         924         925
         923         919         924         926
         923         919         924         934
         923         919         976         974
         923         921         938         934
         923         921         938         939
         923         921         938         940
         923         921         941         942
         923         921         941         943
         923         921         941         944
         924         919         976         974
         924         926         928         929
         924         926         928         930
         924         934         936         937
         924         934         938         939
         924         934         938         940
         925         924         919         976
         925         924         926         927
         925         924         926         928
         925         924         934         935
         925         924         934         936
         925         924         934         938
         926         924         919         976
         926         924         934         935
         926         924         934         936
         926         924         934         938
         926         928         930         931
         926         928         930         932
         926         928         930         933
         927         926         924         934
         927         926         928         929
         927         926         928         930
         928         926         924         934
         929         928         930         931
         929         928         930         932
         929         928         930         933
         934         924         919         976
         934         938         921         941
         935         934         936         937
         935         934         938         939
         935         934         938         940
         936         934         938         939
         936         934         938         940
         937         936         934         938
         938         921         941         942
         938         921         941         943
         938         921         941         944
         939         938         921         941
         940         938         921         941
         942         941         944         945
         943         941         944         945
         946         952         950         951
         946         952         950         974
         946         952         950         977
         946         953         955         956
         946         953         955         957
         946         953         963         964
         946         953         963         965
         946         953         963         974
         947         946         948         949
         947         946         952         950
         947         946         953         954
         947         946         953         955
         947         946         953         963
         948         946         952         950
         948         946         953         954
         948         946         953         955
         948         946         953         963
         949         948         946         952
         949         948         946         953
         950         952         946         953
         950         974         963         953
         950         974         963         964
         950         974         963         965
         950         977         980         981
         951         950         974         963
         951         950         974         975
         951         950         974         976
         951         950         977         978
         951         950         977         979
         951         950         977         980
         952         946         953         954
         952         946         953         955
         952         946         953         963
         952         950         974         963
         952         950         974         975
         952         950         974         976
         952         950         977         978
         952         950         977         979
         952         950         977         980
         953         955         957         958
         953         955         957         959
         953         963         965         966
         953         963         974         975
         953         963         974         976
         954         953         955         956
         954         953         955         957
         954         953         963         964
         954         953         963         965
         954         953         963         974
         955         953         963         964
         955         953         963         965
         955         953         963         974
         955         957         959         960
         955         957         959         961
         955         957         959         962
         956         955         953         963
         956         955         957         958
         956         955         957         959
         957         955         953         963
         958         957         959         960
         958         957         959         961
         958         957         959         962
         963         965         966         967
         963         965         966         968
         963         965         966         970
         963         974         950         977
         964         963         965         966
         964         963         974         975
         964         963         974         976
         965         963         974         975
         965         963         974         976
         965         966         968         969
         965         966         968         982
         965         966         970         971
         965         966         970         972
         965         966         970         973
         966         965         963         974
         966         968         982         983
         966         968         982         984
         967         966         968         969
         967         966         968         982
         967         966         970         971
         967         966         970         972
         967         966         970         973
         968         966         970         971
         968         966         970         972
         968         966         970         973
         968         982         984         985
         968         982         984         986
         968         982         984         990
         969         968         966         970
         969         968         982         983
         969         968         982         984
         970         966         968         982
         974         950         977         978
         974         950         977         979
         974         950         977         980
         975         974         950         977
         976         974         950         977
         978         977         980         981
         979         977         980         981
         982         984         986         987
         982         984         986         988
         982         984         986         989
         982         984         990         991
         982         984         990         992
         983         982         984         985
         983         982         984         986
         983         982         984         990
         984         990         992         993
         984         990         992         994
         985         984         986         987
         985         984         986         988
         985         984         986         989
         985         984         990         991
         985         984         990         992
         986         984         990         991
         986         984         990         992
         987         986         984         990
         988         986         984         990
         989         986         984         990
         990         992         994         995
         990         992         994         996
         990         992         994        1001
         991         990         992         993
         991         990         992         994
         992         994         996         997
         992         994         996         998
         992         994        1001        1002
         992         994        1001        1003
         992         994        1001        1004
         993         992         994         995
         993         992         994         996
         993         992         994        1001
         994         996         998         999
         994         996         998        1000
         994        1001        1004        1005
         994        1001        1004        1006
         994        1001        1004        1007
         995         994         996         997
         995         994         996         998
         995         994        1001        1002
         995         994        1001        1003
         995         994        1001        1004
         996         994        1001        1002
         996         994        1001        1003
         996         994        1001        1004
         997         996         994        1001
         997         996         998         999
         997         996         998        1000
         998         996         994        1001
        1001        1004        1007        1008
        1001        1004        1007        1009
        1002        1001        1004        1005
        1002        1001        1004        1006
        1002        1001        1004        1007
        1003        1001        1004        1005
        1003        1001        1004        1006
        1003        1001        1004        1007
        1004        1007        1009        1010
        1004        1007        1009        1011
        1005        1004        1007        1008
        1005        1004        1007        1009
        1006        1004        1007        1008
        1006        1004        1007        1009
        1007        1009        1011        1012
        1007        1009        1011        1013
        1007        1009        1011        1029
        1008        1007        1009        1010
        1008        1007        1009        1011
        1009        1011        1013        1014
        1009        1011        1013        1015
        1009        1011        1013        1016
        1009        1011        1029        1030
        1009        1011        1029        1031
        1010        1009        1011        1012
        1010        1009        1011        1013
        1010        1009        1011        1029
        1011        1013        1016        1017
        1011        1013        1016        1018
        1011        1013        1016        1019
        1011        1029        1031        1032
        1011        1029        1031        1033
        1012        1011        1013        1014
        1012        1011        1013        1015
        1012        1011        1013        1016
        1012        1011        1029        1030
        1012        1011        1029        1031
        1013        1011        1029        1030
        1013        1011        1029        1031
        1013        1016        1019        1020
        1013        1016        1019        1021
        1013        1016        1019        1022
        1014        1013        1011        1029
        1014        1013        1016        1017
        1014        1013        1016        1018
        1014        1013        1016        1019
        1015        1013        1011        1029
        1015        1013        1016        1017
        1015        1013        1016        1018
        1015        1013        1016        1019
        1016        1013        1011        1029
        1016        1019        1022        1023
        1016        1019        1022        1024
        1016        1019        1022        1025
        1017        1016        1019        1020
        1017        1016        1019        1021
        1017        1016        1019        1022
        1018        1016        1019        1020
        1018        1016        1019        1021
        1018        1016        1019        1022
        1019        1022        1025        1026
        1019        1022        1025        1027
        1019        1022        1025        1028
        1020        1019        1022        1023
        1020        1019        1022        1024
        1020        1019        1022        1025
        1021        1019        1022        1023
        1021        1019        1022        1024
        1021        1019        1022        1025
        1023        1022        1025        1026
        1023        1022        1025        1027
        1023        1022        1025        1028
        1024        1022        1025        1026
        1024        1022        1025        1027
        1024        1022        1025        1028
        1029        1031        1033        1034
        1029        1031        1033        1035
        1029        1031        1033        1039
        1030        1029        1031        1032
        1030        1029        1031        1033
        1031        1033        1035        1036
        1031        1033        1035        1037
        1031        1033        1035        1038
        1031        1033        1039        1040
        1031        1033        1039        1041
        1032        1031        1033        1034
        1032        1031        1033        1035
        1032        1031        1033        1039
        1033        1039        1041        1042
        1033        1039        1041        1043
        1034        1033        1035        1036
        1034        1033        1035        1037
        1034        1033        1035        1038
        1034        1033        1039        1040
        1034        1033        1039        1041
        1035        1033        1039        1040
        1035        1033        1039        1041
        1036        1035        1033        1039
        1037        1035        1033        1039
        1038        1035        1033        1039
        1039        1041        1043        1044
        1039        1041        1043        1045
        1039        1041        1043        1049
        1040        1039        1041        1042
        1040        1039        1041        1043
        1041        1043        1045        1046
        1041        1043        1045        1047
        1041        1043        1045        1048
        1041        1043        1049        1050
        1041        1043        1049        1051
        1042        1041        1043        1044
        1042        1041        1043        1045
        1042        1041        1043        1049
        1044        1043        1045        1046
        1044        1043        1045        1047
        1044        1043        1045        1048
        1044        1043        1049        1050
        1044        1043        1049        1051
        1045        1043        1049        1050
        1045        1043        1049        1051
        1046        1045        1043        1049
        1047        1045        1043        1049
        1048        1045        1043        1049
