           1           4
           1           9
           1          10
           1          17
           1          18
           1          20
           1          23
           1          30
           1          43
           1          55
           2           3
           2           7
           2           8
           2          16
           2          54
           3           6
           3          17
           3          18
           3          27
           3          56
           3        1666
           4          16
           4          21
           4          22
           4          24
           4          25
           4          26
           5           7
           5           8
           5          16
           5          21
           5          22
           5          24
           5          25
           5          26
           5          54
           6          11
           6          12
           6          19
           6          21
           6          22
           6          54
           7           9
           7          10
           7          17
           7          18
           7          20
           7          56
           8          13
           8          14
           8          15
           8          17
           8          18
           8          20
           8          56
           9          11
           9          12
           9          16
          10          16
          11          13
          11          14
          11          15
          16          23
          16          56
          16        1666
          17          19
          17          21
          17          22
          18          21
          18          22
          19          20
          20          24
          20          25
          20          26
          20        1667
          20        1670
          20        1671
          21          23
          21        1666
          22          23
          22        1668
          22        1672
          22        1673
          22        1681
          24          27
          25          27
          28          31
          28          36
          28          37
          28          44
          28          45
          28          54
          28          57
          28         134
          28         147
          28         152
          29          30
          29          34
          29          35
          29          43
          29         151
          30          33
          30          44
          30          45
          30          61
          30         153
          31          43
          31          55
          31          56
          31          58
          31          59
          31          60
          32          34
          32          35
          32          43
          32          55
          32          56
          32          58
          32          59
          32          60
          32         151
          33          38
          33          39
          33          46
          33          55
          33          56
          33         151
          34          36
          34          37
          34          44
          34          45
          34          54
          34         153
          35          40
          35          41
          35          42
          35          44
          35          45
          35          54
          35         153
          36          38
          36          39
          36          43
          37          43
          38          40
          38          41
          38          42
          43          47
          43          48
          43          50
          43          57
          43         153
          44          46
          44          55
          44          56
          45          49
          45          51
          45          52
          45          53
          45          55
          45          56
          45          62
          46          54
          46          63
          46          64
          47          49
          47          51
          47          52
          47          53
          47          62
          48          51
          48          52
          48          53
          48          65
          48          66
          48          70
          49          50
          49          63
          49          64
          50          62
          54          58
          54          59
          54          60
          55          57
          56          57
          58          61
          59          61
          62          67
          62          68
          62          69
          62          71
          62          72
          63          65
          63          66
          63          70
          64          73
          64          74
          65          67
          65          68
          65          69
          65          71
          65          72
          66          71
          66          72
          67          70
          68          70
          69          70
          70          75
          70          76
          70          81
          71          73
          71          74
          72          77
          72          78
          72          82
          72          83
          72          84
          73          75
          73          76
          73          81
          74          79
          74          80
          74          85
          74          86
          74          87
          75          77
          75          78
          75          82
          75          83
          75          84
          76          82
          76          83
          76          84
          77          79
          77          80
          77          81
          78          81
          81          88
          81          89
          82          85
          82          86
          82          87
          83          85
          83          86
          83          87
          84          90
          84          91
          85          88
          85          89
          86          88
          86          89
          87          92
          87          93
          87         109
          88          90
          88          91
          89          94
          89          95
          89          96
          89         110
          89         111
          90          92
          90          93
          90         109
          91          97
          91          98
          91          99
          91         112
          91         113
          92          94
          92          95
          92          96
          92         110
          92         111
          93         100
          93         101
          93         102
          93         110
          93         111
          94          97
          94          98
          94          99
          94         109
          95          97
          95          98
          95          99
          95         109
          96         103
          96         104
          96         105
          96         109
          97         100
          97         101
          97         102
          98         100
          98         101
          98         102
          99         106
          99         107
          99         108
         100         103
         100         104
         100         105
         101         103
         101         104
         101         105
         103         106
         103         107
         103         108
         104         106
         104         107
         104         108
         109         114
         109         115
         109         119
         110         112
         110         113
         111         116
         111         117
         111         118
         111         120
         111         121
         112         114
         112         115
         112         119
         113         122
         113         123
         114         116
         114         117
         114         118
         114         120
         114         121
         115         120
         115         121
         116         119
         117         119
         118         119
         119         124
         119         125
         119         129
         120         122
         120         123
         121         126
         121         127
         121         128
         121         130
         121         131
         122         124
         122         125
         122         129
         124         126
         124         127
         124         128
         124         130
         124         131
         125         130
         125         131
         126         129
         127         129
         128         129
         132         135
         132         140
         132         141
         132         148
         132         149
         132         151
         132         154
         132         161
         132         174
         132         186
         133         134
         133         138
         133         139
         133         147
         133         185
         134         137
         134         148
         134         149
         134         158
         134         187
         135         147
         135         152
         135         153
         135         155
         135         156
         135         157
         136         138
         136         139
         136         147
         136         152
         136         153
         136         155
         136         156
         136         157
         136         185
         137         142
         137         143
         137         150
         137         152
         137         153
         137         185
         138         140
         138         141
         138         148
         138         149
         138         151
         138         187
         139         144
         139         145
         139         146
         139         148
         139         149
         139         151
         139         187
         140         142
         140         143
         140         147
         141         147
         142         144
         142         145
         142         146
         147         154
         147         187
         148         150
         148         152
         148         153
         149         152
         149         153
         150         151
         151         155
         151         156
         151         157
         152         154
         153         154
         155         158
         156         158
         159         162
         159         167
         159         168
         159         175
         159         176
         159         185
         159         188
         159         298
         159         311
         159         316
         160         161
         160         165
         160         166
         160         174
         160         315
         161         164
         161         175
         161         176
         161         192
         161         317
         162         174
         162         186
         162         187
         162         189
         162         190
         162         191
         163         165
         163         166
         163         174
         163         186
         163         187
         163         189
         163         190
         163         191
         163         315
         164         169
         164         170
         164         177
         164         186
         164         187
         164         315
         165         167
         165         168
         165         175
         165         176
         165         185
         165         317
         166         171
         166         172
         166         173
         166         175
         166         176
         166         185
         166         317
         167         169
         167         170
         167         174
         168         174
         169         171
         169         172
         169         173
         174         178
         174         179
         174         181
         174         188
         174         317
         175         177
         175         186
         175         187
         176         180
         176         182
         176         183
         176         184
         176         186
         176         187
         176         193
         177         185
         177         194
         177         195
         178         180
         178         182
         178         183
         178         184
         178         193
         179         182
         179         183
         179         184
         179         196
         179         197
         179         201
         180         181
         180         194
         180         195
         181         193
         185         189
         185         190
         185         191
         186         188
         187         188
         189         192
         190         192
         193         198
         193         199
         193         200
         193         202
         193         203
         194         196
         194         197
         194         201
         195         204
         195         205
         196         198
         196         199
         196         200
         196         202
         196         203
         197         202
         197         203
         198         201
         199         201
         200         201
         201         206
         201         207
         201         212
         202         204
         202         205
         203         208
         203         209
         203         213
         203         214
         203         215
         204         206
         204         207
         204         212
         205         210
         205         211
         205         216
         205         217
         205         218
         206         208
         206         209
         206         213
         206         214
         206         215
         207         213
         207         214
         207         215
         208         210
         208         211
         208         212
         209         212
         212         219
         212         220
         213         216
         213         217
         213         218
         214         216
         214         217
         214         218
         215         221
         215         222
         216         219
         216         220
         217         219
         217         220
         218         223
         218         224
         218         238
         219         221
         219         222
         220         225
         220         226
         220         227
         220         239
         220         275
         221         223
         221         224
         221         238
         222         228
         222         229
         222         230
         222         276
         222         277
         223         225
         223         226
         223         227
         223         239
         223         275
         224         231
         224         232
         224         233
         224         239
         224         275
         225         228
         225         229
         225         230
         225         238
         226         228
         226         229
         226         230
         226         238
         227         234
         227         235
         227         236
         227         238
         228         231
         228         232
         228         233
         229         231
         229         232
         229         233
         230         237
         230         240
         231         234
         231         235
         231         236
         232         234
         232         235
         232         236
         233         241
         233         242
         234         237
         234         240
         235         237
         235         240
         236         243
         236         244
         236         245
         237         241
         237         242
         238         278
         238         279
         238         283
         239         276
         239         277
         240         246
         240         247
         241         243
         241         244
         241         245
         242         248
         242         249
         243         246
         243         247
         244         246
         244         247
         245         250
         245         251
         245         252
         246         248
         246         249
         247         253
         247         254
         248         250
         248         251
         248         252
         249         255
         249         256
         250         253
         250         254
         251         253
         251         254
         252         257
         252         258
         252         259
         253         255
         253         256
         254         260
         254         261
         255         257
         255         258
         255         259
         256         262
         256         263
         257         260
         257         261
         258         260
         258         261
         259         264
         259         265
         259         266
         260         262
         260         263
         261         267
         261         268
         262         264
         262         265
         262         266
         263         269
         263         270
         264         267
         264         268
         265         267
         265         268
         266         271
         266         272
         266         273
         267         269
         267         270
         268         274
         268       11118
         269         271
         269         272
         269         273
         270       11112
         270       11119
         271         274
         271       11118
         272         274
         272       11118
         273       11110
         273       11113
         273       11114
         274       11112
         274       11119
         275         280
         275         281
         275         282
         275         284
         275         285
         276         278
         276         279
         276         283
         277         286
         277         287
         278         280
         278         281
         278         282
         278         284
         278         285
         279         284
         279         285
         280         283
         281         283
         282         283
         283         288
         283         289
         283         293
         284         286
         284         287
         285         290
         285         291
         285         292
         285         294
         285         295
         286         288
         286         289
         286         293
         288         290
         288         291
         288         292
         288         294
         288         295
         289         294
         289         295
         290         293
         291         293
         292         293
         296         299
         296         304
         296         305
         296         312
         296         313
         296         315
         296         318
         296         325
         296         338
         296         350
         297         298
         297         302
         297         303
         297         311
         297         349
         298         301
         298         312
         298         313
         298         322
         298         351
         299         311
         299         316
         299         317
         299         319
         299         320
         299         321
         300         302
         300         303
         300         311
         300         316
         300         317
         300         319
         300         320
         300         321
         300         349
         301         306
         301         307
         301         314
         301         316
         301         317
         301         349
         302         304
         302         305
         302         312
         302         313
         302         315
         302         351
         303         308
         303         309
         303         310
         303         312
         303         313
         303         315
         303         351
         304         306
         304         307
         304         311
         305         311
         306         308
         306         309
         306         310
         311         318
         311         351
         312         314
         312         316
         312         317
         313         316
         313         317
         314         315
         315         319
         315         320
         315         321
         316         318
         317         318
         319         322
         320         322
         323         326
         323         331
         323         332
         323         339
         323         340
         323         349
         323         352
         323         429
         323         442
         323         447
         324         325
         324         329
         324         330
         324         338
         324         446
         325         328
         325         339
         325         340
         325         356
         325         448
         326         338
         326         350
         326         351
         326         353
         326         354
         326         355
         327         329
         327         330
         327         338
         327         350
         327         351
         327         353
         327         354
         327         355
         327         446
         328         333
         328         334
         328         341
         328         350
         328         351
         328         446
         329         331
         329         332
         329         339
         329         340
         329         349
         329         448
         330         335
         330         336
         330         337
         330         339
         330         340
         330         349
         330         448
         331         333
         331         334
         331         338
         332         338
         333         335
         333         336
         333         337
         338         342
         338         343
         338         345
         338         352
         338         448
         339         341
         339         350
         339         351
         340         344
         340         346
         340         347
         340         348
         340         350
         340         351
         340         357
         341         349
         341         358
         341         359
         342         344
         342         346
         342         347
         342         348
         342         357
         343         346
         343         347
         343         348
         343         360
         343         361
         343         365
         344         345
         344         358
         344         359
         345         357
         349         353
         349         354
         349         355
         350         352
         351         352
         353         356
         354         356
         357         362
         357         363
         357         364
         357         366
         357         367
         358         360
         358         361
         358         365
         359         368
         359         369
         360         362
         360         363
         360         364
         360         366
         360         367
         361         366
         361         367
         362         365
         363         365
         364         365
         365         370
         365         371
         365         376
         366         368
         366         369
         367         372
         367         373
         367         377
         367         378
         367         379
         368         370
         368         371
         368         376
         369         374
         369         375
         369         380
         369         381
         369         382
         370         372
         370         373
         370         377
         370         378
         370         379
         371         377
         371         378
         371         379
         372         374
         372         375
         372         376
         373         376
         376         383
         376         384
         377         380
         377         381
         377         382
         378         380
         378         381
         378         382
         379         385
         379         386
         380         383
         380         384
         381         383
         381         384
         382         387
         382         388
         382         404
         383         385
         383         386
         384         389
         384         390
         384         391
         384         405
         384         406
         385         387
         385         388
         385         404
         386         392
         386         393
         386         394
         386         407
         386         408
         387         389
         387         390
         387         391
         387         405
         387         406
         388         395
         388         396
         388         397
         388         405
         388         406
         389         392
         389         393
         389         394
         389         404
         390         392
         390         393
         390         394
         390         404
         391         398
         391         399
         391         400
         391         404
         392         395
         392         396
         392         397
         393         395
         393         396
         393         397
         394         401
         394         402
         394         403
         395         398
         395         399
         395         400
         396         398
         396         399
         396         400
         398         401
         398         402
         398         403
         399         401
         399         402
         399         403
         404         409
         404         410
         404         414
         405         407
         405         408
         406         411
         406         412
         406         413
         406         415
         406         416
         407         409
         407         410
         407         414
         408         417
         408         418
         409         411
         409         412
         409         413
         409         415
         409         416
         410         415
         410         416
         411         414
         412         414
         413         414
         414         419
         414         420
         414         424
         415         417
         415         418
         416         421
         416         422
         416         423
         416         425
         416         426
         417         419
         417         420
         417         424
         419         421
         419         422
         419         423
         419         425
         419         426
         420         425
         420         426
         421         424
         422         424
         423         424
         427         430
         427         435
         427         436
         427         443
         427         444
         427         446
         427         449
         427         456
         427         469
         427         481
         428         429
         428         433
         428         434
         428         442
         428         480
         429         432
         429         443
         429         444
         429         453
         429         482
         430         442
         430         447
         430         448
         430         450
         430         451
         430         452
         431         433
         431         434
         431         442
         431         447
         431         448
         431         450
         431         451
         431         452
         431         480
         432         437
         432         438
         432         445
         432         447
         432         448
         432         480
         433         435
         433         436
         433         443
         433         444
         433         446
         433         482
         434         439
         434         440
         434         441
         434         443
         434         444
         434         446
         434         482
         435         437
         435         438
         435         442
         436         442
         437         439
         437         440
         437         441
         442         449
         442         482
         443         445
         443         447
         443         448
         444         447
         444         448
         445         446
         446         450
         446         451
         446         452
         447         449
         448         449
         450         453
         451         453
         454         457
         454         462
         454         463
         454         470
         454         471
         454         480
         454         483
         454         549
         454         562
         454         567
         455         456
         455         460
         455         461
         455         469
         455         566
         456         459
         456         470
         456         471
         456         487
         456         568
         457         469
         457         481
         457         482
         457         484
         457         485
         457         486
         458         460
         458         461
         458         469
         458         481
         458         482
         458         484
         458         485
         458         486
         458         566
         459         464
         459         465
         459         472
         459         481
         459         482
         459         566
         460         462
         460         463
         460         470
         460         471
         460         480
         460         568
         461         466
         461         467
         461         468
         461         470
         461         471
         461         480
         461         568
         462         464
         462         465
         462         469
         463         469
         464         466
         464         467
         464         468
         469         473
         469         474
         469         476
         469         483
         469         568
         470         472
         470         481
         470         482
         471         475
         471         477
         471         478
         471         479
         471         481
         471         482
         471         488
         472         480
         472         489
         472         490
         473         475
         473         477
         473         478
         473         479
         473         488
         474         477
         474         478
         474         479
         474         491
         474         492
         474         496
         475         476
         475         489
         475         490
         476         488
         480         484
         480         485
         480         486
         481         483
         482         483
         484         487
         485         487
         488         493
         488         494
         488         495
         488         497
         488         498
         489         491
         489         492
         489         496
         490         499
         490         500
         491         493
         491         494
         491         495
         491         497
         491         498
         492         497
         492         498
         493         496
         494         496
         495         496
         496         501
         496         502
         496         507
         497         499
         497         500
         498         503
         498         504
         498         508
         498         509
         498         510
         499         501
         499         502
         499         507
         500         505
         500         506
         500         511
         500         512
         500         513
         501         503
         501         504
         501         508
         501         509
         501         510
         502         508
         502         509
         502         510
         503         505
         503         506
         503         507
         504         507
         507         514
         507         515
         508         511
         508         512
         508         513
         509         511
         509         512
         509         513
         510         516
         510         517
         511         514
         511         515
         512         514
         512         515
         513         518
         513         519
         513         535
         514         516
         514         517
         515         520
         515         521
         515         522
         515         536
         515         537
         516         518
         516         519
         516         535
         517         523
         517         524
         517         525
         517         538
         517         539
         518         520
         518         521
         518         522
         518         536
         518         537
         519         526
         519         527
         519         528
         519         536
         519         537
         520         523
         520         524
         520         525
         520         535
         521         523
         521         524
         521         525
         521         535
         522         529
         522         530
         522         531
         522         535
         523         526
         523         527
         523         528
         524         526
         524         527
         524         528
         525         532
         525         533
         525         534
         526         529
         526         530
         526         531
         527         529
         527         530
         527         531
         529         532
         529         533
         529         534
         530         532
         530         533
         530         534
         535         540
         535         541
         535         545
         536         538
         536         539
         537         542
         537         543
         537         544
         537         546
         537       11392
         538         540
         538         541
         538         545
         539       11389
         539       11393
         540         542
         540         543
         540         544
         540         546
         540       11392
         541         546
         541       11392
         542         545
         543         545
         544         545
         545       11387
         545       11390
         545       11391
         546       11389
         546       11393
         547         550
         547         555
         547         556
         547         563
         547         564
         547         566
         547         569
         547         576
         547         589
         547         601
         548         549
         548         553
         548         554
         548         562
         548         600
         549         552
         549         563
         549         564
         549         573
         549         602
         550         562
         550         567
         550         568
         550         570
         550         571
         550         572
         551         553
         551         554
         551         562
         551         567
         551         568
         551         570
         551         571
         551         572
         551         600
         552         557
         552         558
         552         565
         552         567
         552         568
         552         600
         553         555
         553         556
         553         563
         553         564
         553         566
         553         602
         554         559
         554         560
         554         561
         554         563
         554         564
         554         566
         554         602
         555         557
         555         558
         555         562
         556         562
         557         559
         557         560
         557         561
         562         569
         562         602
         563         565
         563         567
         563         568
         564         567
         564         568
         565         566
         566         570
         566         571
         566         572
         567         569
         568         569
         570         573
         571         573
         574         577
         574         582
         574         583
         574         590
         574         591
         574         600
         574         603
         574         713
         574         726
         574         731
         575         576
         575         580
         575         581
         575         589
         575         730
         576         579
         576         590
         576         591
         576         607
         576         732
         577         589
         577         601
         577         602
         577         604
         577         605
         577         606
         578         580
         578         581
         578         589
         578         601
         578         602
         578         604
         578         605
         578         606
         578         730
         579         584
         579         585
         579         592
         579         601
         579         602
         579         730
         580         582
         580         583
         580         590
         580         591
         580         600
         580         732
         581         586
         581         587
         581         588
         581         590
         581         591
         581         600
         581         732
         582         584
         582         585
         582         589
         583         589
         584         586
         584         587
         584         588
         589         593
         589         594
         589         596
         589         603
         589         732
         590         592
         590         601
         590         602
         591         595
         591         597
         591         598
         591         599
         591         601
         591         602
         591         608
         592         600
         592         609
         592         610
         593         595
         593         597
         593         598
         593         599
         593         608
         594         597
         594         598
         594         599
         594         611
         594         612
         594         616
         595         596
         595         609
         595         610
         596         608
         600         604
         600         605
         600         606
         601         603
         602         603
         604         607
         605         607
         608         613
         608         614
         608         615
         608         617
         608         618
         609         611
         609         612
         609         616
         610         619
         610         620
         611         613
         611         614
         611         615
         611         617
         611         618
         612         617
         612         618
         613         616
         614         616
         615         616
         616         621
         616         622
         616         627
         617         619
         617         620
         618         623
         618         624
         618         628
         618         629
         618         630
         619         621
         619         622
         619         627
         620         625
         620         626
         620         631
         620         632
         620         633
         621         623
         621         624
         621         628
         621         629
         621         630
         622         628
         622         629
         622         630
         623         625
         623         626
         623         627
         624         627
         627         634
         627         635
         628         631
         628         632
         628         633
         629         631
         629         632
         629         633
         630         636
         630         637
         631         634
         631         635
         632         634
         632         635
         633         638
         633         639
         633         653
         634         636
         634         637
         635         640
         635         641
         635         642
         635         654
         635         690
         636         638
         636         639
         636         653
         637         643
         637         644
         637         645
         637         691
         637         692
         638         640
         638         641
         638         642
         638         654
         638         690
         639         646
         639         647
         639         648
         639         654
         639         690
         640         643
         640         644
         640         645
         640         653
         641         643
         641         644
         641         645
         641         653
         642         649
         642         650
         642         651
         642         653
         643         646
         643         647
         643         648
         644         646
         644         647
         644         648
         645         652
         645         655
         646         649
         646         650
         646         651
         647         649
         647         650
         647         651
         648         656
         648         657
         649         652
         649         655
         650         652
         650         655
         651         658
         651         659
         651         660
         652         656
         652         657
         653         693
         653         694
         653         698
         654         691
         654         692
         655         661
         655         662
         656         658
         656         659
         656         660
         657         663
         657         664
         658         661
         658         662
         659         661
         659         662
         660         665
         660         666
         660         667
         661         663
         661         664
         662         668
         662         669
         663         665
         663         666
         663         667
         664         670
         664         671
         665         668
         665         669
         666         668
         666         669
         667         672
         667         673
         667         674
         668         670
         668         671
         669         675
         669         676
         670         672
         670         673
         670         674
         671         677
         671         678
         672         675
         672         676
         673         675
         673         676
         674         679
         674         680
         674         681
         675         677
         675         678
         676         682
         676         683
         677         679
         677         680
         677         681
         678         684
         678         685
         679         682
         679         683
         680         682
         680         683
         681         686
         681         687
         681         688
         682         684
         682         685
         683         689
         683        2390
         684         686
         684         687
         684         688
         685        2384
         685        2391
         686         689
         686        2390
         687         689
         687        2390
         688        2382
         688        2385
         688        2386
         689        2384
         689        2391
         690         695
         690         696
         690         697
         690         699
         690         700
         691         693
         691         694
         691         698
         692         701
         692         702
         693         695
         693         696
         693         697
         693         699
         693         700
         694         699
         694         700
         695         698
         696         698
         697         698
         698         703
         698         704
         698         708
         699         701
         699         702
         700         705
         700         706
         700         707
         700         709
         700         710
         701         703
         701         704
         701         708
         703         705
         703         706
         703         707
         703         709
         703         710
         704         709
         704         710
         705         708
         706         708
         707         708
         711         714
         711         719
         711         720
         711         727
         711         728
         711         730
         711         733
         711         740
         711         753
         711         765
         712         713
         712         717
         712         718
         712         726
         712         764
         713         716
         713         727
         713         728
         713         737
         713         766
         714         726
         714         731
         714         732
         714         734
         714         735
         714         736
         715         717
         715         718
         715         726
         715         731
         715         732
         715         734
         715         735
         715         736
         715         764
         716         721
         716         722
         716         729
         716         731
         716         732
         716         764
         717         719
         717         720
         717         727
         717         728
         717         730
         717         766
         718         723
         718         724
         718         725
         718         727
         718         728
         718         730
         718         766
         719         721
         719         722
         719         726
         720         726
         721         723
         721         724
         721         725
         726         733
         726         766
         727         729
         727         731
         727         732
         728         731
         728         732
         729         730
         730         734
         730         735
         730         736
         731         733
         732         733
         734         737
         735         737
         738         741
         738         746
         738         747
         738         754
         738         755
         738         764
         738         767
         738         833
         738         846
         738         851
         739         740
         739         744
         739         745
         739         753
         739         850
         740         743
         740         754
         740         755
         740         771
         740         852
         741         753
         741         765
         741         766
         741         768
         741         769
         741         770
         742         744
         742         745
         742         753
         742         765
         742         766
         742         768
         742         769
         742         770
         742         850
         743         748
         743         749
         743         756
         743         765
         743         766
         743         850
         744         746
         744         747
         744         754
         744         755
         744         764
         744         852
         745         750
         745         751
         745         752
         745         754
         745         755
         745         764
         745         852
         746         748
         746         749
         746         753
         747         753
         748         750
         748         751
         748         752
         753         757
         753         758
         753         760
         753         767
         753         852
         754         756
         754         765
         754         766
         755         759
         755         761
         755         762
         755         763
         755         765
         755         766
         755         772
         756         764
         756         773
         756         774
         757         759
         757         761
         757         762
         757         763
         757         772
         758         761
         758         762
         758         763
         758         775
         758         776
         758         780
         759         760
         759         773
         759         774
         760         772
         764         768
         764         769
         764         770
         765         767
         766         767
         768         771
         769         771
         772         777
         772         778
         772         779
         772         781
         772         782
         773         775
         773         776
         773         780
         774         783
         774         784
         775         777
         775         778
         775         779
         775         781
         775         782
         776         781
         776         782
         777         780
         778         780
         779         780
         780         785
         780         786
         780         791
         781         783
         781         784
         782         787
         782         788
         782         792
         782         793
         782         794
         783         785
         783         786
         783         791
         784         789
         784         790
         784         795
         784         796
         784         797
         785         787
         785         788
         785         792
         785         793
         785         794
         786         792
         786         793
         786         794
         787         789
         787         790
         787         791
         788         791
         791         798
         791         799
         792         795
         792         796
         792         797
         793         795
         793         796
         793         797
         794         800
         794         801
         795         798
         795         799
         796         798
         796         799
         797         802
         797         803
         797         819
         798         800
         798         801
         799         804
         799         805
         799         806
         799         820
         799         821
         800         802
         800         803
         800         819
         801         807
         801         808
         801         809
         801         822
         801         823
         802         804
         802         805
         802         806
         802         820
         802         821
         803         810
         803         811
         803         812
         803         820
         803         821
         804         807
         804         808
         804         809
         804         819
         805         807
         805         808
         805         809
         805         819
         806         813
         806         814
         806         815
         806         819
         807         810
         807         811
         807         812
         808         810
         808         811
         808         812
         809         816
         809         817
         809         818
         810         813
         810         814
         810         815
         811         813
         811         814
         811         815
         813         816
         813         817
         813         818
         814         816
         814         817
         814         818
         819         824
         819         825
         819         829
         820         822
         820         823
         821         826
         821         827
         821         828
         821         830
         821       11807
         822         824
         822         825
         822         829
         823       11804
         823       11808
         824         826
         824         827
         824         828
         824         830
         824       11807
         825         830
         825       11807
         826         829
         827         829
         828         829
         829       11802
         829       11805
         829       11806
         830       11804
         830       11808
         831         834
         831         839
         831         840
         831         847
         831         848
         831         850
         831         853
         831         860
         831         873
         831         885
         832         833
         832         837
         832         838
         832         846
         832         884
         833         836
         833         847
         833         848
         833         857
         833         886
         834         846
         834         851
         834         852
         834         854
         834         855
         834         856
         835         837
         835         838
         835         846
         835         851
         835         852
         835         854
         835         855
         835         856
         835         884
         836         841
         836         842
         836         849
         836         851
         836         852
         836         884
         837         839
         837         840
         837         847
         837         848
         837         850
         837         886
         838         843
         838         844
         838         845
         838         847
         838         848
         838         850
         838         886
         839         841
         839         842
         839         846
         840         846
         841         843
         841         844
         841         845
         846         853
         846         886
         847         849
         847         851
         847         852
         848         851
         848         852
         849         850
         850         854
         850         855
         850         856
         851         853
         852         853
         854         857
         855         857
         858         861
         858         866
         858         867
         858         874
         858         875
         858         884
         858         887
         858         964
         858         977
         858         982
         859         860
         859         864
         859         865
         859         873
         859         981
         860         863
         860         874
         860         875
         860         891
         860         983
         861         873
         861         885
         861         886
         861         888
         861         889
         861         890
         862         864
         862         865
         862         873
         862         885
         862         886
         862         888
         862         889
         862         890
         862         981
         863         868
         863         869
         863         876
         863         885
         863         886
         863         981
         864         866
         864         867
         864         874
         864         875
         864         884
         864         983
         865         870
         865         871
         865         872
         865         874
         865         875
         865         884
         865         983
         866         868
         866         869
         866         873
         867         873
         868         870
         868         871
         868         872
         873         877
         873         878
         873         880
         873         887
         873         983
         874         876
         874         885
         874         886
         875         879
         875         881
         875         882
         875         883
         875         885
         875         886
         875         892
         876         884
         876         893
         876         894
         877         879
         877         881
         877         882
         877         883
         877         892
         878         881
         878         882
         878         883
         878         895
         878         896
         878         900
         879         880
         879         893
         879         894
         880         892
         884         888
         884         889
         884         890
         885         887
         886         887
         888         891
         889         891
         892         897
         892         898
         892         899
         892         901
         892         902
         893         895
         893         896
         893         900
         894         903
         894         904
         895         897
         895         898
         895         899
         895         901
         895         902
         896         901
         896         902
         897         900
         898         900
         899         900
         900         905
         900         906
         900         911
         901         903
         901         904
         902         907
         902         908
         902         912
         902         913
         902         914
         903         905
         903         906
         903         911
         904         909
         904         910
         904         915
         904         916
         904         917
         905         907
         905         908
         905         912
         905         913
         905         914
         906         912
         906         913
         906         914
         907         909
         907         910
         907         911
         908         911
         911         918
         911         919
         912         915
         912         916
         912         917
         913         915
         913         916
         913         917
         914         920
         914         921
         915         918
         915         919
         916         918
         916         919
         917         922
         917         923
         917         939
         918         920
         918         921
         919         924
         919         925
         919         926
         919         940
         919         941
         920         922
         920         923
         920         939
         921         927
         921         928
         921         929
         921         942
         921         943
         922         924
         922         925
         922         926
         922         940
         922         941
         923         930
         923         931
         923         932
         923         940
         923         941
         924         927
         924         928
         924         929
         924         939
         925         927
         925         928
         925         929
         925         939
         926         933
         926         934
         926         935
         926         939
         927         930
         927         931
         927         932
         928         930
         928         931
         928         932
         929         936
         929         937
         929         938
         930         933
         930         934
         930         935
         931         933
         931         934
         931         935
         933         936
         933         937
         933         938
         934         936
         934         937
         934         938
         939         944
         939         945
         939         949
         940         942
         940         943
         941         946
         941         947
         941         948
         941         950
         941         951
         942         944
         942         945
         942         949
         943         952
         943         953
         944         946
         944         947
         944         948
         944         950
         944         951
         945         950
         945         951
         946         949
         947         949
         948         949
         949         954
         949         955
         949         959
         950         952
         950         953
         951         956
         951         957
         951         958
         951         960
         951         961
         952         954
         952         955
         952         959
         954         956
         954         957
         954         958
         954         960
         954         961
         955         960
         955         961
         956         959
         957         959
         958         959
         962         965
         962         970
         962         971
         962         978
         962         979
         962         981
         962         984
         962         991
         962        1004
         962        1016
         963         964
         963         968
         963         969
         963         977
         963        1015
         964         967
         964         978
         964         979
         964         988
         964        1017
         965         977
         965         982
         965         983
         965         985
         965         986
         965         987
         966         968
         966         969
         966         977
         966         982
         966         983
         966         985
         966         986
         966         987
         966        1015
         967         972
         967         973
         967         980
         967         982
         967         983
         967        1015
         968         970
         968         971
         968         978
         968         979
         968         981
         968        1017
         969         974
         969         975
         969         976
         969         978
         969         979
         969         981
         969        1017
         970         972
         970         973
         970         977
         971         977
         972         974
         972         975
         972         976
         977         984
         977        1017
         978         980
         978         982
         978         983
         979         982
         979         983
         980         981
         981         985
         981         986
         981         987
         982         984
         983         984
         985         988
         986         988
         989         992
         989         997
         989         998
         989        1005
         989        1006
         989        1015
         989        1018
         989        1084
         989        1097
         989        1102
         990         991
         990         995
         990         996
         990        1004
         990        1101
         991         994
         991        1005
         991        1006
         991        1022
         991        1103
         992        1004
         992        1016
         992        1017
         992        1019
         992        1020
         992        1021
         993         995
         993         996
         993        1004
         993        1016
         993        1017
         993        1019
         993        1020
         993        1021
         993        1101
         994         999
         994        1000
         994        1007
         994        1016
         994        1017
         994        1101
         995         997
         995         998
         995        1005
         995        1006
         995        1015
         995        1103
         996        1001
         996        1002
         996        1003
         996        1005
         996        1006
         996        1015
         996        1103
         997         999
         997        1000
         997        1004
         998        1004
         999        1001
         999        1002
         999        1003
        1004        1008
        1004        1009
        1004        1011
        1004        1018
        1004        1103
        1005        1007
        1005        1016
        1005        1017
        1006        1010
        1006        1012
        1006        1013
        1006        1014
        1006        1016
        1006        1017
        1006        1023
        1007        1015
        1007        1024
        1007        1025
        1008        1010
        1008        1012
        1008        1013
        1008        1014
        1008        1023
        1009        1012
        1009        1013
        1009        1014
        1009        1026
        1009        1027
        1009        1031
        1010        1011
        1010        1024
        1010        1025
        1011        1023
        1015        1019
        1015        1020
        1015        1021
        1016        1018
        1017        1018
        1019        1022
        1020        1022
        1023        1028
        1023        1029
        1023        1030
        1023        1032
        1023        1033
        1024        1026
        1024        1027
        1024        1031
        1025        1034
        1025        1035
        1026        1028
        1026        1029
        1026        1030
        1026        1032
        1026        1033
        1027        1032
        1027        1033
        1028        1031
        1029        1031
        1030        1031
        1031        1036
        1031        1037
        1031        1042
        1032        1034
        1032        1035
        1033        1038
        1033        1039
        1033        1043
        1033        1044
        1033        1045
        1034        1036
        1034        1037
        1034        1042
        1035        1040
        1035        1041
        1035        1046
        1035        1047
        1035        1048
        1036        1038
        1036        1039
        1036        1043
        1036        1044
        1036        1045
        1037        1043
        1037        1044
        1037        1045
        1038        1040
        1038        1041
        1038        1042
        1039        1042
        1042        1049
        1042        1050
        1043        1046
        1043        1047
        1043        1048
        1044        1046
        1044        1047
        1044        1048
        1045        1051
        1045        1052
        1046        1049
        1046        1050
        1047        1049
        1047        1050
        1048        1053
        1048        1054
        1048        1070
        1049        1051
        1049        1052
        1050        1055
        1050        1056
        1050        1057
        1050        1071
        1050        1072
        1051        1053
        1051        1054
        1051        1070
        1052        1058
        1052        1059
        1052        1060
        1052        1073
        1052        1074
        1053        1055
        1053        1056
        1053        1057
        1053        1071
        1053        1072
        1054        1061
        1054        1062
        1054        1063
        1054        1071
        1054        1072
        1055        1058
        1055        1059
        1055        1060
        1055        1070
        1056        1058
        1056        1059
        1056        1060
        1056        1070
        1057        1064
        1057        1065
        1057        1066
        1057        1070
        1058        1061
        1058        1062
        1058        1063
        1059        1061
        1059        1062
        1059        1063
        1060        1067
        1060        1068
        1060        1069
        1061        1064
        1061        1065
        1061        1066
        1062        1064
        1062        1065
        1062        1066
        1064        1067
        1064        1068
        1064        1069
        1065        1067
        1065        1068
        1065        1069
        1070        1075
        1070        1076
        1070        1080
        1071        1073
        1071        1074
        1072        1077
        1072        1078
        1072        1079
        1072        1081
        1072        2795
        1073        1075
        1073        1076
        1073        1080
        1074        2792
        1074        2796
        1075        1077
        1075        1078
        1075        1079
        1075        1081
        1075        2795
        1076        1081
        1076        2795
        1077        1080
        1078        1080
        1079        1080
        1080        2790
        1080        2793
        1080        2794
        1081        2792
        1081        2796
        1082        1085
        1082        1090
        1082        1091
        1082        1098
        1082        1099
        1082        1101
        1082        1104
        1082        1111
        1082        1124
        1082        1136
        1083        1084
        1083        1088
        1083        1089
        1083        1097
        1083        1135
        1084        1087
        1084        1098
        1084        1099
        1084        1108
        1084        1137
        1085        1097
        1085        1102
        1085        1103
        1085        1105
        1085        1106
        1085        1107
        1086        1088
        1086        1089
        1086        1097
        1086        1102
        1086        1103
        1086        1105
        1086        1106
        1086        1107
        1086        1135
        1087        1092
        1087        1093
        1087        1100
        1087        1102
        1087        1103
        1087        1135
        1088        1090
        1088        1091
        1088        1098
        1088        1099
        1088        1101
        1088        1137
        1089        1094
        1089        1095
        1089        1096
        1089        1098
        1089        1099
        1089        1101
        1089        1137
        1090        1092
        1090        1093
        1090        1097
        1091        1097
        1092        1094
        1092        1095
        1092        1096
        1097        1104
        1097        1137
        1098        1100
        1098        1102
        1098        1103
        1099        1102
        1099        1103
        1100        1101
        1101        1105
        1101        1106
        1101        1107
        1102        1104
        1103        1104
        1105        1108
        1106        1108
        1109        1112
        1109        1117
        1109        1118
        1109        1125
        1109        1126
        1109        1135
        1109        1138
        1109        1215
        1109        1228
        1109        1233
        1110        1111
        1110        1115
        1110        1116
        1110        1124
        1110        1232
        1111        1114
        1111        1125
        1111        1126
        1111        1142
        1111        1234
        1112        1124
        1112        1136
        1112        1137
        1112        1139
        1112        1140
        1112        1141
        1113        1115
        1113        1116
        1113        1124
        1113        1136
        1113        1137
        1113        1139
        1113        1140
        1113        1141
        1113        1232
        1114        1119
        1114        1120
        1114        1127
        1114        1136
        1114        1137
        1114        1232
        1115        1117
        1115        1118
        1115        1125
        1115        1126
        1115        1135
        1115        1234
        1116        1121
        1116        1122
        1116        1123
        1116        1125
        1116        1126
        1116        1135
        1116        1234
        1117        1119
        1117        1120
        1117        1124
        1118        1124
        1119        1121
        1119        1122
        1119        1123
        1124        1128
        1124        1129
        1124        1131
        1124        1138
        1124        1234
        1125        1127
        1125        1136
        1125        1137
        1126        1130
        1126        1132
        1126        1133
        1126        1134
        1126        1136
        1126        1137
        1126        1143
        1127        1135
        1127        1144
        1127        1145
        1128        1130
        1128        1132
        1128        1133
        1128        1134
        1128        1143
        1129        1132
        1129        1133
        1129        1134
        1129        1146
        1129        1147
        1129        1151
        1130        1131
        1130        1144
        1130        1145
        1131        1143
        1135        1139
        1135        1140
        1135        1141
        1136        1138
        1137        1138
        1139        1142
        1140        1142
        1143        1148
        1143        1149
        1143        1150
        1143        1152
        1143        1153
        1144        1146
        1144        1147
        1144        1151
        1145        1154
        1145        1155
        1146        1148
        1146        1149
        1146        1150
        1146        1152
        1146        1153
        1147        1152
        1147        1153
        1148        1151
        1149        1151
        1150        1151
        1151        1156
        1151        1157
        1151        1162
        1152        1154
        1152        1155
        1153        1158
        1153        1159
        1153        1163
        1153        1164
        1153        1165
        1154        1156
        1154        1157
        1154        1162
        1155        1160
        1155        1161
        1155        1166
        1155        1167
        1155        1168
        1156        1158
        1156        1159
        1156        1163
        1156        1164
        1156        1165
        1157        1163
        1157        1164
        1157        1165
        1158        1160
        1158        1161
        1158        1162
        1159        1162
        1162        1169
        1162        1170
        1163        1166
        1163        1167
        1163        1168
        1164        1166
        1164        1167
        1164        1168
        1165        1171
        1165        1172
        1166        1169
        1166        1170
        1167        1169
        1167        1170
        1168        1173
        1168        1174
        1168        1190
        1169        1171
        1169        1172
        1170        1175
        1170        1176
        1170        1177
        1170        1191
        1170        1192
        1171        1173
        1171        1174
        1171        1190
        1172        1178
        1172        1179
        1172        1180
        1172        1193
        1172        1194
        1173        1175
        1173        1176
        1173        1177
        1173        1191
        1173        1192
        1174        1181
        1174        1182
        1174        1183
        1174        1191
        1174        1192
        1175        1178
        1175        1179
        1175        1180
        1175        1190
        1176        1178
        1176        1179
        1176        1180
        1176        1190
        1177        1184
        1177        1185
        1177        1186
        1177        1190
        1178        1181
        1178        1182
        1178        1183
        1179        1181
        1179        1182
        1179        1183
        1180        1187
        1180        1188
        1180        1189
        1181        1184
        1181        1185
        1181        1186
        1182        1184
        1182        1185
        1182        1186
        1184        1187
        1184        1188
        1184        1189
        1185        1187
        1185        1188
        1185        1189
        1190        1195
        1190        1196
        1190        1200
        1191        1193
        1191        1194
        1192        1197
        1192        1198
        1192        1199
        1192        1201
        1192        1202
        1193        1195
        1193        1196
        1193        1200
        1194        1203
        1194        1204
        1195        1197
        1195        1198
        1195        1199
        1195        1201
        1195        1202
        1196        1201
        1196        1202
        1197        1200
        1198        1200
        1199        1200
        1200        1205
        1200        1206
        1200        1210
        1201        1203
        1201        1204
        1202        1207
        1202        1208
        1202        1209
        1202        1211
        1202        1212
        1203        1205
        1203        1206
        1203        1210
        1205        1207
        1205        1208
        1205        1209
        1205        1211
        1205        1212
        1206        1211
        1206        1212
        1207        1210
        1208        1210
        1209        1210
        1213        1216
        1213        1221
        1213        1222
        1213        1229
        1213        1230
        1213        1232
        1213        1235
        1213        1242
        1213        1255
        1213        1267
        1214        1215
        1214        1219
        1214        1220
        1214        1228
        1214        1266
        1215        1218
        1215        1229
        1215        1230
        1215        1239
        1215        1268
        1216        1228
        1216        1233
        1216        1234
        1216        1236
        1216        1237
        1216        1238
        1217        1219
        1217        1220
        1217        1228
        1217        1233
        1217        1234
        1217        1236
        1217        1237
        1217        1238
        1217        1266
        1218        1223
        1218        1224
        1218        1231
        1218        1233
        1218        1234
        1218        1266
        1219        1221
        1219        1222
        1219        1229
        1219        1230
        1219        1232
        1219        1268
        1220        1225
        1220        1226
        1220        1227
        1220        1229
        1220        1230
        1220        1232
        1220        1268
        1221        1223
        1221        1224
        1221        1228
        1222        1228
        1223        1225
        1223        1226
        1223        1227
        1228        1235
        1228        1268
        1229        1231
        1229        1233
        1229        1234
        1230        1233
        1230        1234
        1231        1232
        1232        1236
        1232        1237
        1232        1238
        1233        1235
        1234        1235
        1236        1239
        1237        1239
        1240        1243
        1240        1248
        1240        1249
        1240        1256
        1240        1257
        1240        1266
        1240        1269
        1240        1346
        1240        1359
        1240        1364
        1241        1242
        1241        1246
        1241        1247
        1241        1255
        1241        1363
        1242        1245
        1242        1256
        1242        1257
        1242        1273
        1242        1365
        1243        1255
        1243        1267
        1243        1268
        1243        1270
        1243        1271
        1243        1272
        1244        1246
        1244        1247
        1244        1255
        1244        1267
        1244        1268
        1244        1270
        1244        1271
        1244        1272
        1244        1363
        1245        1250
        1245        1251
        1245        1258
        1245        1267
        1245        1268
        1245        1363
        1246        1248
        1246        1249
        1246        1256
        1246        1257
        1246        1266
        1246        1365
        1247        1252
        1247        1253
        1247        1254
        1247        1256
        1247        1257
        1247        1266
        1247        1365
        1248        1250
        1248        1251
        1248        1255
        1249        1255
        1250        1252
        1250        1253
        1250        1254
        1255        1259
        1255        1260
        1255        1262
        1255        1269
        1255        1365
        1256        1258
        1256        1267
        1256        1268
        1257        1261
        1257        1263
        1257        1264
        1257        1265
        1257        1267
        1257        1268
        1257        1274
        1258        1266
        1258        1275
        1258        1276
        1259        1261
        1259        1263
        1259        1264
        1259        1265
        1259        1274
        1260        1263
        1260        1264
        1260        1265
        1260        1277
        1260        1278
        1260        1282
        1261        1262
        1261        1275
        1261        1276
        1262        1274
        1266        1270
        1266        1271
        1266        1272
        1267        1269
        1268        1269
        1270        1273
        1271        1273
        1274        1279
        1274        1280
        1274        1281
        1274        1283
        1274        1284
        1275        1277
        1275        1278
        1275        1282
        1276        1285
        1276        1286
        1277        1279
        1277        1280
        1277        1281
        1277        1283
        1277        1284
        1278        1283
        1278        1284
        1279        1282
        1280        1282
        1281        1282
        1282        1287
        1282        1288
        1282        1293
        1283        1285
        1283        1286
        1284        1289
        1284        1290
        1284        1294
        1284        1295
        1284        1296
        1285        1287
        1285        1288
        1285        1293
        1286        1291
        1286        1292
        1286        1297
        1286        1298
        1286        1299
        1287        1289
        1287        1290
        1287        1294
        1287        1295
        1287        1296
        1288        1294
        1288        1295
        1288        1296
        1289        1291
        1289        1292
        1289        1293
        1290        1293
        1293        1300
        1293        1301
        1294        1297
        1294        1298
        1294        1299
        1295        1297
        1295        1298
        1295        1299
        1296        1302
        1296        1303
        1297        1300
        1297        1301
        1298        1300
        1298        1301
        1299        1304
        1299        1305
        1299        1321
        1300        1302
        1300        1303
        1301        1306
        1301        1307
        1301        1308
        1301        1322
        1301        1323
        1302        1304
        1302        1305
        1302        1321
        1303        1309
        1303        1310
        1303        1311
        1303        1324
        1303        1325
        1304        1306
        1304        1307
        1304        1308
        1304        1322
        1304        1323
        1305        1312
        1305        1313
        1305        1314
        1305        1322
        1305        1323
        1306        1309
        1306        1310
        1306        1311
        1306        1321
        1307        1309
        1307        1310
        1307        1311
        1307        1321
        1308        1315
        1308        1316
        1308        1317
        1308        1321
        1309        1312
        1309        1313
        1309        1314
        1310        1312
        1310        1313
        1310        1314
        1311        1318
        1311        1319
        1311        1320
        1312        1315
        1312        1316
        1312        1317
        1313        1315
        1313        1316
        1313        1317
        1315        1318
        1315        1319
        1315        1320
        1316        1318
        1316        1319
        1316        1320
        1321        1326
        1321        1327
        1321        1331
        1322        1324
        1322        1325
        1323        1328
        1323        1329
        1323        1330
        1323        1332
        1323        1333
        1324        1326
        1324        1327
        1324        1331
        1325        1334
        1325        1335
        1326        1328
        1326        1329
        1326        1330
        1326        1332
        1326        1333
        1327        1332
        1327        1333
        1328        1331
        1329        1331
        1330        1331
        1331        1336
        1331        1337
        1331        1341
        1332        1334
        1332        1335
        1333        1338
        1333        1339
        1333        1340
        1333        1342
        1333        1343
        1334        1336
        1334        1337
        1334        1341
        1336        1338
        1336        1339
        1336        1340
        1336        1342
        1336        1343
        1337        1342
        1337        1343
        1338        1341
        1339        1341
        1340        1341
        1344        1347
        1344        1352
        1344        1353
        1344        1360
        1344        1361
        1344        1363
        1344        1366
        1344        1373
        1344        1386
        1344        1398
        1345        1346
        1345        1350
        1345        1351
        1345        1359
        1345        1397
        1346        1349
        1346        1360
        1346        1361
        1346        1370
        1346        1399
        1347        1359
        1347        1364
        1347        1365
        1347        1367
        1347        1368
        1347        1369
        1348        1350
        1348        1351
        1348        1359
        1348        1364
        1348        1365
        1348        1367
        1348        1368
        1348        1369
        1348        1397
        1349        1354
        1349        1355
        1349        1362
        1349        1364
        1349        1365
        1349        1397
        1350        1352
        1350        1353
        1350        1360
        1350        1361
        1350        1363
        1350        1399
        1351        1356
        1351        1357
        1351        1358
        1351        1360
        1351        1361
        1351        1363
        1351        1399
        1352        1354
        1352        1355
        1352        1359
        1353        1359
        1354        1356
        1354        1357
        1354        1358
        1359        1366
        1359        1399
        1360        1362
        1360        1364
        1360        1365
        1361        1364
        1361        1365
        1362        1363
        1363        1367
        1363        1368
        1363        1369
        1364        1366
        1365        1366
        1367        1370
        1368        1370
        1371        1374
        1371        1379
        1371        1380
        1371        1387
        1371        1388
        1371        1397
        1371        1400
        1371        1477
        1371        1490
        1371        1495
        1372        1373
        1372        1377
        1372        1378
        1372        1386
        1372        1494
        1373        1376
        1373        1387
        1373        1388
        1373        1404
        1373        1496
        1374        1386
        1374        1398
        1374        1399
        1374        1401
        1374        1402
        1374        1403
        1375        1377
        1375        1378
        1375        1386
        1375        1398
        1375        1399
        1375        1401
        1375        1402
        1375        1403
        1375        1494
        1376        1381
        1376        1382
        1376        1389
        1376        1398
        1376        1399
        1376        1494
        1377        1379
        1377        1380
        1377        1387
        1377        1388
        1377        1397
        1377        1496
        1378        1383
        1378        1384
        1378        1385
        1378        1387
        1378        1388
        1378        1397
        1378        1496
        1379        1381
        1379        1382
        1379        1386
        1380        1386
        1381        1383
        1381        1384
        1381        1385
        1386        1390
        1386        1391
        1386        1393
        1386        1400
        1386        1496
        1387        1389
        1387        1398
        1387        1399
        1388        1392
        1388        1394
        1388        1395
        1388        1396
        1388        1398
        1388        1399
        1388        1405
        1389        1397
        1389        1406
        1389        1407
        1390        1392
        1390        1394
        1390        1395
        1390        1396
        1390        1405
        1391        1394
        1391        1395
        1391        1396
        1391        1408
        1391        1409
        1391        1413
        1392        1393
        1392        1406
        1392        1407
        1393        1405
        1397        1401
        1397        1402
        1397        1403
        1398        1400
        1399        1400
        1401        1404
        1402        1404
        1405        1410
        1405        1411
        1405        1412
        1405        1414
        1405        1415
        1406        1408
        1406        1409
        1406        1413
        1407        1416
        1407        1417
        1408        1410
        1408        1411
        1408        1412
        1408        1414
        1408        1415
        1409        1414
        1409        1415
        1410        1413
        1411        1413
        1412        1413
        1413        1418
        1413        1419
        1413        1424
        1414        1416
        1414        1417
        1415        1420
        1415        1421
        1415        1425
        1415        1426
        1415        1427
        1416        1418
        1416        1419
        1416        1424
        1417        1422
        1417        1423
        1417        1428
        1417        1429
        1417        1430
        1418        1420
        1418        1421
        1418        1425
        1418        1426
        1418        1427
        1419        1425
        1419        1426
        1419        1427
        1420        1422
        1420        1423
        1420        1424
        1421        1424
        1424        1431
        1424        1432
        1425        1428
        1425        1429
        1425        1430
        1426        1428
        1426        1429
        1426        1430
        1427        1433
        1427        1434
        1428        1431
        1428        1432
        1429        1431
        1429        1432
        1430        1435
        1430        1436
        1430        1452
        1431        1433
        1431        1434
        1432        1437
        1432        1438
        1432        1439
        1432        1453
        1432        1454
        1433        1435
        1433        1436
        1433        1452
        1434        1440
        1434        1441
        1434        1442
        1434        1455
        1434        1456
        1435        1437
        1435        1438
        1435        1439
        1435        1453
        1435        1454
        1436        1443
        1436        1444
        1436        1445
        1436        1453
        1436        1454
        1437        1440
        1437        1441
        1437        1442
        1437        1452
        1438        1440
        1438        1441
        1438        1442
        1438        1452
        1439        1446
        1439        1447
        1439        1448
        1439        1452
        1440        1443
        1440        1444
        1440        1445
        1441        1443
        1441        1444
        1441        1445
        1442        1449
        1442        1450
        1442        1451
        1443        1446
        1443        1447
        1443        1448
        1444        1446
        1444        1447
        1444        1448
        1446        1449
        1446        1450
        1446        1451
        1447        1449
        1447        1450
        1447        1451
        1452        1457
        1452        1458
        1452        1462
        1453        1455
        1453        1456
        1454        1459
        1454        1460
        1454        1461
        1454        1463
        1454        1464
        1455        1457
        1455        1458
        1455        1462
        1456        1465
        1456        1466
        1457        1459
        1457        1460
        1457        1461
        1457        1463
        1457        1464
        1458        1463
        1458        1464
        1459        1462
        1460        1462
        1461        1462
        1462        1467
        1462        1468
        1462        1472
        1463        1465
        1463        1466
        1464        1469
        1464        1470
        1464        1471
        1464        1473
        1464        1474
        1465        1467
        1465        1468
        1465        1472
        1467        1469
        1467        1470
        1467        1471
        1467        1473
        1467        1474
        1468        1473
        1468        1474
        1469        1472
        1470        1472
        1471        1472
        1475        1478
        1475        1483
        1475        1484
        1475        1491
        1475        1492
        1475        1494
        1475        1497
        1475        1504
        1475        1517
        1475        1529
        1476        1477
        1476        1481
        1476        1482
        1476        1490
        1476        1528
        1477        1480
        1477        1491
        1477        1492
        1477        1501
        1477        1530
        1478        1490
        1478        1495
        1478        1496
        1478        1498
        1478        1499
        1478        1500
        1479        1481
        1479        1482
        1479        1490
        1479        1495
        1479        1496
        1479        1498
        1479        1499
        1479        1500
        1479        1528
        1480        1485
        1480        1486
        1480        1493
        1480        1495
        1480        1496
        1480        1528
        1481        1483
        1481        1484
        1481        1491
        1481        1492
        1481        1494
        1481        1530
        1482        1487
        1482        1488
        1482        1489
        1482        1491
        1482        1492
        1482        1494
        1482        1530
        1483        1485
        1483        1486
        1483        1490
        1484        1490
        1485        1487
        1485        1488
        1485        1489
        1490        1497
        1490        1530
        1491        1493
        1491        1495
        1491        1496
        1492        1495
        1492        1496
        1493        1494
        1494        1498
        1494        1499
        1494        1500
        1495        1497
        1496        1497
        1498        1501
        1499        1501
        1502        1505
        1502        1510
        1502        1511
        1502        1518
        1502        1519
        1502        1528
        1502        1531
        1502        1641
        1502        1654
        1502        1659
        1503        1504
        1503        1508
        1503        1509
        1503        1517
        1503        1658
        1504        1507
        1504        1518
        1504        1519
        1504        1535
        1504        1660
        1505        1517
        1505        1529
        1505        1530
        1505        1532
        1505        1533
        1505        1534
        1506        1508
        1506        1509
        1506        1517
        1506        1529
        1506        1530
        1506        1532
        1506        1533
        1506        1534
        1506        1658
        1507        1512
        1507        1513
        1507        1520
        1507        1529
        1507        1530
        1507        1658
        1508        1510
        1508        1511
        1508        1518
        1508        1519
        1508        1528
        1508        1660
        1509        1514
        1509        1515
        1509        1516
        1509        1518
        1509        1519
        1509        1528
        1509        1660
        1510        1512
        1510        1513
        1510        1517
        1511        1517
        1512        1514
        1512        1515
        1512        1516
        1517        1521
        1517        1522
        1517        1524
        1517        1531
        1517        1660
        1518        1520
        1518        1529
        1518        1530
        1519        1523
        1519        1525
        1519        1526
        1519        1527
        1519        1529
        1519        1530
        1519        1536
        1520        1528
        1520        1537
        1520        1538
        1521        1523
        1521        1525
        1521        1526
        1521        1527
        1521        1536
        1522        1525
        1522        1526
        1522        1527
        1522        1539
        1522        1540
        1522        1544
        1523        1524
        1523        1537
        1523        1538
        1524        1536
        1528        1532
        1528        1533
        1528        1534
        1529        1531
        1530        1531
        1532        1535
        1533        1535
        1536        1541
        1536        1542
        1536        1543
        1536        1545
        1536        1546
        1537        1539
        1537        1540
        1537        1544
        1538        1547
        1538        1548
        1539        1541
        1539        1542
        1539        1543
        1539        1545
        1539        1546
        1540        1545
        1540        1546
        1541        1544
        1542        1544
        1543        1544
        1544        1549
        1544        1550
        1544        1555
        1545        1547
        1545        1548
        1546        1551
        1546        1552
        1546        1556
        1546        1557
        1546        1558
        1547        1549
        1547        1550
        1547        1555
        1548        1553
        1548        1554
        1548        1559
        1548        1560
        1548        1561
        1549        1551
        1549        1552
        1549        1556
        1549        1557
        1549        1558
        1550        1556
        1550        1557
        1550        1558
        1551        1553
        1551        1554
        1551        1555
        1552        1555
        1555        1562
        1555        1563
        1556        1559
        1556        1560
        1556        1561
        1557        1559
        1557        1560
        1557        1561
        1558        1564
        1558        1565
        1559        1562
        1559        1563
        1560        1562
        1560        1563
        1561        1566
        1561        1567
        1561        1581
        1562        1564
        1562        1565
        1563        1568
        1563        1569
        1563        1570
        1563        1582
        1563        1618
        1564        1566
        1564        1567
        1564        1581
        1565        1571
        1565        1572
        1565        1573
        1565        1619
        1565        1620
        1566        1568
        1566        1569
        1566        1570
        1566        1582
        1566        1618
        1567        1574
        1567        1575
        1567        1576
        1567        1582
        1567        1618
        1568        1571
        1568        1572
        1568        1573
        1568        1581
        1569        1571
        1569        1572
        1569        1573
        1569        1581
        1570        1577
        1570        1578
        1570        1579
        1570        1581
        1571        1574
        1571        1575
        1571        1576
        1572        1574
        1572        1575
        1572        1576
        1573        1580
        1573        1583
        1574        1577
        1574        1578
        1574        1579
        1575        1577
        1575        1578
        1575        1579
        1576        1584
        1576        1585
        1577        1580
        1577        1583
        1578        1580
        1578        1583
        1579        1586
        1579        1587
        1579        1588
        1580        1584
        1580        1585
        1581        1621
        1581        1622
        1581        1626
        1582        1619
        1582        1620
        1583        1589
        1583        1590
        1584        1586
        1584        1587
        1584        1588
        1585        1591
        1585        1592
        1586        1589
        1586        1590
        1587        1589
        1587        1590
        1588        1593
        1588        1594
        1588        1595
        1589        1591
        1589        1592
        1590        1596
        1590        1597
        1591        1593
        1591        1594
        1591        1595
        1592        1598
        1592        1599
        1593        1596
        1593        1597
        1594        1596
        1594        1597
        1595        1600
        1595        1601
        1595        1602
        1596        1598
        1596        1599
        1597        1603
        1597        1604
        1598        1600
        1598        1601
        1598        1602
        1599        1605
        1599        1606
        1600        1603
        1600        1604
        1601        1603
        1601        1604
        1602        1607
        1602        1608
        1602        1609
        1603        1605
        1603        1606
        1604        1610
        1604        1611
        1605        1607
        1605        1608
        1605        1609
        1606        1612
        1606        1613
        1607        1610
        1607        1611
        1608        1610
        1608        1611
        1609        1614
        1609        1615
        1609        1616
        1610        1612
        1610        1613
        1611        1617
        1611        3231
        1612        1614
        1612        1615
        1612        1616
        1613        3225
        1613        3232
        1614        1617
        1614        3231
        1615        1617
        1615        3231
        1616        3223
        1616        3226
        1616        3227
        1617        3225
        1617        3232
        1618        1623
        1618        1624
        1618        1625
        1618        1627
        1618        1628
        1619        1621
        1619        1622
        1619        1626
        1620        1629
        1620        1630
        1621        1623
        1621        1624
        1621        1625
        1621        1627
        1621        1628
        1622        1627
        1622        1628
        1623        1626
        1624        1626
        1625        1626
        1626        1631
        1626        1632
        1626        1636
        1627        1629
        1627        1630
        1628        1633
        1628        1634
        1628        1635
        1628        1637
        1628        1638
        1629        1631
        1629        1632
        1629        1636
        1631        1633
        1631        1634
        1631        1635
        1631        1637
        1631        1638
        1632        1637
        1632        1638
        1633        1636
        1634        1636
        1635        1636
        1639        1642
        1639        1647
        1639        1648
        1639        1655
        1639        1656
        1639        1658
        1639        1661
        1639        1668
        1639        1681
        1639        1693
        1640        1641
        1640        1645
        1640        1646
        1640        1654
        1640        1692
        1641        1644
        1641        1655
        1641        1656
        1641        1665
        1641        1694
        1642        1654
        1642        1659
        1642        1660
        1642        1662
        1642        1663
        1642        1664
        1643        1645
        1643        1646
        1643        1654
        1643        1659
        1643        1660
        1643        1662
        1643        1663
        1643        1664
        1643        1692
        1644        1649
        1644        1650
        1644        1657
        1644        1659
        1644        1660
        1644        1692
        1645        1647
        1645        1648
        1645        1655
        1645        1656
        1645        1658
        1645        1694
        1646        1651
        1646        1652
        1646        1653
        1646        1655
        1646        1656
        1646        1658
        1646        1694
        1647        1649
        1647        1650
        1647        1654
        1648        1654
        1649        1651
        1649        1652
        1649        1653
        1654        1661
        1654        1694
        1655        1657
        1655        1659
        1655        1660
        1656        1659
        1656        1660
        1657        1658
        1658        1662
        1658        1663
        1658        1664
        1659        1661
        1660        1661
        1662        1665
        1663        1665
        1666        1669
        1666        1674
        1666        1675
        1666        1682
        1666        1683
        1666        1692
        1666        1695
        1667        1668
        1667        1672
        1667        1673
        1667        1681
        1668        1671
        1668        1682
        1668        1683
        1668        1699
        1669        1681
        1669        1693
        1669        1694
        1669        1696
        1669        1697
        1669        1698
        1670        1672
        1670        1673
        1670        1681
        1670        1693
        1670        1694
        1670        1696
        1670        1697
        1670        1698
        1671        1676
        1671        1677
        1671        1684
        1671        1693
        1671        1694
        1672        1674
        1672        1675
        1672        1682
        1672        1683
        1672        1692
        1673        1678
        1673        1679
        1673        1680
        1673        1682
        1673        1683
        1673        1692
        1674        1676
        1674        1677
        1674        1681
        1675        1681
        1676        1678
        1676        1679
        1676        1680
        1681        1685
        1681        1686
        1681        1688
        1681        1695
        1682        1684
        1682        1693
        1682        1694
        1683        1687
        1683        1689
        1683        1690
        1683        1691
        1683        1693
        1683        1694
        1683        1700
        1684        1692
        1684        1701
        1684        1702
        1685        1687
        1685        1689
        1685        1690
        1685        1691
        1685        1700
        1686        1689
        1686        1690
        1686        1691
        1686        1703
        1686        1704
        1686        1708
        1687        1688
        1687        1701
        1687        1702
        1688        1700
        1692        1696
        1692        1697
        1692        1698
        1693        1695
        1694        1695
        1696        1699
        1697        1699
        1700        1705
        1700        1706
        1700        1707
        1700        1709
        1700        1710
        1701        1703
        1701        1704
        1701        1708
        1702        1711
        1702        1712
        1703        1705
        1703        1706
        1703        1707
        1703        1709
        1703        1710
        1704        1709
        1704        1710
        1705        1708
        1706        1708
        1707        1708
        1708        1713
        1708        1714
        1708        1719
        1709        1711
        1709        1712
        1710        1715
        1710        1716
        1710        1720
        1710        1721
        1710        1722
        1711        1713
        1711        1714
        1711        1719
        1712        1717
        1712        1718
        1712        1723
        1712        1724
        1712        1725
        1713        1715
        1713        1716
        1713        1720
        1713        1721
        1713        1722
        1714        1720
        1714        1721
        1714        1722
        1715        1717
        1715        1718
        1715        1719
        1716        1719
        1719        1726
        1719        1727
        1720        1723
        1720        1724
        1720        1725
        1721        1723
        1721        1724
        1721        1725
        1722        1728
        1722        1729
        1723        1726
        1723        1727
        1724        1726
        1724        1727
        1725        1730
        1725        1731
        1725        1747
        1726        1728
        1726        1729
        1727        1732
        1727        1733
        1727        1734
        1727        1748
        1727        1749
        1728        1730
        1728        1731
        1728        1747
        1729        1735
        1729        1736
        1729        1737
        1729        1750
        1729        1751
        1730        1732
        1730        1733
        1730        1734
        1730        1748
        1730        1749
        1731        1738
        1731        1739
        1731        1740
        1731        1748
        1731        1749
        1732        1735
        1732        1736
        1732        1737
        1732        1747
        1733        1735
        1733        1736
        1733        1737
        1733        1747
        1734        1741
        1734        1742
        1734        1743
        1734        1747
        1735        1738
        1735        1739
        1735        1740
        1736        1738
        1736        1739
        1736        1740
        1737        1744
        1737        1745
        1737        1746
        1738        1741
        1738        1742
        1738        1743
        1739        1741
        1739        1742
        1739        1743
        1741        1744
        1741        1745
        1741        1746
        1742        1744
        1742        1745
        1742        1746
        1747        1752
        1747        1753
        1747        1757
        1748        1750
        1748        1751
        1749        1754
        1749        1755
        1749        1756
        1749        1758
        1749        1759
        1750        1752
        1750        1753
        1750        1757
        1751        1760
        1751        1761
        1752        1754
        1752        1755
        1752        1756
        1752        1758
        1752        1759
        1753        1758
        1753        1759
        1754        1757
        1755        1757
        1756        1757
        1757        1762
        1757        1763
        1757        1767
        1758        1760
        1758        1761
        1759        1764
        1759        1765
        1759        1766
        1759        1768
        1759        1769
        1760        1762
        1760        1763
        1760        1767
        1762        1764
        1762        1765
        1762        1766
        1762        1768
        1762        1769
        1763        1768
        1763        1769
        1764        1767
        1765        1767
        1766        1767
        1770        1773
        1770        1778
        1770        1779
        1770        1786
        1770        1787
        1770        1789
        1770        1792
        1770        1799
        1770        1812
        1770        1824
        1771        1772
        1771        1776
        1771        1777
        1771        1785
        1771        1823
        1772        1775
        1772        1786
        1772        1787
        1772        1796
        1772        1825
        1772        3426
        1773        1785
        1773        1790
        1773        1791
        1773        1793
        1773        1794
        1773        1795
        1774        1776
        1774        1777
        1774        1785
        1774        1790
        1774        1791
        1774        1793
        1774        1794
        1774        1795
        1774        1823
        1775        1780
        1775        1781
        1775        1788
        1775        1790
        1775        1791
        1775        1823
        1776        1778
        1776        1779
        1776        1786
        1776        1787
        1776        1789
        1776        1825
        1777        1782
        1777        1783
        1777        1784
        1777        1786
        1777        1787
        1777        1789
        1777        1825
        1778        1780
        1778        1781
        1778        1785
        1779        1785
        1780        1782
        1780        1783
        1780        1784
        1785        1792
        1785        1825
        1785        3426
        1786        1788
        1786        1790
        1786        1791
        1787        1790
        1787        1791
        1788        1789
        1789        1793
        1789        1794
        1789        1795
        1789        3427
        1789        3430
        1789        3431
        1790        1792
        1790        3426
        1791        1792
        1791        3428
        1791        3432
        1791        3433
        1791        3441
        1793        1796
        1794        1796
        1797        1800
        1797        1805
        1797        1806
        1797        1813
        1797        1814
        1797        1823
        1797        1826
        1797        1903
        1797        1916
        1797        1921
        1798        1799
        1798        1803
        1798        1804
        1798        1812
        1798        1920
        1799        1802
        1799        1813
        1799        1814
        1799        1830
        1799        1922
        1800        1812
        1800        1824
        1800        1825
        1800        1827
        1800        1828
        1800        1829
        1801        1803
        1801        1804
        1801        1812
        1801        1824
        1801        1825
        1801        1827
        1801        1828
        1801        1829
        1801        1920
        1802        1807
        1802        1808
        1802        1815
        1802        1824
        1802        1825
        1802        1920
        1803        1805
        1803        1806
        1803        1813
        1803        1814
        1803        1823
        1803        1922
        1804        1809
        1804        1810
        1804        1811
        1804        1813
        1804        1814
        1804        1823
        1804        1922
        1805        1807
        1805        1808
        1805        1812
        1806        1812
        1807        1809
        1807        1810
        1807        1811
        1812        1816
        1812        1817
        1812        1819
        1812        1826
        1812        1922
        1813        1815
        1813        1824
        1813        1825
        1814        1818
        1814        1820
        1814        1821
        1814        1822
        1814        1824
        1814        1825
        1814        1831
        1815        1823
        1815        1832
        1815        1833
        1816        1818
        1816        1820
        1816        1821
        1816        1822
        1816        1831
        1817        1820
        1817        1821
        1817        1822
        1817        1834
        1817        1835
        1817        1839
        1818        1819
        1818        1832
        1818        1833
        1819        1831
        1823        1827
        1823        1828
        1823        1829
        1824        1826
        1825        1826
        1827        1830
        1828        1830
        1831        1836
        1831        1837
        1831        1838
        1831        1840
        1831        1841
        1832        1834
        1832        1835
        1832        1839
        1833        1842
        1833        1843
        1834        1836
        1834        1837
        1834        1838
        1834        1840
        1834        1841
        1835        1840
        1835        1841
        1836        1839
        1837        1839
        1838        1839
        1839        1844
        1839        1845
        1839        1850
        1840        1842
        1840        1843
        1841        1846
        1841        1847
        1841        1851
        1841        1852
        1841        1853
        1842        1844
        1842        1845
        1842        1850
        1843        1848
        1843        1849
        1843        1854
        1843        1855
        1843        1856
        1844        1846
        1844        1847
        1844        1851
        1844        1852
        1844        1853
        1845        1851
        1845        1852
        1845        1853
        1846        1848
        1846        1849
        1846        1850
        1847        1850
        1850        1857
        1850        1858
        1851        1854
        1851        1855
        1851        1856
        1852        1854
        1852        1855
        1852        1856
        1853        1859
        1853        1860
        1854        1857
        1854        1858
        1855        1857
        1855        1858
        1856        1861
        1856        1862
        1856        1878
        1857        1859
        1857        1860
        1858        1863
        1858        1864
        1858        1865
        1858        1879
        1858        1880
        1859        1861
        1859        1862
        1859        1878
        1860        1866
        1860        1867
        1860        1868
        1860        1881
        1860        1882
        1861        1863
        1861        1864
        1861        1865
        1861        1879
        1861        1880
        1862        1869
        1862        1870
        1862        1871
        1862        1879
        1862        1880
        1863        1866
        1863        1867
        1863        1868
        1863        1878
        1864        1866
        1864        1867
        1864        1868
        1864        1878
        1865        1872
        1865        1873
        1865        1874
        1865        1878
        1866        1869
        1866        1870
        1866        1871
        1867        1869
        1867        1870
        1867        1871
        1868        1875
        1868        1876
        1868        1877
        1869        1872
        1869        1873
        1869        1874
        1870        1872
        1870        1873
        1870        1874
        1872        1875
        1872        1876
        1872        1877
        1873        1875
        1873        1876
        1873        1877
        1878        1883
        1878        1884
        1878        1888
        1879        1881
        1879        1882
        1880        1885
        1880        1886
        1880        1887
        1880        1889
        1880        1890
        1881        1883
        1881        1884
        1881        1888
        1882        1891
        1882        1892
        1883        1885
        1883        1886
        1883        1887
        1883        1889
        1883        1890
        1884        1889
        1884        1890
        1885        1888
        1886        1888
        1887        1888
        1888        1893
        1888        1894
        1888        1898
        1889        1891
        1889        1892
        1890        1895
        1890        1896
        1890        1897
        1890        1899
        1890        1900
        1891        1893
        1891        1894
        1891        1898
        1893        1895
        1893        1896
        1893        1897
        1893        1899
        1893        1900
        1894        1899
        1894        1900
        1895        1898
        1896        1898
        1897        1898
        1901        1904
        1901        1909
        1901        1910
        1901        1917
        1901        1918
        1901        1920
        1901        1923
        1901        1930
        1901        1943
        1901        1955
        1902        1903
        1902        1907
        1902        1908
        1902        1916
        1902        1954
        1903        1906
        1903        1917
        1903        1918
        1903        1927
        1903        1956
        1904        1916
        1904        1921
        1904        1922
        1904        1924
        1904        1925
        1904        1926
        1905        1907
        1905        1908
        1905        1916
        1905        1921
        1905        1922
        1905        1924
        1905        1925
        1905        1926
        1905        1954
        1906        1911
        1906        1912
        1906        1919
        1906        1921
        1906        1922
        1906        1954
        1907        1909
        1907        1910
        1907        1917
        1907        1918
        1907        1920
        1907        1956
        1908        1913
        1908        1914
        1908        1915
        1908        1917
        1908        1918
        1908        1920
        1908        1956
        1909        1911
        1909        1912
        1909        1916
        1910        1916
        1911        1913
        1911        1914
        1911        1915
        1916        1923
        1916        1956
        1917        1919
        1917        1921
        1917        1922
        1918        1921
        1918        1922
        1919        1920
        1920        1924
        1920        1925
        1920        1926
        1921        1923
        1922        1923
        1924        1927
        1925        1927
        1928        1931
        1928        1936
        1928        1937
        1928        1944
        1928        1945
        1928        1954
        1928        1957
        1928        2023
        1928        2036
        1928        2041
        1929        1930
        1929        1934
        1929        1935
        1929        1943
        1929        2040
        1930        1933
        1930        1944
        1930        1945
        1930        1961
        1930        2042
        1931        1943
        1931        1955
        1931        1956
        1931        1958
        1931        1959
        1931        1960
        1932        1934
        1932        1935
        1932        1943
        1932        1955
        1932        1956
        1932        1958
        1932        1959
        1932        1960
        1932        2040
        1933        1938
        1933        1939
        1933        1946
        1933        1955
        1933        1956
        1933        2040
        1934        1936
        1934        1937
        1934        1944
        1934        1945
        1934        1954
        1934        2042
        1935        1940
        1935        1941
        1935        1942
        1935        1944
        1935        1945
        1935        1954
        1935        2042
        1936        1938
        1936        1939
        1936        1943
        1937        1943
        1938        1940
        1938        1941
        1938        1942
        1943        1947
        1943        1948
        1943        1950
        1943        1957
        1943        2042
        1944        1946
        1944        1955
        1944        1956
        1945        1949
        1945        1951
        1945        1952
        1945        1953
        1945        1955
        1945        1956
        1945        1962
        1946        1954
        1946        1963
        1946        1964
        1947        1949
        1947        1951
        1947        1952
        1947        1953
        1947        1962
        1948        1951
        1948        1952
        1948        1953
        1948        1965
        1948        1966
        1948        1970
        1949        1950
        1949        1963
        1949        1964
        1950        1962
        1954        1958
        1954        1959
        1954        1960
        1955        1957
        1956        1957
        1958        1961
        1959        1961
        1962        1967
        1962        1968
        1962        1969
        1962        1971
        1962        1972
        1963        1965
        1963        1966
        1963        1970
        1964        1973
        1964        1974
        1965        1967
        1965        1968
        1965        1969
        1965        1971
        1965        1972
        1966        1971
        1966        1972
        1967        1970
        1968        1970
        1969        1970
        1970        1975
        1970        1976
        1970        1981
        1971        1973
        1971        1974
        1972        1977
        1972        1978
        1972        1982
        1972        1983
        1972        1984
        1973        1975
        1973        1976
        1973        1981
        1974        1979
        1974        1980
        1974        1985
        1974        1986
        1974        1987
        1975        1977
        1975        1978
        1975        1982
        1975        1983
        1975        1984
        1976        1982
        1976        1983
        1976        1984
        1977        1979
        1977        1980
        1977        1981
        1978        1981
        1981        1988
        1981        1989
        1982        1985
        1982        1986
        1982        1987
        1983        1985
        1983        1986
        1983        1987
        1984        1990
        1984        1991
        1985        1988
        1985        1989
        1986        1988
        1986        1989
        1987        1992
        1987        1993
        1987        2009
        1988        1990
        1988        1991
        1989        1994
        1989        1995
        1989        1996
        1989        2010
        1989        2011
        1990        1992
        1990        1993
        1990        2009
        1991        1997
        1991        1998
        1991        1999
        1991        2012
        1991        2013
        1992        1994
        1992        1995
        1992        1996
        1992        2010
        1992        2011
        1993        2000
        1993        2001
        1993        2002
        1993        2010
        1993        2011
        1994        1997
        1994        1998
        1994        1999
        1994        2009
        1995        1997
        1995        1998
        1995        1999
        1995        2009
        1996        2003
        1996        2004
        1996        2005
        1996        2009
        1997        2000
        1997        2001
        1997        2002
        1998        2000
        1998        2001
        1998        2002
        1999        2006
        1999        2007
        1999        2008
        2000        2003
        2000        2004
        2000        2005
        2001        2003
        2001        2004
        2001        2005
        2003        2006
        2003        2007
        2003        2008
        2004        2006
        2004        2007
        2004        2008
        2009        2014
        2009        2015
        2009        2019
        2010        2012
        2010        2013
        2011        2016
        2011        2017
        2011        2018
        2011        2020
        2011        3922
        2012        2014
        2012        2015
        2012        2019
        2013        3919
        2013        3923
        2014        2016
        2014        2017
        2014        2018
        2014        2020
        2014        3922
        2015        2020
        2015        3922
        2016        2019
        2017        2019
        2018        2019
        2019        3917
        2019        3920
        2019        3921
        2020        3919
        2020        3923
        2021        2024
        2021        2029
        2021        2030
        2021        2037
        2021        2038
        2021        2040
        2021        2043
        2021        2050
        2021        2063
        2021        2075
        2022        2023
        2022        2027
        2022        2028
        2022        2036
        2022        2074
        2023        2026
        2023        2037
        2023        2038
        2023        2047
        2023        2076
        2024        2036
        2024        2041
        2024        2042
        2024        2044
        2024        2045
        2024        2046
        2025        2027
        2025        2028
        2025        2036
        2025        2041
        2025        2042
        2025        2044
        2025        2045
        2025        2046
        2025        2074
        2026        2031
        2026        2032
        2026        2039
        2026        2041
        2026        2042
        2026        2074
        2027        2029
        2027        2030
        2027        2037
        2027        2038
        2027        2040
        2027        2076
        2028        2033
        2028        2034
        2028        2035
        2028        2037
        2028        2038
        2028        2040
        2028        2076
        2029        2031
        2029        2032
        2029        2036
        2030        2036
        2031        2033
        2031        2034
        2031        2035
        2036        2043
        2036        2076
        2037        2039
        2037        2041
        2037        2042
        2038        2041
        2038        2042
        2039        2040
        2040        2044
        2040        2045
        2040        2046
        2041        2043
        2042        2043
        2044        2047
        2045        2047
        2048        2051
        2048        2056
        2048        2057
        2048        2064
        2048        2065
        2048        2074
        2048        2077
        2048        2143
        2048        2156
        2048        2161
        2049        2050
        2049        2054
        2049        2055
        2049        2063
        2049        2160
        2050        2053
        2050        2064
        2050        2065
        2050        2081
        2050        2162
        2051        2063
        2051        2075
        2051        2076
        2051        2078
        2051        2079
        2051        2080
        2052        2054
        2052        2055
        2052        2063
        2052        2075
        2052        2076
        2052        2078
        2052        2079
        2052        2080
        2052        2160
        2053        2058
        2053        2059
        2053        2066
        2053        2075
        2053        2076
        2053        2160
        2054        2056
        2054        2057
        2054        2064
        2054        2065
        2054        2074
        2054        2162
        2055        2060
        2055        2061
        2055        2062
        2055        2064
        2055        2065
        2055        2074
        2055        2162
        2056        2058
        2056        2059
        2056        2063
        2057        2063
        2058        2060
        2058        2061
        2058        2062
        2063        2067
        2063        2068
        2063        2070
        2063        2077
        2063        2162
        2064        2066
        2064        2075
        2064        2076
        2065        2069
        2065        2071
        2065        2072
        2065        2073
        2065        2075
        2065        2076
        2065        2082
        2066        2074
        2066        2083
        2066        2084
        2067        2069
        2067        2071
        2067        2072
        2067        2073
        2067        2082
        2068        2071
        2068        2072
        2068        2073
        2068        2085
        2068        2086
        2068        2090
        2069        2070
        2069        2083
        2069        2084
        2070        2082
        2074        2078
        2074        2079
        2074        2080
        2075        2077
        2076        2077
        2078        2081
        2079        2081
        2082        2087
        2082        2088
        2082        2089
        2082        2091
        2082        2092
        2083        2085
        2083        2086
        2083        2090
        2084        2093
        2084        2094
        2085        2087
        2085        2088
        2085        2089
        2085        2091
        2085        2092
        2086        2091
        2086        2092
        2087        2090
        2088        2090
        2089        2090
        2090        2095
        2090        2096
        2090        2101
        2091        2093
        2091        2094
        2092        2097
        2092        2098
        2092        2102
        2092        2103
        2092        2104
        2093        2095
        2093        2096
        2093        2101
        2094        2099
        2094        2100
        2094        2105
        2094        2106
        2094        2107
        2095        2097
        2095        2098
        2095        2102
        2095        2103
        2095        2104
        2096        2102
        2096        2103
        2096        2104
        2097        2099
        2097        2100
        2097        2101
        2098        2101
        2101        2108
        2101        2109
        2102        2105
        2102        2106
        2102        2107
        2103        2105
        2103        2106
        2103        2107
        2104        2110
        2104        2111
        2105        2108
        2105        2109
        2106        2108
        2106        2109
        2107        2112
        2107        2113
        2107        2129
        2108        2110
        2108        2111
        2109        2114
        2109        2115
        2109        2116
        2109        2130
        2109        2131
        2110        2112
        2110        2113
        2110        2129
        2111        2117
        2111        2118
        2111        2119
        2111        2132
        2111        2133
        2112        2114
        2112        2115
        2112        2116
        2112        2130
        2112        2131
        2113        2120
        2113        2121
        2113        2122
        2113        2130
        2113        2131
        2114        2117
        2114        2118
        2114        2119
        2114        2129
        2115        2117
        2115        2118
        2115        2119
        2115        2129
        2116        2123
        2116        2124
        2116        2125
        2116        2129
        2117        2120
        2117        2121
        2117        2122
        2118        2120
        2118        2121
        2118        2122
        2119        2126
        2119        2127
        2119        2128
        2120        2123
        2120        2124
        2120        2125
        2121        2123
        2121        2124
        2121        2125
        2123        2126
        2123        2127
        2123        2128
        2124        2126
        2124        2127
        2124        2128
        2129        2134
        2129        2135
        2129        2139
        2130        2132
        2130        2133
        2131        2136
        2131        2137
        2131        2138
        2131        2140
        2131        4086
        2132        2134
        2132        2135
        2132        2139
        2133        4083
        2133        4087
        2134        2136
        2134        2137
        2134        2138
        2134        2140
        2134        4086
        2135        2140
        2135        4086
        2136        2139
        2137        2139
        2138        2139
        2139        4081
        2139        4084
        2139        4085
        2140        4083
        2140        4087
        2141        2144
        2141        2149
        2141        2150
        2141        2157
        2141        2158
        2141        2160
        2141        2163
        2141        2170
        2141        2183
        2141        2195
        2142        2143
        2142        2147
        2142        2148
        2142        2156
        2142        2194
        2143        2146
        2143        2157
        2143        2158
        2143        2167
        2143        2196
        2144        2156
        2144        2161
        2144        2162
        2144        2164
        2144        2165
        2144        2166
        2145        2147
        2145        2148
        2145        2156
        2145        2161
        2145        2162
        2145        2164
        2145        2165
        2145        2166
        2145        2194
        2146        2151
        2146        2152
        2146        2159
        2146        2161
        2146        2162
        2146        2194
        2147        2149
        2147        2150
        2147        2157
        2147        2158
        2147        2160
        2147        2196
        2148        2153
        2148        2154
        2148        2155
        2148        2157
        2148        2158
        2148        2160
        2148        2196
        2149        2151
        2149        2152
        2149        2156
        2150        2156
        2151        2153
        2151        2154
        2151        2155
        2156        2163
        2156        2196
        2157        2159
        2157        2161
        2157        2162
        2158        2161
        2158        2162
        2159        2160
        2160        2164
        2160        2165
        2160        2166
        2161        2163
        2162        2163
        2164        2167
        2165        2167
        2168        2171
        2168        2176
        2168        2177
        2168        2184
        2168        2185
        2168        2194
        2168        2197
        2168        2274
        2168        2287
        2168        2292
        2169        2170
        2169        2174
        2169        2175
        2169        2183
        2169        2291
        2170        2173
        2170        2184
        2170        2185
        2170        2201
        2170        2293
        2171        2183
        2171        2195
        2171        2196
        2171        2198
        2171        2199
        2171        2200
        2172        2174
        2172        2175
        2172        2183
        2172        2195
        2172        2196
        2172        2198
        2172        2199
        2172        2200
        2172        2291
        2173        2178
        2173        2179
        2173        2186
        2173        2195
        2173        2196
        2173        2291
        2174        2176
        2174        2177
        2174        2184
        2174        2185
        2174        2194
        2174        2293
        2175        2180
        2175        2181
        2175        2182
        2175        2184
        2175        2185
        2175        2194
        2175        2293
        2176        2178
        2176        2179
        2176        2183
        2177        2183
        2178        2180
        2178        2181
        2178        2182
        2183        2187
        2183        2188
        2183        2190
        2183        2197
        2183        2293
        2184        2186
        2184        2195
        2184        2196
        2185        2189
        2185        2191
        2185        2192
        2185        2193
        2185        2195
        2185        2196
        2185        2202
        2186        2194
        2186        2203
        2186        2204
        2187        2189
        2187        2191
        2187        2192
        2187        2193
        2187        2202
        2188        2191
        2188        2192
        2188        2193
        2188        2205
        2188        2206
        2188        2210
        2189        2190
        2189        2203
        2189        2204
        2190        2202
        2194        2198
        2194        2199
        2194        2200
        2195        2197
        2196        2197
        2198        2201
        2199        2201
        2202        2207
        2202        2208
        2202        2209
        2202        2211
        2202        2212
        2203        2205
        2203        2206
        2203        2210
        2204        2213
        2204        2214
        2205        2207
        2205        2208
        2205        2209
        2205        2211
        2205        2212
        2206        2211
        2206        2212
        2207        2210
        2208        2210
        2209        2210
        2210        2215
        2210        2216
        2210        2221
        2211        2213
        2211        2214
        2212        2217
        2212        2218
        2212        2222
        2212        2223
        2212        2224
        2213        2215
        2213        2216
        2213        2221
        2214        2219
        2214        2220
        2214        2225
        2214        2226
        2214        2227
        2215        2217
        2215        2218
        2215        2222
        2215        2223
        2215        2224
        2216        2222
        2216        2223
        2216        2224
        2217        2219
        2217        2220
        2217        2221
        2218        2221
        2221        2228
        2221        2229
        2222        2225
        2222        2226
        2222        2227
        2223        2225
        2223        2226
        2223        2227
        2224        2230
        2224        2231
        2225        2228
        2225        2229
        2226        2228
        2226        2229
        2227        2232
        2227        2233
        2227        2249
        2228        2230
        2228        2231
        2229        2234
        2229        2235
        2229        2236
        2229        2250
        2229        2251
        2230        2232
        2230        2233
        2230        2249
        2231        2237
        2231        2238
        2231        2239
        2231        2252
        2231        2253
        2232        2234
        2232        2235
        2232        2236
        2232        2250
        2232        2251
        2233        2240
        2233        2241
        2233        2242
        2233        2250
        2233        2251
        2234        2237
        2234        2238
        2234        2239
        2234        2249
        2235        2237
        2235        2238
        2235        2239
        2235        2249
        2236        2243
        2236        2244
        2236        2245
        2236        2249
        2237        2240
        2237        2241
        2237        2242
        2238        2240
        2238        2241
        2238        2242
        2239        2246
        2239        2247
        2239        2248
        2240        2243
        2240        2244
        2240        2245
        2241        2243
        2241        2244
        2241        2245
        2243        2246
        2243        2247
        2243        2248
        2244        2246
        2244        2247
        2244        2248
        2249        2254
        2249        2255
        2249        2259
        2250        2252
        2250        2253
        2251        2256
        2251        2257
        2251        2258
        2251        2260
        2251        2261
        2252        2254
        2252        2255
        2252        2259
        2253        2262
        2253        2263
        2254        2256
        2254        2257
        2254        2258
        2254        2260
        2254        2261
        2255        2260
        2255        2261
        2256        2259
        2257        2259
        2258        2259
        2259        2264
        2259        2265
        2259        2269
        2260        2262
        2260        2263
        2261        2266
        2261        2267
        2261        2268
        2261        2270
        2261        2271
        2262        2264
        2262        2265
        2262        2269
        2264        2266
        2264        2267
        2264        2268
        2264        2270
        2264        2271
        2265        2270
        2265        2271
        2266        2269
        2267        2269
        2268        2269
        2272        2275
        2272        2280
        2272        2281
        2272        2288
        2272        2289
        2272        2291
        2272        2294
        2272        2301
        2272        2314
        2272        2326
        2273        2274
        2273        2278
        2273        2279
        2273        2287
        2273        2325
        2274        2277
        2274        2288
        2274        2289
        2274        2298
        2274        2327
        2275        2287
        2275        2292
        2275        2293
        2275        2295
        2275        2296
        2275        2297
        2276        2278
        2276        2279
        2276        2287
        2276        2292
        2276        2293
        2276        2295
        2276        2296
        2276        2297
        2276        2325
        2277        2282
        2277        2283
        2277        2290
        2277        2292
        2277        2293
        2277        2325
        2278        2280
        2278        2281
        2278        2288
        2278        2289
        2278        2291
        2278        2327
        2279        2284
        2279        2285
        2279        2286
        2279        2288
        2279        2289
        2279        2291
        2279        2327
        2280        2282
        2280        2283
        2280        2287
        2281        2287
        2282        2284
        2282        2285
        2282        2286
        2287        2294
        2287        2327
        2288        2290
        2288        2292
        2288        2293
        2289        2292
        2289        2293
        2290        2291
        2291        2295
        2291        2296
        2291        2297
        2292        2294
        2293        2294
        2295        2298
        2296        2298
        2299        2302
        2299        2307
        2299        2308
        2299        2315
        2299        2316
        2299        2325
        2299        2328
        2299        2394
        2299        2407
        2299        2412
        2300        2301
        2300        2305
        2300        2306
        2300        2314
        2300        2411
        2301        2304
        2301        2315
        2301        2316
        2301        2332
        2301        2413
        2302        2314
        2302        2326
        2302        2327
        2302        2329
        2302        2330
        2302        2331
        2303        2305
        2303        2306
        2303        2314
        2303        2326
        2303        2327
        2303        2329
        2303        2330
        2303        2331
        2303        2411
        2304        2309
        2304        2310
        2304        2317
        2304        2326
        2304        2327
        2304        2411
        2305        2307
        2305        2308
        2305        2315
        2305        2316
        2305        2325
        2305        2413
        2306        2311
        2306        2312
        2306        2313
        2306        2315
        2306        2316
        2306        2325
        2306        2413
        2307        2309
        2307        2310
        2307        2314
        2308        2314
        2309        2311
        2309        2312
        2309        2313
        2314        2318
        2314        2319
        2314        2321
        2314        2328
        2314        2413
        2315        2317
        2315        2326
        2315        2327
        2316        2320
        2316        2322
        2316        2323
        2316        2324
        2316        2326
        2316        2327
        2316        2333
        2317        2325
        2317        2334
        2317        2335
        2318        2320
        2318        2322
        2318        2323
        2318        2324
        2318        2333
        2319        2322
        2319        2323
        2319        2324
        2319        2336
        2319        2337
        2319        2341
        2320        2321
        2320        2334
        2320        2335
        2321        2333
        2325        2329
        2325        2330
        2325        2331
        2326        2328
        2327        2328
        2329        2332
        2330        2332
        2333        2338
        2333        2339
        2333        2340
        2333        2342
        2333        2343
        2334        2336
        2334        2337
        2334        2341
        2335        2344
        2335        2345
        2336        2338
        2336        2339
        2336        2340
        2336        2342
        2336        2343
        2337        2342
        2337        2343
        2338        2341
        2339        2341
        2340        2341
        2341        2346
        2341        2347
        2341        2352
        2342        2344
        2342        2345
        2343        2348
        2343        2349
        2343        2353
        2343        2354
        2343        2355
        2344        2346
        2344        2347
        2344        2352
        2345        2350
        2345        2351
        2345        2356
        2345        2357
        2345        2358
        2346        2348
        2346        2349
        2346        2353
        2346        2354
        2346        2355
        2347        2353
        2347        2354
        2347        2355
        2348        2350
        2348        2351
        2348        2352
        2349        2352
        2352        2359
        2352        2360
        2353        2356
        2353        2357
        2353        2358
        2354        2356
        2354        2357
        2354        2358
        2355        2361
        2355        2362
        2356        2359
        2356        2360
        2357        2359
        2357        2360
        2358        2363
        2358        2364
        2358        2380
        2359        2361
        2359        2362
        2360        2365
        2360        2366
        2360        2367
        2360        2381
        2360        2382
        2361        2363
        2361        2364
        2361        2380
        2362        2368
        2362        2369
        2362        2370
        2362        2383
        2362        2384
        2363        2365
        2363        2366
        2363        2367
        2363        2381
        2363        2382
        2364        2371
        2364        2372
        2364        2373
        2364        2381
        2364        2382
        2365        2368
        2365        2369
        2365        2370
        2365        2380
        2366        2368
        2366        2369
        2366        2370
        2366        2380
        2367        2374
        2367        2375
        2367        2376
        2367        2380
        2368        2371
        2368        2372
        2368        2373
        2369        2371
        2369        2372
        2369        2373
        2370        2377
        2370        2378
        2370        2379
        2371        2374
        2371        2375
        2371        2376
        2372        2374
        2372        2375
        2372        2376
        2374        2377
        2374        2378
        2374        2379
        2375        2377
        2375        2378
        2375        2379
        2380        2385
        2380        2386
        2380        2390
        2381        2383
        2381        2384
        2382        2387
        2382        2388
        2382        2389
        2382        2391
        2383        2385
        2383        2386
        2383        2390
        2385        2387
        2385        2388
        2385        2389
        2385        2391
        2386        2391
        2387        2390
        2388        2390
        2389        2390
        2392        2395
        2392        2400
        2392        2401
        2392        2408
        2392        2409
        2392        2411
        2392        2414
        2392        2421
        2392        2434
        2392        2446
        2393        2394
        2393        2398
        2393        2399
        2393        2407
        2393        2445
        2394        2397
        2394        2408
        2394        2409
        2394        2418
        2394        2447
        2395        2407
        2395        2412
        2395        2413
        2395        2415
        2395        2416
        2395        2417
        2396        2398
        2396        2399
        2396        2407
        2396        2412
        2396        2413
        2396        2415
        2396        2416
        2396        2417
        2396        2445
        2397        2402
        2397        2403
        2397        2410
        2397        2412
        2397        2413
        2397        2445
        2398        2400
        2398        2401
        2398        2408
        2398        2409
        2398        2411
        2398        2447
        2399        2404
        2399        2405
        2399        2406
        2399        2408
        2399        2409
        2399        2411
        2399        2447
        2400        2402
        2400        2403
        2400        2407
        2401        2407
        2402        2404
        2402        2405
        2402        2406
        2407        2414
        2407        2447
        2408        2410
        2408        2412
        2408        2413
        2409        2412
        2409        2413
        2410        2411
        2411        2415
        2411        2416
        2411        2417
        2412        2414
        2413        2414
        2415        2418
        2416        2418
        2419        2422
        2419        2427
        2419        2428
        2419        2435
        2419        2436
        2419        2445
        2419        2448
        2419        2525
        2419        2538
        2419        2543
        2420        2421
        2420        2425
        2420        2426
        2420        2434
        2420        2542
        2421        2424
        2421        2435
        2421        2436
        2421        2452
        2421        2544
        2422        2434
        2422        2446
        2422        2447
        2422        2449
        2422        2450
        2422        2451
        2423        2425
        2423        2426
        2423        2434
        2423        2446
        2423        2447
        2423        2449
        2423        2450
        2423        2451
        2423        2542
        2424        2429
        2424        2430
        2424        2437
        2424        2446
        2424        2447
        2424        2542
        2425        2427
        2425        2428
        2425        2435
        2425        2436
        2425        2445
        2425        2544
        2426        2431
        2426        2432
        2426        2433
        2426        2435
        2426        2436
        2426        2445
        2426        2544
        2427        2429
        2427        2430
        2427        2434
        2428        2434
        2429        2431
        2429        2432
        2429        2433
        2434        2438
        2434        2439
        2434        2441
        2434        2448
        2434        2544
        2435        2437
        2435        2446
        2435        2447
        2436        2440
        2436        2442
        2436        2443
        2436        2444
        2436        2446
        2436        2447
        2436        2453
        2437        2445
        2437        2454
        2437        2455
        2438        2440
        2438        2442
        2438        2443
        2438        2444
        2438        2453
        2439        2442
        2439        2443
        2439        2444
        2439        2456
        2439        2457
        2439        2461
        2440        2441
        2440        2454
        2440        2455
        2441        2453
        2445        2449
        2445        2450
        2445        2451
        2446        2448
        2447        2448
        2449        2452
        2450        2452
        2453        2458
        2453        2459
        2453        2460
        2453        2462
        2453        2463
        2454        2456
        2454        2457
        2454        2461
        2455        2464
        2455        2465
        2456        2458
        2456        2459
        2456        2460
        2456        2462
        2456        2463
        2457        2462
        2457        2463
        2458        2461
        2459        2461
        2460        2461
        2461        2466
        2461        2467
        2461        2472
        2462        2464
        2462        2465
        2463        2468
        2463        2469
        2463        2473
        2463        2474
        2463        2475
        2464        2466
        2464        2467
        2464        2472
        2465        2470
        2465        2471
        2465        2476
        2465        2477
        2465        2478
        2466        2468
        2466        2469
        2466        2473
        2466        2474
        2466        2475
        2467        2473
        2467        2474
        2467        2475
        2468        2470
        2468        2471
        2468        2472
        2469        2472
        2472        2479
        2472        2480
        2473        2476
        2473        2477
        2473        2478
        2474        2476
        2474        2477
        2474        2478
        2475        2481
        2475        2482
        2476        2479
        2476        2480
        2477        2479
        2477        2480
        2478        2483
        2478        2484
        2478        2500
        2479        2481
        2479        2482
        2480        2485
        2480        2486
        2480        2487
        2480        2501
        2480        2502
        2481        2483
        2481        2484
        2481        2500
        2482        2488
        2482        2489
        2482        2490
        2482        2503
        2482        2504
        2483        2485
        2483        2486
        2483        2487
        2483        2501
        2483        2502
        2484        2491
        2484        2492
        2484        2493
        2484        2501
        2484        2502
        2485        2488
        2485        2489
        2485        2490
        2485        2500
        2486        2488
        2486        2489
        2486        2490
        2486        2500
        2487        2494
        2487        2495
        2487        2496
        2487        2500
        2488        2491
        2488        2492
        2488        2493
        2489        2491
        2489        2492
        2489        2493
        2490        2497
        2490        2498
        2490        2499
        2491        2494
        2491        2495
        2491        2496
        2492        2494
        2492        2495
        2492        2496
        2494        2497
        2494        2498
        2494        2499
        2495        2497
        2495        2498
        2495        2499
        2500        2505
        2500        2506
        2500        2510
        2501        2503
        2501        2504
        2502        2507
        2502        2508
        2502        2509
        2502        2511
        2502        2512
        2503        2505
        2503        2506
        2503        2510
        2504        2513
        2504        2514
        2505        2507
        2505        2508
        2505        2509
        2505        2511
        2505        2512
        2506        2511
        2506        2512
        2507        2510
        2508        2510
        2509        2510
        2510        2515
        2510        2516
        2510        2520
        2511        2513
        2511        2514
        2512        2517
        2512        2518
        2512        2519
        2512        2521
        2512        2522
        2513        2515
        2513        2516
        2513        2520
        2515        2517
        2515        2518
        2515        2519
        2515        2521
        2515        2522
        2516        2521
        2516        2522
        2517        2520
        2518        2520
        2519        2520
        2523        2526
        2523        2531
        2523        2532
        2523        2539
        2523        2540
        2523        2542
        2523        2545
        2523        2552
        2523        2565
        2523        2577
        2524        2525
        2524        2529
        2524        2530
        2524        2538
        2524        2576
        2525        2528
        2525        2539
        2525        2540
        2525        2549
        2525        2578
        2526        2538
        2526        2543
        2526        2544
        2526        2546
        2526        2547
        2526        2548
        2527        2529
        2527        2530
        2527        2538
        2527        2543
        2527        2544
        2527        2546
        2527        2547
        2527        2548
        2527        2576
        2528        2533
        2528        2534
        2528        2541
        2528        2543
        2528        2544
        2528        2576
        2529        2531
        2529        2532
        2529        2539
        2529        2540
        2529        2542
        2529        2578
        2530        2535
        2530        2536
        2530        2537
        2530        2539
        2530        2540
        2530        2542
        2530        2578
        2531        2533
        2531        2534
        2531        2538
        2532        2538
        2533        2535
        2533        2536
        2533        2537
        2538        2545
        2538        2578
        2539        2541
        2539        2543
        2539        2544
        2540        2543
        2540        2544
        2541        2542
        2542        2546
        2542        2547
        2542        2548
        2543        2545
        2544        2545
        2546        2549
        2547        2549
        2550        2553
        2550        2558
        2550        2559
        2550        2566
        2550        2567
        2550        2576
        2550        2579
        2550        2656
        2550        2669
        2550        2674
        2551        2552
        2551        2556
        2551        2557
        2551        2565
        2551        2673
        2552        2555
        2552        2566
        2552        2567
        2552        2583
        2552        2675
        2553        2565
        2553        2577
        2553        2578
        2553        2580
        2553        2581
        2553        2582
        2554        2556
        2554        2557
        2554        2565
        2554        2577
        2554        2578
        2554        2580
        2554        2581
        2554        2582
        2554        2673
        2555        2560
        2555        2561
        2555        2568
        2555        2577
        2555        2578
        2555        2673
        2556        2558
        2556        2559
        2556        2566
        2556        2567
        2556        2576
        2556        2675
        2557        2562
        2557        2563
        2557        2564
        2557        2566
        2557        2567
        2557        2576
        2557        2675
        2558        2560
        2558        2561
        2558        2565
        2559        2565
        2560        2562
        2560        2563
        2560        2564
        2565        2569
        2565        2570
        2565        2572
        2565        2579
        2565        2675
        2566        2568
        2566        2577
        2566        2578
        2567        2571
        2567        2573
        2567        2574
        2567        2575
        2567        2577
        2567        2578
        2567        2584
        2568        2576
        2568        2585
        2568        2586
        2569        2571
        2569        2573
        2569        2574
        2569        2575
        2569        2584
        2570        2573
        2570        2574
        2570        2575
        2570        2587
        2570        2588
        2570        2592
        2571        2572
        2571        2585
        2571        2586
        2572        2584
        2576        2580
        2576        2581
        2576        2582
        2577        2579
        2578        2579
        2580        2583
        2581        2583
        2584        2589
        2584        2590
        2584        2591
        2584        2593
        2584        2594
        2585        2587
        2585        2588
        2585        2592
        2586        2595
        2586        2596
        2587        2589
        2587        2590
        2587        2591
        2587        2593
        2587        2594
        2588        2593
        2588        2594
        2589        2592
        2590        2592
        2591        2592
        2592        2597
        2592        2598
        2592        2603
        2593        2595
        2593        2596
        2594        2599
        2594        2600
        2594        2604
        2594        2605
        2594        2606
        2595        2597
        2595        2598
        2595        2603
        2596        2601
        2596        2602
        2596        2607
        2596        2608
        2596        2609
        2597        2599
        2597        2600
        2597        2604
        2597        2605
        2597        2606
        2598        2604
        2598        2605
        2598        2606
        2599        2601
        2599        2602
        2599        2603
        2600        2603
        2603        2610
        2603        2611
        2604        2607
        2604        2608
        2604        2609
        2605        2607
        2605        2608
        2605        2609
        2606        2612
        2606        2613
        2607        2610
        2607        2611
        2608        2610
        2608        2611
        2609        2614
        2609        2615
        2609        2631
        2610        2612
        2610        2613
        2611        2616
        2611        2617
        2611        2618
        2611        2632
        2611        2633
        2612        2614
        2612        2615
        2612        2631
        2613        2619
        2613        2620
        2613        2621
        2613        2634
        2613        2635
        2614        2616
        2614        2617
        2614        2618
        2614        2632
        2614        2633
        2615        2622
        2615        2623
        2615        2624
        2615        2632
        2615        2633
        2616        2619
        2616        2620
        2616        2621
        2616        2631
        2617        2619
        2617        2620
        2617        2621
        2617        2631
        2618        2625
        2618        2626
        2618        2627
        2618        2631
        2619        2622
        2619        2623
        2619        2624
        2620        2622
        2620        2623
        2620        2624
        2621        2628
        2621        2629
        2621        2630
        2622        2625
        2622        2626
        2622        2627
        2623        2625
        2623        2626
        2623        2627
        2625        2628
        2625        2629
        2625        2630
        2626        2628
        2626        2629
        2626        2630
        2631        2636
        2631        2637
        2631        2641
        2632        2634
        2632        2635
        2633        2638
        2633        2639
        2633        2640
        2633        2642
        2633        2643
        2634        2636
        2634        2637
        2634        2641
        2635        2644
        2635        2645
        2636        2638
        2636        2639
        2636        2640
        2636        2642
        2636        2643
        2637        2642
        2637        2643
        2638        2641
        2639        2641
        2640        2641
        2641        2646
        2641        2647
        2641        2651
        2642        2644
        2642        2645
        2643        2648
        2643        2649
        2643        2650
        2643        2652
        2643        2653
        2644        2646
        2644        2647
        2644        2651
        2646        2648
        2646        2649
        2646        2650
        2646        2652
        2646        2653
        2647        2652
        2647        2653
        2648        2651
        2649        2651
        2650        2651
        2654        2657
        2654        2662
        2654        2663
        2654        2670
        2654        2671
        2654        2673
        2654        2676
        2654        2683
        2654        2696
        2654        2708
        2655        2656
        2655        2660
        2655        2661
        2655        2669
        2655        2707
        2656        2659
        2656        2670
        2656        2671
        2656        2680
        2656        2709
        2657        2669
        2657        2674
        2657        2675
        2657        2677
        2657        2678
        2657        2679
        2658        2660
        2658        2661
        2658        2669
        2658        2674
        2658        2675
        2658        2677
        2658        2678
        2658        2679
        2658        2707
        2659        2664
        2659        2665
        2659        2672
        2659        2674
        2659        2675
        2659        2707
        2660        2662
        2660        2663
        2660        2670
        2660        2671
        2660        2673
        2660        2709
        2661        2666
        2661        2667
        2661        2668
        2661        2670
        2661        2671
        2661        2673
        2661        2709
        2662        2664
        2662        2665
        2662        2669
        2663        2669
        2664        2666
        2664        2667
        2664        2668
        2669        2676
        2669        2709
        2670        2672
        2670        2674
        2670        2675
        2671        2674
        2671        2675
        2672        2673
        2673        2677
        2673        2678
        2673        2679
        2674        2676
        2675        2676
        2677        2680
        2678        2680
        2681        2684
        2681        2689
        2681        2690
        2681        2697
        2681        2698
        2681        2707
        2681        2710
        2681        2820
        2681        2833
        2681        2838
        2682        2683
        2682        2687
        2682        2688
        2682        2696
        2682        2837
        2683        2686
        2683        2697
        2683        2698
        2683        2714
        2683        2839
        2684        2696
        2684        2708
        2684        2709
        2684        2711
        2684        2712
        2684        2713
        2685        2687
        2685        2688
        2685        2696
        2685        2708
        2685        2709
        2685        2711
        2685        2712
        2685        2713
        2685        2837
        2686        2691
        2686        2692
        2686        2699
        2686        2708
        2686        2709
        2686        2837
        2687        2689
        2687        2690
        2687        2697
        2687        2698
        2687        2707
        2687        2839
        2688        2693
        2688        2694
        2688        2695
        2688        2697
        2688        2698
        2688        2707
        2688        2839
        2689        2691
        2689        2692
        2689        2696
        2690        2696
        2691        2693
        2691        2694
        2691        2695
        2696        2700
        2696        2701
        2696        2703
        2696        2710
        2696        2839
        2697        2699
        2697        2708
        2697        2709
        2698        2702
        2698        2704
        2698        2705
        2698        2706
        2698        2708
        2698        2709
        2698        2715
        2699        2707
        2699        2716
        2699        2717
        2700        2702
        2700        2704
        2700        2705
        2700        2706
        2700        2715
        2701        2704
        2701        2705
        2701        2706
        2701        2718
        2701        2719
        2701        2723
        2702        2703
        2702        2716
        2702        2717
        2703        2715
        2707        2711
        2707        2712
        2707        2713
        2708        2710
        2709        2710
        2711        2714
        2712        2714
        2715        2720
        2715        2721
        2715        2722
        2715        2724
        2715        2725
        2716        2718
        2716        2719
        2716        2723
        2717        2726
        2717        2727
        2718        2720
        2718        2721
        2718        2722
        2718        2724
        2718        2725
        2719        2724
        2719        2725
        2720        2723
        2721        2723
        2722        2723
        2723        2728
        2723        2729
        2723        2734
        2724        2726
        2724        2727
        2725        2730
        2725        2731
        2725        2735
        2725        2736
        2725        2737
        2726        2728
        2726        2729
        2726        2734
        2727        2732
        2727        2733
        2727        2738
        2727        2739
        2727        2740
        2728        2730
        2728        2731
        2728        2735
        2728        2736
        2728        2737
        2729        2735
        2729        2736
        2729        2737
        2730        2732
        2730        2733
        2730        2734
        2731        2734
        2734        2741
        2734        2742
        2735        2738
        2735        2739
        2735        2740
        2736        2738
        2736        2739
        2736        2740
        2737        2743
        2737        2744
        2738        2741
        2738        2742
        2739        2741
        2739        2742
        2740        2745
        2740        2746
        2740        2760
        2741        2743
        2741        2744
        2742        2747
        2742        2748
        2742        2749
        2742        2761
        2742        2797
        2743        2745
        2743        2746
        2743        2760
        2744        2750
        2744        2751
        2744        2752
        2744        2798
        2744        2799
        2745        2747
        2745        2748
        2745        2749
        2745        2761
        2745        2797
        2746        2753
        2746        2754
        2746        2755
        2746        2761
        2746        2797
        2747        2750
        2747        2751
        2747        2752
        2747        2760
        2748        2750
        2748        2751
        2748        2752
        2748        2760
        2749        2756
        2749        2757
        2749        2758
        2749        2760
        2750        2753
        2750        2754
        2750        2755
        2751        2753
        2751        2754
        2751        2755
        2752        2759
        2752        2762
        2753        2756
        2753        2757
        2753        2758
        2754        2756
        2754        2757
        2754        2758
        2755        2763
        2755        2764
        2756        2759
        2756        2762
        2757        2759
        2757        2762
        2758        2765
        2758        2766
        2758        2767
        2759        2763
        2759        2764
        2760        2800
        2760        2801
        2760        2805
        2761        2798
        2761        2799
        2762        2768
        2762        2769
        2763        2765
        2763        2766
        2763        2767
        2764        2770
        2764        2771
        2765        2768
        2765        2769
        2766        2768
        2766        2769
        2767        2772
        2767        2773
        2767        2774
        2768        2770
        2768        2771
        2769        2775
        2769        2776
        2770        2772
        2770        2773
        2770        2774
        2771        2777
        2771        2778
        2772        2775
        2772        2776
        2773        2775
        2773        2776
        2774        2779
        2774        2780
        2774        2781
        2775        2777
        2775        2778
        2776        2782
        2776        2783
        2777        2779
        2777        2780
        2777        2781
        2778        2784
        2778        2785
        2779        2782
        2779        2783
        2780        2782
        2780        2783
        2781        2786
        2781        2787
        2781        2788
        2782        2784
        2782        2785
        2783        2789
        2783        2790
        2784        2786
        2784        2787
        2784        2788
        2785        2791
        2785        2792
        2786        2789
        2786        2790
        2787        2789
        2787        2790
        2788        2793
        2788        2794
        2788        2795
        2789        2791
        2789        2792
        2790        2796
        2791        2793
        2791        2794
        2791        2795
        2793        2796
        2794        2796
        2797        2802
        2797        2803
        2797        2804
        2797        2806
        2797        2807
        2798        2800
        2798        2801
        2798        2805
        2799        2808
        2799        2809
        2800        2802
        2800        2803
        2800        2804
        2800        2806
        2800        2807
        2801        2806
        2801        2807
        2802        2805
        2803        2805
        2804        2805
        2805        2810
        2805        2811
        2805        2815
        2806        2808
        2806        2809
        2807        2812
        2807        2813
        2807        2814
        2807        2816
        2807        2817
        2808        2810
        2808        2811
        2808        2815
        2810        2812
        2810        2813
        2810        2814
        2810        2816
        2810        2817
        2811        2816
        2811        2817
        2812        2815
        2813        2815
        2814        2815
        2818        2821
        2818        2826
        2818        2827
        2818        2834
        2818        2835
        2818        2837
        2818        2840
        2818        2847
        2818        2860
        2818        2872
        2819        2820
        2819        2824
        2819        2825
        2819        2833
        2819        2871
        2820        2823
        2820        2834
        2820        2835
        2820        2844
        2820        2873
        2821        2833
        2821        2838
        2821        2839
        2821        2841
        2821        2842
        2821        2843
        2822        2824
        2822        2825
        2822        2833
        2822        2838
        2822        2839
        2822        2841
        2822        2842
        2822        2843
        2822        2871
        2823        2828
        2823        2829
        2823        2836
        2823        2838
        2823        2839
        2823        2871
        2824        2826
        2824        2827
        2824        2834
        2824        2835
        2824        2837
        2824        2873
        2825        2830
        2825        2831
        2825        2832
        2825        2834
        2825        2835
        2825        2837
        2825        2873
        2826        2828
        2826        2829
        2826        2833
        2827        2833
        2828        2830
        2828        2831
        2828        2832
        2833        2840
        2833        2873
        2834        2836
        2834        2838
        2834        2839
        2835        2838
        2835        2839
        2836        2837
        2837        2841
        2837        2842
        2837        2843
        2838        2840
        2839        2840
        2841        2844
        2842        2844
        2845        2848
        2845        2853
        2845        2854
        2845        2861
        2845        2862
        2845        2871
        2845        2874
        2845        2951
        2845        2964
        2845        2969
        2846        2847
        2846        2851
        2846        2852
        2846        2860
        2846        2968
        2847        2850
        2847        2861
        2847        2862
        2847        2878
        2847        2970
        2848        2860
        2848        2872
        2848        2873
        2848        2875
        2848        2876
        2848        2877
        2849        2851
        2849        2852
        2849        2860
        2849        2872
        2849        2873
        2849        2875
        2849        2876
        2849        2877
        2849        2968
        2850        2855
        2850        2856
        2850        2863
        2850        2872
        2850        2873
        2850        2968
        2851        2853
        2851        2854
        2851        2861
        2851        2862
        2851        2871
        2851        2970
        2852        2857
        2852        2858
        2852        2859
        2852        2861
        2852        2862
        2852        2871
        2852        2970
        2853        2855
        2853        2856
        2853        2860
        2854        2860
        2855        2857
        2855        2858
        2855        2859
        2860        2864
        2860        2865
        2860        2867
        2860        2874
        2860        2970
        2861        2863
        2861        2872
        2861        2873
        2862        2866
        2862        2868
        2862        2869
        2862        2870
        2862        2872
        2862        2873
        2862        2879
        2863        2871
        2863        2880
        2863        2881
        2864        2866
        2864        2868
        2864        2869
        2864        2870
        2864        2879
        2865        2868
        2865        2869
        2865        2870
        2865        2882
        2865        2883
        2865        2887
        2866        2867
        2866        2880
        2866        2881
        2867        2879
        2871        2875
        2871        2876
        2871        2877
        2872        2874
        2873        2874
        2875        2878
        2876        2878
        2879        2884
        2879        2885
        2879        2886
        2879        2888
        2879        2889
        2880        2882
        2880        2883
        2880        2887
        2881        2890
        2881        2891
        2882        2884
        2882        2885
        2882        2886
        2882        2888
        2882        2889
        2883        2888
        2883        2889
        2884        2887
        2885        2887
        2886        2887
        2887        2892
        2887        2893
        2887        2898
        2888        2890
        2888        2891
        2889        2894
        2889        2895
        2889        2899
        2889        2900
        2889        2901
        2890        2892
        2890        2893
        2890        2898
        2891        2896
        2891        2897
        2891        2902
        2891        2903
        2891        2904
        2892        2894
        2892        2895
        2892        2899
        2892        2900
        2892        2901
        2893        2899
        2893        2900
        2893        2901
        2894        2896
        2894        2897
        2894        2898
        2895        2898
        2898        2905
        2898        2906
        2899        2902
        2899        2903
        2899        2904
        2900        2902
        2900        2903
        2900        2904
        2901        2907
        2901        2908
        2902        2905
        2902        2906
        2903        2905
        2903        2906
        2904        2909
        2904        2910
        2904        2926
        2905        2907
        2905        2908
        2906        2911
        2906        2912
        2906        2913
        2906        2927
        2906        2928
        2907        2909
        2907        2910
        2907        2926
        2908        2914
        2908        2915
        2908        2916
        2908        2929
        2908        2930
        2909        2911
        2909        2912
        2909        2913
        2909        2927
        2909        2928
        2910        2917
        2910        2918
        2910        2919
        2910        2927
        2910        2928
        2911        2914
        2911        2915
        2911        2916
        2911        2926
        2912        2914
        2912        2915
        2912        2916
        2912        2926
        2913        2920
        2913        2921
        2913        2922
        2913        2926
        2914        2917
        2914        2918
        2914        2919
        2915        2917
        2915        2918
        2915        2919
        2916        2923
        2916        2924
        2916        2925
        2917        2920
        2917        2921
        2917        2922
        2918        2920
        2918        2921
        2918        2922
        2920        2923
        2920        2924
        2920        2925
        2921        2923
        2921        2924
        2921        2925
        2926        2931
        2926        2932
        2926        2936
        2927        2929
        2927        2930
        2928        2933
        2928        2934
        2928        2935
        2928        2937
        2928        2938
        2929        2931
        2929        2932
        2929        2936
        2930        2939
        2930        2940
        2931        2933
        2931        2934
        2931        2935
        2931        2937
        2931        2938
        2932        2937
        2932        2938
        2933        2936
        2934        2936
        2935        2936
        2936        2941
        2936        2942
        2936        2946
        2937        2939
        2937        2940
        2938        2943
        2938        2944
        2938        2945
        2938        2947
        2938        2948
        2939        2941
        2939        2942
        2939        2946
        2941        2943
        2941        2944
        2941        2945
        2941        2947
        2941        2948
        2942        2947
        2942        2948
        2943        2946
        2944        2946
        2945        2946
        2949        2952
        2949        2957
        2949        2958
        2949        2965
        2949        2966
        2949        2968
        2949        2971
        2949        2978
        2949        2991
        2949        3003
        2950        2951
        2950        2955
        2950        2956
        2950        2964
        2950        3002
        2951        2954
        2951        2965
        2951        2966
        2951        2975
        2951        3004
        2952        2964
        2952        2969
        2952        2970
        2952        2972
        2952        2973
        2952        2974
        2953        2955
        2953        2956
        2953        2964
        2953        2969
        2953        2970
        2953        2972
        2953        2973
        2953        2974
        2953        3002
        2954        2959
        2954        2960
        2954        2967
        2954        2969
        2954        2970
        2954        3002
        2955        2957
        2955        2958
        2955        2965
        2955        2966
        2955        2968
        2955        3004
        2956        2961
        2956        2962
        2956        2963
        2956        2965
        2956        2966
        2956        2968
        2956        3004
        2957        2959
        2957        2960
        2957        2964
        2958        2964
        2959        2961
        2959        2962
        2959        2963
        2964        2971
        2964        3004
        2965        2967
        2965        2969
        2965        2970
        2966        2969
        2966        2970
        2967        2968
        2968        2972
        2968        2973
        2968        2974
        2969        2971
        2970        2971
        2972        2975
        2973        2975
        2976        2979
        2976        2984
        2976        2985
        2976        2992
        2976        2993
        2976        3002
        2976        3005
        2976        3115
        2976        3128
        2976        3133
        2977        2978
        2977        2982
        2977        2983
        2977        2991
        2977        3132
        2978        2981
        2978        2992
        2978        2993
        2978        3009
        2978        3134
        2979        2991
        2979        3003
        2979        3004
        2979        3006
        2979        3007
        2979        3008
        2980        2982
        2980        2983
        2980        2991
        2980        3003
        2980        3004
        2980        3006
        2980        3007
        2980        3008
        2980        3132
        2981        2986
        2981        2987
        2981        2994
        2981        3003
        2981        3004
        2981        3132
        2982        2984
        2982        2985
        2982        2992
        2982        2993
        2982        3002
        2982        3134
        2983        2988
        2983        2989
        2983        2990
        2983        2992
        2983        2993
        2983        3002
        2983        3134
        2984        2986
        2984        2987
        2984        2991
        2985        2991
        2986        2988
        2986        2989
        2986        2990
        2991        2995
        2991        2996
        2991        2998
        2991        3005
        2991        3134
        2992        2994
        2992        3003
        2992        3004
        2993        2997
        2993        2999
        2993        3000
        2993        3001
        2993        3003
        2993        3004
        2993        3010
        2994        3002
        2994        3011
        2994        3012
        2995        2997
        2995        2999
        2995        3000
        2995        3001
        2995        3010
        2996        2999
        2996        3000
        2996        3001
        2996        3013
        2996        3014
        2996        3018
        2997        2998
        2997        3011
        2997        3012
        2998        3010
        3002        3006
        3002        3007
        3002        3008
        3003        3005
        3004        3005
        3006        3009
        3007        3009
        3010        3015
        3010        3016
        3010        3017
        3010        3019
        3010        3020
        3011        3013
        3011        3014
        3011        3018
        3012        3021
        3012        3022
        3013        3015
        3013        3016
        3013        3017
        3013        3019
        3013        3020
        3014        3019
        3014        3020
        3015        3018
        3016        3018
        3017        3018
        3018        3023
        3018        3024
        3018        3029
        3019        3021
        3019        3022
        3020        3025
        3020        3026
        3020        3030
        3020        3031
        3020        3032
        3021        3023
        3021        3024
        3021        3029
        3022        3027
        3022        3028
        3022        3033
        3022        3034
        3022        3035
        3023        3025
        3023        3026
        3023        3030
        3023        3031
        3023        3032
        3024        3030
        3024        3031
        3024        3032
        3025        3027
        3025        3028
        3025        3029
        3026        3029
        3029        3036
        3029        3037
        3030        3033
        3030        3034
        3030        3035
        3031        3033
        3031        3034
        3031        3035
        3032        3038
        3032        3039
        3033        3036
        3033        3037
        3034        3036
        3034        3037
        3035        3040
        3035        3041
        3035        3055
        3036        3038
        3036        3039
        3037        3042
        3037        3043
        3037        3044
        3037        3056
        3037        3092
        3038        3040
        3038        3041
        3038        3055
        3039        3045
        3039        3046
        3039        3047
        3039        3093
        3039        3094
        3040        3042
        3040        3043
        3040        3044
        3040        3056
        3040        3092
        3041        3048
        3041        3049
        3041        3050
        3041        3056
        3041        3092
        3042        3045
        3042        3046
        3042        3047
        3042        3055
        3043        3045
        3043        3046
        3043        3047
        3043        3055
        3044        3051
        3044        3052
        3044        3053
        3044        3055
        3045        3048
        3045        3049
        3045        3050
        3046        3048
        3046        3049
        3046        3050
        3047        3054
        3047        3057
        3048        3051
        3048        3052
        3048        3053
        3049        3051
        3049        3052
        3049        3053
        3050        3058
        3050        3059
        3051        3054
        3051        3057
        3052        3054
        3052        3057
        3053        3060
        3053        3061
        3053        3062
        3054        3058
        3054        3059
        3055        3095
        3055        3096
        3055        3100
        3056        3093
        3056        3094
        3057        3063
        3057        3064
        3058        3060
        3058        3061
        3058        3062
        3059        3065
        3059        3066
        3060        3063
        3060        3064
        3061        3063
        3061        3064
        3062        3067
        3062        3068
        3062        3069
        3063        3065
        3063        3066
        3064        3070
        3064        3071
        3065        3067
        3065        3068
        3065        3069
        3066        3072
        3066        3073
        3067        3070
        3067        3071
        3068        3070
        3068        3071
        3069        3074
        3069        3075
        3069        3076
        3070        3072
        3070        3073
        3071        3077
        3071        3078
        3072        3074
        3072        3075
        3072        3076
        3073        3079
        3073        3080
        3074        3077
        3074        3078
        3075        3077
        3075        3078
        3076        3081
        3076        3082
        3076        3083
        3077        3079
        3077        3080
        3078        3084
        3078        3085
        3079        3081
        3079        3082
        3079        3083
        3080        3086
        3080        3087
        3081        3084
        3081        3085
        3082        3084
        3082        3085
        3083        3088
        3083        3089
        3083        3090
        3084        3086
        3084        3087
        3085        3091
        3085        4930
        3086        3088
        3086        3089
        3086        3090
        3087        4924
        3087        4931
        3088        3091
        3088        4930
        3089        3091
        3089        4930
        3090        4922
        3090        4925
        3090        4926
        3091        4924
        3091        4931
        3092        3097
        3092        3098
        3092        3099
        3092        3101
        3092        3102
        3093        3095
        3093        3096
        3093        3100
        3094        3103
        3094        3104
        3095        3097
        3095        3098
        3095        3099
        3095        3101
        3095        3102
        3096        3101
        3096        3102
        3097        3100
        3098        3100
        3099        3100
        3100        3105
        3100        3106
        3100        3110
        3101        3103
        3101        3104
        3102        3107
        3102        3108
        3102        3109
        3102        3111
        3102        3112
        3103        3105
        3103        3106
        3103        3110
        3105        3107
        3105        3108
        3105        3109
        3105        3111
        3105        3112
        3106        3111
        3106        3112
        3107        3110
        3108        3110
        3109        3110
        3113        3116
        3113        3121
        3113        3122
        3113        3129
        3113        3130
        3113        3132
        3113        3135
        3113        3142
        3113        3155
        3113        3167
        3114        3115
        3114        3119
        3114        3120
        3114        3128
        3114        3166
        3115        3118
        3115        3129
        3115        3130
        3115        3139
        3115        3168
        3116        3128
        3116        3133
        3116        3134
        3116        3136
        3116        3137
        3116        3138
        3117        3119
        3117        3120
        3117        3128
        3117        3133
        3117        3134
        3117        3136
        3117        3137
        3117        3138
        3117        3166
        3118        3123
        3118        3124
        3118        3131
        3118        3133
        3118        3134
        3118        3166
        3119        3121
        3119        3122
        3119        3129
        3119        3130
        3119        3132
        3119        3168
        3120        3125
        3120        3126
        3120        3127
        3120        3129
        3120        3130
        3120        3132
        3120        3168
        3121        3123
        3121        3124
        3121        3128
        3122        3128
        3123        3125
        3123        3126
        3123        3127
        3128        3135
        3128        3168
        3129        3131
        3129        3133
        3129        3134
        3130        3133
        3130        3134
        3131        3132
        3132        3136
        3132        3137
        3132        3138
        3133        3135
        3134        3135
        3136        3139
        3137        3139
        3140        3143
        3140        3148
        3140        3149
        3140        3156
        3140        3157
        3140        3166
        3140        3169
        3140        3235
        3140        3248
        3140        3253
        3141        3142
        3141        3146
        3141        3147
        3141        3155
        3141        3252
        3142        3145
        3142        3156
        3142        3157
        3142        3173
        3142        3254
        3143        3155
        3143        3167
        3143        3168
        3143        3170
        3143        3171
        3143        3172
        3144        3146
        3144        3147
        3144        3155
        3144        3167
        3144        3168
        3144        3170
        3144        3171
        3144        3172
        3144        3252
        3145        3150
        3145        3151
        3145        3158
        3145        3167
        3145        3168
        3145        3252
        3146        3148
        3146        3149
        3146        3156
        3146        3157
        3146        3166
        3146        3254
        3147        3152
        3147        3153
        3147        3154
        3147        3156
        3147        3157
        3147        3166
        3147        3254
        3148        3150
        3148        3151
        3148        3155
        3149        3155
        3150        3152
        3150        3153
        3150        3154
        3155        3159
        3155        3160
        3155        3162
        3155        3169
        3155        3254
        3156        3158
        3156        3167
        3156        3168
        3157        3161
        3157        3163
        3157        3164
        3157        3165
        3157        3167
        3157        3168
        3157        3174
        3158        3166
        3158        3175
        3158        3176
        3159        3161
        3159        3163
        3159        3164
        3159        3165
        3159        3174
        3160        3163
        3160        3164
        3160        3165
        3160        3177
        3160        3178
        3160        3182
        3161        3162
        3161        3175
        3161        3176
        3162        3174
        3166        3170
        3166        3171
        3166        3172
        3167        3169
        3168        3169
        3170        3173
        3171        3173
        3174        3179
        3174        3180
        3174        3181
        3174        3183
        3174        3184
        3175        3177
        3175        3178
        3175        3182
        3176        3185
        3176        3186
        3177        3179
        3177        3180
        3177        3181
        3177        3183
        3177        3184
        3178        3183
        3178        3184
        3179        3182
        3180        3182
        3181        3182
        3182        3187
        3182        3188
        3182        3193
        3183        3185
        3183        3186
        3184        3189
        3184        3190
        3184        3194
        3184        3195
        3184        3196
        3185        3187
        3185        3188
        3185        3193
        3186        3191
        3186        3192
        3186        3197
        3186        3198
        3186        3199
        3187        3189
        3187        3190
        3187        3194
        3187        3195
        3187        3196
        3188        3194
        3188        3195
        3188        3196
        3189        3191
        3189        3192
        3189        3193
        3190        3193
        3193        3200
        3193        3201
        3194        3197
        3194        3198
        3194        3199
        3195        3197
        3195        3198
        3195        3199
        3196        3202
        3196        3203
        3197        3200
        3197        3201
        3198        3200
        3198        3201
        3199        3204
        3199        3205
        3199        3221
        3200        3202
        3200        3203
        3201        3206
        3201        3207
        3201        3208
        3201        3222
        3201        3223
        3202        3204
        3202        3205
        3202        3221
        3203        3209
        3203        3210
        3203        3211
        3203        3224
        3203        3225
        3204        3206
        3204        3207
        3204        3208
        3204        3222
        3204        3223
        3205        3212
        3205        3213
        3205        3214
        3205        3222
        3205        3223
        3206        3209
        3206        3210
        3206        3211
        3206        3221
        3207        3209
        3207        3210
        3207        3211
        3207        3221
        3208        3215
        3208        3216
        3208        3217
        3208        3221
        3209        3212
        3209        3213
        3209        3214
        3210        3212
        3210        3213
        3210        3214
        3211        3218
        3211        3219
        3211        3220
        3212        3215
        3212        3216
        3212        3217
        3213        3215
        3213        3216
        3213        3217
        3215        3218
        3215        3219
        3215        3220
        3216        3218
        3216        3219
        3216        3220
        3221        3226
        3221        3227
        3221        3231
        3222        3224
        3222        3225
        3223        3228
        3223        3229
        3223        3230
        3223        3232
        3224        3226
        3224        3227
        3224        3231
        3226        3228
        3226        3229
        3226        3230
        3226        3232
        3227        3232
        3228        3231
        3229        3231
        3230        3231
        3233        3236
        3233        3241
        3233        3242
        3233        3249
        3233        3250
        3233        3252
        3233        3255
        3233        3262
        3233        3275
        3233        3287
        3234        3235
        3234        3239
        3234        3240
        3234        3248
        3234        3286
        3235        3238
        3235        3249
        3235        3250
        3235        3259
        3235        3288
        3236        3248
        3236        3253
        3236        3254
        3236        3256
        3236        3257
        3236        3258
        3237        3239
        3237        3240
        3237        3248
        3237        3253
        3237        3254
        3237        3256
        3237        3257
        3237        3258
        3237        3286
        3238        3243
        3238        3244
        3238        3251
        3238        3253
        3238        3254
        3238        3286
        3239        3241
        3239        3242
        3239        3249
        3239        3250
        3239        3252
        3239        3288
        3240        3245
        3240        3246
        3240        3247
        3240        3249
        3240        3250
        3240        3252
        3240        3288
        3241        3243
        3241        3244
        3241        3248
        3242        3248
        3243        3245
        3243        3246
        3243        3247
        3248        3255
        3248        3288
        3249        3251
        3249        3253
        3249        3254
        3250        3253
        3250        3254
        3251        3252
        3252        3256
        3252        3257
        3252        3258
        3253        3255
        3254        3255
        3256        3259
        3257        3259
        3260        3263
        3260        3268
        3260        3269
        3260        3276
        3260        3277
        3260        3286
        3260        3289
        3260        3401
        3260        3414
        3260        3419
        3261        3262
        3261        3266
        3261        3267
        3261        3275
        3261        3418
        3262        3265
        3262        3276
        3262        3277
        3262        3293
        3262        3420
        3263        3275
        3263        3287
        3263        3288
        3263        3290
        3263        3291
        3263        3292
        3264        3266
        3264        3267
        3264        3275
        3264        3287
        3264        3288
        3264        3290
        3264        3291
        3264        3292
        3264        3418
        3265        3270
        3265        3271
        3265        3278
        3265        3287
        3265        3288
        3265        3418
        3266        3268
        3266        3269
        3266        3276
        3266        3277
        3266        3286
        3266        3420
        3267        3272
        3267        3273
        3267        3274
        3267        3276
        3267        3277
        3267        3286
        3267        3420
        3268        3270
        3268        3271
        3268        3275
        3269        3275
        3270        3272
        3270        3273
        3270        3274
        3275        3279
        3275        3280
        3275        3282
        3275        3289
        3275        3420
        3276        3278
        3276        3287
        3276        3288
        3277        3281
        3277        3283
        3277        3284
        3277        3285
        3277        3287
        3277        3288
        3277        3294
        3278        3286
        3278        3295
        3278        3296
        3279        3281
        3279        3283
        3279        3284
        3279        3285
        3279        3294
        3280        3283
        3280        3284
        3280        3285
        3280        3297
        3280        3298
        3280        3302
        3281        3282
        3281        3295
        3281        3296
        3282        3294
        3286        3290
        3286        3291
        3286        3292
        3287        3289
        3288        3289
        3290        3293
        3291        3293
        3294        3299
        3294        3300
        3294        3301
        3294        3303
        3294        3304
        3295        3297
        3295        3298
        3295        3302
        3296        3305
        3296        3306
        3297        3299
        3297        3300
        3297        3301
        3297        3303
        3297        3304
        3298        3303
        3298        3304
        3299        3302
        3300        3302
        3301        3302
        3302        3307
        3302        3308
        3302        3313
        3303        3305
        3303        3306
        3304        3309
        3304        3310
        3304        3314
        3304        3315
        3304        3316
        3305        3307
        3305        3308
        3305        3313
        3306        3311
        3306        3312
        3306        3317
        3306        3318
        3306        3319
        3307        3309
        3307        3310
        3307        3314
        3307        3315
        3307        3316
        3308        3314
        3308        3315
        3308        3316
        3309        3311
        3309        3312
        3309        3313
        3310        3313
        3313        3320
        3313        3321
        3314        3317
        3314        3318
        3314        3319
        3315        3317
        3315        3318
        3315        3319
        3316        3322
        3316        3323
        3317        3320
        3317        3321
        3318        3320
        3318        3321
        3319        3324
        3319        3325
        3319        3339
        3320        3322
        3320        3323
        3321        3326
        3321        3327
        3321        3328
        3321        3340
        3321        3378
        3322        3324
        3322        3325
        3322        3339
        3323        3329
        3323        3330
        3323        3331
        3323        3379
        3323        3380
        3324        3326
        3324        3327
        3324        3328
        3324        3340
        3324        3378
        3325        3332
        3325        3333
        3325        3334
        3325        3340
        3325        3378
        3326        3329
        3326        3330
        3326        3331
        3326        3339
        3327        3329
        3327        3330
        3327        3331
        3327        3339
        3328        3335
        3328        3336
        3328        3337
        3328        3339
        3329        3332
        3329        3333
        3329        3334
        3330        3332
        3330        3333
        3330        3334
        3331        3338
        3331        3341
        3332        3335
        3332        3336
        3332        3337
        3333        3335
        3333        3336
        3333        3337
        3334        3342
        3334        3343
        3335        3338
        3335        3341
        3336        3338
        3336        3341
        3337        3344
        3337        3345
        3337        3346
        3338        3342
        3338        3343
        3339        3381
        3339        3382
        3339        3386
        3340        3379
        3340        3380
        3341        3347
        3341        3348
        3342        3344
        3342        3345
        3342        3346
        3343        3349
        3343        3350
        3344        3347
        3344        3348
        3345        3347
        3345        3348
        3346        3351
        3346        3352
        3346        3353
        3347        3349
        3347        3350
        3348        3354
        3348        3355
        3349        3351
        3349        3352
        3349        3353
        3350        3356
        3350        3357
        3351        3354
        3351        3355
        3352        3354
        3352        3355
        3353        3358
        3353        3359
        3353        3360
        3354        3356
        3354        3357
        3355        3361
        3355        3362
        3356        3358
        3356        3359
        3356        3360
        3357        3363
        3357        3364
        3358        3361
        3358        3362
        3359        3361
        3359        3362
        3360        3365
        3360        3366
        3360        3367
        3361        3363
        3361        3364
        3362        3368
        3362        3369
        3363        3365
        3363        3366
        3363        3367
        3364        3370
        3364        3371
        3365        3368
        3365        3369
        3366        3368
        3366        3369
        3367        3372
        3367        3373
        3367        3374
        3368        3370
        3368        3371
        3369        3375
        3369        3376
        3369        3377
        3370        3372
        3370        3373
        3370        3374
        3372        3375
        3372        3376
        3372        3377
        3373        3375
        3373        3376
        3373        3377
        3378        3383
        3378        3384
        3378        3385
        3378        3387
        3378        3388
        3379        3381
        3379        3382
        3379        3386
        3380        3389
        3380        3390
        3381        3383
        3381        3384
        3381        3385
        3381        3387
        3381        3388
        3382        3387
        3382        3388
        3383        3386
        3384        3386
        3385        3386
        3386        3391
        3386        3392
        3386        3396
        3387        3389
        3387        3390
        3388        3393
        3388        3394
        3388        3395
        3388        3397
        3388        3398
        3389        3391
        3389        3392
        3389        3396
        3391        3393
        3391        3394
        3391        3395
        3391        3397
        3391        3398
        3392        3397
        3392        3398
        3393        3396
        3394        3396
        3395        3396
        3399        3402
        3399        3407
        3399        3408
        3399        3415
        3399        3416
        3399        3418
        3399        3421
        3399        3428
        3399        3441
        3399        3453
        3400        3401
        3400        3405
        3400        3406
        3400        3414
        3400        3452
        3401        3404
        3401        3415
        3401        3416
        3401        3425
        3401        3454
        3402        3414
        3402        3419
        3402        3420
        3402        3422
        3402        3423
        3402        3424
        3403        3405
        3403        3406
        3403        3414
        3403        3419
        3403        3420
        3403        3422
        3403        3423
        3403        3424
        3403        3452
        3404        3409
        3404        3410
        3404        3417
        3404        3419
        3404        3420
        3404        3452
        3405        3407
        3405        3408
        3405        3415
        3405        3416
        3405        3418
        3405        3454
        3406        3411
        3406        3412
        3406        3413
        3406        3415
        3406        3416
        3406        3418
        3406        3454
        3407        3409
        3407        3410
        3407        3414
        3408        3414
        3409        3411
        3409        3412
        3409        3413
        3414        3421
        3414        3454
        3415        3417
        3415        3419
        3415        3420
        3416        3419
        3416        3420
        3417        3418
        3418        3422
        3418        3423
        3418        3424
        3419        3421
        3420        3421
        3422        3425
        3423        3425
        3426        3429
        3426        3434
        3426        3435
        3426        3442
        3426        3443
        3426        3452
        3426        3455
        3427        3428
        3427        3432
        3427        3433
        3427        3441
        3428        3431
        3428        3442
        3428        3443
        3428        3459
        3429        3441
        3429        3453
        3429        3454
        3429        3456
        3429        3457
        3429        3458
        3430        3432
        3430        3433
        3430        3441
        3430        3453
        3430        3454
        3430        3456
        3430        3457
        3430        3458
        3431        3436
        3431        3437
        3431        3444
        3431        3453
        3431        3454
        3432        3434
        3432        3435
        3432        3442
        3432        3443
        3432        3452
        3433        3438
        3433        3439
        3433        3440
        3433        3442
        3433        3443
        3433        3452
        3434        3436
        3434        3437
        3434        3441
        3435        3441
        3436        3438
        3436        3439
        3436        3440
        3441        3445
        3441        3446
        3441        3448
        3441        3455
        3442        3444
        3442        3453
        3442        3454
        3443        3447
        3443        3449
        3443        3450
        3443        3451
        3443        3453
        3443        3454
        3443        3460
        3444        3452
        3444        3461
        3444        3462
        3445        3447
        3445        3449
        3445        3450
        3445        3451
        3445        3460
        3446        3449
        3446        3450
        3446        3451
        3446        3463
        3446        3464
        3446        3468
        3447        3448
        3447        3461
        3447        3462
        3448        3460
        3452        3456
        3452        3457
        3452        3458
        3453        3455
        3454        3455
        3456        3459
        3457        3459
        3460        3465
        3460        3466
        3460        3467
        3460        3469
        3460        3470
        3461        3463
        3461        3464
        3461        3468
        3462        3471
        3462        3472
        3463        3465
        3463        3466
        3463        3467
        3463        3469
        3463        3470
        3464        3469
        3464        3470
        3465        3468
        3466        3468
        3467        3468
        3468        3473
        3468        3474
        3468        3479
        3469        3471
        3469        3472
        3470        3475
        3470        3476
        3470        3480
        3470        3481
        3470        3482
        3471        3473
        3471        3474
        3471        3479
        3472        3477
        3472        3478
        3472        3483
        3472        3484
        3472        3485
        3473        3475
        3473        3476
        3473        3480
        3473        3481
        3473        3482
        3474        3480
        3474        3481
        3474        3482
        3475        3477
        3475        3478
        3475        3479
        3476        3479
        3479        3486
        3479        3487
        3480        3483
        3480        3484
        3480        3485
        3481        3483
        3481        3484
        3481        3485
        3482        3488
        3482        3489
        3483        3486
        3483        3487
        3484        3486
        3484        3487
        3485        3490
        3485        3491
        3485        3507
        3486        3488
        3486        3489
        3487        3492
        3487        3493
        3487        3494
        3487        3508
        3487        3509
        3488        3490
        3488        3491
        3488        3507
        3489        3495
        3489        3496
        3489        3497
        3489        3510
        3489        3511
        3490        3492
        3490        3493
        3490        3494
        3490        3508
        3490        3509
        3491        3498
        3491        3499
        3491        3500
        3491        3508
        3491        3509
        3492        3495
        3492        3496
        3492        3497
        3492        3507
        3493        3495
        3493        3496
        3493        3497
        3493        3507
        3494        3501
        3494        3502
        3494        3503
        3494        3507
        3495        3498
        3495        3499
        3495        3500
        3496        3498
        3496        3499
        3496        3500
        3497        3504
        3497        3505
        3497        3506
        3498        3501
        3498        3502
        3498        3503
        3499        3501
        3499        3502
        3499        3503
        3501        3504
        3501        3505
        3501        3506
        3502        3504
        3502        3505
        3502        3506
        3507        3512
        3507        3513
        3507        3517
        3508        3510
        3508        3511
        3509        3514
        3509        3515
        3509        3516
        3509        3518
        3509        3519
        3510        3512
        3510        3513
        3510        3517
        3511        3520
        3511        3521
        3512        3514
        3512        3515
        3512        3516
        3512        3518
        3512        3519
        3513        3518
        3513        3519
        3514        3517
        3515        3517
        3516        3517
        3517        3522
        3517        3523
        3517        3527
        3518        3520
        3518        3521
        3519        3524
        3519        3525
        3519        3526
        3519        3528
        3519        3529
        3520        3522
        3520        3523
        3520        3527
        3522        3524
        3522        3525
        3522        3526
        3522        3528
        3522        3529
        3523        3528
        3523        3529
        3524        3527
        3525        3527
        3526        3527
        3530        3533
        3530        3538
        3530        3539
        3530        3546
        3530        3547
        3530        3549
        3530        3552
        3530        3559
        3530        3572
        3530        3584
        3531        3532
        3531        3536
        3531        3537
        3531        3545
        3531        3583
        3532        3535
        3532        3546
        3532        3547
        3532        3556
        3532        3585
        3532        5210
        3533        3545
        3533        3550
        3533        3551
        3533        3553
        3533        3554
        3533        3555
        3534        3536
        3534        3537
        3534        3545
        3534        3550
        3534        3551
        3534        3553
        3534        3554
        3534        3555
        3534        3583
        3535        3540
        3535        3541
        3535        3548
        3535        3550
        3535        3551
        3535        3583
        3536        3538
        3536        3539
        3536        3546
        3536        3547
        3536        3549
        3536        3585
        3537        3542
        3537        3543
        3537        3544
        3537        3546
        3537        3547
        3537        3549
        3537        3585
        3538        3540
        3538        3541
        3538        3545
        3539        3545
        3540        3542
        3540        3543
        3540        3544
        3545        3552
        3545        3585
        3545        5210
        3546        3548
        3546        3550
        3546        3551
        3547        3550
        3547        3551
        3548        3549
        3549        3553
        3549        3554
        3549        3555
        3549        5211
        3549        5214
        3549        5215
        3550        3552
        3550        5210
        3551        3552
        3551        5212
        3551        5216
        3551        5217
        3551        5225
        3553        3556
        3554        3556
        3557        3560
        3557        3565
        3557        3566
        3557        3573
        3557        3574
        3557        3583
        3557        3586
        3557        3663
        3557        3676
        3557        3681
        3558        3559
        3558        3563
        3558        3564
        3558        3572
        3558        3680
        3559        3562
        3559        3573
        3559        3574
        3559        3590
        3559        3682
        3560        3572
        3560        3584
        3560        3585
        3560        3587
        3560        3588
        3560        3589
        3561        3563
        3561        3564
        3561        3572
        3561        3584
        3561        3585
        3561        3587
        3561        3588
        3561        3589
        3561        3680
        3562        3567
        3562        3568
        3562        3575
        3562        3584
        3562        3585
        3562        3680
        3563        3565
        3563        3566
        3563        3573
        3563        3574
        3563        3583
        3563        3682
        3564        3569
        3564        3570
        3564        3571
        3564        3573
        3564        3574
        3564        3583
        3564        3682
        3565        3567
        3565        3568
        3565        3572
        3566        3572
        3567        3569
        3567        3570
        3567        3571
        3572        3576
        3572        3577
        3572        3579
        3572        3586
        3572        3682
        3573        3575
        3573        3584
        3573        3585
        3574        3578
        3574        3580
        3574        3581
        3574        3582
        3574        3584
        3574        3585
        3574        3591
        3575        3583
        3575        3592
        3575        3593
        3576        3578
        3576        3580
        3576        3581
        3576        3582
        3576        3591
        3577        3580
        3577        3581
        3577        3582
        3577        3594
        3577        3595
        3577        3599
        3578        3579
        3578        3592
        3578        3593
        3579        3591
        3583        3587
        3583        3588
        3583        3589
        3584        3586
        3585        3586
        3587        3590
        3588        3590
        3591        3596
        3591        3597
        3591        3598
        3591        3600
        3591        3601
        3592        3594
        3592        3595
        3592        3599
        3593        3602
        3593        3603
        3594        3596
        3594        3597
        3594        3598
        3594        3600
        3594        3601
        3595        3600
        3595        3601
        3596        3599
        3597        3599
        3598        3599
        3599        3604
        3599        3605
        3599        3610
        3600        3602
        3600        3603
        3601        3606
        3601        3607
        3601        3611
        3601        3612
        3601        3613
        3602        3604
        3602        3605
        3602        3610
        3603        3608
        3603        3609
        3603        3614
        3603        3615
        3603        3616
        3604        3606
        3604        3607
        3604        3611
        3604        3612
        3604        3613
        3605        3611
        3605        3612
        3605        3613
        3606        3608
        3606        3609
        3606        3610
        3607        3610
        3610        3617
        3610        3618
        3611        3614
        3611        3615
        3611        3616
        3612        3614
        3612        3615
        3612        3616
        3613        3619
        3613        3620
        3614        3617
        3614        3618
        3615        3617
        3615        3618
        3616        3621
        3616        3622
        3616        3638
        3617        3619
        3617        3620
        3618        3623
        3618        3624
        3618        3625
        3618        3639
        3618        3640
        3619        3621
        3619        3622
        3619        3638
        3620        3626
        3620        3627
        3620        3628
        3620        3641
        3620        3642
        3621        3623
        3621        3624
        3621        3625
        3621        3639
        3621        3640
        3622        3629
        3622        3630
        3622        3631
        3622        3639
        3622        3640
        3623        3626
        3623        3627
        3623        3628
        3623        3638
        3624        3626
        3624        3627
        3624        3628
        3624        3638
        3625        3632
        3625        3633
        3625        3634
        3625        3638
        3626        3629
        3626        3630
        3626        3631
        3627        3629
        3627        3630
        3627        3631
        3628        3635
        3628        3636
        3628        3637
        3629        3632
        3629        3633
        3629        3634
        3630        3632
        3630        3633
        3630        3634
        3632        3635
        3632        3636
        3632        3637
        3633        3635
        3633        3636
        3633        3637
        3638        3643
        3638        3644
        3638        3648
        3639        3641
        3639        3642
        3640        3645
        3640        3646
        3640        3647
        3640        3649
        3640        3650
        3641        3643
        3641        3644
        3641        3648
        3642        3651
        3642        3652
        3643        3645
        3643        3646
        3643        3647
        3643        3649
        3643        3650
        3644        3649
        3644        3650
        3645        3648
        3646        3648
        3647        3648
        3648        3653
        3648        3654
        3648        3658
        3649        3651
        3649        3652
        3650        3655
        3650        3656
        3650        3657
        3650        3659
        3650        3660
        3651        3653
        3651        3654
        3651        3658
        3653        3655
        3653        3656
        3653        3657
        3653        3659
        3653        3660
        3654        3659
        3654        3660
        3655        3658
        3656        3658
        3657        3658
        3661        3664
        3661        3669
        3661        3670
        3661        3677
        3661        3678
        3661        3680
        3661        3683
        3661        3690
        3661        3703
        3661        3715
        3662        3663
        3662        3667
        3662        3668
        3662        3676
        3662        3714
        3663        3666
        3663        3677
        3663        3678
        3663        3687
        3663        3716
        3664        3676
        3664        3681
        3664        3682
        3664        3684
        3664        3685
        3664        3686
        3665        3667
        3665        3668
        3665        3676
        3665        3681
        3665        3682
        3665        3684
        3665        3685
        3665        3686
        3665        3714
        3666        3671
        3666        3672
        3666        3679
        3666        3681
        3666        3682
        3666        3714
        3667        3669
        3667        3670
        3667        3677
        3667        3678
        3667        3680
        3667        3716
        3668        3673
        3668        3674
        3668        3675
        3668        3677
        3668        3678
        3668        3680
        3668        3716
        3669        3671
        3669        3672
        3669        3676
        3670        3676
        3671        3673
        3671        3674
        3671        3675
        3676        3683
        3676        3716
        3677        3679
        3677        3681
        3677        3682
        3678        3681
        3678        3682
        3679        3680
        3680        3684
        3680        3685
        3680        3686
        3681        3683
        3682        3683
        3684        3687
        3685        3687
        3688        3691
        3688        3696
        3688        3697
        3688        3704
        3688        3705
        3688        3714
        3688        3717
        3688        3783
        3688        3796
        3688        3801
        3689        3690
        3689        3694
        3689        3695
        3689        3703
        3689        3800
        3690        3693
        3690        3704
        3690        3705
        3690        3721
        3690        3802
        3691        3703
        3691        3715
        3691        3716
        3691        3718
        3691        3719
        3691        3720
        3692        3694
        3692        3695
        3692        3703
        3692        3715
        3692        3716
        3692        3718
        3692        3719
        3692        3720
        3692        3800
        3693        3698
        3693        3699
        3693        3706
        3693        3715
        3693        3716
        3693        3800
        3694        3696
        3694        3697
        3694        3704
        3694        3705
        3694        3714
        3694        3802
        3695        3700
        3695        3701
        3695        3702
        3695        3704
        3695        3705
        3695        3714
        3695        3802
        3696        3698
        3696        3699
        3696        3703
        3697        3703
        3698        3700
        3698        3701
        3698        3702
        3703        3707
        3703        3708
        3703        3710
        3703        3717
        3703        3802
        3704        3706
        3704        3715
        3704        3716
        3705        3709
        3705        3711
        3705        3712
        3705        3713
        3705        3715
        3705        3716
        3705        3722
        3706        3714
        3706        3723
        3706        3724
        3707        3709
        3707        3711
        3707        3712
        3707        3713
        3707        3722
        3708        3711
        3708        3712
        3708        3713
        3708        3725
        3708        3726
        3708        3730
        3709        3710
        3709        3723
        3709        3724
        3710        3722
        3714        3718
        3714        3719
        3714        3720
        3715        3717
        3716        3717
        3718        3721
        3719        3721
        3722        3727
        3722        3728
        3722        3729
        3722        3731
        3722        3732
        3723        3725
        3723        3726
        3723        3730
        3724        3733
        3724        3734
        3725        3727
        3725        3728
        3725        3729
        3725        3731
        3725        3732
        3726        3731
        3726        3732
        3727        3730
        3728        3730
        3729        3730
        3730        3735
        3730        3736
        3730        3741
        3731        3733
        3731        3734
        3732        3737
        3732        3738
        3732        3742
        3732        3743
        3732        3744
        3733        3735
        3733        3736
        3733        3741
        3734        3739
        3734        3740
        3734        3745
        3734        3746
        3734        3747
        3735        3737
        3735        3738
        3735        3742
        3735        3743
        3735        3744
        3736        3742
        3736        3743
        3736        3744
        3737        3739
        3737        3740
        3737        3741
        3738        3741
        3741        3748
        3741        3749
        3742        3745
        3742        3746
        3742        3747
        3743        3745
        3743        3746
        3743        3747
        3744        3750
        3744        3751
        3745        3748
        3745        3749
        3746        3748
        3746        3749
        3747        3752
        3747        3753
        3747        3769
        3748        3750
        3748        3751
        3749        3754
        3749        3755
        3749        3756
        3749        3770
        3749        3771
        3750        3752
        3750        3753
        3750        3769
        3751        3757
        3751        3758
        3751        3759
        3751        3772
        3751        3773
        3752        3754
        3752        3755
        3752        3756
        3752        3770
        3752        3771
        3753        3760
        3753        3761
        3753        3762
        3753        3770
        3753        3771
        3754        3757
        3754        3758
        3754        3759
        3754        3769
        3755        3757
        3755        3758
        3755        3759
        3755        3769
        3756        3763
        3756        3764
        3756        3765
        3756        3769
        3757        3760
        3757        3761
        3757        3762
        3758        3760
        3758        3761
        3758        3762
        3759        3766
        3759        3767
        3759        3768
        3760        3763
        3760        3764
        3760        3765
        3761        3763
        3761        3764
        3761        3765
        3763        3766
        3763        3767
        3763        3768
        3764        3766
        3764        3767
        3764        3768
        3769        3774
        3769        3775
        3769        3779
        3770        3772
        3770        3773
        3771        3776
        3771        3777
        3771        3778
        3771        3780
        3771        5586
        3772        3774
        3772        3775
        3772        3779
        3773        5583
        3773        5587
        3774        3776
        3774        3777
        3774        3778
        3774        3780
        3774        5586
        3775        3780
        3775        5586
        3776        3779
        3777        3779
        3778        3779
        3779        5581
        3779        5584
        3779        5585
        3780        5583
        3780        5587
        3781        3784
        3781        3789
        3781        3790
        3781        3797
        3781        3798
        3781        3800
        3781        3803
        3781        3810
        3781        3823
        3781        3835
        3782        3783
        3782        3787
        3782        3788
        3782        3796
        3782        3834
        3783        3786
        3783        3797
        3783        3798
        3783        3807
        3783        3836
        3784        3796
        3784        3801
        3784        3802
        3784        3804
        3784        3805
        3784        3806
        3785        3787
        3785        3788
        3785        3796
        3785        3801
        3785        3802
        3785        3804
        3785        3805
        3785        3806
        3785        3834
        3786        3791
        3786        3792
        3786        3799
        3786        3801
        3786        3802
        3786        3834
        3787        3789
        3787        3790
        3787        3797
        3787        3798
        3787        3800
        3787        3836
        3788        3793
        3788        3794
        3788        3795
        3788        3797
        3788        3798
        3788        3800
        3788        3836
        3789        3791
        3789        3792
        3789        3796
        3790        3796
        3791        3793
        3791        3794
        3791        3795
        3796        3803
        3796        3836
        3797        3799
        3797        3801
        3797        3802
        3798        3801
        3798        3802
        3799        3800
        3800        3804
        3800        3805
        3800        3806
        3801        3803
        3802        3803
        3804        3807
        3805        3807
        3808        3811
        3808        3816
        3808        3817
        3808        3824
        3808        3825
        3808        3834
        3808        3837
        3808        3947
        3808        3960
        3808        3965
        3809        3810
        3809        3814
        3809        3815
        3809        3823
        3809        3964
        3810        3813
        3810        3824
        3810        3825
        3810        3841
        3810        3966
        3811        3823
        3811        3835
        3811        3836
        3811        3838
        3811        3839
        3811        3840
        3812        3814
        3812        3815
        3812        3823
        3812        3835
        3812        3836
        3812        3838
        3812        3839
        3812        3840
        3812        3964
        3813        3818
        3813        3819
        3813        3826
        3813        3835
        3813        3836
        3813        3964
        3814        3816
        3814        3817
        3814        3824
        3814        3825
        3814        3834
        3814        3966
        3815        3820
        3815        3821
        3815        3822
        3815        3824
        3815        3825
        3815        3834
        3815        3966
        3816        3818
        3816        3819
        3816        3823
        3817        3823
        3818        3820
        3818        3821
        3818        3822
        3823        3827
        3823        3828
        3823        3830
        3823        3837
        3823        3966
        3824        3826
        3824        3835
        3824        3836
        3825        3829
        3825        3831
        3825        3832
        3825        3833
        3825        3835
        3825        3836
        3825        3842
        3826        3834
        3826        3843
        3826        3844
        3827        3829
        3827        3831
        3827        3832
        3827        3833
        3827        3842
        3828        3831
        3828        3832
        3828        3833
        3828        3845
        3828        3846
        3828        3850
        3829        3830
        3829        3843
        3829        3844
        3830        3842
        3834        3838
        3834        3839
        3834        3840
        3835        3837
        3836        3837
        3838        3841
        3839        3841
        3842        3847
        3842        3848
        3842        3849
        3842        3851
        3842        3852
        3843        3845
        3843        3846
        3843        3850
        3844        3853
        3844        3854
        3845        3847
        3845        3848
        3845        3849
        3845        3851
        3845        3852
        3846        3851
        3846        3852
        3847        3850
        3848        3850
        3849        3850
        3850        3855
        3850        3856
        3850        3861
        3851        3853
        3851        3854
        3852        3857
        3852        3858
        3852        3862
        3852        3863
        3852        3864
        3853        3855
        3853        3856
        3853        3861
        3854        3859
        3854        3860
        3854        3865
        3854        3866
        3854        3867
        3855        3857
        3855        3858
        3855        3862
        3855        3863
        3855        3864
        3856        3862
        3856        3863
        3856        3864
        3857        3859
        3857        3860
        3857        3861
        3858        3861
        3861        3868
        3861        3869
        3862        3865
        3862        3866
        3862        3867
        3863        3865
        3863        3866
        3863        3867
        3864        3870
        3864        3871
        3865        3868
        3865        3869
        3866        3868
        3866        3869
        3867        3872
        3867        3873
        3867        3887
        3868        3870
        3868        3871
        3869        3874
        3869        3875
        3869        3876
        3869        3888
        3869        3924
        3870        3872
        3870        3873
        3870        3887
        3871        3877
        3871        3878
        3871        3879
        3871        3925
        3871        3926
        3872        3874
        3872        3875
        3872        3876
        3872        3888
        3872        3924
        3873        3880
        3873        3881
        3873        3882
        3873        3888
        3873        3924
        3874        3877
        3874        3878
        3874        3879
        3874        3887
        3875        3877
        3875        3878
        3875        3879
        3875        3887
        3876        3883
        3876        3884
        3876        3885
        3876        3887
        3877        3880
        3877        3881
        3877        3882
        3878        3880
        3878        3881
        3878        3882
        3879        3886
        3879        3889
        3880        3883
        3880        3884
        3880        3885
        3881        3883
        3881        3884
        3881        3885
        3882        3890
        3882        3891
        3883        3886
        3883        3889
        3884        3886
        3884        3889
        3885        3892
        3885        3893
        3885        3894
        3886        3890
        3886        3891
        3887        3927
        3887        3928
        3887        3932
        3888        3925
        3888        3926
        3889        3895
        3889        3896
        3890        3892
        3890        3893
        3890        3894
        3891        3897
        3891        3898
        3892        3895
        3892        3896
        3893        3895
        3893        3896
        3894        3899
        3894        3900
        3894        3901
        3895        3897
        3895        3898
        3896        3902
        3896        3903
        3897        3899
        3897        3900
        3897        3901
        3898        3904
        3898        3905
        3899        3902
        3899        3903
        3900        3902
        3900        3903
        3901        3906
        3901        3907
        3901        3908
        3902        3904
        3902        3905
        3903        3909
        3903        3910
        3904        3906
        3904        3907
        3904        3908
        3905        3911
        3905        3912
        3906        3909
        3906        3910
        3907        3909
        3907        3910
        3908        3913
        3908        3914
        3908        3915
        3909        3911
        3909        3912
        3910        3916
        3910        3917
        3911        3913
        3911        3914
        3911        3915
        3912        3918
        3912        3919
        3913        3916
        3913        3917
        3914        3916
        3914        3917
        3915        3920
        3915        3921
        3915        3922
        3916        3918
        3916        3919
        3917        3923
        3918        3920
        3918        3921
        3918        3922
        3920        3923
        3921        3923
        3924        3929
        3924        3930
        3924        3931
        3924        3933
        3924        3934
        3925        3927
        3925        3928
        3925        3932
        3926        3935
        3926        3936
        3927        3929
        3927        3930
        3927        3931
        3927        3933
        3927        3934
        3928        3933
        3928        3934
        3929        3932
        3930        3932
        3931        3932
        3932        3937
        3932        3938
        3932        3942
        3933        3935
        3933        3936
        3934        3939
        3934        3940
        3934        3941
        3934        3943
        3934        3944
        3935        3937
        3935        3938
        3935        3942
        3937        3939
        3937        3940
        3937        3941
        3937        3943
        3937        3944
        3938        3943
        3938        3944
        3939        3942
        3940        3942
        3941        3942
        3945        3948
        3945        3953
        3945        3954
        3945        3961
        3945        3962
        3945        3964
        3945        3967
        3945        3974
        3945        3987
        3945        3999
        3946        3947
        3946        3951
        3946        3952
        3946        3960
        3946        3998
        3947        3950
        3947        3961
        3947        3962
        3947        3971
        3947        4000
        3948        3960
        3948        3965
        3948        3966
        3948        3968
        3948        3969
        3948        3970
        3949        3951
        3949        3952
        3949        3960
        3949        3965
        3949        3966
        3949        3968
        3949        3969
        3949        3970
        3949        3998
        3950        3955
        3950        3956
        3950        3963
        3950        3965
        3950        3966
        3950        3998
        3951        3953
        3951        3954
        3951        3961
        3951        3962
        3951        3964
        3951        4000
        3952        3957
        3952        3958
        3952        3959
        3952        3961
        3952        3962
        3952        3964
        3952        4000
        3953        3955
        3953        3956
        3953        3960
        3954        3960
        3955        3957
        3955        3958
        3955        3959
        3960        3967
        3960        4000
        3961        3963
        3961        3965
        3961        3966
        3962        3965
        3962        3966
        3963        3964
        3964        3968
        3964        3969
        3964        3970
        3965        3967
        3966        3967
        3968        3971
        3969        3971
        3972        3975
        3972        3980
        3972        3981
        3972        3988
        3972        3989
        3972        3998
        3972        4001
        3972        4111
        3972        4124
        3972        4129
        3973        3974
        3973        3978
        3973        3979
        3973        3987
        3973        4128
        3974        3977
        3974        3988
        3974        3989
        3974        4005
        3974        4130
        3975        3987
        3975        3999
        3975        4000
        3975        4002
        3975        4003
        3975        4004
        3976        3978
        3976        3979
        3976        3987
        3976        3999
        3976        4000
        3976        4002
        3976        4003
        3976        4004
        3976        4128
        3977        3982
        3977        3983
        3977        3990
        3977        3999
        3977        4000
        3977        4128
        3978        3980
        3978        3981
        3978        3988
        3978        3989
        3978        3998
        3978        4130
        3979        3984
        3979        3985
        3979        3986
        3979        3988
        3979        3989
        3979        3998
        3979        4130
        3980        3982
        3980        3983
        3980        3987
        3981        3987
        3982        3984
        3982        3985
        3982        3986
        3987        3991
        3987        3992
        3987        3994
        3987        4001
        3987        4130
        3988        3990
        3988        3999
        3988        4000
        3989        3993
        3989        3995
        3989        3996
        3989        3997
        3989        3999
        3989        4000
        3989        4006
        3990        3998
        3990        4007
        3990        4008
        3991        3993
        3991        3995
        3991        3996
        3991        3997
        3991        4006
        3992        3995
        3992        3996
        3992        3997
        3992        4009
        3992        4010
        3992        4014
        3993        3994
        3993        4007
        3993        4008
        3994        4006
        3998        4002
        3998        4003
        3998        4004
        3999        4001
        4000        4001
        4002        4005
        4003        4005
        4006        4011
        4006        4012
        4006        4013
        4006        4015
        4006        4016
        4007        4009
        4007        4010
        4007        4014
        4008        4017
        4008        4018
        4009        4011
        4009        4012
        4009        4013
        4009        4015
        4009        4016
        4010        4015
        4010        4016
        4011        4014
        4012        4014
        4013        4014
        4014        4019
        4014        4020
        4014        4025
        4015        4017
        4015        4018
        4016        4021
        4016        4022
        4016        4026
        4016        4027
        4016        4028
        4017        4019
        4017        4020
        4017        4025
        4018        4023
        4018        4024
        4018        4029
        4018        4030
        4018        4031
        4019        4021
        4019        4022
        4019        4026
        4019        4027
        4019        4028
        4020        4026
        4020        4027
        4020        4028
        4021        4023
        4021        4024
        4021        4025
        4022        4025
        4025        4032
        4025        4033
        4026        4029
        4026        4030
        4026        4031
        4027        4029
        4027        4030
        4027        4031
        4028        4034
        4028        4035
        4029        4032
        4029        4033
        4030        4032
        4030        4033
        4031        4036
        4031        4037
        4031        4051
        4032        4034
        4032        4035
        4033        4038
        4033        4039
        4033        4040
        4033        4052
        4033        4088
        4034        4036
        4034        4037
        4034        4051
        4035        4041
        4035        4042
        4035        4043
        4035        4089
        4035        4090
        4036        4038
        4036        4039
        4036        4040
        4036        4052
        4036        4088
        4037        4044
        4037        4045
        4037        4046
        4037        4052
        4037        4088
        4038        4041
        4038        4042
        4038        4043
        4038        4051
        4039        4041
        4039        4042
        4039        4043
        4039        4051
        4040        4047
        4040        4048
        4040        4049
        4040        4051
        4041        4044
        4041        4045
        4041        4046
        4042        4044
        4042        4045
        4042        4046
        4043        4050
        4043        4053
        4044        4047
        4044        4048
        4044        4049
        4045        4047
        4045        4048
        4045        4049
        4046        4054
        4046        4055
        4047        4050
        4047        4053
        4048        4050
        4048        4053
        4049        4056
        4049        4057
        4049        4058
        4050        4054
        4050        4055
        4051        4091
        4051        4092
        4051        4096
        4052        4089
        4052        4090
        4053        4059
        4053        4060
        4054        4056
        4054        4057
        4054        4058
        4055        4061
        4055        4062
        4056        4059
        4056        4060
        4057        4059
        4057        4060
        4058        4063
        4058        4064
        4058        4065
        4059        4061
        4059        4062
        4060        4066
        4060        4067
        4061        4063
        4061        4064
        4061        4065
        4062        4068
        4062        4069
        4063        4066
        4063        4067
        4064        4066
        4064        4067
        4065        4070
        4065        4071
        4065        4072
        4066        4068
        4066        4069
        4067        4073
        4067        4074
        4068        4070
        4068        4071
        4068        4072
        4069        4075
        4069        4076
        4070        4073
        4070        4074
        4071        4073
        4071        4074
        4072        4077
        4072        4078
        4072        4079
        4073        4075
        4073        4076
        4074        4080
        4074        4081
        4075        4077
        4075        4078
        4075        4079
        4076        4082
        4076        4083
        4077        4080
        4077        4081
        4078        4080
        4078        4081
        4079        4084
        4079        4085
        4079        4086
        4080        4082
        4080        4083
        4081        4087
        4082        4084
        4082        4085
        4082        4086
        4084        4087
        4085        4087
        4088        4093
        4088        4094
        4088        4095
        4088        4097
        4088        4098
        4089        4091
        4089        4092
        4089        4096
        4090        4099
        4090        4100
        4091        4093
        4091        4094
        4091        4095
        4091        4097
        4091        4098
        4092        4097
        4092        4098
        4093        4096
        4094        4096
        4095        4096
        4096        4101
        4096        4102
        4096        4106
        4097        4099
        4097        4100
        4098        4103
        4098        4104
        4098        4105
        4098        4107
        4098        4108
        4099        4101
        4099        4102
        4099        4106
        4101        4103
        4101        4104
        4101        4105
        4101        4107
        4101        4108
        4102        4107
        4102        4108
        4103        4106
        4104        4106
        4105        4106
        4109        4112
        4109        4117
        4109        4118
        4109        4125
        4109        4126
        4109        4128
        4109        4131
        4109        4138
        4109        4151
        4109        4163
        4110        4111
        4110        4115
        4110        4116
        4110        4124
        4110        4162
        4111        4114
        4111        4125
        4111        4126
        4111        4135
        4111        4164
        4112        4124
        4112        4129
        4112        4130
        4112        4132
        4112        4133
        4112        4134
        4113        4115
        4113        4116
        4113        4124
        4113        4129
        4113        4130
        4113        4132
        4113        4133
        4113        4134
        4113        4162
        4114        4119
        4114        4120
        4114        4127
        4114        4129
        4114        4130
        4114        4162
        4115        4117
        4115        4118
        4115        4125
        4115        4126
        4115        4128
        4115        4164
        4116        4121
        4116        4122
        4116        4123
        4116        4125
        4116        4126
        4116        4128
        4116        4164
        4117        4119
        4117        4120
        4117        4124
        4118        4124
        4119        4121
        4119        4122
        4119        4123
        4124        4131
        4124        4164
        4125        4127
        4125        4129
        4125        4130
        4126        4129
        4126        4130
        4127        4128
        4128        4132
        4128        4133
        4128        4134
        4129        4131
        4130        4131
        4132        4135
        4133        4135
        4136        4139
        4136        4144
        4136        4145
        4136        4152
        4136        4153
        4136        4162
        4136        4165
        4136        4277
        4136        4290
        4136        4295
        4137        4138
        4137        4142
        4137        4143
        4137        4151
        4137        4294
        4138        4141
        4138        4152
        4138        4153
        4138        4169
        4138        4296
        4139        4151
        4139        4163
        4139        4164
        4139        4166
        4139        4167
        4139        4168
        4140        4142
        4140        4143
        4140        4151
        4140        4163
        4140        4164
        4140        4166
        4140        4167
        4140        4168
        4140        4294
        4141        4146
        4141        4147
        4141        4154
        4141        4163
        4141        4164
        4141        4294
        4142        4144
        4142        4145
        4142        4152
        4142        4153
        4142        4162
        4142        4296
        4143        4148
        4143        4149
        4143        4150
        4143        4152
        4143        4153
        4143        4162
        4143        4296
        4144        4146
        4144        4147
        4144        4151
        4145        4151
        4146        4148
        4146        4149
        4146        4150
        4151        4155
        4151        4156
        4151        4158
        4151        4165
        4151        4296
        4152        4154
        4152        4163
        4152        4164
        4153        4157
        4153        4159
        4153        4160
        4153        4161
        4153        4163
        4153        4164
        4153        4170
        4154        4162
        4154        4171
        4154        4172
        4155        4157
        4155        4159
        4155        4160
        4155        4161
        4155        4170
        4156        4159
        4156        4160
        4156        4161
        4156        4173
        4156        4174
        4156        4178
        4157        4158
        4157        4171
        4157        4172
        4158        4170
        4162        4166
        4162        4167
        4162        4168
        4163        4165
        4164        4165
        4166        4169
        4167        4169
        4170        4175
        4170        4176
        4170        4177
        4170        4179
        4170        4180
        4171        4173
        4171        4174
        4171        4178
        4172        4181
        4172        4182
        4173        4175
        4173        4176
        4173        4177
        4173        4179
        4173        4180
        4174        4179
        4174        4180
        4175        4178
        4176        4178
        4177        4178
        4178        4183
        4178        4184
        4178        4189
        4179        4181
        4179        4182
        4180        4185
        4180        4186
        4180        4190
        4180        4191
        4180        4192
        4181        4183
        4181        4184
        4181        4189
        4182        4187
        4182        4188
        4182        4193
        4182        4194
        4182        4195
        4183        4185
        4183        4186
        4183        4190
        4183        4191
        4183        4192
        4184        4190
        4184        4191
        4184        4192
        4185        4187
        4185        4188
        4185        4189
        4186        4189
        4189        4196
        4189        4197
        4190        4193
        4190        4194
        4190        4195
        4191        4193
        4191        4194
        4191        4195
        4192        4198
        4192        4199
        4193        4196
        4193        4197
        4194        4196
        4194        4197
        4195        4200
        4195        4201
        4195        4215
        4196        4198
        4196        4199
        4197        4202
        4197        4203
        4197        4204
        4197        4216
        4197        4254
        4198        4200
        4198        4201
        4198        4215
        4199        4205
        4199        4206
        4199        4207
        4199        4255
        4199        4256
        4200        4202
        4200        4203
        4200        4204
        4200        4216
        4200        4254
        4201        4208
        4201        4209
        4201        4210
        4201        4216
        4201        4254
        4202        4205
        4202        4206
        4202        4207
        4202        4215
        4203        4205
        4203        4206
        4203        4207
        4203        4215
        4204        4211
        4204        4212
        4204        4213
        4204        4215
        4205        4208
        4205        4209
        4205        4210
        4206        4208
        4206        4209
        4206        4210
        4207        4214
        4207        4217
        4208        4211
        4208        4212
        4208        4213
        4209        4211
        4209        4212
        4209        4213
        4210        4218
        4210        4219
        4211        4214
        4211        4217
        4212        4214
        4212        4217
        4213        4220
        4213        4221
        4213        4222
        4214        4218
        4214        4219
        4215        4257
        4215        4258
        4215        4262
        4216        4255
        4216        4256
        4217        4223
        4217        4224
        4218        4220
        4218        4221
        4218        4222
        4219        4225
        4219        4226
        4220        4223
        4220        4224
        4221        4223
        4221        4224
        4222        4227
        4222        4228
        4222        4229
        4223        4225
        4223        4226
        4224        4230
        4224        4231
        4225        4227
        4225        4228
        4225        4229
        4226        4232
        4226        4233
        4227        4230
        4227        4231
        4228        4230
        4228        4231
        4229        4234
        4229        4235
        4229        4236
        4230        4232
        4230        4233
        4231        4237
        4231        4238
        4232        4234
        4232        4235
        4232        4236
        4233        4239
        4233        4240
        4234        4237
        4234        4238
        4235        4237
        4235        4238
        4236        4241
        4236        4242
        4236        4243
        4237        4239
        4237        4240
        4238        4244
        4238        4245
        4239        4241
        4239        4242
        4239        4243
        4240        4246
        4240        4247
        4241        4244
        4241        4245
        4242        4244
        4242        4245
        4243        4248
        4243        4249
        4243        4250
        4244        4246
        4244        4247
        4245        4251
        4245        4252
        4245        4253
        4246        4248
        4246        4249
        4246        4250
        4248        4251
        4248        4252
        4248        4253
        4249        4251
        4249        4252
        4249        4253
        4254        4259
        4254        4260
        4254        4261
        4254        4263
        4254        4264
        4255        4257
        4255        4258
        4255        4262
        4256        4265
        4256        4266
        4257        4259
        4257        4260
        4257        4261
        4257        4263
        4257        4264
        4258        4263
        4258        4264
        4259        4262
        4260        4262
        4261        4262
        4262        4267
        4262        4268
        4262        4272
        4263        4265
        4263        4266
        4264        4269
        4264        4270
        4264        4271
        4264        4273
        4264        4274
        4265        4267
        4265        4268
        4265        4272
        4267        4269
        4267        4270
        4267        4271
        4267        4273
        4267        4274
        4268        4273
        4268        4274
        4269        4272
        4270        4272
        4271        4272
        4275        4278
        4275        4283
        4275        4284
        4275        4291
        4275        4292
        4275        4294
        4275        4297
        4275        4304
        4275        4317
        4275        4329
        4276        4277
        4276        4281
        4276        4282
        4276        4290
        4276        4328
        4277        4280
        4277        4291
        4277        4292
        4277        4301
        4277        4330
        4278        4290
        4278        4295
        4278        4296
        4278        4298
        4278        4299
        4278        4300
        4279        4281
        4279        4282
        4279        4290
        4279        4295
        4279        4296
        4279        4298
        4279        4299
        4279        4300
        4279        4328
        4280        4285
        4280        4286
        4280        4293
        4280        4295
        4280        4296
        4280        4328
        4281        4283
        4281        4284
        4281        4291
        4281        4292
        4281        4294
        4281        4330
        4282        4287
        4282        4288
        4282        4289
        4282        4291
        4282        4292
        4282        4294
        4282        4330
        4283        4285
        4283        4286
        4283        4290
        4284        4290
        4285        4287
        4285        4288
        4285        4289
        4290        4297
        4290        4330
        4291        4293
        4291        4295
        4291        4296
        4292        4295
        4292        4296
        4293        4294
        4294        4298
        4294        4299
        4294        4300
        4295        4297
        4296        4297
        4298        4301
        4299        4301
        4302        4305
        4302        4310
        4302        4311
        4302        4318
        4302        4319
        4302        4328
        4302        4331
        4302        4397
        4302        4410
        4302        4415
        4303        4304
        4303        4308
        4303        4309
        4303        4317
        4303        4414
        4304        4307
        4304        4318
        4304        4319
        4304        4335
        4304        4416
        4305        4317
        4305        4329
        4305        4330
        4305        4332
        4305        4333
        4305        4334
        4306        4308
        4306        4309
        4306        4317
        4306        4329
        4306        4330
        4306        4332
        4306        4333
        4306        4334
        4306        4414
        4307        4312
        4307        4313
        4307        4320
        4307        4329
        4307        4330
        4307        4414
        4308        4310
        4308        4311
        4308        4318
        4308        4319
        4308        4328
        4308        4416
        4309        4314
        4309        4315
        4309        4316
        4309        4318
        4309        4319
        4309        4328
        4309        4416
        4310        4312
        4310        4313
        4310        4317
        4311        4317
        4312        4314
        4312        4315
        4312        4316
        4317        4321
        4317        4322
        4317        4324
        4317        4331
        4317        4416
        4318        4320
        4318        4329
        4318        4330
        4319        4323
        4319        4325
        4319        4326
        4319        4327
        4319        4329
        4319        4330
        4319        4336
        4320        4328
        4320        4337
        4320        4338
        4321        4323
        4321        4325
        4321        4326
        4321        4327
        4321        4336
        4322        4325
        4322        4326
        4322        4327
        4322        4339
        4322        4340
        4322        4344
        4323        4324
        4323        4337
        4323        4338
        4324        4336
        4328        4332
        4328        4333
        4328        4334
        4329        4331
        4330        4331
        4332        4335
        4333        4335
        4336        4341
        4336        4342
        4336        4343
        4336        4345
        4336        4346
        4337        4339
        4337        4340
        4337        4344
        4338        4347
        4338        4348
        4339        4341
        4339        4342
        4339        4343
        4339        4345
        4339        4346
        4340        4345
        4340        4346
        4341        4344
        4342        4344
        4343        4344
        4344        4349
        4344        4350
        4344        4355
        4345        4347
        4345        4348
        4346        4351
        4346        4352
        4346        4356
        4346        4357
        4346        4358
        4347        4349
        4347        4350
        4347        4355
        4348        4353
        4348        4354
        4348        4359
        4348        4360
        4348        4361
        4349        4351
        4349        4352
        4349        4356
        4349        4357
        4349        4358
        4350        4356
        4350        4357
        4350        4358
        4351        4353
        4351        4354
        4351        4355
        4352        4355
        4355        4362
        4355        4363
        4356        4359
        4356        4360
        4356        4361
        4357        4359
        4357        4360
        4357        4361
        4358        4364
        4358        4365
        4359        4362
        4359        4363
        4360        4362
        4360        4363
        4361        4366
        4361        4367
        4361        4383
        4362        4364
        4362        4365
        4363        4368
        4363        4369
        4363        4370
        4363        4384
        4363        4385
        4364        4366
        4364        4367
        4364        4383
        4365        4371
        4365        4372
        4365        4373
        4365        4386
        4365        4387
        4366        4368
        4366        4369
        4366        4370
        4366        4384
        4366        4385
        4367        4374
        4367        4375
        4367        4376
        4367        4384
        4367        4385
        4368        4371
        4368        4372
        4368        4373
        4368        4383
        4369        4371
        4369        4372
        4369        4373
        4369        4383
        4370        4377
        4370        4378
        4370        4379
        4370        4383
        4371        4374
        4371        4375
        4371        4376
        4372        4374
        4372        4375
        4372        4376
        4373        4380
        4373        4381
        4373        4382
        4374        4377
        4374        4378
        4374        4379
        4375        4377
        4375        4378
        4375        4379
        4377        4380
        4377        4381
        4377        4382
        4378        4380
        4378        4381
        4378        4382
        4383        4388
        4383        4389
        4383        4393
        4384        4386
        4384        4387
        4385        4390
        4385        4391
        4385        4392
        4385        4394
        4385        6012
        4386        4388
        4386        4389
        4386        4393
        4387        6009
        4387        6013
        4388        4390
        4388        4391
        4388        4392
        4388        4394
        4388        6012
        4389        4394
        4389        6012
        4390        4393
        4391        4393
        4392        4393
        4393        6007
        4393        6010
        4393        6011
        4394        6009
        4394        6013
        4395        4398
        4395        4403
        4395        4404
        4395        4411
        4395        4412
        4395        4414
        4395        4417
        4395        4424
        4395        4437
        4395        4449
        4396        4397
        4396        4401
        4396        4402
        4396        4410
        4396        4448
        4397        4400
        4397        4411
        4397        4412
        4397        4421
        4397        4450
        4398        4410
        4398        4415
        4398        4416
        4398        4418
        4398        4419
        4398        4420
        4399        4401
        4399        4402
        4399        4410
        4399        4415
        4399        4416
        4399        4418
        4399        4419
        4399        4420
        4399        4448
        4400        4405
        4400        4406
        4400        4413
        4400        4415
        4400        4416
        4400        4448
        4401        4403
        4401        4404
        4401        4411
        4401        4412
        4401        4414
        4401        4450
        4402        4407
        4402        4408
        4402        4409
        4402        4411
        4402        4412
        4402        4414
        4402        4450
        4403        4405
        4403        4406
        4403        4410
        4404        4410
        4405        4407
        4405        4408
        4405        4409
        4410        4417
        4410        4450
        4411        4413
        4411        4415
        4411        4416
        4412        4415
        4412        4416
        4413        4414
        4414        4418
        4414        4419
        4414        4420
        4415        4417
        4416        4417
        4418        4421
        4419        4421
        4422        4425
        4422        4430
        4422        4431
        4422        4438
        4422        4439
        4422        4448
        4422        4451
        4422        4563
        4422        4576
        4422        4581
        4423        4424
        4423        4428
        4423        4429
        4423        4437
        4423        4580
        4424        4427
        4424        4438
        4424        4439
        4424        4455
        4424        4582
        4425        4437
        4425        4449
        4425        4450
        4425        4452
        4425        4453
        4425        4454
        4426        4428
        4426        4429
        4426        4437
        4426        4449
        4426        4450
        4426        4452
        4426        4453
        4426        4454
        4426        4580
        4427        4432
        4427        4433
        4427        4440
        4427        4449
        4427        4450
        4427        4580
        4428        4430
        4428        4431
        4428        4438
        4428        4439
        4428        4448
        4428        4582
        4429        4434
        4429        4435
        4429        4436
        4429        4438
        4429        4439
        4429        4448
        4429        4582
        4430        4432
        4430        4433
        4430        4437
        4431        4437
        4432        4434
        4432        4435
        4432        4436
        4437        4441
        4437        4442
        4437        4444
        4437        4451
        4437        4582
        4438        4440
        4438        4449
        4438        4450
        4439        4443
        4439        4445
        4439        4446
        4439        4447
        4439        4449
        4439        4450
        4439        4456
        4440        4448
        4440        4457
        4440        4458
        4441        4443
        4441        4445
        4441        4446
        4441        4447
        4441        4456
        4442        4445
        4442        4446
        4442        4447
        4442        4459
        4442        4460
        4442        4464
        4443        4444
        4443        4457
        4443        4458
        4444        4456
        4448        4452
        4448        4453
        4448        4454
        4449        4451
        4450        4451
        4452        4455
        4453        4455
        4456        4461
        4456        4462
        4456        4463
        4456        4465
        4456        4466
        4457        4459
        4457        4460
        4457        4464
        4458        4467
        4458        4468
        4459        4461
        4459        4462
        4459        4463
        4459        4465
        4459        4466
        4460        4465
        4460        4466
        4461        4464
        4462        4464
        4463        4464
        4464        4469
        4464        4470
        4464        4475
        4465        4467
        4465        4468
        4466        4471
        4466        4472
        4466        4476
        4466        4477
        4466        4478
        4467        4469
        4467        4470
        4467        4475
        4468        4473
        4468        4474
        4468        4479
        4468        4480
        4468        4481
        4469        4471
        4469        4472
        4469        4476
        4469        4477
        4469        4478
        4470        4476
        4470        4477
        4470        4478
        4471        4473
        4471        4474
        4471        4475
        4472        4475
        4475        4482
        4475        4483
        4476        4479
        4476        4480
        4476        4481
        4477        4479
        4477        4480
        4477        4481
        4478        4484
        4478        4485
        4479        4482
        4479        4483
        4480        4482
        4480        4483
        4481        4486
        4481        4487
        4481        4501
        4482        4484
        4482        4485
        4483        4488
        4483        4489
        4483        4490
        4483        4502
        4483        4540
        4484        4486
        4484        4487
        4484        4501
        4485        4491
        4485        4492
        4485        4493
        4485        4541
        4485        4542
        4486        4488
        4486        4489
        4486        4490
        4486        4502
        4486        4540
        4487        4494
        4487        4495
        4487        4496
        4487        4502
        4487        4540
        4488        4491
        4488        4492
        4488        4493
        4488        4501
        4489        4491
        4489        4492
        4489        4493
        4489        4501
        4490        4497
        4490        4498
        4490        4499
        4490        4501
        4491        4494
        4491        4495
        4491        4496
        4492        4494
        4492        4495
        4492        4496
        4493        4500
        4493        4503
        4494        4497
        4494        4498
        4494        4499
        4495        4497
        4495        4498
        4495        4499
        4496        4504
        4496        4505
        4497        4500
        4497        4503
        4498        4500
        4498        4503
        4499        4506
        4499        4507
        4499        4508
        4500        4504
        4500        4505
        4501        4543
        4501        4544
        4501        4548
        4502        4541
        4502        4542
        4503        4509
        4503        4510
        4504        4506
        4504        4507
        4504        4508
        4505        4511
        4505        4512
        4506        4509
        4506        4510
        4507        4509
        4507        4510
        4508        4513
        4508        4514
        4508        4515
        4509        4511
        4509        4512
        4510        4516
        4510        4517
        4511        4513
        4511        4514
        4511        4515
        4512        4518
        4512        4519
        4513        4516
        4513        4517
        4514        4516
        4514        4517
        4515        4520
        4515        4521
        4515        4522
        4516        4518
        4516        4519
        4517        4523
        4517        4524
        4518        4520
        4518        4521
        4518        4522
        4519        4525
        4519        4526
        4520        4523
        4520        4524
        4521        4523
        4521        4524
        4522        4527
        4522        4528
        4522        4529
        4523        4525
        4523        4526
        4524        4530
        4524        4531
        4525        4527
        4525        4528
        4525        4529
        4526        4532
        4526        4533
        4527        4530
        4527        4531
        4528        4530
        4528        4531
        4529        4534
        4529        4535
        4529        4536
        4530        4532
        4530        4533
        4531        4537
        4531        4538
        4531        4539
        4532        4534
        4532        4535
        4532        4536
        4534        4537
        4534        4538
        4534        4539
        4535        4537
        4535        4538
        4535        4539
        4540        4545
        4540        4546
        4540        4547
        4540        4549
        4540        4550
        4541        4543
        4541        4544
        4541        4548
        4542        4551
        4542        4552
        4543        4545
        4543        4546
        4543        4547
        4543        4549
        4543        4550
        4544        4549
        4544        4550
        4545        4548
        4546        4548
        4547        4548
        4548        4553
        4548        4554
        4548        4558
        4549        4551
        4549        4552
        4550        4555
        4550        4556
        4550        4557
        4550        4559
        4550        4560
        4551        4553
        4551        4554
        4551        4558
        4553        4555
        4553        4556
        4553        4557
        4553        4559
        4553        4560
        4554        4559
        4554        4560
        4555        4558
        4556        4558
        4557        4558
        4561        4564
        4561        4569
        4561        4570
        4561        4577
        4561        4578
        4561        4580
        4561        4583
        4561        4590
        4561        4603
        4561        4615
        4562        4563
        4562        4567
        4562        4568
        4562        4576
        4562        4614
        4563        4566
        4563        4577
        4563        4578
        4563        4587
        4563        4616
        4564        4576
        4564        4581
        4564        4582
        4564        4584
        4564        4585
        4564        4586
        4565        4567
        4565        4568
        4565        4576
        4565        4581
        4565        4582
        4565        4584
        4565        4585
        4565        4586
        4565        4614
        4566        4571
        4566        4572
        4566        4579
        4566        4581
        4566        4582
        4566        4614
        4567        4569
        4567        4570
        4567        4577
        4567        4578
        4567        4580
        4567        4616
        4568        4573
        4568        4574
        4568        4575
        4568        4577
        4568        4578
        4568        4580
        4568        4616
        4569        4571
        4569        4572
        4569        4576
        4570        4576
        4571        4573
        4571        4574
        4571        4575
        4576        4583
        4576        4616
        4577        4579
        4577        4581
        4577        4582
        4578        4581
        4578        4582
        4579        4580
        4580        4584
        4580        4585
        4580        4586
        4581        4583
        4582        4583
        4584        4587
        4585        4587
        4588        4591
        4588        4596
        4588        4597
        4588        4604
        4588        4605
        4588        4614
        4588        4617
        4588        4683
        4588        4696
        4588        4701
        4589        4590
        4589        4594
        4589        4595
        4589        4603
        4589        4700
        4590        4593
        4590        4604
        4590        4605
        4590        4621
        4590        4702
        4591        4603
        4591        4615
        4591        4616
        4591        4618
        4591        4619
        4591        4620
        4592        4594
        4592        4595
        4592        4603
        4592        4615
        4592        4616
        4592        4618
        4592        4619
        4592        4620
        4592        4700
        4593        4598
        4593        4599
        4593        4606
        4593        4615
        4593        4616
        4593        4700
        4594        4596
        4594        4597
        4594        4604
        4594        4605
        4594        4614
        4594        4702
        4595        4600
        4595        4601
        4595        4602
        4595        4604
        4595        4605
        4595        4614
        4595        4702
        4596        4598
        4596        4599
        4596        4603
        4597        4603
        4598        4600
        4598        4601
        4598        4602
        4603        4607
        4603        4608
        4603        4610
        4603        4617
        4603        4702
        4604        4606
        4604        4615
        4604        4616
        4605        4609
        4605        4611
        4605        4612
        4605        4613
        4605        4615
        4605        4616
        4605        4622
        4606        4614
        4606        4623
        4606        4624
        4607        4609
        4607        4611
        4607        4612
        4607        4613
        4607        4622
        4608        4611
        4608        4612
        4608        4613
        4608        4625
        4608        4626
        4608        4630
        4609        4610
        4609        4623
        4609        4624
        4610        4622
        4614        4618
        4614        4619
        4614        4620
        4615        4617
        4616        4617
        4618        4621
        4619        4621
        4622        4627
        4622        4628
        4622        4629
        4622        4631
        4622        4632
        4623        4625
        4623        4626
        4623        4630
        4624        4633
        4624        4634
        4625        4627
        4625        4628
        4625        4629
        4625        4631
        4625        4632
        4626        4631
        4626        4632
        4627        4630
        4628        4630
        4629        4630
        4630        4635
        4630        4636
        4630        4641
        4631        4633
        4631        4634
        4632        4637
        4632        4638
        4632        4642
        4632        4643
        4632        4644
        4633        4635
        4633        4636
        4633        4641
        4634        4639
        4634        4640
        4634        4645
        4634        4646
        4634        4647
        4635        4637
        4635        4638
        4635        4642
        4635        4643
        4635        4644
        4636        4642
        4636        4643
        4636        4644
        4637        4639
        4637        4640
        4637        4641
        4638        4641
        4641        4648
        4641        4649
        4642        4645
        4642        4646
        4642        4647
        4643        4645
        4643        4646
        4643        4647
        4644        4650
        4644        4651
        4645        4648
        4645        4649
        4646        4648
        4646        4649
        4647        4652
        4647        4653
        4647        4669
        4648        4650
        4648        4651
        4649        4654
        4649        4655
        4649        4656
        4649        4670
        4649        4671
        4650        4652
        4650        4653
        4650        4669
        4651        4657
        4651        4658
        4651        4659
        4651        4672
        4651        4673
        4652        4654
        4652        4655
        4652        4656
        4652        4670
        4652        4671
        4653        4660
        4653        4661
        4653        4662
        4653        4670
        4653        4671
        4654        4657
        4654        4658
        4654        4659
        4654        4669
        4655        4657
        4655        4658
        4655        4659
        4655        4669
        4656        4663
        4656        4664
        4656        4665
        4656        4669
        4657        4660
        4657        4661
        4657        4662
        4658        4660
        4658        4661
        4658        4662
        4659        4666
        4659        4667
        4659        4668
        4660        4663
        4660        4664
        4660        4665
        4661        4663
        4661        4664
        4661        4665
        4663        4666
        4663        4667
        4663        4668
        4664        4666
        4664        4667
        4664        4668
        4669        4674
        4669        4675
        4669        4679
        4670        4672
        4670        4673
        4671        4676
        4671        4677
        4671        4678
        4671        4680
        4671        6635
        4672        4674
        4672        4675
        4672        4679
        4673        6632
        4673        6636
        4674        4676
        4674        4677
        4674        4678
        4674        4680
        4674        6635
        4675        4680
        4675        6635
        4676        4679
        4677        4679
        4678        4679
        4679        6630
        4679        6633
        4679        6634
        4680        6632
        4680        6636
        4681        4684
        4681        4689
        4681        4690
        4681        4697
        4681        4698
        4681        4700
        4681        4703
        4681        4710
        4681        4723
        4681        4735
        4682        4683
        4682        4687
        4682        4688
        4682        4696
        4682        4734
        4683        4686
        4683        4697
        4683        4698
        4683        4707
        4683        4736
        4684        4696
        4684        4701
        4684        4702
        4684        4704
        4684        4705
        4684        4706
        4685        4687
        4685        4688
        4685        4696
        4685        4701
        4685        4702
        4685        4704
        4685        4705
        4685        4706
        4685        4734
        4686        4691
        4686        4692
        4686        4699
        4686        4701
        4686        4702
        4686        4734
        4687        4689
        4687        4690
        4687        4697
        4687        4698
        4687        4700
        4687        4736
        4688        4693
        4688        4694
        4688        4695
        4688        4697
        4688        4698
        4688        4700
        4688        4736
        4689        4691
        4689        4692
        4689        4696
        4690        4696
        4691        4693
        4691        4694
        4691        4695
        4696        4703
        4696        4736
        4697        4699
        4697        4701
        4697        4702
        4698        4701
        4698        4702
        4699        4700
        4700        4704
        4700        4705
        4700        4706
        4701        4703
        4702        4703
        4704        4707
        4705        4707
        4708        4711
        4708        4716
        4708        4717
        4708        4724
        4708        4725
        4708        4734
        4708        4737
        4708        4814
        4708        4827
        4708        4832
        4709        4710
        4709        4714
        4709        4715
        4709        4723
        4709        4831
        4710        4713
        4710        4724
        4710        4725
        4710        4741
        4710        4833
        4711        4723
        4711        4735
        4711        4736
        4711        4738
        4711        4739
        4711        4740
        4712        4714
        4712        4715
        4712        4723
        4712        4735
        4712        4736
        4712        4738
        4712        4739
        4712        4740
        4712        4831
        4713        4718
        4713        4719
        4713        4726
        4713        4735
        4713        4736
        4713        4831
        4714        4716
        4714        4717
        4714        4724
        4714        4725
        4714        4734
        4714        4833
        4715        4720
        4715        4721
        4715        4722
        4715        4724
        4715        4725
        4715        4734
        4715        4833
        4716        4718
        4716        4719
        4716        4723
        4717        4723
        4718        4720
        4718        4721
        4718        4722
        4723        4727
        4723        4728
        4723        4730
        4723        4737
        4723        4833
        4724        4726
        4724        4735
        4724        4736
        4725        4729
        4725        4731
        4725        4732
        4725        4733
        4725        4735
        4725        4736
        4725        4742
        4726        4734
        4726        4743
        4726        4744
        4727        4729
        4727        4731
        4727        4732
        4727        4733
        4727        4742
        4728        4731
        4728        4732
        4728        4733
        4728        4745
        4728        4746
        4728        4750
        4729        4730
        4729        4743
        4729        4744
        4730        4742
        4734        4738
        4734        4739
        4734        4740
        4735        4737
        4736        4737
        4738        4741
        4739        4741
        4742        4747
        4742        4748
        4742        4749
        4742        4751
        4742        4752
        4743        4745
        4743        4746
        4743        4750
        4744        4753
        4744        4754
        4745        4747
        4745        4748
        4745        4749
        4745        4751
        4745        4752
        4746        4751
        4746        4752
        4747        4750
        4748        4750
        4749        4750
        4750        4755
        4750        4756
        4750        4761
        4751        4753
        4751        4754
        4752        4757
        4752        4758
        4752        4762
        4752        4763
        4752        4764
        4753        4755
        4753        4756
        4753        4761
        4754        4759
        4754        4760
        4754        4765
        4754        4766
        4754        4767
        4755        4757
        4755        4758
        4755        4762
        4755        4763
        4755        4764
        4756        4762
        4756        4763
        4756        4764
        4757        4759
        4757        4760
        4757        4761
        4758        4761
        4761        4768
        4761        4769
        4762        4765
        4762        4766
        4762        4767
        4763        4765
        4763        4766
        4763        4767
        4764        4770
        4764        4771
        4765        4768
        4765        4769
        4766        4768
        4766        4769
        4767        4772
        4767        4773
        4767        4789
        4768        4770
        4768        4771
        4769        4774
        4769        4775
        4769        4776
        4769        4790
        4769        4791
        4770        4772
        4770        4773
        4770        4789
        4771        4777
        4771        4778
        4771        4779
        4771        4792
        4771        4793
        4772        4774
        4772        4775
        4772        4776
        4772        4790
        4772        4791
        4773        4780
        4773        4781
        4773        4782
        4773        4790
        4773        4791
        4774        4777
        4774        4778
        4774        4779
        4774        4789
        4775        4777
        4775        4778
        4775        4779
        4775        4789
        4776        4783
        4776        4784
        4776        4785
        4776        4789
        4777        4780
        4777        4781
        4777        4782
        4778        4780
        4778        4781
        4778        4782
        4779        4786
        4779        4787
        4779        4788
        4780        4783
        4780        4784
        4780        4785
        4781        4783
        4781        4784
        4781        4785
        4783        4786
        4783        4787
        4783        4788
        4784        4786
        4784        4787
        4784        4788
        4789        4794
        4789        4795
        4789        4799
        4790        4792
        4790        4793
        4791        4796
        4791        4797
        4791        4798
        4791        4800
        4791        4801
        4792        4794
        4792        4795
        4792        4799
        4793        4802
        4793        4803
        4794        4796
        4794        4797
        4794        4798
        4794        4800
        4794        4801
        4795        4800
        4795        4801
        4796        4799
        4797        4799
        4798        4799
        4799        4804
        4799        4805
        4799        4809
        4800        4802
        4800        4803
        4801        4806
        4801        4807
        4801        4808
        4801        4810
        4801        4811
        4802        4804
        4802        4805
        4802        4809
        4804        4806
        4804        4807
        4804        4808
        4804        4810
        4804        4811
        4805        4810
        4805        4811
        4806        4809
        4807        4809
        4808        4809
        4812        4815
        4812        4820
        4812        4821
        4812        4828
        4812        4829
        4812        4831
        4812        4834
        4812        4841
        4812        4854
        4812        4866
        4813        4814
        4813        4818
        4813        4819
        4813        4827
        4813        4865
        4814        4817
        4814        4828
        4814        4829
        4814        4838
        4814        4867
        4815        4827
        4815        4832
        4815        4833
        4815        4835
        4815        4836
        4815        4837
        4816        4818
        4816        4819
        4816        4827
        4816        4832
        4816        4833
        4816        4835
        4816        4836
        4816        4837
        4816        4865
        4817        4822
        4817        4823
        4817        4830
        4817        4832
        4817        4833
        4817        4865
        4818        4820
        4818        4821
        4818        4828
        4818        4829
        4818        4831
        4818        4867
        4819        4824
        4819        4825
        4819        4826
        4819        4828
        4819        4829
        4819        4831
        4819        4867
        4820        4822
        4820        4823
        4820        4827
        4821        4827
        4822        4824
        4822        4825
        4822        4826
        4827        4834
        4827        4867
        4828        4830
        4828        4832
        4828        4833
        4829        4832
        4829        4833
        4830        4831
        4831        4835
        4831        4836
        4831        4837
        4832        4834
        4833        4834
        4835        4838
        4836        4838
        4839        4842
        4839        4847
        4839        4848
        4839        4855
        4839        4856
        4839        4865
        4839        4868
        4839        4934
        4839        4947
        4839        4952
        4840        4841
        4840        4845
        4840        4846
        4840        4854
        4840        4951
        4841        4844
        4841        4855
        4841        4856
        4841        4872
        4841        4953
        4842        4854
        4842        4866
        4842        4867
        4842        4869
        4842        4870
        4842        4871
        4843        4845
        4843        4846
        4843        4854
        4843        4866
        4843        4867
        4843        4869
        4843        4870
        4843        4871
        4843        4951
        4844        4849
        4844        4850
        4844        4857
        4844        4866
        4844        4867
        4844        4951
        4845        4847
        4845        4848
        4845        4855
        4845        4856
        4845        4865
        4845        4953
        4846        4851
        4846        4852
        4846        4853
        4846        4855
        4846        4856
        4846        4865
        4846        4953
        4847        4849
        4847        4850
        4847        4854
        4848        4854
        4849        4851
        4849        4852
        4849        4853
        4854        4858
        4854        4859
        4854        4861
        4854        4868
        4854        4953
        4855        4857
        4855        4866
        4855        4867
        4856        4860
        4856        4862
        4856        4863
        4856        4864
        4856        4866
        4856        4867
        4856        4873
        4857        4865
        4857        4874
        4857        4875
        4858        4860
        4858        4862
        4858        4863
        4858        4864
        4858        4873
        4859        4862
        4859        4863
        4859        4864
        4859        4876
        4859        4877
        4859        4881
        4860        4861
        4860        4874
        4860        4875
        4861        4873
        4865        4869
        4865        4870
        4865        4871
        4866        4868
        4867        4868
        4869        4872
        4870        4872
        4873        4878
        4873        4879
        4873        4880
        4873        4882
        4873        4883
        4874        4876
        4874        4877
        4874        4881
        4875        4884
        4875        4885
        4876        4878
        4876        4879
        4876        4880
        4876        4882
        4876        4883
        4877        4882
        4877        4883
        4878        4881
        4879        4881
        4880        4881
        4881        4886
        4881        4887
        4881        4892
        4882        4884
        4882        4885
        4883        4888
        4883        4889
        4883        4893
        4883        4894
        4883        4895
        4884        4886
        4884        4887
        4884        4892
        4885        4890
        4885        4891
        4885        4896
        4885        4897
        4885        4898
        4886        4888
        4886        4889
        4886        4893
        4886        4894
        4886        4895
        4887        4893
        4887        4894
        4887        4895
        4888        4890
        4888        4891
        4888        4892
        4889        4892
        4892        4899
        4892        4900
        4893        4896
        4893        4897
        4893        4898
        4894        4896
        4894        4897
        4894        4898
        4895        4901
        4895        4902
        4896        4899
        4896        4900
        4897        4899
        4897        4900
        4898        4903
        4898        4904
        4898        4920
        4899        4901
        4899        4902
        4900        4905
        4900        4906
        4900        4907
        4900        4921
        4900        4922
        4901        4903
        4901        4904
        4901        4920
        4902        4908
        4902        4909
        4902        4910
        4902        4923
        4902        4924
        4903        4905
        4903        4906
        4903        4907
        4903        4921
        4903        4922
        4904        4911
        4904        4912
        4904        4913
        4904        4921
        4904        4922
        4905        4908
        4905        4909
        4905        4910
        4905        4920
        4906        4908
        4906        4909
        4906        4910
        4906        4920
        4907        4914
        4907        4915
        4907        4916
        4907        4920
        4908        4911
        4908        4912
        4908        4913
        4909        4911
        4909        4912
        4909        4913
        4910        4917
        4910        4918
        4910        4919
        4911        4914
        4911        4915
        4911        4916
        4912        4914
        4912        4915
        4912        4916
        4914        4917
        4914        4918
        4914        4919
        4915        4917
        4915        4918
        4915        4919
        4920        4925
        4920        4926
        4920        4930
        4921        4923
        4921        4924
        4922        4927
        4922        4928
        4922        4929
        4922        4931
        4923        4925
        4923        4926
        4923        4930
        4925        4927
        4925        4928
        4925        4929
        4925        4931
        4926        4931
        4927        4930
        4928        4930
        4929        4930
        4932        4935
        4932        4940
        4932        4941
        4932        4948
        4932        4949
        4932        4951
        4932        4954
        4932        4961
        4932        4974
        4932        4986
        4933        4934
        4933        4938
        4933        4939
        4933        4947
        4933        4985
        4934        4937
        4934        4948
        4934        4949
        4934        4958
        4934        4987
        4935        4947
        4935        4952
        4935        4953
        4935        4955
        4935        4956
        4935        4957
        4936        4938
        4936        4939
        4936        4947
        4936        4952
        4936        4953
        4936        4955
        4936        4956
        4936        4957
        4936        4985
        4937        4942
        4937        4943
        4937        4950
        4937        4952
        4937        4953
        4937        4985
        4938        4940
        4938        4941
        4938        4948
        4938        4949
        4938        4951
        4938        4987
        4939        4944
        4939        4945
        4939        4946
        4939        4948
        4939        4949
        4939        4951
        4939        4987
        4940        4942
        4940        4943
        4940        4947
        4941        4947
        4942        4944
        4942        4945
        4942        4946
        4947        4954
        4947        4987
        4948        4950
        4948        4952
        4948        4953
        4949        4952
        4949        4953
        4950        4951
        4951        4955
        4951        4956
        4951        4957
        4952        4954
        4953        4954
        4955        4958
        4956        4958
        4959        4962
        4959        4967
        4959        4968
        4959        4975
        4959        4976
        4959        4985
        4959        4988
        4959        5065
        4959        5078
        4959        5083
        4960        4961
        4960        4965
        4960        4966
        4960        4974
        4960        5082
        4961        4964
        4961        4975
        4961        4976
        4961        4992
        4961        5084
        4962        4974
        4962        4986
        4962        4987
        4962        4989
        4962        4990
        4962        4991
        4963        4965
        4963        4966
        4963        4974
        4963        4986
        4963        4987
        4963        4989
        4963        4990
        4963        4991
        4963        5082
        4964        4969
        4964        4970
        4964        4977
        4964        4986
        4964        4987
        4964        5082
        4965        4967
        4965        4968
        4965        4975
        4965        4976
        4965        4985
        4965        5084
        4966        4971
        4966        4972
        4966        4973
        4966        4975
        4966        4976
        4966        4985
        4966        5084
        4967        4969
        4967        4970
        4967        4974
        4968        4974
        4969        4971
        4969        4972
        4969        4973
        4974        4978
        4974        4979
        4974        4981
        4974        4988
        4974        5084
        4975        4977
        4975        4986
        4975        4987
        4976        4980
        4976        4982
        4976        4983
        4976        4984
        4976        4986
        4976        4987
        4976        4993
        4977        4985
        4977        4994
        4977        4995
        4978        4980
        4978        4982
        4978        4983
        4978        4984
        4978        4993
        4979        4982
        4979        4983
        4979        4984
        4979        4996
        4979        4997
        4979        5001
        4980        4981
        4980        4994
        4980        4995
        4981        4993
        4985        4989
        4985        4990
        4985        4991
        4986        4988
        4987        4988
        4989        4992
        4990        4992
        4993        4998
        4993        4999
        4993        5000
        4993        5002
        4993        5003
        4994        4996
        4994        4997
        4994        5001
        4995        5004
        4995        5005
        4996        4998
        4996        4999
        4996        5000
        4996        5002
        4996        5003
        4997        5002
        4997        5003
        4998        5001
        4999        5001
        5000        5001
        5001        5006
        5001        5007
        5001        5012
        5002        5004
        5002        5005
        5003        5008
        5003        5009
        5003        5013
        5003        5014
        5003        5015
        5004        5006
        5004        5007
        5004        5012
        5005        5010
        5005        5011
        5005        5016
        5005        5017
        5005        5018
        5006        5008
        5006        5009
        5006        5013
        5006        5014
        5006        5015
        5007        5013
        5007        5014
        5007        5015
        5008        5010
        5008        5011
        5008        5012
        5009        5012
        5012        5019
        5012        5020
        5013        5016
        5013        5017
        5013        5018
        5014        5016
        5014        5017
        5014        5018
        5015        5021
        5015        5022
        5016        5019
        5016        5020
        5017        5019
        5017        5020
        5018        5023
        5018        5024
        5018        5040
        5019        5021
        5019        5022
        5020        5025
        5020        5026
        5020        5027
        5020        5041
        5020        5042
        5021        5023
        5021        5024
        5021        5040
        5022        5028
        5022        5029
        5022        5030
        5022        5043
        5022        5044
        5023        5025
        5023        5026
        5023        5027
        5023        5041
        5023        5042
        5024        5031
        5024        5032
        5024        5033
        5024        5041
        5024        5042
        5025        5028
        5025        5029
        5025        5030
        5025        5040
        5026        5028
        5026        5029
        5026        5030
        5026        5040
        5027        5034
        5027        5035
        5027        5036
        5027        5040
        5028        5031
        5028        5032
        5028        5033
        5029        5031
        5029        5032
        5029        5033
        5030        5037
        5030        5038
        5030        5039
        5031        5034
        5031        5035
        5031        5036
        5032        5034
        5032        5035
        5032        5036
        5034        5037
        5034        5038
        5034        5039
        5035        5037
        5035        5038
        5035        5039
        5040        5045
        5040        5046
        5040        5050
        5041        5043
        5041        5044
        5042        5047
        5042        5048
        5042        5049
        5042        5051
        5042        5052
        5043        5045
        5043        5046
        5043        5050
        5044        5053
        5044        5054
        5045        5047
        5045        5048
        5045        5049
        5045        5051
        5045        5052
        5046        5051
        5046        5052
        5047        5050
        5048        5050
        5049        5050
        5050        5055
        5050        5056
        5050        5060
        5051        5053
        5051        5054
        5052        5057
        5052        5058
        5052        5059
        5052        5061
        5052        5062
        5053        5055
        5053        5056
        5053        5060
        5055        5057
        5055        5058
        5055        5059
        5055        5061
        5055        5062
        5056        5061
        5056        5062
        5057        5060
        5058        5060
        5059        5060
        5063        5066
        5063        5071
        5063        5072
        5063        5079
        5063        5080
        5063        5082
        5063        5085
        5063        5092
        5063        5105
        5063        5117
        5064        5065
        5064        5069
        5064        5070
        5064        5078
        5064        5116
        5065        5068
        5065        5079
        5065        5080
        5065        5089
        5065        5118
        5066        5078
        5066        5083
        5066        5084
        5066        5086
        5066        5087
        5066        5088
        5067        5069
        5067        5070
        5067        5078
        5067        5083
        5067        5084
        5067        5086
        5067        5087
        5067        5088
        5067        5116
        5068        5073
        5068        5074
        5068        5081
        5068        5083
        5068        5084
        5068        5116
        5069        5071
        5069        5072
        5069        5079
        5069        5080
        5069        5082
        5069        5118
        5070        5075
        5070        5076
        5070        5077
        5070        5079
        5070        5080
        5070        5082
        5070        5118
        5071        5073
        5071        5074
        5071        5078
        5072        5078
        5073        5075
        5073        5076
        5073        5077
        5078        5085
        5078        5118
        5079        5081
        5079        5083
        5079        5084
        5080        5083
        5080        5084
        5081        5082
        5082        5086
        5082        5087
        5082        5088
        5083        5085
        5084        5085
        5086        5089
        5087        5089
        5090        5093
        5090        5098
        5090        5099
        5090        5106
        5090        5107
        5090        5116
        5090        5119
        5090        5185
        5090        5198
        5090        5203
        5091        5092
        5091        5096
        5091        5097
        5091        5105
        5091        5202
        5092        5095
        5092        5106
        5092        5107
        5092        5123
        5092        5204
        5093        5105
        5093        5117
        5093        5118
        5093        5120
        5093        5121
        5093        5122
        5094        5096
        5094        5097
        5094        5105
        5094        5117
        5094        5118
        5094        5120
        5094        5121
        5094        5122
        5094        5202
        5095        5100
        5095        5101
        5095        5108
        5095        5117
        5095        5118
        5095        5202
        5096        5098
        5096        5099
        5096        5106
        5096        5107
        5096        5116
        5096        5204
        5097        5102
        5097        5103
        5097        5104
        5097        5106
        5097        5107
        5097        5116
        5097        5204
        5098        5100
        5098        5101
        5098        5105
        5099        5105
        5100        5102
        5100        5103
        5100        5104
        5105        5109
        5105        5110
        5105        5112
        5105        5119
        5105        5204
        5106        5108
        5106        5117
        5106        5118
        5107        5111
        5107        5113
        5107        5114
        5107        5115
        5107        5117
        5107        5118
        5107        5124
        5108        5116
        5108        5125
        5108        5126
        5109        5111
        5109        5113
        5109        5114
        5109        5115
        5109        5124
        5110        5113
        5110        5114
        5110        5115
        5110        5127
        5110        5128
        5110        5132
        5111        5112
        5111        5125
        5111        5126
        5112        5124
        5116        5120
        5116        5121
        5116        5122
        5117        5119
        5118        5119
        5120        5123
        5121        5123
        5124        5129
        5124        5130
        5124        5131
        5124        5133
        5124        5134
        5125        5127
        5125        5128
        5125        5132
        5126        5135
        5126        5136
        5127        5129
        5127        5130
        5127        5131
        5127        5133
        5127        5134
        5128        5133
        5128        5134
        5129        5132
        5130        5132
        5131        5132
        5132        5137
        5132        5138
        5132        5143
        5133        5135
        5133        5136
        5134        5139
        5134        5140
        5134        5144
        5134        5145
        5134        5146
        5135        5137
        5135        5138
        5135        5143
        5136        5141
        5136        5142
        5136        5147
        5136        5148
        5136        5149
        5137        5139
        5137        5140
        5137        5144
        5137        5145
        5137        5146
        5138        5144
        5138        5145
        5138        5146
        5139        5141
        5139        5142
        5139        5143
        5140        5143
        5143        5150
        5143        5151
        5144        5147
        5144        5148
        5144        5149
        5145        5147
        5145        5148
        5145        5149
        5146        5152
        5146        5153
        5147        5150
        5147        5151
        5148        5150
        5148        5151
        5149        5154
        5149        5155
        5149        5171
        5150        5152
        5150        5153
        5151        5156
        5151        5157
        5151        5158
        5151        5172
        5151        5173
        5152        5154
        5152        5155
        5152        5171
        5153        5159
        5153        5160
        5153        5161
        5153        5174
        5153        5175
        5154        5156
        5154        5157
        5154        5158
        5154        5172
        5154        5173
        5155        5162
        5155        5163
        5155        5164
        5155        5172
        5155        5173
        5156        5159
        5156        5160
        5156        5161
        5156        5171
        5157        5159
        5157        5160
        5157        5161
        5157        5171
        5158        5165
        5158        5166
        5158        5167
        5158        5171
        5159        5162
        5159        5163
        5159        5164
        5160        5162
        5160        5163
        5160        5164
        5161        5168
        5161        5169
        5161        5170
        5162        5165
        5162        5166
        5162        5167
        5163        5165
        5163        5166
        5163        5167
        5165        5168
        5165        5169
        5165        5170
        5166        5168
        5166        5169
        5166        5170
        5171        5176
        5171        5177
        5171        5181
        5172        5174
        5172        5175
        5173        5178
        5173        5179
        5173        5180
        5173        5182
        5173        6963
        5174        5176
        5174        5177
        5174        5181
        5175        6960
        5175        6964
        5176        5178
        5176        5179
        5176        5180
        5176        5182
        5176        6963
        5177        5182
        5177        6963
        5178        5181
        5179        5181
        5180        5181
        5181        6958
        5181        6961
        5181        6962
        5182        6960
        5182        6964
        5183        5186
        5183        5191
        5183        5192
        5183        5199
        5183        5200
        5183        5202
        5183        5205
        5183        5212
        5183        5225
        5183        5237
        5184        5185
        5184        5189
        5184        5190
        5184        5198
        5184        5236
        5185        5188
        5185        5199
        5185        5200
        5185        5209
        5185        5238
        5186        5198
        5186        5203
        5186        5204
        5186        5206
        5186        5207
        5186        5208
        5187        5189
        5187        5190
        5187        5198
        5187        5203
        5187        5204
        5187        5206
        5187        5207
        5187        5208
        5187        5236
        5188        5193
        5188        5194
        5188        5201
        5188        5203
        5188        5204
        5188        5236
        5189        5191
        5189        5192
        5189        5199
        5189        5200
        5189        5202
        5189        5238
        5190        5195
        5190        5196
        5190        5197
        5190        5199
        5190        5200
        5190        5202
        5190        5238
        5191        5193
        5191        5194
        5191        5198
        5192        5198
        5193        5195
        5193        5196
        5193        5197
        5198        5205
        5198        5238
        5199        5201
        5199        5203
        5199        5204
        5200        5203
        5200        5204
        5201        5202
        5202        5206
        5202        5207
        5202        5208
        5203        5205
        5204        5205
        5206        5209
        5207        5209
        5210        5213
        5210        5218
        5210        5219
        5210        5226
        5210        5227
        5210        5236
        5210        5239
        5211        5212
        5211        5216
        5211        5217
        5211        5225
        5212        5215
        5212        5226
        5212        5227
        5212        5243
        5213        5225
        5213        5237
        5213        5238
        5213        5240
        5213        5241
        5213        5242
        5214        5216
        5214        5217
        5214        5225
        5214        5237
        5214        5238
        5214        5240
        5214        5241
        5214        5242
        5215        5220
        5215        5221
        5215        5228
        5215        5237
        5215        5238
        5216        5218
        5216        5219
        5216        5226
        5216        5227
        5216        5236
        5217        5222
        5217        5223
        5217        5224
        5217        5226
        5217        5227
        5217        5236
        5218        5220
        5218        5221
        5218        5225
        5219        5225
        5220        5222
        5220        5223
        5220        5224
        5225        5229
        5225        5230
        5225        5232
        5225        5239
        5226        5228
        5226        5237
        5226        5238
        5227        5231
        5227        5233
        5227        5234
        5227        5235
        5227        5237
        5227        5238
        5227        5244
        5228        5236
        5228        5245
        5228        5246
        5229        5231
        5229        5233
        5229        5234
        5229        5235
        5229        5244
        5230        5233
        5230        5234
        5230        5235
        5230        5247
        5230        5248
        5230        5252
        5231        5232
        5231        5245
        5231        5246
        5232        5244
        5236        5240
        5236        5241
        5236        5242
        5237        5239
        5238        5239
        5240        5243
        5241        5243
        5244        5249
        5244        5250
        5244        5251
        5244        5253
        5244        5254
        5245        5247
        5245        5248
        5245        5252
        5246        5255
        5246        5256
        5247        5249
        5247        5250
        5247        5251
        5247        5253
        5247        5254
        5248        5253
        5248        5254
        5249        5252
        5250        5252
        5251        5252
        5252        5257
        5252        5258
        5252        5263
        5253        5255
        5253        5256
        5254        5259
        5254        5260
        5254        5264
        5254        5265
        5254        5266
        5255        5257
        5255        5258
        5255        5263
        5256        5261
        5256        5262
        5256        5267
        5256        5268
        5256        5269
        5257        5259
        5257        5260
        5257        5264
        5257        5265
        5257        5266
        5258        5264
        5258        5265
        5258        5266
        5259        5261
        5259        5262
        5259        5263
        5260        5263
        5263        5270
        5263        5271
        5264        5267
        5264        5268
        5264        5269
        5265        5267
        5265        5268
        5265        5269
        5266        5272
        5266        5273
        5267        5270
        5267        5271
        5268        5270
        5268        5271
        5269        5274
        5269        5275
        5269        5291
        5270        5272
        5270        5273
        5271        5276
        5271        5277
        5271        5278
        5271        5292
        5271        5293
        5272        5274
        5272        5275
        5272        5291
        5273        5279
        5273        5280
        5273        5281
        5273        5294
        5273        5295
        5274        5276
        5274        5277
        5274        5278
        5274        5292
        5274        5293
        5275        5282
        5275        5283
        5275        5284
        5275        5292
        5275        5293
        5276        5279
        5276        5280
        5276        5281
        5276        5291
        5277        5279
        5277        5280
        5277        5281
        5277        5291
        5278        5285
        5278        5286
        5278        5287
        5278        5291
        5279        5282
        5279        5283
        5279        5284
        5280        5282
        5280        5283
        5280        5284
        5281        5288
        5281        5289
        5281        5290
        5282        5285
        5282        5286
        5282        5287
        5283        5285
        5283        5286
        5283        5287
        5285        5288
        5285        5289
        5285        5290
        5286        5288
        5286        5289
        5286        5290
        5291        5296
        5291        5297
        5291        5301
        5292        5294
        5292        5295
        5293        5298
        5293        5299
        5293        5300
        5293        5302
        5293        5303
        5294        5296
        5294        5297
        5294        5301
        5295        5304
        5295        5305
        5296        5298
        5296        5299
        5296        5300
        5296        5302
        5296        5303
        5297        5302
        5297        5303
        5298        5301
        5299        5301
        5300        5301
        5301        5306
        5301        5307
        5301        5311
        5302        5304
        5302        5305
        5303        5308
        5303        5309
        5303        5310
        5303        5312
        5303        5313
        5304        5306
        5304        5307
        5304        5311
        5306        5308
        5306        5309
        5306        5310
        5306        5312
        5306        5313
        5307        5312
        5307        5313
        5308        5311
        5309        5311
        5310        5311
        5314        5317
        5314        5322
        5314        5323
        5314        5330
        5314        5331
        5314        5333
        5314        5336
        5314        5343
        5314        5356
        5314        5368
        5315        5316
        5315        5320
        5315        5321
        5315        5329
        5315        5367
        5316        5319
        5316        5330
        5316        5331
        5316        5340
        5316        5369
        5316        7177
        5317        5329
        5317        5334
        5317        5335
        5317        5337
        5317        5338
        5317        5339
        5318        5320
        5318        5321
        5318        5329
        5318        5334
        5318        5335
        5318        5337
        5318        5338
        5318        5339
        5318        5367
        5319        5324
        5319        5325
        5319        5332
        5319        5334
        5319        5335
        5319        5367
        5320        5322
        5320        5323
        5320        5330
        5320        5331
        5320        5333
        5320        5369
        5321        5326
        5321        5327
        5321        5328
        5321        5330
        5321        5331
        5321        5333
        5321        5369
        5322        5324
        5322        5325
        5322        5329
        5323        5329
        5324        5326
        5324        5327
        5324        5328
        5329        5336
        5329        5369
        5329        7177
        5330        5332
        5330        5334
        5330        5335
        5331        5334
        5331        5335
        5332        5333
        5333        5337
        5333        5338
        5333        5339
        5333        7178
        5333        7181
        5333        7182
        5334        5336
        5334        7177
        5335        5336
        5335        7179
        5335        7183
        5335        7184
        5335        7192
        5337        5340
        5338        5340
        5341        5344
        5341        5349
        5341        5350
        5341        5357
        5341        5358
        5341        5367
        5341        5370
        5341        5447
        5341        5460
        5341        5465
        5342        5343
        5342        5347
        5342        5348
        5342        5356
        5342        5464
        5343        5346
        5343        5357
        5343        5358
        5343        5374
        5343        5466
        5344        5356
        5344        5368
        5344        5369
        5344        5371
        5344        5372
        5344        5373
        5345        5347
        5345        5348
        5345        5356
        5345        5368
        5345        5369
        5345        5371
        5345        5372
        5345        5373
        5345        5464
        5346        5351
        5346        5352
        5346        5359
        5346        5368
        5346        5369
        5346        5464
        5347        5349
        5347        5350
        5347        5357
        5347        5358
        5347        5367
        5347        5466
        5348        5353
        5348        5354
        5348        5355
        5348        5357
        5348        5358
        5348        5367
        5348        5466
        5349        5351
        5349        5352
        5349        5356
        5350        5356
        5351        5353
        5351        5354
        5351        5355
        5356        5360
        5356        5361
        5356        5363
        5356        5370
        5356        5466
        5357        5359
        5357        5368
        5357        5369
        5358        5362
        5358        5364
        5358        5365
        5358        5366
        5358        5368
        5358        5369
        5358        5375
        5359        5367
        5359        5376
        5359        5377
        5360        5362
        5360        5364
        5360        5365
        5360        5366
        5360        5375
        5361        5364
        5361        5365
        5361        5366
        5361        5378
        5361        5379
        5361        5383
        5362        5363
        5362        5376
        5362        5377
        5363        5375
        5367        5371
        5367        5372
        5367        5373
        5368        5370
        5369        5370
        5371        5374
        5372        5374
        5375        5380
        5375        5381
        5375        5382
        5375        5384
        5375        5385
        5376        5378
        5376        5379
        5376        5383
        5377        5386
        5377        5387
        5378        5380
        5378        5381
        5378        5382
        5378        5384
        5378        5385
        5379        5384
        5379        5385
        5380        5383
        5381        5383
        5382        5383
        5383        5388
        5383        5389
        5383        5394
        5384        5386
        5384        5387
        5385        5390
        5385        5391
        5385        5395
        5385        5396
        5385        5397
        5386        5388
        5386        5389
        5386        5394
        5387        5392
        5387        5393
        5387        5398
        5387        5399
        5387        5400
        5388        5390
        5388        5391
        5388        5395
        5388        5396
        5388        5397
        5389        5395
        5389        5396
        5389        5397
        5390        5392
        5390        5393
        5390        5394
        5391        5394
        5394        5401
        5394        5402
        5395        5398
        5395        5399
        5395        5400
        5396        5398
        5396        5399
        5396        5400
        5397        5403
        5397        5404
        5398        5401
        5398        5402
        5399        5401
        5399        5402
        5400        5405
        5400        5406
        5400        5422
        5401        5403
        5401        5404
        5402        5407
        5402        5408
        5402        5409
        5402        5423
        5402        5424
        5403        5405
        5403        5406
        5403        5422
        5404        5410
        5404        5411
        5404        5412
        5404        5425
        5404        5426
        5405        5407
        5405        5408
        5405        5409
        5405        5423
        5405        5424
        5406        5413
        5406        5414
        5406        5415
        5406        5423
        5406        5424
        5407        5410
        5407        5411
        5407        5412
        5407        5422
        5408        5410
        5408        5411
        5408        5412
        5408        5422
        5409        5416
        5409        5417
        5409        5418
        5409        5422
        5410        5413
        5410        5414
        5410        5415
        5411        5413
        5411        5414
        5411        5415
        5412        5419
        5412        5420
        5412        5421
        5413        5416
        5413        5417
        5413        5418
        5414        5416
        5414        5417
        5414        5418
        5416        5419
        5416        5420
        5416        5421
        5417        5419
        5417        5420
        5417        5421
        5422        5427
        5422        5428
        5422        5432
        5423        5425
        5423        5426
        5424        5429
        5424        5430
        5424        5431
        5424        5433
        5424        5434
        5425        5427
        5425        5428
        5425        5432
        5426        5435
        5426        5436
        5427        5429
        5427        5430
        5427        5431
        5427        5433
        5427        5434
        5428        5433
        5428        5434
        5429        5432
        5430        5432
        5431        5432
        5432        5437
        5432        5438
        5432        5442
        5433        5435
        5433        5436
        5434        5439
        5434        5440
        5434        5441
        5434        5443
        5434        5444
        5435        5437
        5435        5438
        5435        5442
        5437        5439
        5437        5440
        5437        5441
        5437        5443
        5437        5444
        5438        5443
        5438        5444
        5439        5442
        5440        5442
        5441        5442
        5445        5448
        5445        5453
        5445        5454
        5445        5461
        5445        5462
        5445        5464
        5445        5467
        5445        5474
        5445        5487
        5445        5499
        5446        5447
        5446        5451
        5446        5452
        5446        5460
        5446        5498
        5447        5450
        5447        5461
        5447        5462
        5447        5471
        5447        5500
        5448        5460
        5448        5465
        5448        5466
        5448        5468
        5448        5469
        5448        5470
        5449        5451
        5449        5452
        5449        5460
        5449        5465
        5449        5466
        5449        5468
        5449        5469
        5449        5470
        5449        5498
        5450        5455
        5450        5456
        5450        5463
        5450        5465
        5450        5466
        5450        5498
        5451        5453
        5451        5454
        5451        5461
        5451        5462
        5451        5464
        5451        5500
        5452        5457
        5452        5458
        5452        5459
        5452        5461
        5452        5462
        5452        5464
        5452        5500
        5453        5455
        5453        5456
        5453        5460
        5454        5460
        5455        5457
        5455        5458
        5455        5459
        5460        5467
        5460        5500
        5461        5463
        5461        5465
        5461        5466
        5462        5465
        5462        5466
        5463        5464
        5464        5468
        5464        5469
        5464        5470
        5465        5467
        5466        5467
        5468        5471
        5469        5471
        5472        5475
        5472        5480
        5472        5481
        5472        5488
        5472        5489
        5472        5498
        5472        5501
        5472        5611
        5472        5624
        5472        5629
        5473        5474
        5473        5478
        5473        5479
        5473        5487
        5473        5628
        5474        5477
        5474        5488
        5474        5489
        5474        5505
        5474        5630
        5475        5487
        5475        5499
        5475        5500
        5475        5502
        5475        5503
        5475        5504
        5476        5478
        5476        5479
        5476        5487
        5476        5499
        5476        5500
        5476        5502
        5476        5503
        5476        5504
        5476        5628
        5477        5482
        5477        5483
        5477        5490
        5477        5499
        5477        5500
        5477        5628
        5478        5480
        5478        5481
        5478        5488
        5478        5489
        5478        5498
        5478        5630
        5479        5484
        5479        5485
        5479        5486
        5479        5488
        5479        5489
        5479        5498
        5479        5630
        5480        5482
        5480        5483
        5480        5487
        5481        5487
        5482        5484
        5482        5485
        5482        5486
        5487        5491
        5487        5492
        5487        5494
        5487        5501
        5487        5630
        5488        5490
        5488        5499
        5488        5500
        5489        5493
        5489        5495
        5489        5496
        5489        5497
        5489        5499
        5489        5500
        5489        5506
        5490        5498
        5490        5507
        5490        5508
        5491        5493
        5491        5495
        5491        5496
        5491        5497
        5491        5506
        5492        5495
        5492        5496
        5492        5497
        5492        5509
        5492        5510
        5492        5514
        5493        5494
        5493        5507
        5493        5508
        5494        5506
        5498        5502
        5498        5503
        5498        5504
        5499        5501
        5500        5501
        5502        5505
        5503        5505
        5506        5511
        5506        5512
        5506        5513
        5506        5515
        5506        5516
        5507        5509
        5507        5510
        5507        5514
        5508        5517
        5508        5518
        5509        5511
        5509        5512
        5509        5513
        5509        5515
        5509        5516
        5510        5515
        5510        5516
        5511        5514
        5512        5514
        5513        5514
        5514        5519
        5514        5520
        5514        5525
        5515        5517
        5515        5518
        5516        5521
        5516        5522
        5516        5526
        5516        5527
        5516        5528
        5517        5519
        5517        5520
        5517        5525
        5518        5523
        5518        5524
        5518        5529
        5518        5530
        5518        5531
        5519        5521
        5519        5522
        5519        5526
        5519        5527
        5519        5528
        5520        5526
        5520        5527
        5520        5528
        5521        5523
        5521        5524
        5521        5525
        5522        5525
        5525        5532
        5525        5533
        5526        5529
        5526        5530
        5526        5531
        5527        5529
        5527        5530
        5527        5531
        5528        5534
        5528        5535
        5529        5532
        5529        5533
        5530        5532
        5530        5533
        5531        5536
        5531        5537
        5531        5551
        5532        5534
        5532        5535
        5533        5538
        5533        5539
        5533        5540
        5533        5552
        5533        5588
        5534        5536
        5534        5537
        5534        5551
        5535        5541
        5535        5542
        5535        5543
        5535        5589
        5535        5590
        5536        5538
        5536        5539
        5536        5540
        5536        5552
        5536        5588
        5537        5544
        5537        5545
        5537        5546
        5537        5552
        5537        5588
        5538        5541
        5538        5542
        5538        5543
        5538        5551
        5539        5541
        5539        5542
        5539        5543
        5539        5551
        5540        5547
        5540        5548
        5540        5549
        5540        5551
        5541        5544
        5541        5545
        5541        5546
        5542        5544
        5542        5545
        5542        5546
        5543        5550
        5543        5553
        5544        5547
        5544        5548
        5544        5549
        5545        5547
        5545        5548
        5545        5549
        5546        5554
        5546        5555
        5547        5550
        5547        5553
        5548        5550
        5548        5553
        5549        5556
        5549        5557
        5549        5558
        5550        5554
        5550        5555
        5551        5591
        5551        5592
        5551        5596
        5552        5589
        5552        5590
        5553        5559
        5553        5560
        5554        5556
        5554        5557
        5554        5558
        5555        5561
        5555        5562
        5556        5559
        5556        5560
        5557        5559
        5557        5560
        5558        5563
        5558        5564
        5558        5565
        5559        5561
        5559        5562
        5560        5566
        5560        5567
        5561        5563
        5561        5564
        5561        5565
        5562        5568
        5562        5569
        5563        5566
        5563        5567
        5564        5566
        5564        5567
        5565        5570
        5565        5571
        5565        5572
        5566        5568
        5566        5569
        5567        5573
        5567        5574
        5568        5570
        5568        5571
        5568        5572
        5569        5575
        5569        5576
        5570        5573
        5570        5574
        5571        5573
        5571        5574
        5572        5577
        5572        5578
        5572        5579
        5573        5575
        5573        5576
        5574        5580
        5574        5581
        5575        5577
        5575        5578
        5575        5579
        5576        5582
        5576        5583
        5577        5580
        5577        5581
        5578        5580
        5578        5581
        5579        5584
        5579        5585
        5579        5586
        5580        5582
        5580        5583
        5581        5587
        5582        5584
        5582        5585
        5582        5586
        5584        5587
        5585        5587
        5588        5593
        5588        5594
        5588        5595
        5588        5597
        5588        5598
        5589        5591
        5589        5592
        5589        5596
        5590        5599
        5590        5600
        5591        5593
        5591        5594
        5591        5595
        5591        5597
        5591        5598
        5592        5597
        5592        5598
        5593        5596
        5594        5596
        5595        5596
        5596        5601
        5596        5602
        5596        5606
        5597        5599
        5597        5600
        5598        5603
        5598        5604
        5598        5605
        5598        5607
        5598        5608
        5599        5601
        5599        5602
        5599        5606
        5601        5603
        5601        5604
        5601        5605
        5601        5607
        5601        5608
        5602        5607
        5602        5608
        5603        5606
        5604        5606
        5605        5606
        5609        5612
        5609        5617
        5609        5618
        5609        5625
        5609        5626
        5609        5628
        5609        5631
        5609        5638
        5609        5651
        5609        5663
        5610        5611
        5610        5615
        5610        5616
        5610        5624
        5610        5662
        5611        5614
        5611        5625
        5611        5626
        5611        5635
        5611        5664
        5612        5624
        5612        5629
        5612        5630
        5612        5632
        5612        5633
        5612        5634
        5613        5615
        5613        5616
        5613        5624
        5613        5629
        5613        5630
        5613        5632
        5613        5633
        5613        5634
        5613        5662
        5614        5619
        5614        5620
        5614        5627
        5614        5629
        5614        5630
        5614        5662
        5615        5617
        5615        5618
        5615        5625
        5615        5626
        5615        5628
        5615        5664
        5616        5621
        5616        5622
        5616        5623
        5616        5625
        5616        5626
        5616        5628
        5616        5664
        5617        5619
        5617        5620
        5617        5624
        5618        5624
        5619        5621
        5619        5622
        5619        5623
        5624        5631
        5624        5664
        5625        5627
        5625        5629
        5625        5630
        5626        5629
        5626        5630
        5627        5628
        5628        5632
        5628        5633
        5628        5634
        5629        5631
        5630        5631
        5632        5635
        5633        5635
        5636        5639
        5636        5644
        5636        5645
        5636        5652
        5636        5653
        5636        5662
        5636        5665
        5636        5742
        5636        5755
        5636        5760
        5637        5638
        5637        5642
        5637        5643
        5637        5651
        5637        5759
        5638        5641
        5638        5652
        5638        5653
        5638        5669
        5638        5761
        5639        5651
        5639        5663
        5639        5664
        5639        5666
        5639        5667
        5639        5668
        5640        5642
        5640        5643
        5640        5651
        5640        5663
        5640        5664
        5640        5666
        5640        5667
        5640        5668
        5640        5759
        5641        5646
        5641        5647
        5641        5654
        5641        5663
        5641        5664
        5641        5759
        5642        5644
        5642        5645
        5642        5652
        5642        5653
        5642        5662
        5642        5761
        5643        5648
        5643        5649
        5643        5650
        5643        5652
        5643        5653
        5643        5662
        5643        5761
        5644        5646
        5644        5647
        5644        5651
        5645        5651
        5646        5648
        5646        5649
        5646        5650
        5651        5655
        5651        5656
        5651        5658
        5651        5665
        5651        5761
        5652        5654
        5652        5663
        5652        5664
        5653        5657
        5653        5659
        5653        5660
        5653        5661
        5653        5663
        5653        5664
        5653        5670
        5654        5662
        5654        5671
        5654        5672
        5655        5657
        5655        5659
        5655        5660
        5655        5661
        5655        5670
        5656        5659
        5656        5660
        5656        5661
        5656        5673
        5656        5674
        5656        5678
        5657        5658
        5657        5671
        5657        5672
        5658        5670
        5662        5666
        5662        5667
        5662        5668
        5663        5665
        5664        5665
        5666        5669
        5667        5669
        5670        5675
        5670        5676
        5670        5677
        5670        5679
        5670        5680
        5671        5673
        5671        5674
        5671        5678
        5672        5681
        5672        5682
        5673        5675
        5673        5676
        5673        5677
        5673        5679
        5673        5680
        5674        5679
        5674        5680
        5675        5678
        5676        5678
        5677        5678
        5678        5683
        5678        5684
        5678        5689
        5679        5681
        5679        5682
        5680        5685
        5680        5686
        5680        5690
        5680        5691
        5680        5692
        5681        5683
        5681        5684
        5681        5689
        5682        5687
        5682        5688
        5682        5693
        5682        5694
        5682        5695
        5683        5685
        5683        5686
        5683        5690
        5683        5691
        5683        5692
        5684        5690
        5684        5691
        5684        5692
        5685        5687
        5685        5688
        5685        5689
        5686        5689
        5689        5696
        5689        5697
        5690        5693
        5690        5694
        5690        5695
        5691        5693
        5691        5694
        5691        5695
        5692        5698
        5692        5699
        5693        5696
        5693        5697
        5694        5696
        5694        5697
        5695        5700
        5695        5701
        5695        5717
        5696        5698
        5696        5699
        5697        5702
        5697        5703
        5697        5704
        5697        5718
        5697        5719
        5698        5700
        5698        5701
        5698        5717
        5699        5705
        5699        5706
        5699        5707
        5699        5720
        5699        5721
        5700        5702
        5700        5703
        5700        5704
        5700        5718
        5700        5719
        5701        5708
        5701        5709
        5701        5710
        5701        5718
        5701        5719
        5702        5705
        5702        5706
        5702        5707
        5702        5717
        5703        5705
        5703        5706
        5703        5707
        5703        5717
        5704        5711
        5704        5712
        5704        5713
        5704        5717
        5705        5708
        5705        5709
        5705        5710
        5706        5708
        5706        5709
        5706        5710
        5707        5714
        5707        5715
        5707        5716
        5708        5711
        5708        5712
        5708        5713
        5709        5711
        5709        5712
        5709        5713
        5711        5714
        5711        5715
        5711        5716
        5712        5714
        5712        5715
        5712        5716
        5717        5722
        5717        5723
        5717        5727
        5718        5720
        5718        5721
        5719        5724
        5719        5725
        5719        5726
        5719        5728
        5719        5729
        5720        5722
        5720        5723
        5720        5727
        5721        5730
        5721        5731
        5722        5724
        5722        5725
        5722        5726
        5722        5728
        5722        5729
        5723        5728
        5723        5729
        5724        5727
        5725        5727
        5726        5727
        5727        5732
        5727        5733
        5727        5737
        5728        5730
        5728        5731
        5729        5734
        5729        5735
        5729        5736
        5729        5738
        5729        5739
        5730        5732
        5730        5733
        5730        5737
        5732        5734
        5732        5735
        5732        5736
        5732        5738
        5732        5739
        5733        5738
        5733        5739
        5734        5737
        5735        5737
        5736        5737
        5740        5743
        5740        5748
        5740        5749
        5740        5756
        5740        5757
        5740        5759
        5740        5762
        5740        5769
        5740        5782
        5740        5794
        5741        5742
        5741        5746
        5741        5747
        5741        5755
        5741        5793
        5742        5745
        5742        5756
        5742        5757
        5742        5766
        5742        5795
        5743        5755
        5743        5760
        5743        5761
        5743        5763
        5743        5764
        5743        5765
        5744        5746
        5744        5747
        5744        5755
        5744        5760
        5744        5761
        5744        5763
        5744        5764
        5744        5765
        5744        5793
        5745        5750
        5745        5751
        5745        5758
        5745        5760
        5745        5761
        5745        5793
        5746        5748
        5746        5749
        5746        5756
        5746        5757
        5746        5759
        5746        5795
        5747        5752
        5747        5753
        5747        5754
        5747        5756
        5747        5757
        5747        5759
        5747        5795
        5748        5750
        5748        5751
        5748        5755
        5749        5755
        5750        5752
        5750        5753
        5750        5754
        5755        5762
        5755        5795
        5756        5758
        5756        5760
        5756        5761
        5757        5760
        5757        5761
        5758        5759
        5759        5763
        5759        5764
        5759        5765
        5760        5762
        5761        5762
        5763        5766
        5764        5766
        5767        5770
        5767        5775
        5767        5776
        5767        5783
        5767        5784
        5767        5793
        5767        5796
        5767        5873
        5767        5886
        5767        5891
        5768        5769
        5768        5773
        5768        5774
        5768        5782
        5768        5890
        5769        5772
        5769        5783
        5769        5784
        5769        5800
        5769        5892
        5770        5782
        5770        5794
        5770        5795
        5770        5797
        5770        5798
        5770        5799
        5771        5773
        5771        5774
        5771        5782
        5771        5794
        5771        5795
        5771        5797
        5771        5798
        5771        5799
        5771        5890
        5772        5777
        5772        5778
        5772        5785
        5772        5794
        5772        5795
        5772        5890
        5773        5775
        5773        5776
        5773        5783
        5773        5784
        5773        5793
        5773        5892
        5774        5779
        5774        5780
        5774        5781
        5774        5783
        5774        5784
        5774        5793
        5774        5892
        5775        5777
        5775        5778
        5775        5782
        5776        5782
        5777        5779
        5777        5780
        5777        5781
        5782        5786
        5782        5787
        5782        5789
        5782        5796
        5782        5892
        5783        5785
        5783        5794
        5783        5795
        5784        5788
        5784        5790
        5784        5791
        5784        5792
        5784        5794
        5784        5795
        5784        5801
        5785        5793
        5785        5802
        5785        5803
        5786        5788
        5786        5790
        5786        5791
        5786        5792
        5786        5801
        5787        5790
        5787        5791
        5787        5792
        5787        5804
        5787        5805
        5787        5809
        5788        5789
        5788        5802
        5788        5803
        5789        5801
        5793        5797
        5793        5798
        5793        5799
        5794        5796
        5795        5796
        5797        5800
        5798        5800
        5801        5806
        5801        5807
        5801        5808
        5801        5810
        5801        5811
        5802        5804
        5802        5805
        5802        5809
        5803        5812
        5803        5813
        5804        5806
        5804        5807
        5804        5808
        5804        5810
        5804        5811
        5805        5810
        5805        5811
        5806        5809
        5807        5809
        5808        5809
        5809        5814
        5809        5815
        5809        5820
        5810        5812
        5810        5813
        5811        5816
        5811        5817
        5811        5821
        5811        5822
        5811        5823
        5812        5814
        5812        5815
        5812        5820
        5813        5818
        5813        5819
        5813        5824
        5813        5825
        5813        5826
        5814        5816
        5814        5817
        5814        5821
        5814        5822
        5814        5823
        5815        5821
        5815        5822
        5815        5823
        5816        5818
        5816        5819
        5816        5820
        5817        5820
        5820        5827
        5820        5828
        5821        5824
        5821        5825
        5821        5826
        5822        5824
        5822        5825
        5822        5826
        5823        5829
        5823        5830
        5824        5827
        5824        5828
        5825        5827
        5825        5828
        5826        5831
        5826        5832
        5826        5848
        5827        5829
        5827        5830
        5828        5833
        5828        5834
        5828        5835
        5828        5849
        5828        5850
        5829        5831
        5829        5832
        5829        5848
        5830        5836
        5830        5837
        5830        5838
        5830        5851
        5830        5852
        5831        5833
        5831        5834
        5831        5835
        5831        5849
        5831        5850
        5832        5839
        5832        5840
        5832        5841
        5832        5849
        5832        5850
        5833        5836
        5833        5837
        5833        5838
        5833        5848
        5834        5836
        5834        5837
        5834        5838
        5834        5848
        5835        5842
        5835        5843
        5835        5844
        5835        5848
        5836        5839
        5836        5840
        5836        5841
        5837        5839
        5837        5840
        5837        5841
        5838        5845
        5838        5846
        5838        5847
        5839        5842
        5839        5843
        5839        5844
        5840        5842
        5840        5843
        5840        5844
        5842        5845
        5842        5846
        5842        5847
        5843        5845
        5843        5846
        5843        5847
        5848        5853
        5848        5854
        5848        5858
        5849        5851
        5849        5852
        5850        5855
        5850        5856
        5850        5857
        5850        5859
        5850        5860
        5851        5853
        5851        5854
        5851        5858
        5852        5861
        5852        5862
        5853        5855
        5853        5856
        5853        5857
        5853        5859
        5853        5860
        5854        5859
        5854        5860
        5855        5858
        5856        5858
        5857        5858
        5858        5863
        5858        5864
        5858        5868
        5859        5861
        5859        5862
        5860        5865
        5860        5866
        5860        5867
        5860        5869
        5860        5870
        5861        5863
        5861        5864
        5861        5868
        5863        5865
        5863        5866
        5863        5867
        5863        5869
        5863        5870
        5864        5869
        5864        5870
        5865        5868
        5866        5868
        5867        5868
        5871        5874
        5871        5879
        5871        5880
        5871        5887
        5871        5888
        5871        5890
        5871        5893
        5871        5900
        5871        5913
        5871        5925
        5872        5873
        5872        5877
        5872        5878
        5872        5886
        5872        5924
        5873        5876
        5873        5887
        5873        5888
        5873        5897
        5873        5926
        5874        5886
        5874        5891
        5874        5892
        5874        5894
        5874        5895
        5874        5896
        5875        5877
        5875        5878
        5875        5886
        5875        5891
        5875        5892
        5875        5894
        5875        5895
        5875        5896
        5875        5924
        5876        5881
        5876        5882
        5876        5889
        5876        5891
        5876        5892
        5876        5924
        5877        5879
        5877        5880
        5877        5887
        5877        5888
        5877        5890
        5877        5926
        5878        5883
        5878        5884
        5878        5885
        5878        5887
        5878        5888
        5878        5890
        5878        5926
        5879        5881
        5879        5882
        5879        5886
        5880        5886
        5881        5883
        5881        5884
        5881        5885
        5886        5893
        5886        5926
        5887        5889
        5887        5891
        5887        5892
        5888        5891
        5888        5892
        5889        5890
        5890        5894
        5890        5895
        5890        5896
        5891        5893
        5892        5893
        5894        5897
        5895        5897
        5898        5901
        5898        5906
        5898        5907
        5898        5914
        5898        5915
        5898        5924
        5898        5927
        5898        6037
        5898        6050
        5898        6055
        5899        5900
        5899        5904
        5899        5905
        5899        5913
        5899        6054
        5900        5903
        5900        5914
        5900        5915
        5900        5931
        5900        6056
        5901        5913
        5901        5925
        5901        5926
        5901        5928
        5901        5929
        5901        5930
        5902        5904
        5902        5905
        5902        5913
        5902        5925
        5902        5926
        5902        5928
        5902        5929
        5902        5930
        5902        6054
        5903        5908
        5903        5909
        5903        5916
        5903        5925
        5903        5926
        5903        6054
        5904        5906
        5904        5907
        5904        5914
        5904        5915
        5904        5924
        5904        6056
        5905        5910
        5905        5911
        5905        5912
        5905        5914
        5905        5915
        5905        5924
        5905        6056
        5906        5908
        5906        5909
        5906        5913
        5907        5913
        5908        5910
        5908        5911
        5908        5912
        5913        5917
        5913        5918
        5913        5920
        5913        5927
        5913        6056
        5914        5916
        5914        5925
        5914        5926
        5915        5919
        5915        5921
        5915        5922
        5915        5923
        5915        5925
        5915        5926
        5915        5932
        5916        5924
        5916        5933
        5916        5934
        5917        5919
        5917        5921
        5917        5922
        5917        5923
        5917        5932
        5918        5921
        5918        5922
        5918        5923
        5918        5935
        5918        5936
        5918        5940
        5919        5920
        5919        5933
        5919        5934
        5920        5932
        5924        5928
        5924        5929
        5924        5930
        5925        5927
        5926        5927
        5928        5931
        5929        5931
        5932        5937
        5932        5938
        5932        5939
        5932        5941
        5932        5942
        5933        5935
        5933        5936
        5933        5940
        5934        5943
        5934        5944
        5935        5937
        5935        5938
        5935        5939
        5935        5941
        5935        5942
        5936        5941
        5936        5942
        5937        5940
        5938        5940
        5939        5940
        5940        5945
        5940        5946
        5940        5951
        5941        5943
        5941        5944
        5942        5947
        5942        5948
        5942        5952
        5942        5953
        5942        5954
        5943        5945
        5943        5946
        5943        5951
        5944        5949
        5944        5950
        5944        5955
        5944        5956
        5944        5957
        5945        5947
        5945        5948
        5945        5952
        5945        5953
        5945        5954
        5946        5952
        5946        5953
        5946        5954
        5947        5949
        5947        5950
        5947        5951
        5948        5951
        5951        5958
        5951        5959
        5952        5955
        5952        5956
        5952        5957
        5953        5955
        5953        5956
        5953        5957
        5954        5960
        5954        5961
        5955        5958
        5955        5959
        5956        5958
        5956        5959
        5957        5962
        5957        5963
        5957        5977
        5958        5960
        5958        5961
        5959        5964
        5959        5965
        5959        5966
        5959        5978
        5959        6014
        5960        5962
        5960        5963
        5960        5977
        5961        5967
        5961        5968
        5961        5969
        5961        6015
        5961        6016
        5962        5964
        5962        5965
        5962        5966
        5962        5978
        5962        6014
        5963        5970
        5963        5971
        5963        5972
        5963        5978
        5963        6014
        5964        5967
        5964        5968
        5964        5969
        5964        5977
        5965        5967
        5965        5968
        5965        5969
        5965        5977
        5966        5973
        5966        5974
        5966        5975
        5966        5977
        5967        5970
        5967        5971
        5967        5972
        5968        5970
        5968        5971
        5968        5972
        5969        5976
        5969        5979
        5970        5973
        5970        5974
        5970        5975
        5971        5973
        5971        5974
        5971        5975
        5972        5980
        5972        5981
        5973        5976
        5973        5979
        5974        5976
        5974        5979
        5975        5982
        5975        5983
        5975        5984
        5976        5980
        5976        5981
        5977        6017
        5977        6018
        5977        6022
        5978        6015
        5978        6016
        5979        5985
        5979        5986
        5980        5982
        5980        5983
        5980        5984
        5981        5987
        5981        5988
        5982        5985
        5982        5986
        5983        5985
        5983        5986
        5984        5989
        5984        5990
        5984        5991
        5985        5987
        5985        5988
        5986        5992
        5986        5993
        5987        5989
        5987        5990
        5987        5991
        5988        5994
        5988        5995
        5989        5992
        5989        5993
        5990        5992
        5990        5993
        5991        5996
        5991        5997
        5991        5998
        5992        5994
        5992        5995
        5993        5999
        5993        6000
        5994        5996
        5994        5997
        5994        5998
        5995        6001
        5995        6002
        5996        5999
        5996        6000
        5997        5999
        5997        6000
        5998        6003
        5998        6004
        5998        6005
        5999        6001
        5999        6002
        6000        6006
        6000        6007
        6001        6003
        6001        6004
        6001        6005
        6002        6008
        6002        6009
        6003        6006
        6003        6007
        6004        6006
        6004        6007
        6005        6010
        6005        6011
        6005        6012
        6006        6008
        6006        6009
        6007        6013
        6008        6010
        6008        6011
        6008        6012
        6010        6013
        6011        6013
        6014        6019
        6014        6020
        6014        6021
        6014        6023
        6014        6024
        6015        6017
        6015        6018
        6015        6022
        6016        6025
        6016        6026
        6017        6019
        6017        6020
        6017        6021
        6017        6023
        6017        6024
        6018        6023
        6018        6024
        6019        6022
        6020        6022
        6021        6022
        6022        6027
        6022        6028
        6022        6032
        6023        6025
        6023        6026
        6024        6029
        6024        6030
        6024        6031
        6024        6033
        6024        6034
        6025        6027
        6025        6028
        6025        6032
        6027        6029
        6027        6030
        6027        6031
        6027        6033
        6027        6034
        6028        6033
        6028        6034
        6029        6032
        6030        6032
        6031        6032
        6035        6038
        6035        6043
        6035        6044
        6035        6051
        6035        6052
        6035        6054
        6035        6057
        6035        6064
        6035        6077
        6035        6089
        6036        6037
        6036        6041
        6036        6042
        6036        6050
        6036        6088
        6037        6040
        6037        6051
        6037        6052
        6037        6061
        6037        6090
        6038        6050
        6038        6055
        6038        6056
        6038        6058
        6038        6059
        6038        6060
        6039        6041
        6039        6042
        6039        6050
        6039        6055
        6039        6056
        6039        6058
        6039        6059
        6039        6060
        6039        6088
        6040        6045
        6040        6046
        6040        6053
        6040        6055
        6040        6056
        6040        6088
        6041        6043
        6041        6044
        6041        6051
        6041        6052
        6041        6054
        6041        6090
        6042        6047
        6042        6048
        6042        6049
        6042        6051
        6042        6052
        6042        6054
        6042        6090
        6043        6045
        6043        6046
        6043        6050
        6044        6050
        6045        6047
        6045        6048
        6045        6049
        6050        6057
        6050        6090
        6051        6053
        6051        6055
        6051        6056
        6052        6055
        6052        6056
        6053        6054
        6054        6058
        6054        6059
        6054        6060
        6055        6057
        6056        6057
        6058        6061
        6059        6061
        6062        6065
        6062        6070
        6062        6071
        6062        6078
        6062        6079
        6062        6088
        6062        6091
        6062        6201
        6062        6214
        6062        6219
        6063        6064
        6063        6068
        6063        6069
        6063        6077
        6063        6218
        6064        6067
        6064        6078
        6064        6079
        6064        6095
        6064        6220
        6065        6077
        6065        6089
        6065        6090
        6065        6092
        6065        6093
        6065        6094
        6066        6068
        6066        6069
        6066        6077
        6066        6089
        6066        6090
        6066        6092
        6066        6093
        6066        6094
        6066        6218
        6067        6072
        6067        6073
        6067        6080
        6067        6089
        6067        6090
        6067        6218
        6068        6070
        6068        6071
        6068        6078
        6068        6079
        6068        6088
        6068        6220
        6069        6074
        6069        6075
        6069        6076
        6069        6078
        6069        6079
        6069        6088
        6069        6220
        6070        6072
        6070        6073
        6070        6077
        6071        6077
        6072        6074
        6072        6075
        6072        6076
        6077        6081
        6077        6082
        6077        6084
        6077        6091
        6077        6220
        6078        6080
        6078        6089
        6078        6090
        6079        6083
        6079        6085
        6079        6086
        6079        6087
        6079        6089
        6079        6090
        6079        6096
        6080        6088
        6080        6097
        6080        6098
        6081        6083
        6081        6085
        6081        6086
        6081        6087
        6081        6096
        6082        6085
        6082        6086
        6082        6087
        6082        6099
        6082        6100
        6082        6104
        6083        6084
        6083        6097
        6083        6098
        6084        6096
        6088        6092
        6088        6093
        6088        6094
        6089        6091
        6090        6091
        6092        6095
        6093        6095
        6096        6101
        6096        6102
        6096        6103
        6096        6105
        6096        6106
        6097        6099
        6097        6100
        6097        6104
        6098        6107
        6098        6108
        6099        6101
        6099        6102
        6099        6103
        6099        6105
        6099        6106
        6100        6105
        6100        6106
        6101        6104
        6102        6104
        6103        6104
        6104        6109
        6104        6110
        6104        6115
        6105        6107
        6105        6108
        6106        6111
        6106        6112
        6106        6116
        6106        6117
        6106        6118
        6107        6109
        6107        6110
        6107        6115
        6108        6113
        6108        6114
        6108        6119
        6108        6120
        6108        6121
        6109        6111
        6109        6112
        6109        6116
        6109        6117
        6109        6118
        6110        6116
        6110        6117
        6110        6118
        6111        6113
        6111        6114
        6111        6115
        6112        6115
        6115        6122
        6115        6123
        6116        6119
        6116        6120
        6116        6121
        6117        6119
        6117        6120
        6117        6121
        6118        6124
        6118        6125
        6119        6122
        6119        6123
        6120        6122
        6120        6123
        6121        6126
        6121        6127
        6121        6141
        6122        6124
        6122        6125
        6123        6128
        6123        6129
        6123        6130
        6123        6142
        6123        6178
        6124        6126
        6124        6127
        6124        6141
        6125        6131
        6125        6132
        6125        6133
        6125        6179
        6125        6180
        6126        6128
        6126        6129
        6126        6130
        6126        6142
        6126        6178
        6127        6134
        6127        6135
        6127        6136
        6127        6142
        6127        6178
        6128        6131
        6128        6132
        6128        6133
        6128        6141
        6129        6131
        6129        6132
        6129        6133
        6129        6141
        6130        6137
        6130        6138
        6130        6139
        6130        6141
        6131        6134
        6131        6135
        6131        6136
        6132        6134
        6132        6135
        6132        6136
        6133        6140
        6133        6143
        6134        6137
        6134        6138
        6134        6139
        6135        6137
        6135        6138
        6135        6139
        6136        6144
        6136        6145
        6137        6140
        6137        6143
        6138        6140
        6138        6143
        6139        6146
        6139        6147
        6139        6148
        6140        6144
        6140        6145
        6141        6181
        6141        6182
        6141        6186
        6142        6179
        6142        6180
        6143        6149
        6143        6150
        6144        6146
        6144        6147
        6144        6148
        6145        6151
        6145        6152
        6146        6149
        6146        6150
        6147        6149
        6147        6150
        6148        6153
        6148        6154
        6148        6155
        6149        6151
        6149        6152
        6150        6156
        6150        6157
        6151        6153
        6151        6154
        6151        6155
        6152        6158
        6152        6159
        6153        6156
        6153        6157
        6154        6156
        6154        6157
        6155        6160
        6155        6161
        6155        6162
        6156        6158
        6156        6159
        6157        6163
        6157        6164
        6158        6160
        6158        6161
        6158        6162
        6159        6165
        6159        6166
        6160        6163
        6160        6164
        6161        6163
        6161        6164
        6162        6167
        6162        6168
        6162        6169
        6163        6165
        6163        6166
        6164        6170
        6164        6171
        6165        6167
        6165        6168
        6165        6169
        6166        6172
        6166        6173
        6167        6170
        6167        6171
        6168        6170
        6168        6171
        6169        6174
        6169        6175
        6169        6176
        6170        6172
        6170        6173
        6171        6177
        6171        7991
        6172        6174
        6172        6175
        6172        6176
        6173        7985
        6173        7992
        6174        6177
        6174        7991
        6175        6177
        6175        7991
        6176        7983
        6176        7986
        6176        7987
        6177        7985
        6177        7992
        6178        6183
        6178        6184
        6178        6185
        6178        6187
        6178        6188
        6179        6181
        6179        6182
        6179        6186
        6180        6189
        6180        6190
        6181        6183
        6181        6184
        6181        6185
        6181        6187
        6181        6188
        6182        6187
        6182        6188
        6183        6186
        6184        6186
        6185        6186
        6186        6191
        6186        6192
        6186        6196
        6187        6189
        6187        6190
        6188        6193
        6188        6194
        6188        6195
        6188        6197
        6188        6198
        6189        6191
        6189        6192
        6189        6196
        6191        6193
        6191        6194
        6191        6195
        6191        6197
        6191        6198
        6192        6197
        6192        6198
        6193        6196
        6194        6196
        6195        6196
        6199        6202
        6199        6207
        6199        6208
        6199        6215
        6199        6216
        6199        6218
        6199        6221
        6199        6228
        6199        6241
        6199        6253
        6200        6201
        6200        6205
        6200        6206
        6200        6214
        6200        6252
        6201        6204
        6201        6215
        6201        6216
        6201        6225
        6201        6254
        6202        6214
        6202        6219
        6202        6220
        6202        6222
        6202        6223
        6202        6224
        6203        6205
        6203        6206
        6203        6214
        6203        6219
        6203        6220
        6203        6222
        6203        6223
        6203        6224
        6203        6252
        6204        6209
        6204        6210
        6204        6217
        6204        6219
        6204        6220
        6204        6252
        6205        6207
        6205        6208
        6205        6215
        6205        6216
        6205        6218
        6205        6254
        6206        6211
        6206        6212
        6206        6213
        6206        6215
        6206        6216
        6206        6218
        6206        6254
        6207        6209
        6207        6210
        6207        6214
        6208        6214
        6209        6211
        6209        6212
        6209        6213
        6214        6221
        6214        6254
        6215        6217
        6215        6219
        6215        6220
        6216        6219
        6216        6220
        6217        6218
        6218        6222
        6218        6223
        6218        6224
        6219        6221
        6220        6221
        6222        6225
        6223        6225
        6226        6229
        6226        6234
        6226        6235
        6226        6242
        6226        6243
        6226        6252
        6226        6255
        6226        6332
        6226        6345
        6226        6350
        6227        6228
        6227        6232
        6227        6233
        6227        6241
        6227        6349
        6228        6231
        6228        6242
        6228        6243
        6228        6259
        6228        6351
        6229        6241
        6229        6253
        6229        6254
        6229        6256
        6229        6257
        6229        6258
        6230        6232
        6230        6233
        6230        6241
        6230        6253
        6230        6254
        6230        6256
        6230        6257
        6230        6258
        6230        6349
        6231        6236
        6231        6237
        6231        6244
        6231        6253
        6231        6254
        6231        6349
        6232        6234
        6232        6235
        6232        6242
        6232        6243
        6232        6252
        6232        6351
        6233        6238
        6233        6239
        6233        6240
        6233        6242
        6233        6243
        6233        6252
        6233        6351
        6234        6236
        6234        6237
        6234        6241
        6235        6241
        6236        6238
        6236        6239
        6236        6240
        6241        6245
        6241        6246
        6241        6248
        6241        6255
        6241        6351
        6242        6244
        6242        6253
        6242        6254
        6243        6247
        6243        6249
        6243        6250
        6243        6251
        6243        6253
        6243        6254
        6243        6260
        6244        6252
        6244        6261
        6244        6262
        6245        6247
        6245        6249
        6245        6250
        6245        6251
        6245        6260
        6246        6249
        6246        6250
        6246        6251
        6246        6263
        6246        6264
        6246        6268
        6247        6248
        6247        6261
        6247        6262
        6248        6260
        6252        6256
        6252        6257
        6252        6258
        6253        6255
        6254        6255
        6256        6259
        6257        6259
        6260        6265
        6260        6266
        6260        6267
        6260        6269
        6260        6270
        6261        6263
        6261        6264
        6261        6268
        6262        6271
        6262        6272
        6263        6265
        6263        6266
        6263        6267
        6263        6269
        6263        6270
        6264        6269
        6264        6270
        6265        6268
        6266        6268
        6267        6268
        6268        6273
        6268        6274
        6268        6279
        6269        6271
        6269        6272
        6270        6275
        6270        6276
        6270        6280
        6270        6281
        6270        6282
        6271        6273
        6271        6274
        6271        6279
        6272        6277
        6272        6278
        6272        6283
        6272        6284
        6272        6285
        6273        6275
        6273        6276
        6273        6280
        6273        6281
        6273        6282
        6274        6280
        6274        6281
        6274        6282
        6275        6277
        6275        6278
        6275        6279
        6276        6279
        6279        6286
        6279        6287
        6280        6283
        6280        6284
        6280        6285
        6281        6283
        6281        6284
        6281        6285
        6282        6288
        6282        6289
        6283        6286
        6283        6287
        6284        6286
        6284        6287
        6285        6290
        6285        6291
        6285        6307
        6286        6288
        6286        6289
        6287        6292
        6287        6293
        6287        6294
        6287        6308
        6287        6309
        6288        6290
        6288        6291
        6288        6307
        6289        6295
        6289        6296
        6289        6297
        6289        6310
        6289        6311
        6290        6292
        6290        6293
        6290        6294
        6290        6308
        6290        6309
        6291        6298
        6291        6299
        6291        6300
        6291        6308
        6291        6309
        6292        6295
        6292        6296
        6292        6297
        6292        6307
        6293        6295
        6293        6296
        6293        6297
        6293        6307
        6294        6301
        6294        6302
        6294        6303
        6294        6307
        6295        6298
        6295        6299
        6295        6300
        6296        6298
        6296        6299
        6296        6300
        6297        6304
        6297        6305
        6297        6306
        6298        6301
        6298        6302
        6298        6303
        6299        6301
        6299        6302
        6299        6303
        6301        6304
        6301        6305
        6301        6306
        6302        6304
        6302        6305
        6302        6306
        6307        6312
        6307        6313
        6307        6317
        6308        6310
        6308        6311
        6309        6314
        6309        6315
        6309        6316
        6309        6318
        6309        6319
        6310        6312
        6310        6313
        6310        6317
        6311        6320
        6311        6321
        6312        6314
        6312        6315
        6312        6316
        6312        6318
        6312        6319
        6313        6318
        6313        6319
        6314        6317
        6315        6317
        6316        6317
        6317        6322
        6317        6323
        6317        6327
        6318        6320
        6318        6321
        6319        6324
        6319        6325
        6319        6326
        6319        6328
        6319        6329
        6320        6322
        6320        6323
        6320        6327
        6322        6324
        6322        6325
        6322        6326
        6322        6328
        6322        6329
        6323        6328
        6323        6329
        6324        6327
        6325        6327
        6326        6327
        6330        6333
        6330        6338
        6330        6339
        6330        6346
        6330        6347
        6330        6349
        6330        6352
        6330        6359
        6330        6372
        6330        6384
        6331        6332
        6331        6336
        6331        6337
        6331        6345
        6331        6383
        6332        6335
        6332        6346
        6332        6347
        6332        6356
        6332        6385
        6333        6345
        6333        6350
        6333        6351
        6333        6353
        6333        6354
        6333        6355
        6334        6336
        6334        6337
        6334        6345
        6334        6350
        6334        6351
        6334        6353
        6334        6354
        6334        6355
        6334        6383
        6335        6340
        6335        6341
        6335        6348
        6335        6350
        6335        6351
        6335        6383
        6336        6338
        6336        6339
        6336        6346
        6336        6347
        6336        6349
        6336        6385
        6337        6342
        6337        6343
        6337        6344
        6337        6346
        6337        6347
        6337        6349
        6337        6385
        6338        6340
        6338        6341
        6338        6345
        6339        6345
        6340        6342
        6340        6343
        6340        6344
        6345        6352
        6345        6385
        6346        6348
        6346        6350
        6346        6351
        6347        6350
        6347        6351
        6348        6349
        6349        6353
        6349        6354
        6349        6355
        6350        6352
        6351        6352
        6353        6356
        6354        6356
        6357        6360
        6357        6365
        6357        6366
        6357        6373
        6357        6374
        6357        6383
        6357        6386
        6357        6496
        6357        6509
        6357        6514
        6358        6359
        6358        6363
        6358        6364
        6358        6372
        6358        6513
        6359        6362
        6359        6373
        6359        6374
        6359        6390
        6359        6515
        6360        6372
        6360        6384
        6360        6385
        6360        6387
        6360        6388
        6360        6389
        6361        6363
        6361        6364
        6361        6372
        6361        6384
        6361        6385
        6361        6387
        6361        6388
        6361        6389
        6361        6513
        6362        6367
        6362        6368
        6362        6375
        6362        6384
        6362        6385
        6362        6513
        6363        6365
        6363        6366
        6363        6373
        6363        6374
        6363        6383
        6363        6515
        6364        6369
        6364        6370
        6364        6371
        6364        6373
        6364        6374
        6364        6383
        6364        6515
        6365        6367
        6365        6368
        6365        6372
        6366        6372
        6367        6369
        6367        6370
        6367        6371
        6372        6376
        6372        6377
        6372        6379
        6372        6386
        6372        6515
        6373        6375
        6373        6384
        6373        6385
        6374        6378
        6374        6380
        6374        6381
        6374        6382
        6374        6384
        6374        6385
        6374        6391
        6375        6383
        6375        6392
        6375        6393
        6376        6378
        6376        6380
        6376        6381
        6376        6382
        6376        6391
        6377        6380
        6377        6381
        6377        6382
        6377        6394
        6377        6395
        6377        6399
        6378        6379
        6378        6392
        6378        6393
        6379        6391
        6383        6387
        6383        6388
        6383        6389
        6384        6386
        6385        6386
        6387        6390
        6388        6390
        6391        6396
        6391        6397
        6391        6398
        6391        6400
        6391        6401
        6392        6394
        6392        6395
        6392        6399
        6393        6402
        6393        6403
        6394        6396
        6394        6397
        6394        6398
        6394        6400
        6394        6401
        6395        6400
        6395        6401
        6396        6399
        6397        6399
        6398        6399
        6399        6404
        6399        6405
        6399        6410
        6400        6402
        6400        6403
        6401        6406
        6401        6407
        6401        6411
        6401        6412
        6401        6413
        6402        6404
        6402        6405
        6402        6410
        6403        6408
        6403        6409
        6403        6414
        6403        6415
        6403        6416
        6404        6406
        6404        6407
        6404        6411
        6404        6412
        6404        6413
        6405        6411
        6405        6412
        6405        6413
        6406        6408
        6406        6409
        6406        6410
        6407        6410
        6410        6417
        6410        6418
        6411        6414
        6411        6415
        6411        6416
        6412        6414
        6412        6415
        6412        6416
        6413        6419
        6413        6420
        6414        6417
        6414        6418
        6415        6417
        6415        6418
        6416        6421
        6416        6422
        6416        6436
        6417        6419
        6417        6420
        6418        6423
        6418        6424
        6418        6425
        6418        6437
        6418        6473
        6419        6421
        6419        6422
        6419        6436
        6420        6426
        6420        6427
        6420        6428
        6420        6474
        6420        6475
        6421        6423
        6421        6424
        6421        6425
        6421        6437
        6421        6473
        6422        6429
        6422        6430
        6422        6431
        6422        6437
        6422        6473
        6423        6426
        6423        6427
        6423        6428
        6423        6436
        6424        6426
        6424        6427
        6424        6428
        6424        6436
        6425        6432
        6425        6433
        6425        6434
        6425        6436
        6426        6429
        6426        6430
        6426        6431
        6427        6429
        6427        6430
        6427        6431
        6428        6435
        6428        6438
        6429        6432
        6429        6433
        6429        6434
        6430        6432
        6430        6433
        6430        6434
        6431        6439
        6431        6440
        6432        6435
        6432        6438
        6433        6435
        6433        6438
        6434        6441
        6434        6442
        6434        6443
        6435        6439
        6435        6440
        6436        6476
        6436        6477
        6436        6481
        6437        6474
        6437        6475
        6438        6444
        6438        6445
        6439        6441
        6439        6442
        6439        6443
        6440        6446
        6440        6447
        6441        6444
        6441        6445
        6442        6444
        6442        6445
        6443        6448
        6443        6449
        6443        6450
        6444        6446
        6444        6447
        6445        6451
        6445        6452
        6446        6448
        6446        6449
        6446        6450
        6447        6453
        6447        6454
        6448        6451
        6448        6452
        6449        6451
        6449        6452
        6450        6455
        6450        6456
        6450        6457
        6451        6453
        6451        6454
        6452        6458
        6452        6459
        6453        6455
        6453        6456
        6453        6457
        6454        6460
        6454        6461
        6455        6458
        6455        6459
        6456        6458
        6456        6459
        6457        6462
        6457        6463
        6457        6464
        6458        6460
        6458        6461
        6459        6465
        6459        6466
        6460        6462
        6460        6463
        6460        6464
        6461        6467
        6461        6468
        6462        6465
        6462        6466
        6463        6465
        6463        6466
        6464        6469
        6464        6470
        6464        6471
        6465        6467
        6465        6468
        6466        6472
        6466        8397
        6467        6469
        6467        6470
        6467        6471
        6468        8391
        6468        8398
        6469        6472
        6469        8397
        6470        6472
        6470        8397
        6471        8389
        6471        8392
        6471        8393
        6472        8391
        6472        8398
        6473        6478
        6473        6479
        6473        6480
        6473        6482
        6473        6483
        6474        6476
        6474        6477
        6474        6481
        6475        6484
        6475        6485
        6476        6478
        6476        6479
        6476        6480
        6476        6482
        6476        6483
        6477        6482
        6477        6483
        6478        6481
        6479        6481
        6480        6481
        6481        6486
        6481        6487
        6481        6491
        6482        6484
        6482        6485
        6483        6488
        6483        6489
        6483        6490
        6483        6492
        6483        6493
        6484        6486
        6484        6487
        6484        6491
        6486        6488
        6486        6489
        6486        6490
        6486        6492
        6486        6493
        6487        6492
        6487        6493
        6488        6491
        6489        6491
        6490        6491
        6494        6497
        6494        6502
        6494        6503
        6494        6510
        6494        6511
        6494        6513
        6494        6516
        6494        6523
        6494        6536
        6494        6548
        6495        6496
        6495        6500
        6495        6501
        6495        6509
        6495        6547
        6496        6499
        6496        6510
        6496        6511
        6496        6520
        6496        6549
        6497        6509
        6497        6514
        6497        6515
        6497        6517
        6497        6518
        6497        6519
        6498        6500
        6498        6501
        6498        6509
        6498        6514
        6498        6515
        6498        6517
        6498        6518
        6498        6519
        6498        6547
        6499        6504
        6499        6505
        6499        6512
        6499        6514
        6499        6515
        6499        6547
        6500        6502
        6500        6503
        6500        6510
        6500        6511
        6500        6513
        6500        6549
        6501        6506
        6501        6507
        6501        6508
        6501        6510
        6501        6511
        6501        6513
        6501        6549
        6502        6504
        6502        6505
        6502        6509
        6503        6509
        6504        6506
        6504        6507
        6504        6508
        6509        6516
        6509        6549
        6510        6512
        6510        6514
        6510        6515
        6511        6514
        6511        6515
        6512        6513
        6513        6517
        6513        6518
        6513        6519
        6514        6516
        6515        6516
        6517        6520
        6518        6520
        6521        6524
        6521        6529
        6521        6530
        6521        6537
        6521        6538
        6521        6547
        6521        6550
        6521        6660
        6521        6673
        6521        6678
        6522        6523
        6522        6527
        6522        6528
        6522        6536
        6522        6677
        6523        6526
        6523        6537
        6523        6538
        6523        6554
        6523        6679
        6524        6536
        6524        6548
        6524        6549
        6524        6551
        6524        6552
        6524        6553
        6525        6527
        6525        6528
        6525        6536
        6525        6548
        6525        6549
        6525        6551
        6525        6552
        6525        6553
        6525        6677
        6526        6531
        6526        6532
        6526        6539
        6526        6548
        6526        6549
        6526        6677
        6527        6529
        6527        6530
        6527        6537
        6527        6538
        6527        6547
        6527        6679
        6528        6533
        6528        6534
        6528        6535
        6528        6537
        6528        6538
        6528        6547
        6528        6679
        6529        6531
        6529        6532
        6529        6536
        6530        6536
        6531        6533
        6531        6534
        6531        6535
        6536        6540
        6536        6541
        6536        6543
        6536        6550
        6536        6679
        6537        6539
        6537        6548
        6537        6549
        6538        6542
        6538        6544
        6538        6545
        6538        6546
        6538        6548
        6538        6549
        6538        6555
        6539        6547
        6539        6556
        6539        6557
        6540        6542
        6540        6544
        6540        6545
        6540        6546
        6540        6555
        6541        6544
        6541        6545
        6541        6546
        6541        6558
        6541        6559
        6541        6563
        6542        6543
        6542        6556
        6542        6557
        6543        6555
        6547        6551
        6547        6552
        6547        6553
        6548        6550
        6549        6550
        6551        6554
        6552        6554
        6555        6560
        6555        6561
        6555        6562
        6555        6564
        6555        6565
        6556        6558
        6556        6559
        6556        6563
        6557        6566
        6557        6567
        6558        6560
        6558        6561
        6558        6562
        6558        6564
        6558        6565
        6559        6564
        6559        6565
        6560        6563
        6561        6563
        6562        6563
        6563        6568
        6563        6569
        6563        6574
        6564        6566
        6564        6567
        6565        6570
        6565        6571
        6565        6575
        6565        6576
        6565        6577
        6566        6568
        6566        6569
        6566        6574
        6567        6572
        6567        6573
        6567        6578
        6567        6579
        6567        6580
        6568        6570
        6568        6571
        6568        6575
        6568        6576
        6568        6577
        6569        6575
        6569        6576
        6569        6577
        6570        6572
        6570        6573
        6570        6574
        6571        6574
        6574        6581
        6574        6582
        6575        6578
        6575        6579
        6575        6580
        6576        6578
        6576        6579
        6576        6580
        6577        6583
        6577        6584
        6578        6581
        6578        6582
        6579        6581
        6579        6582
        6580        6585
        6580        6586
        6580        6600
        6581        6583
        6581        6584
        6582        6587
        6582        6588
        6582        6589
        6582        6601
        6582        6637
        6583        6585
        6583        6586
        6583        6600
        6584        6590
        6584        6591
        6584        6592
        6584        6638
        6584        6639
        6585        6587
        6585        6588
        6585        6589
        6585        6601
        6585        6637
        6586        6593
        6586        6594
        6586        6595
        6586        6601
        6586        6637
        6587        6590
        6587        6591
        6587        6592
        6587        6600
        6588        6590
        6588        6591
        6588        6592
        6588        6600
        6589        6596
        6589        6597
        6589        6598
        6589        6600
        6590        6593
        6590        6594
        6590        6595
        6591        6593
        6591        6594
        6591        6595
        6592        6599
        6592        6602
        6593        6596
        6593        6597
        6593        6598
        6594        6596
        6594        6597
        6594        6598
        6595        6603
        6595        6604
        6596        6599
        6596        6602
        6597        6599
        6597        6602
        6598        6605
        6598        6606
        6598        6607
        6599        6603
        6599        6604
        6600        6640
        6600        6641
        6600        6645
        6601        6638
        6601        6639
        6602        6608
        6602        6609
        6603        6605
        6603        6606
        6603        6607
        6604        6610
        6604        6611
        6605        6608
        6605        6609
        6606        6608
        6606        6609
        6607        6612
        6607        6613
        6607        6614
        6608        6610
        6608        6611
        6609        6615
        6609        6616
        6610        6612
        6610        6613
        6610        6614
        6611        6617
        6611        6618
        6612        6615
        6612        6616
        6613        6615
        6613        6616
        6614        6619
        6614        6620
        6614        6621
        6615        6617
        6615        6618
        6616        6622
        6616        6623
        6617        6619
        6617        6620
        6617        6621
        6618        6624
        6618        6625
        6619        6622
        6619        6623
        6620        6622
        6620        6623
        6621        6626
        6621        6627
        6621        6628
        6622        6624
        6622        6625
        6623        6629
        6623        6630
        6624        6626
        6624        6627
        6624        6628
        6625        6631
        6625        6632
        6626        6629
        6626        6630
        6627        6629
        6627        6630
        6628        6633
        6628        6634
        6628        6635
        6629        6631
        6629        6632
        6630        6636
        6631        6633
        6631        6634
        6631        6635
        6633        6636
        6634        6636
        6637        6642
        6637        6643
        6637        6644
        6637        6646
        6637        6647
        6638        6640
        6638        6641
        6638        6645
        6639        6648
        6639        6649
        6640        6642
        6640        6643
        6640        6644
        6640        6646
        6640        6647
        6641        6646
        6641        6647
        6642        6645
        6643        6645
        6644        6645
        6645        6650
        6645        6651
        6645        6655
        6646        6648
        6646        6649
        6647        6652
        6647        6653
        6647        6654
        6647        6656
        6647        6657
        6648        6650
        6648        6651
        6648        6655
        6650        6652
        6650        6653
        6650        6654
        6650        6656
        6650        6657
        6651        6656
        6651        6657
        6652        6655
        6653        6655
        6654        6655
        6658        6661
        6658        6666
        6658        6667
        6658        6674
        6658        6675
        6658        6677
        6658        6680
        6658        6687
        6658        6700
        6658        6712
        6659        6660
        6659        6664
        6659        6665
        6659        6673
        6659        6711
        6660        6663
        6660        6674
        6660        6675
        6660        6684
        6660        6713
        6661        6673
        6661        6678
        6661        6679
        6661        6681
        6661        6682
        6661        6683
        6662        6664
        6662        6665
        6662        6673
        6662        6678
        6662        6679
        6662        6681
        6662        6682
        6662        6683
        6662        6711
        6663        6668
        6663        6669
        6663        6676
        6663        6678
        6663        6679
        6663        6711
        6664        6666
        6664        6667
        6664        6674
        6664        6675
        6664        6677
        6664        6713
        6665        6670
        6665        6671
        6665        6672
        6665        6674
        6665        6675
        6665        6677
        6665        6713
        6666        6668
        6666        6669
        6666        6673
        6667        6673
        6668        6670
        6668        6671
        6668        6672
        6673        6680
        6673        6713
        6674        6676
        6674        6678
        6674        6679
        6675        6678
        6675        6679
        6676        6677
        6677        6681
        6677        6682
        6677        6683
        6678        6680
        6679        6680
        6681        6684
        6682        6684
        6685        6688
        6685        6693
        6685        6694
        6685        6701
        6685        6702
        6685        6711
        6685        6714
        6685        6824
        6685        6837
        6685        6842
        6686        6687
        6686        6691
        6686        6692
        6686        6700
        6686        6841
        6687        6690
        6687        6701
        6687        6702
        6687        6718
        6687        6843
        6688        6700
        6688        6712
        6688        6713
        6688        6715
        6688        6716
        6688        6717
        6689        6691
        6689        6692
        6689        6700
        6689        6712
        6689        6713
        6689        6715
        6689        6716
        6689        6717
        6689        6841
        6690        6695
        6690        6696
        6690        6703
        6690        6712
        6690        6713
        6690        6841
        6691        6693
        6691        6694
        6691        6701
        6691        6702
        6691        6711
        6691        6843
        6692        6697
        6692        6698
        6692        6699
        6692        6701
        6692        6702
        6692        6711
        6692        6843
        6693        6695
        6693        6696
        6693        6700
        6694        6700
        6695        6697
        6695        6698
        6695        6699
        6700        6704
        6700        6705
        6700        6707
        6700        6714
        6700        6843
        6701        6703
        6701        6712
        6701        6713
        6702        6706
        6702        6708
        6702        6709
        6702        6710
        6702        6712
        6702        6713
        6702        6719
        6703        6711
        6703        6720
        6703        6721
        6704        6706
        6704        6708
        6704        6709
        6704        6710
        6704        6719
        6705        6708
        6705        6709
        6705        6710
        6705        6722
        6705        6723
        6705        6727
        6706        6707
        6706        6720
        6706        6721
        6707        6719
        6711        6715
        6711        6716
        6711        6717
        6712        6714
        6713        6714
        6715        6718
        6716        6718
        6719        6724
        6719        6725
        6719        6726
        6719        6728
        6719        6729
        6720        6722
        6720        6723
        6720        6727
        6721        6730
        6721        6731
        6722        6724
        6722        6725
        6722        6726
        6722        6728
        6722        6729
        6723        6728
        6723        6729
        6724        6727
        6725        6727
        6726        6727
        6727        6732
        6727        6733
        6727        6738
        6728        6730
        6728        6731
        6729        6734
        6729        6735
        6729        6739
        6729        6740
        6729        6741
        6730        6732
        6730        6733
        6730        6738
        6731        6736
        6731        6737
        6731        6742
        6731        6743
        6731        6744
        6732        6734
        6732        6735
        6732        6739
        6732        6740
        6732        6741
        6733        6739
        6733        6740
        6733        6741
        6734        6736
        6734        6737
        6734        6738
        6735        6738
        6738        6745
        6738        6746
        6739        6742
        6739        6743
        6739        6744
        6740        6742
        6740        6743
        6740        6744
        6741        6747
        6741        6748
        6742        6745
        6742        6746
        6743        6745
        6743        6746
        6744        6749
        6744        6750
        6744        6764
        6745        6747
        6745        6748
        6746        6751
        6746        6752
        6746        6753
        6746        6765
        6746        6801
        6747        6749
        6747        6750
        6747        6764
        6748        6754
        6748        6755
        6748        6756
        6748        6802
        6748        6803
        6749        6751
        6749        6752
        6749        6753
        6749        6765
        6749        6801
        6750        6757
        6750        6758
        6750        6759
        6750        6765
        6750        6801
        6751        6754
        6751        6755
        6751        6756
        6751        6764
        6752        6754
        6752        6755
        6752        6756
        6752        6764
        6753        6760
        6753        6761
        6753        6762
        6753        6764
        6754        6757
        6754        6758
        6754        6759
        6755        6757
        6755        6758
        6755        6759
        6756        6763
        6756        6766
        6757        6760
        6757        6761
        6757        6762
        6758        6760
        6758        6761
        6758        6762
        6759        6767
        6759        6768
        6760        6763
        6760        6766
        6761        6763
        6761        6766
        6762        6769
        6762        6770
        6762        6771
        6763        6767
        6763        6768
        6764        6804
        6764        6805
        6764        6809
        6765        6802
        6765        6803
        6766        6772
        6766        6773
        6767        6769
        6767        6770
        6767        6771
        6768        6774
        6768        6775
        6769        6772
        6769        6773
        6770        6772
        6770        6773
        6771        6776
        6771        6777
        6771        6778
        6772        6774
        6772        6775
        6773        6779
        6773        6780
        6774        6776
        6774        6777
        6774        6778
        6775        6781
        6775        6782
        6776        6779
        6776        6780
        6777        6779
        6777        6780
        6778        6783
        6778        6784
        6778        6785
        6779        6781
        6779        6782
        6780        6786
        6780        6787
        6781        6783
        6781        6784
        6781        6785
        6782        6788
        6782        6789
        6783        6786
        6783        6787
        6784        6786
        6784        6787
        6785        6790
        6785        6791
        6785        6792
        6786        6788
        6786        6789
        6787        6793
        6787        6794
        6788        6790
        6788        6791
        6788        6792
        6789        6795
        6789        6796
        6790        6793
        6790        6794
        6791        6793
        6791        6794
        6792        6797
        6792        6798
        6792        6799
        6793        6795
        6793        6796
        6794        6800
        6794        8637
        6795        6797
        6795        6798
        6795        6799
        6796        8631
        6796        8638
        6797        6800
        6797        8637
        6798        6800
        6798        8637
        6799        8629
        6799        8632
        6799        8633
        6800        8631
        6800        8638
        6801        6806
        6801        6807
        6801        6808
        6801        6810
        6801        6811
        6802        6804
        6802        6805
        6802        6809
        6803        6812
        6803        6813
        6804        6806
        6804        6807
        6804        6808
        6804        6810
        6804        6811
        6805        6810
        6805        6811
        6806        6809
        6807        6809
        6808        6809
        6809        6814
        6809        6815
        6809        6819
        6810        6812
        6810        6813
        6811        6816
        6811        6817
        6811        6818
        6811        6820
        6811        6821
        6812        6814
        6812        6815
        6812        6819
        6814        6816
        6814        6817
        6814        6818
        6814        6820
        6814        6821
        6815        6820
        6815        6821
        6816        6819
        6817        6819
        6818        6819
        6822        6825
        6822        6830
        6822        6831
        6822        6838
        6822        6839
        6822        6841
        6822        6844
        6822        6851
        6822        6864
        6822        6876
        6823        6824
        6823        6828
        6823        6829
        6823        6837
        6823        6875
        6824        6827
        6824        6838
        6824        6839
        6824        6848
        6824        6877
        6825        6837
        6825        6842
        6825        6843
        6825        6845
        6825        6846
        6825        6847
        6826        6828
        6826        6829
        6826        6837
        6826        6842
        6826        6843
        6826        6845
        6826        6846
        6826        6847
        6826        6875
        6827        6832
        6827        6833
        6827        6840
        6827        6842
        6827        6843
        6827        6875
        6828        6830
        6828        6831
        6828        6838
        6828        6839
        6828        6841
        6828        6877
        6829        6834
        6829        6835
        6829        6836
        6829        6838
        6829        6839
        6829        6841
        6829        6877
        6830        6832
        6830        6833
        6830        6837
        6831        6837
        6832        6834
        6832        6835
        6832        6836
        6837        6844
        6837        6877
        6838        6840
        6838        6842
        6838        6843
        6839        6842
        6839        6843
        6840        6841
        6841        6845
        6841        6846
        6841        6847
        6842        6844
        6843        6844
        6845        6848
        6846        6848
        6849        6852
        6849        6857
        6849        6858
        6849        6865
        6849        6866
        6849        6875
        6849        6878
        6849        6988
        6849        7001
        6849        7006
        6850        6851
        6850        6855
        6850        6856
        6850        6864
        6850        7005
        6851        6854
        6851        6865
        6851        6866
        6851        6882
        6851        7007
        6852        6864
        6852        6876
        6852        6877
        6852        6879
        6852        6880
        6852        6881
        6853        6855
        6853        6856
        6853        6864
        6853        6876
        6853        6877
        6853        6879
        6853        6880
        6853        6881
        6853        7005
        6854        6859
        6854        6860
        6854        6867
        6854        6876
        6854        6877
        6854        7005
        6855        6857
        6855        6858
        6855        6865
        6855        6866
        6855        6875
        6855        7007
        6856        6861
        6856        6862
        6856        6863
        6856        6865
        6856        6866
        6856        6875
        6856        7007
        6857        6859
        6857        6860
        6857        6864
        6858        6864
        6859        6861
        6859        6862
        6859        6863
        6864        6868
        6864        6869
        6864        6871
        6864        6878
        6864        7007
        6865        6867
        6865        6876
        6865        6877
        6866        6870
        6866        6872
        6866        6873
        6866        6874
        6866        6876
        6866        6877
        6866        6883
        6867        6875
        6867        6884
        6867        6885
        6868        6870
        6868        6872
        6868        6873
        6868        6874
        6868        6883
        6869        6872
        6869        6873
        6869        6874
        6869        6886
        6869        6887
        6869        6891
        6870        6871
        6870        6884
        6870        6885
        6871        6883
        6875        6879
        6875        6880
        6875        6881
        6876        6878
        6877        6878
        6879        6882
        6880        6882
        6883        6888
        6883        6889
        6883        6890
        6883        6892
        6883        6893
        6884        6886
        6884        6887
        6884        6891
        6885        6894
        6885        6895
        6886        6888
        6886        6889
        6886        6890
        6886        6892
        6886        6893
        6887        6892
        6887        6893
        6888        6891
        6889        6891
        6890        6891
        6891        6896
        6891        6897
        6891        6902
        6892        6894
        6892        6895
        6893        6898
        6893        6899
        6893        6903
        6893        6904
        6893        6905
        6894        6896
        6894        6897
        6894        6902
        6895        6900
        6895        6901
        6895        6906
        6895        6907
        6895        6908
        6896        6898
        6896        6899
        6896        6903
        6896        6904
        6896        6905
        6897        6903
        6897        6904
        6897        6905
        6898        6900
        6898        6901
        6898        6902
        6899        6902
        6902        6909
        6902        6910
        6903        6906
        6903        6907
        6903        6908
        6904        6906
        6904        6907
        6904        6908
        6905        6911
        6905        6912
        6906        6909
        6906        6910
        6907        6909
        6907        6910
        6908        6913
        6908        6914
        6908        6928
        6909        6911
        6909        6912
        6910        6915
        6910        6916
        6910        6917
        6910        6929
        6910        6965
        6911        6913
        6911        6914
        6911        6928
        6912        6918
        6912        6919
        6912        6920
        6912        6966
        6912        6967
        6913        6915
        6913        6916
        6913        6917
        6913        6929
        6913        6965
        6914        6921
        6914        6922
        6914        6923
        6914        6929
        6914        6965
        6915        6918
        6915        6919
        6915        6920
        6915        6928
        6916        6918
        6916        6919
        6916        6920
        6916        6928
        6917        6924
        6917        6925
        6917        6926
        6917        6928
        6918        6921
        6918        6922
        6918        6923
        6919        6921
        6919        6922
        6919        6923
        6920        6927
        6920        6930
        6921        6924
        6921        6925
        6921        6926
        6922        6924
        6922        6925
        6922        6926
        6923        6931
        6923        6932
        6924        6927
        6924        6930
        6925        6927
        6925        6930
        6926        6933
        6926        6934
        6926        6935
        6927        6931
        6927        6932
        6928        6968
        6928        6969
        6928        6973
        6929        6966
        6929        6967
        6930        6936
        6930        6937
        6931        6933
        6931        6934
        6931        6935
        6932        6938
        6932        6939
        6933        6936
        6933        6937
        6934        6936
        6934        6937
        6935        6940
        6935        6941
        6935        6942
        6936        6938
        6936        6939
        6937        6943
        6937        6944
        6938        6940
        6938        6941
        6938        6942
        6939        6945
        6939        6946
        6940        6943
        6940        6944
        6941        6943
        6941        6944
        6942        6947
        6942        6948
        6942        6949
        6943        6945
        6943        6946
        6944        6950
        6944        6951
        6945        6947
        6945        6948
        6945        6949
        6946        6952
        6946        6953
        6947        6950
        6947        6951
        6948        6950
        6948        6951
        6949        6954
        6949        6955
        6949        6956
        6950        6952
        6950        6953
        6951        6957
        6951        6958
        6952        6954
        6952        6955
        6952        6956
        6953        6959
        6953        6960
        6954        6957
        6954        6958
        6955        6957
        6955        6958
        6956        6961
        6956        6962
        6956        6963
        6957        6959
        6957        6960
        6958        6964
        6959        6961
        6959        6962
        6959        6963
        6961        6964
        6962        6964
        6965        6970
        6965        6971
        6965        6972
        6965        6974
        6965        6975
        6966        6968
        6966        6969
        6966        6973
        6967        6976
        6967        6977
        6968        6970
        6968        6971
        6968        6972
        6968        6974
        6968        6975
        6969        6974
        6969        6975
        6970        6973
        6971        6973
        6972        6973
        6973        6978
        6973        6979
        6973        6983
        6974        6976
        6974        6977
        6975        6980
        6975        6981
        6975        6982
        6975        6984
        6975        6985
        6976        6978
        6976        6979
        6976        6983
        6978        6980
        6978        6981
        6978        6982
        6978        6984
        6978        6985
        6979        6984
        6979        6985
        6980        6983
        6981        6983
        6982        6983
        6986        6989
        6986        6994
        6986        6995
        6986        7002
        6986        7003
        6986        7005
        6986        7008
        6986        7015
        6986        7028
        6986        7040
        6987        6988
        6987        6992
        6987        6993
        6987        7001
        6987        7039
        6988        6991
        6988        7002
        6988        7003
        6988        7012
        6988        7041
        6989        7001
        6989        7006
        6989        7007
        6989        7009
        6989        7010
        6989        7011
        6990        6992
        6990        6993
        6990        7001
        6990        7006
        6990        7007
        6990        7009
        6990        7010
        6990        7011
        6990        7039
        6991        6996
        6991        6997
        6991        7004
        6991        7006
        6991        7007
        6991        7039
        6992        6994
        6992        6995
        6992        7002
        6992        7003
        6992        7005
        6992        7041
        6993        6998
        6993        6999
        6993        7000
        6993        7002
        6993        7003
        6993        7005
        6993        7041
        6994        6996
        6994        6997
        6994        7001
        6995        7001
        6996        6998
        6996        6999
        6996        7000
        7001        7008
        7001        7041
        7002        7004
        7002        7006
        7002        7007
        7003        7006
        7003        7007
        7004        7005
        7005        7009
        7005        7010
        7005        7011
        7006        7008
        7007        7008
        7009        7012
        7010        7012
        7013        7016
        7013        7021
        7013        7022
        7013        7029
        7013        7030
        7013        7039
        7013        7042
        7013        7152
        7013        7165
        7013        7170
        7014        7015
        7014        7019
        7014        7020
        7014        7028
        7014        7169
        7015        7018
        7015        7029
        7015        7030
        7015        7046
        7015        7171
        7016        7028
        7016        7040
        7016        7041
        7016        7043
        7016        7044
        7016        7045
        7017        7019
        7017        7020
        7017        7028
        7017        7040
        7017        7041
        7017        7043
        7017        7044
        7017        7045
        7017        7169
        7018        7023
        7018        7024
        7018        7031
        7018        7040
        7018        7041
        7018        7169
        7019        7021
        7019        7022
        7019        7029
        7019        7030
        7019        7039
        7019        7171
        7020        7025
        7020        7026
        7020        7027
        7020        7029
        7020        7030
        7020        7039
        7020        7171
        7021        7023
        7021        7024
        7021        7028
        7022        7028
        7023        7025
        7023        7026
        7023        7027
        7028        7032
        7028        7033
        7028        7035
        7028        7042
        7028        7171
        7029        7031
        7029        7040
        7029        7041
        7030        7034
        7030        7036
        7030        7037
        7030        7038
        7030        7040
        7030        7041
        7030        7047
        7031        7039
        7031        7048
        7031        7049
        7032        7034
        7032        7036
        7032        7037
        7032        7038
        7032        7047
        7033        7036
        7033        7037
        7033        7038
        7033        7050
        7033        7051
        7033        7055
        7034        7035
        7034        7048
        7034        7049
        7035        7047
        7039        7043
        7039        7044
        7039        7045
        7040        7042
        7041        7042
        7043        7046
        7044        7046
        7047        7052
        7047        7053
        7047        7054
        7047        7056
        7047        7057
        7048        7050
        7048        7051
        7048        7055
        7049        7058
        7049        7059
        7050        7052
        7050        7053
        7050        7054
        7050        7056
        7050        7057
        7051        7056
        7051        7057
        7052        7055
        7053        7055
        7054        7055
        7055        7060
        7055        7061
        7055        7066
        7056        7058
        7056        7059
        7057        7062
        7057        7063
        7057        7067
        7057        7068
        7057        7069
        7058        7060
        7058        7061
        7058        7066
        7059        7064
        7059        7065
        7059        7070
        7059        7071
        7059        7072
        7060        7062
        7060        7063
        7060        7067
        7060        7068
        7060        7069
        7061        7067
        7061        7068
        7061        7069
        7062        7064
        7062        7065
        7062        7066
        7063        7066
        7066        7073
        7066        7074
        7067        7070
        7067        7071
        7067        7072
        7068        7070
        7068        7071
        7068        7072
        7069        7075
        7069        7076
        7070        7073
        7070        7074
        7071        7073
        7071        7074
        7072        7077
        7072        7078
        7072        7092
        7073        7075
        7073        7076
        7074        7079
        7074        7080
        7074        7081
        7074        7093
        7074        7129
        7075        7077
        7075        7078
        7075        7092
        7076        7082
        7076        7083
        7076        7084
        7076        7130
        7076        7131
        7077        7079
        7077        7080
        7077        7081
        7077        7093
        7077        7129
        7078        7085
        7078        7086
        7078        7087
        7078        7093
        7078        7129
        7079        7082
        7079        7083
        7079        7084
        7079        7092
        7080        7082
        7080        7083
        7080        7084
        7080        7092
        7081        7088
        7081        7089
        7081        7090
        7081        7092
        7082        7085
        7082        7086
        7082        7087
        7083        7085
        7083        7086
        7083        7087
        7084        7091
        7084        7094
        7085        7088
        7085        7089
        7085        7090
        7086        7088
        7086        7089
        7086        7090
        7087        7095
        7087        7096
        7088        7091
        7088        7094
        7089        7091
        7089        7094
        7090        7097
        7090        7098
        7090        7099
        7091        7095
        7091        7096
        7092        7132
        7092        7133
        7092        7137
        7093        7130
        7093        7131
        7094        7100
        7094        7101
        7095        7097
        7095        7098
        7095        7099
        7096        7102
        7096        7103
        7097        7100
        7097        7101
        7098        7100
        7098        7101
        7099        7104
        7099        7105
        7099        7106
        7100        7102
        7100        7103
        7101        7107
        7101        7108
        7102        7104
        7102        7105
        7102        7106
        7103        7109
        7103        7110
        7104        7107
        7104        7108
        7105        7107
        7105        7108
        7106        7111
        7106        7112
        7106        7113
        7107        7109
        7107        7110
        7108        7114
        7108        7115
        7109        7111
        7109        7112
        7109        7113
        7110        7116
        7110        7117
        7111        7114
        7111        7115
        7112        7114
        7112        7115
        7113        7118
        7113        7119
        7113        7120
        7114        7116
        7114        7117
        7115        7121
        7115        7122
        7116        7118
        7116        7119
        7116        7120
        7117        7123
        7117        7124
        7118        7121
        7118        7122
        7119        7121
        7119        7122
        7120        7125
        7120        7126
        7120        7127
        7121        7123
        7121        7124
        7122        7128
        7122        8888
        7123        7125
        7123        7126
        7123        7127
        7124        8882
        7124        8889
        7125        7128
        7125        8888
        7126        7128
        7126        8888
        7127        8880
        7127        8883
        7127        8884
        7128        8882
        7128        8889
        7129        7134
        7129        7135
        7129        7136
        7129        7138
        7129        7139
        7130        7132
        7130        7133
        7130        7137
        7131        7140
        7131        7141
        7132        7134
        7132        7135
        7132        7136
        7132        7138
        7132        7139
        7133        7138
        7133        7139
        7134        7137
        7135        7137
        7136        7137
        7137        7142
        7137        7143
        7137        7147
        7138        7140
        7138        7141
        7139        7144
        7139        7145
        7139        7146
        7139        7148
        7139        7149
        7140        7142
        7140        7143
        7140        7147
        7142        7144
        7142        7145
        7142        7146
        7142        7148
        7142        7149
        7143        7148
        7143        7149
        7144        7147
        7145        7147
        7146        7147
        7150        7153
        7150        7158
        7150        7159
        7150        7166
        7150        7167
        7150        7169
        7150        7172
        7150        7179
        7150        7192
        7150        7204
        7151        7152
        7151        7156
        7151        7157
        7151        7165
        7151        7203
        7152        7155
        7152        7166
        7152        7167
        7152        7176
        7152        7205
        7153        7165
        7153        7170
        7153        7171
        7153        7173
        7153        7174
        7153        7175
        7154        7156
        7154        7157
        7154        7165
        7154        7170
        7154        7171
        7154        7173
        7154        7174
        7154        7175
        7154        7203
        7155        7160
        7155        7161
        7155        7168
        7155        7170
        7155        7171
        7155        7203
        7156        7158
        7156        7159
        7156        7166
        7156        7167
        7156        7169
        7156        7205
        7157        7162
        7157        7163
        7157        7164
        7157        7166
        7157        7167
        7157        7169
        7157        7205
        7158        7160
        7158        7161
        7158        7165
        7159        7165
        7160        7162
        7160        7163
        7160        7164
        7165        7172
        7165        7205
        7166        7168
        7166        7170
        7166        7171
        7167        7170
        7167        7171
        7168        7169
        7169        7173
        7169        7174
        7169        7175
        7170        7172
        7171        7172
        7173        7176
        7174        7176
        7177        7180
        7177        7185
        7177        7186
        7177        7193
        7177        7194
        7177        7203
        7177        7206
        7178        7179
        7178        7183
        7178        7184
        7178        7192
        7179        7182
        7179        7193
        7179        7194
        7179        7210
        7180        7192
        7180        7204
        7180        7205
        7180        7207
        7180        7208
        7180        7209
        7181        7183
        7181        7184
        7181        7192
        7181        7204
        7181        7205
        7181        7207
        7181        7208
        7181        7209
        7182        7187
        7182        7188
        7182        7195
        7182        7204
        7182        7205
        7183        7185
        7183        7186
        7183        7193
        7183        7194
        7183        7203
        7184        7189
        7184        7190
        7184        7191
        7184        7193
        7184        7194
        7184        7203
        7185        7187
        7185        7188
        7185        7192
        7186        7192
        7187        7189
        7187        7190
        7187        7191
        7192        7196
        7192        7197
        7192        7199
        7192        7206
        7193        7195
        7193        7204
        7193        7205
        7194        7198
        7194        7200
        7194        7201
        7194        7202
        7194        7204
        7194        7205
        7194        7211
        7195        7203
        7195        7212
        7195        7213
        7196        7198
        7196        7200
        7196        7201
        7196        7202
        7196        7211
        7197        7200
        7197        7201
        7197        7202
        7197        7214
        7197        7215
        7197        7219
        7198        7199
        7198        7212
        7198        7213
        7199        7211
        7203        7207
        7203        7208
        7203        7209
        7204        7206
        7205        7206
        7207        7210
        7208        7210
        7211        7216
        7211        7217
        7211        7218
        7211        7220
        7211        7221
        7212        7214
        7212        7215
        7212        7219
        7213        7222
        7213        7223
        7214        7216
        7214        7217
        7214        7218
        7214        7220
        7214        7221
        7215        7220
        7215        7221
        7216        7219
        7217        7219
        7218        7219
        7219        7224
        7219        7225
        7219        7230
        7220        7222
        7220        7223
        7221        7226
        7221        7227
        7221        7231
        7221        7232
        7221        7233
        7222        7224
        7222        7225
        7222        7230
        7223        7228
        7223        7229
        7223        7234
        7223        7235
        7223        7236
        7224        7226
        7224        7227
        7224        7231
        7224        7232
        7224        7233
        7225        7231
        7225        7232
        7225        7233
        7226        7228
        7226        7229
        7226        7230
        7227        7230
        7230        7237
        7230        7238
        7231        7234
        7231        7235
        7231        7236
        7232        7234
        7232        7235
        7232        7236
        7233        7239
        7233        7240
        7234        7237
        7234        7238
        7235        7237
        7235        7238
        7236        7241
        7236        7242
        7236        7258
        7237        7239
        7237        7240
        7238        7243
        7238        7244
        7238        7245
        7238        7259
        7238        7260
        7239        7241
        7239        7242
        7239        7258
        7240        7246
        7240        7247
        7240        7248
        7240        7261
        7240        7262
        7241        7243
        7241        7244
        7241        7245
        7241        7259
        7241        7260
        7242        7249
        7242        7250
        7242        7251
        7242        7259
        7242        7260
        7243        7246
        7243        7247
        7243        7248
        7243        7258
        7244        7246
        7244        7247
        7244        7248
        7244        7258
        7245        7252
        7245        7253
        7245        7254
        7245        7258
        7246        7249
        7246        7250
        7246        7251
        7247        7249
        7247        7250
        7247        7251
        7248        7255
        7248        7256
        7248        7257
        7249        7252
        7249        7253
        7249        7254
        7250        7252
        7250        7253
        7250        7254
        7252        7255
        7252        7256
        7252        7257
        7253        7255
        7253        7256
        7253        7257
        7258        7263
        7258        7264
        7258        7268
        7259        7261
        7259        7262
        7260        7265
        7260        7266
        7260        7267
        7260        7269
        7260        7270
        7261        7263
        7261        7264
        7261        7268
        7262        7271
        7262        7272
        7263        7265
        7263        7266
        7263        7267
        7263        7269
        7263        7270
        7264        7269
        7264        7270
        7265        7268
        7266        7268
        7267        7268
        7268        7273
        7268        7274
        7268        7278
        7269        7271
        7269        7272
        7270        7275
        7270        7276
        7270        7277
        7270        7279
        7270        7280
        7271        7273
        7271        7274
        7271        7278
        7273        7275
        7273        7276
        7273        7277
        7273        7279
        7273        7280
        7274        7279
        7274        7280
        7275        7278
        7276        7278
        7277        7278
        7281        7284
        7281        7289
        7281        7290
        7281        7297
        7281        7298
        7281        7300
        7281        7303
        7281        7310
        7281        7323
        7281        7335
        7282        7283
        7282        7287
        7282        7288
        7282        7296
        7282        7334
        7283        7286
        7283        7297
        7283        7298
        7283        7307
        7283        7336
        7283        8917
        7284        7296
        7284        7301
        7284        7302
        7284        7304
        7284        7305
        7284        7306
        7285        7287
        7285        7288
        7285        7296
        7285        7301
        7285        7302
        7285        7304
        7285        7305
        7285        7306
        7285        7334
        7286        7291
        7286        7292
        7286        7299
        7286        7301
        7286        7302
        7286        7334
        7287        7289
        7287        7290
        7287        7297
        7287        7298
        7287        7300
        7287        7336
        7288        7293
        7288        7294
        7288        7295
        7288        7297
        7288        7298
        7288        7300
        7288        7336
        7289        7291
        7289        7292
        7289        7296
        7290        7296
        7291        7293
        7291        7294
        7291        7295
        7296        7303
        7296        7336
        7296        8917
        7297        7299
        7297        7301
        7297        7302
        7298        7301
        7298        7302
        7299        7300
        7300        7304
        7300        7305
        7300        7306
        7300        8918
        7300        8921
        7300        8922
        7301        7303
        7301        8917
        7302        7303
        7302        8919
        7302        8923
        7302        8924
        7302        8932
        7304        7307
        7305        7307
        7308        7311
        7308        7316
        7308        7317
        7308        7324
        7308        7325
        7308        7334
        7308        7337
        7308        7414
        7308        7427
        7308        7432
        7309        7310
        7309        7314
        7309        7315
        7309        7323
        7309        7431
        7310        7313
        7310        7324
        7310        7325
        7310        7341
        7310        7433
        7311        7323
        7311        7335
        7311        7336
        7311        7338
        7311        7339
        7311        7340
        7312        7314
        7312        7315
        7312        7323
        7312        7335
        7312        7336
        7312        7338
        7312        7339
        7312        7340
        7312        7431
        7313        7318
        7313        7319
        7313        7326
        7313        7335
        7313        7336
        7313        7431
        7314        7316
        7314        7317
        7314        7324
        7314        7325
        7314        7334
        7314        7433
        7315        7320
        7315        7321
        7315        7322
        7315        7324
        7315        7325
        7315        7334
        7315        7433
        7316        7318
        7316        7319
        7316        7323
        7317        7323
        7318        7320
        7318        7321
        7318        7322
        7323        7327
        7323        7328
        7323        7330
        7323        7337
        7323        7433
        7324        7326
        7324        7335
        7324        7336
        7325        7329
        7325        7331
        7325        7332
        7325        7333
        7325        7335
        7325        7336
        7325        7342
        7326        7334
        7326        7343
        7326        7344
        7327        7329
        7327        7331
        7327        7332
        7327        7333
        7327        7342
        7328        7331
        7328        7332
        7328        7333
        7328        7345
        7328        7346
        7328        7350
        7329        7330
        7329        7343
        7329        7344
        7330        7342
        7334        7338
        7334        7339
        7334        7340
        7335        7337
        7336        7337
        7338        7341
        7339        7341
        7342        7347
        7342        7348
        7342        7349
        7342        7351
        7342        7352
        7343        7345
        7343        7346
        7343        7350
        7344        7353
        7344        7354
        7345        7347
        7345        7348
        7345        7349
        7345        7351
        7345        7352
        7346        7351
        7346        7352
        7347        7350
        7348        7350
        7349        7350
        7350        7355
        7350        7356
        7350        7361
        7351        7353
        7351        7354
        7352        7357
        7352        7358
        7352        7362
        7352        7363
        7352        7364
        7353        7355
        7353        7356
        7353        7361
        7354        7359
        7354        7360
        7354        7365
        7354        7366
        7354        7367
        7355        7357
        7355        7358
        7355        7362
        7355        7363
        7355        7364
        7356        7362
        7356        7363
        7356        7364
        7357        7359
        7357        7360
        7357        7361
        7358        7361
        7361        7368
        7361        7369
        7362        7365
        7362        7366
        7362        7367
        7363        7365
        7363        7366
        7363        7367
        7364        7370
        7364        7371
        7365        7368
        7365        7369
        7366        7368
        7366        7369
        7367        7372
        7367        7373
        7367        7389
        7368        7370
        7368        7371
        7369        7374
        7369        7375
        7369        7376
        7369        7390
        7369        7391
        7370        7372
        7370        7373
        7370        7389
        7371        7377
        7371        7378
        7371        7379
        7371        7392
        7371        7393
        7372        7374
        7372        7375
        7372        7376
        7372        7390
        7372        7391
        7373        7380
        7373        7381
        7373        7382
        7373        7390
        7373        7391
        7374        7377
        7374        7378
        7374        7379
        7374        7389
        7375        7377
        7375        7378
        7375        7379
        7375        7389
        7376        7383
        7376        7384
        7376        7385
        7376        7389
        7377        7380
        7377        7381
        7377        7382
        7378        7380
        7378        7381
        7378        7382
        7379        7386
        7379        7387
        7379        7388
        7380        7383
        7380        7384
        7380        7385
        7381        7383
        7381        7384
        7381        7385
        7383        7386
        7383        7387
        7383        7388
        7384        7386
        7384        7387
        7384        7388
        7389        7394
        7389        7395
        7389        7399
        7390        7392
        7390        7393
        7391        7396
        7391        7397
        7391        7398
        7391        7400
        7391        7401
        7392        7394
        7392        7395
        7392        7399
        7393        7402
        7393        7403
        7394        7396
        7394        7397
        7394        7398
        7394        7400
        7394        7401
        7395        7400
        7395        7401
        7396        7399
        7397        7399
        7398        7399
        7399        7404
        7399        7405
        7399        7409
        7400        7402
        7400        7403
        7401        7406
        7401        7407
        7401        7408
        7401        7410
        7401        7411
        7402        7404
        7402        7405
        7402        7409
        7404        7406
        7404        7407
        7404        7408
        7404        7410
        7404        7411
        7405        7410
        7405        7411
        7406        7409
        7407        7409
        7408        7409
        7412        7415
        7412        7420
        7412        7421
        7412        7428
        7412        7429
        7412        7431
        7412        7434
        7412        7441
        7412        7454
        7412        7466
        7413        7414
        7413        7418
        7413        7419
        7413        7427
        7413        7465
        7414        7417
        7414        7428
        7414        7429
        7414        7438
        7414        7467
        7415        7427
        7415        7432
        7415        7433
        7415        7435
        7415        7436
        7415        7437
        7416        7418
        7416        7419
        7416        7427
        7416        7432
        7416        7433
        7416        7435
        7416        7436
        7416        7437
        7416        7465
        7417        7422
        7417        7423
        7417        7430
        7417        7432
        7417        7433
        7417        7465
        7418        7420
        7418        7421
        7418        7428
        7418        7429
        7418        7431
        7418        7467
        7419        7424
        7419        7425
        7419        7426
        7419        7428
        7419        7429
        7419        7431
        7419        7467
        7420        7422
        7420        7423
        7420        7427
        7421        7427
        7422        7424
        7422        7425
        7422        7426
        7427        7434
        7427        7467
        7428        7430
        7428        7432
        7428        7433
        7429        7432
        7429        7433
        7430        7431
        7431        7435
        7431        7436
        7431        7437
        7432        7434
        7433        7434
        7435        7438
        7436        7438
        7439        7442
        7439        7447
        7439        7448
        7439        7455
        7439        7456
        7439        7465
        7439        7468
        7439        7580
        7439        7593
        7439        7598
        7440        7441
        7440        7445
        7440        7446
        7440        7454
        7440        7597
        7441        7444
        7441        7455
        7441        7456
        7441        7472
        7441        7599
        7442        7454
        7442        7466
        7442        7467
        7442        7469
        7442        7470
        7442        7471
        7443        7445
        7443        7446
        7443        7454
        7443        7466
        7443        7467
        7443        7469
        7443        7470
        7443        7471
        7443        7597
        7444        7449
        7444        7450
        7444        7457
        7444        7466
        7444        7467
        7444        7597
        7445        7447
        7445        7448
        7445        7455
        7445        7456
        7445        7465
        7445        7599
        7446        7451
        7446        7452
        7446        7453
        7446        7455
        7446        7456
        7446        7465
        7446        7599
        7447        7449
        7447        7450
        7447        7454
        7448        7454
        7449        7451
        7449        7452
        7449        7453
        7454        7458
        7454        7459
        7454        7461
        7454        7468
        7454        7599
        7455        7457
        7455        7466
        7455        7467
        7456        7460
        7456        7462
        7456        7463
        7456        7464
        7456        7466
        7456        7467
        7456        7473
        7457        7465
        7457        7474
        7457        7475
        7458        7460
        7458        7462
        7458        7463
        7458        7464
        7458        7473
        7459        7462
        7459        7463
        7459        7464
        7459        7476
        7459        7477
        7459        7481
        7460        7461
        7460        7474
        7460        7475
        7461        7473
        7465        7469
        7465        7470
        7465        7471
        7466        7468
        7467        7468
        7469        7472
        7470        7472
        7473        7478
        7473        7479
        7473        7480
        7473        7482
        7473        7483
        7474        7476
        7474        7477
        7474        7481
        7475        7484
        7475        7485
        7476        7478
        7476        7479
        7476        7480
        7476        7482
        7476        7483
        7477        7482
        7477        7483
        7478        7481
        7479        7481
        7480        7481
        7481        7486
        7481        7487
        7481        7492
        7482        7484
        7482        7485
        7483        7488
        7483        7489
        7483        7493
        7483        7494
        7483        7495
        7484        7486
        7484        7487
        7484        7492
        7485        7490
        7485        7491
        7485        7496
        7485        7497
        7485        7498
        7486        7488
        7486        7489
        7486        7493
        7486        7494
        7486        7495
        7487        7493
        7487        7494
        7487        7495
        7488        7490
        7488        7491
        7488        7492
        7489        7492
        7492        7499
        7492        7500
        7493        7496
        7493        7497
        7493        7498
        7494        7496
        7494        7497
        7494        7498
        7495        7501
        7495        7502
        7496        7499
        7496        7500
        7497        7499
        7497        7500
        7498        7503
        7498        7504
        7498        7518
        7499        7501
        7499        7502
        7500        7505
        7500        7506
        7500        7507
        7500        7519
        7500        7557
        7501        7503
        7501        7504
        7501        7518
        7502        7508
        7502        7509
        7502        7510
        7502        7558
        7502        7559
        7503        7505
        7503        7506
        7503        7507
        7503        7519
        7503        7557
        7504        7511
        7504        7512
        7504        7513
        7504        7519
        7504        7557
        7505        7508
        7505        7509
        7505        7510
        7505        7518
        7506        7508
        7506        7509
        7506        7510
        7506        7518
        7507        7514
        7507        7515
        7507        7516
        7507        7518
        7508        7511
        7508        7512
        7508        7513
        7509        7511
        7509        7512
        7509        7513
        7510        7517
        7510        7520
        7511        7514
        7511        7515
        7511        7516
        7512        7514
        7512        7515
        7512        7516
        7513        7521
        7513        7522
        7514        7517
        7514        7520
        7515        7517
        7515        7520
        7516        7523
        7516        7524
        7516        7525
        7517        7521
        7517        7522
        7518        7560
        7518        7561
        7518        7565
        7519        7558
        7519        7559
        7520        7526
        7520        7527
        7521        7523
        7521        7524
        7521        7525
        7522        7528
        7522        7529
        7523        7526
        7523        7527
        7524        7526
        7524        7527
        7525        7530
        7525        7531
        7525        7532
        7526        7528
        7526        7529
        7527        7533
        7527        7534
        7528        7530
        7528        7531
        7528        7532
        7529        7535
        7529        7536
        7530        7533
        7530        7534
        7531        7533
        7531        7534
        7532        7537
        7532        7538
        7532        7539
        7533        7535
        7533        7536
        7534        7540
        7534        7541
        7535        7537
        7535        7538
        7535        7539
        7536        7542
        7536        7543
        7537        7540
        7537        7541
        7538        7540
        7538        7541
        7539        7544
        7539        7545
        7539        7546
        7540        7542
        7540        7543
        7541        7547
        7541        7548
        7542        7544
        7542        7545
        7542        7546
        7543        7549
        7543        7550
        7544        7547
        7544        7548
        7545        7547
        7545        7548
        7546        7551
        7546        7552
        7546        7553
        7547        7549
        7547        7550
        7548        7554
        7548        7555
        7548        7556
        7549        7551
        7549        7552
        7549        7553
        7551        7554
        7551        7555
        7551        7556
        7552        7554
        7552        7555
        7552        7556
        7557        7562
        7557        7563
        7557        7564
        7557        7566
        7557        7567
        7558        7560
        7558        7561
        7558        7565
        7559        7568
        7559        7569
        7560        7562
        7560        7563
        7560        7564
        7560        7566
        7560        7567
        7561        7566
        7561        7567
        7562        7565
        7563        7565
        7564        7565
        7565        7570
        7565        7571
        7565        7575
        7566        7568
        7566        7569
        7567        7572
        7567        7573
        7567        7574
        7567        7576
        7567        7577
        7568        7570
        7568        7571
        7568        7575
        7570        7572
        7570        7573
        7570        7574
        7570        7576
        7570        7577
        7571        7576
        7571        7577
        7572        7575
        7573        7575
        7574        7575
        7578        7581
        7578        7586
        7578        7587
        7578        7594
        7578        7595
        7578        7597
        7578        7600
        7578        7607
        7578        7620
        7578        7632
        7579        7580
        7579        7584
        7579        7585
        7579        7593
        7579        7631
        7580        7583
        7580        7594
        7580        7595
        7580        7604
        7580        7633
        7581        7593
        7581        7598
        7581        7599
        7581        7601
        7581        7602
        7581        7603
        7582        7584
        7582        7585
        7582        7593
        7582        7598
        7582        7599
        7582        7601
        7582        7602
        7582        7603
        7582        7631
        7583        7588
        7583        7589
        7583        7596
        7583        7598
        7583        7599
        7583        7631
        7584        7586
        7584        7587
        7584        7594
        7584        7595
        7584        7597
        7584        7633
        7585        7590
        7585        7591
        7585        7592
        7585        7594
        7585        7595
        7585        7597
        7585        7633
        7586        7588
        7586        7589
        7586        7593
        7587        7593
        7588        7590
        7588        7591
        7588        7592
        7593        7600
        7593        7633
        7594        7596
        7594        7598
        7594        7599
        7595        7598
        7595        7599
        7596        7597
        7597        7601
        7597        7602
        7597        7603
        7598        7600
        7599        7600
        7601        7604
        7602        7604
        7605        7608
        7605        7613
        7605        7614
        7605        7621
        7605        7622
        7605        7631
        7605        7634
        7605        7744
        7605        7757
        7605        7762
        7606        7607
        7606        7611
        7606        7612
        7606        7620
        7606        7761
        7607        7610
        7607        7621
        7607        7622
        7607        7638
        7607        7763
        7608        7620
        7608        7632
        7608        7633
        7608        7635
        7608        7636
        7608        7637
        7609        7611
        7609        7612
        7609        7620
        7609        7632
        7609        7633
        7609        7635
        7609        7636
        7609        7637
        7609        7761
        7610        7615
        7610        7616
        7610        7623
        7610        7632
        7610        7633
        7610        7761
        7611        7613
        7611        7614
        7611        7621
        7611        7622
        7611        7631
        7611        7763
        7612        7617
        7612        7618
        7612        7619
        7612        7621
        7612        7622
        7612        7631
        7612        7763
        7613        7615
        7613        7616
        7613        7620
        7614        7620
        7615        7617
        7615        7618
        7615        7619
        7620        7624
        7620        7625
        7620        7627
        7620        7634
        7620        7763
        7621        7623
        7621        7632
        7621        7633
        7622        7626
        7622        7628
        7622        7629
        7622        7630
        7622        7632
        7622        7633
        7622        7639
        7623        7631
        7623        7640
        7623        7641
        7624        7626
        7624        7628
        7624        7629
        7624        7630
        7624        7639
        7625        7628
        7625        7629
        7625        7630
        7625        7642
        7625        7643
        7625        7647
        7626        7627
        7626        7640
        7626        7641
        7627        7639
        7631        7635
        7631        7636
        7631        7637
        7632        7634
        7633        7634
        7635        7638
        7636        7638
        7639        7644
        7639        7645
        7639        7646
        7639        7648
        7639        7649
        7640        7642
        7640        7643
        7640        7647
        7641        7650
        7641        7651
        7642        7644
        7642        7645
        7642        7646
        7642        7648
        7642        7649
        7643        7648
        7643        7649
        7644        7647
        7645        7647
        7646        7647
        7647        7652
        7647        7653
        7647        7658
        7648        7650
        7648        7651
        7649        7654
        7649        7655
        7649        7659
        7649        7660
        7649        7661
        7650        7652
        7650        7653
        7650        7658
        7651        7656
        7651        7657
        7651        7662
        7651        7663
        7651        7664
        7652        7654
        7652        7655
        7652        7659
        7652        7660
        7652        7661
        7653        7659
        7653        7660
        7653        7661
        7654        7656
        7654        7657
        7654        7658
        7655        7658
        7658        7665
        7658        7666
        7659        7662
        7659        7663
        7659        7664
        7660        7662
        7660        7663
        7660        7664
        7661        7667
        7661        7668
        7662        7665
        7662        7666
        7663        7665
        7663        7666
        7664        7669
        7664        7670
        7664        7684
        7665        7667
        7665        7668
        7666        7671
        7666        7672
        7666        7673
        7666        7685
        7666        7721
        7667        7669
        7667        7670
        7667        7684
        7668        7674
        7668        7675
        7668        7676
        7668        7722
        7668        7723
        7669        7671
        7669        7672
        7669        7673
        7669        7685
        7669        7721
        7670        7677
        7670        7678
        7670        7679
        7670        7685
        7670        7721
        7671        7674
        7671        7675
        7671        7676
        7671        7684
        7672        7674
        7672        7675
        7672        7676
        7672        7684
        7673        7680
        7673        7681
        7673        7682
        7673        7684
        7674        7677
        7674        7678
        7674        7679
        7675        7677
        7675        7678
        7675        7679
        7676        7683
        7676        7686
        7677        7680
        7677        7681
        7677        7682
        7678        7680
        7678        7681
        7678        7682
        7679        7687
        7679        7688
        7680        7683
        7680        7686
        7681        7683
        7681        7686
        7682        7689
        7682        7690
        7682        7691
        7683        7687
        7683        7688
        7684        7724
        7684        7725
        7684        7729
        7685        7722
        7685        7723
        7686        7692
        7686        7693
        7687        7689
        7687        7690
        7687        7691
        7688        7694
        7688        7695
        7689        7692
        7689        7693
        7690        7692
        7690        7693
        7691        7696
        7691        7697
        7691        7698
        7692        7694
        7692        7695
        7693        7699
        7693        7700
        7694        7696
        7694        7697
        7694        7698
        7695        7701
        7695        7702
        7696        7699
        7696        7700
        7697        7699
        7697        7700
        7698        7703
        7698        7704
        7698        7705
        7699        7701
        7699        7702
        7700        7706
        7700        7707
        7701        7703
        7701        7704
        7701        7705
        7702        7708
        7702        7709
        7703        7706
        7703        7707
        7704        7706
        7704        7707
        7705        7710
        7705        7711
        7705        7712
        7706        7708
        7706        7709
        7707        7713
        7707        7714
        7708        7710
        7708        7711
        7708        7712
        7709        7715
        7709        7716
        7710        7713
        7710        7714
        7711        7713
        7711        7714
        7712        7717
        7712        7718
        7712        7719
        7713        7715
        7713        7716
        7714        7720
        7714        9401
        7715        7717
        7715        7718
        7715        7719
        7716        9395
        7716        9402
        7717        7720
        7717        9401
        7718        7720
        7718        9401
        7719        9393
        7719        9396
        7719        9397
        7720        9395
        7720        9402
        7721        7726
        7721        7727
        7721        7728
        7721        7730
        7721        7731
        7722        7724
        7722        7725
        7722        7729
        7723        7732
        7723        7733
        7724        7726
        7724        7727
        7724        7728
        7724        7730
        7724        7731
        7725        7730
        7725        7731
        7726        7729
        7727        7729
        7728        7729
        7729        7734
        7729        7735
        7729        7739
        7730        7732
        7730        7733
        7731        7736
        7731        7737
        7731        7738
        7731        7740
        7731        7741
        7732        7734
        7732        7735
        7732        7739
        7734        7736
        7734        7737
        7734        7738
        7734        7740
        7734        7741
        7735        7740
        7735        7741
        7736        7739
        7737        7739
        7738        7739
        7742        7745
        7742        7750
        7742        7751
        7742        7758
        7742        7759
        7742        7761
        7742        7764
        7742        7771
        7742        7784
        7742        7796
        7743        7744
        7743        7748
        7743        7749
        7743        7757
        7743        7795
        7744        7747
        7744        7758
        7744        7759
        7744        7768
        7744        7797
        7745        7757
        7745        7762
        7745        7763
        7745        7765
        7745        7766
        7745        7767
        7746        7748
        7746        7749
        7746        7757
        7746        7762
        7746        7763
        7746        7765
        7746        7766
        7746        7767
        7746        7795
        7747        7752
        7747        7753
        7747        7760
        7747        7762
        7747        7763
        7747        7795
        7748        7750
        7748        7751
        7748        7758
        7748        7759
        7748        7761
        7748        7797
        7749        7754
        7749        7755
        7749        7756
        7749        7758
        7749        7759
        7749        7761
        7749        7797
        7750        7752
        7750        7753
        7750        7757
        7751        7757
        7752        7754
        7752        7755
        7752        7756
        7757        7764
        7757        7797
        7758        7760
        7758        7762
        7758        7763
        7759        7762
        7759        7763
        7760        7761
        7761        7765
        7761        7766
        7761        7767
        7762        7764
        7763        7764
        7765        7768
        7766        7768
        7769        7772
        7769        7777
        7769        7778
        7769        7785
        7769        7786
        7769        7795
        7769        7798
        7769        7875
        7769        7888
        7769        7893
        7770        7771
        7770        7775
        7770        7776
        7770        7784
        7770        7892
        7771        7774
        7771        7785
        7771        7786
        7771        7802
        7771        7894
        7772        7784
        7772        7796
        7772        7797
        7772        7799
        7772        7800
        7772        7801
        7773        7775
        7773        7776
        7773        7784
        7773        7796
        7773        7797
        7773        7799
        7773        7800
        7773        7801
        7773        7892
        7774        7779
        7774        7780
        7774        7787
        7774        7796
        7774        7797
        7774        7892
        7775        7777
        7775        7778
        7775        7785
        7775        7786
        7775        7795
        7775        7894
        7776        7781
        7776        7782
        7776        7783
        7776        7785
        7776        7786
        7776        7795
        7776        7894
        7777        7779
        7777        7780
        7777        7784
        7778        7784
        7779        7781
        7779        7782
        7779        7783
        7784        7788
        7784        7789
        7784        7791
        7784        7798
        7784        7894
        7785        7787
        7785        7796
        7785        7797
        7786        7790
        7786        7792
        7786        7793
        7786        7794
        7786        7796
        7786        7797
        7786        7803
        7787        7795
        7787        7804
        7787        7805
        7788        7790
        7788        7792
        7788        7793
        7788        7794
        7788        7803
        7789        7792
        7789        7793
        7789        7794
        7789        7806
        7789        7807
        7789        7811
        7790        7791
        7790        7804
        7790        7805
        7791        7803
        7795        7799
        7795        7800
        7795        7801
        7796        7798
        7797        7798
        7799        7802
        7800        7802
        7803        7808
        7803        7809
        7803        7810
        7803        7812
        7803        7813
        7804        7806
        7804        7807
        7804        7811
        7805        7814
        7805        7815
        7806        7808
        7806        7809
        7806        7810
        7806        7812
        7806        7813
        7807        7812
        7807        7813
        7808        7811
        7809        7811
        7810        7811
        7811        7816
        7811        7817
        7811        7822
        7812        7814
        7812        7815
        7813        7818
        7813        7819
        7813        7823
        7813        7824
        7813        7825
        7814        7816
        7814        7817
        7814        7822
        7815        7820
        7815        7821
        7815        7826
        7815        7827
        7815        7828
        7816        7818
        7816        7819
        7816        7823
        7816        7824
        7816        7825
        7817        7823
        7817        7824
        7817        7825
        7818        7820
        7818        7821
        7818        7822
        7819        7822
        7822        7829
        7822        7830
        7823        7826
        7823        7827
        7823        7828
        7824        7826
        7824        7827
        7824        7828
        7825        7831
        7825        7832
        7826        7829
        7826        7830
        7827        7829
        7827        7830
        7828        7833
        7828        7834
        7828        7850
        7829        7831
        7829        7832
        7830        7835
        7830        7836
        7830        7837
        7830        7851
        7830        7852
        7831        7833
        7831        7834
        7831        7850
        7832        7838
        7832        7839
        7832        7840
        7832        7853
        7832        7854
        7833        7835
        7833        7836
        7833        7837
        7833        7851
        7833        7852
        7834        7841
        7834        7842
        7834        7843
        7834        7851
        7834        7852
        7835        7838
        7835        7839
        7835        7840
        7835        7850
        7836        7838
        7836        7839
        7836        7840
        7836        7850
        7837        7844
        7837        7845
        7837        7846
        7837        7850
        7838        7841
        7838        7842
        7838        7843
        7839        7841
        7839        7842
        7839        7843
        7840        7847
        7840        7848
        7840        7849
        7841        7844
        7841        7845
        7841        7846
        7842        7844
        7842        7845
        7842        7846
        7844        7847
        7844        7848
        7844        7849
        7845        7847
        7845        7848
        7845        7849
        7850        7855
        7850        7856
        7850        7860
        7851        7853
        7851        7854
        7852        7857
        7852        7858
        7852        7859
        7852        7861
        7852        7862
        7853        7855
        7853        7856
        7853        7860
        7854        7863
        7854        7864
        7855        7857
        7855        7858
        7855        7859
        7855        7861
        7855        7862
        7856        7861
        7856        7862
        7857        7860
        7858        7860
        7859        7860
        7860        7865
        7860        7866
        7860        7870
        7861        7863
        7861        7864
        7862        7867
        7862        7868
        7862        7869
        7862        7871
        7862        7872
        7863        7865
        7863        7866
        7863        7870
        7865        7867
        7865        7868
        7865        7869
        7865        7871
        7865        7872
        7866        7871
        7866        7872
        7867        7870
        7868        7870
        7869        7870
        7873        7876
        7873        7881
        7873        7882
        7873        7889
        7873        7890
        7873        7892
        7873        7895
        7873        7902
        7873        7915
        7873        7927
        7874        7875
        7874        7879
        7874        7880
        7874        7888
        7874        7926
        7875        7878
        7875        7889
        7875        7890
        7875        7899
        7875        7928
        7876        7888
        7876        7893
        7876        7894
        7876        7896
        7876        7897
        7876        7898
        7877        7879
        7877        7880
        7877        7888
        7877        7893
        7877        7894
        7877        7896
        7877        7897
        7877        7898
        7877        7926
        7878        7883
        7878        7884
        7878        7891
        7878        7893
        7878        7894
        7878        7926
        7879        7881
        7879        7882
        7879        7889
        7879        7890
        7879        7892
        7879        7928
        7880        7885
        7880        7886
        7880        7887
        7880        7889
        7880        7890
        7880        7892
        7880        7928
        7881        7883
        7881        7884
        7881        7888
        7882        7888
        7883        7885
        7883        7886
        7883        7887
        7888        7895
        7888        7928
        7889        7891
        7889        7893
        7889        7894
        7890        7893
        7890        7894
        7891        7892
        7892        7896
        7892        7897
        7892        7898
        7893        7895
        7894        7895
        7896        7899
        7897        7899
        7900        7903
        7900        7908
        7900        7909
        7900        7916
        7900        7917
        7900        7926
        7900        7929
        7900        7995
        7900        8008
        7900        8013
        7901        7902
        7901        7906
        7901        7907
        7901        7915
        7901        8012
        7902        7905
        7902        7916
        7902        7917
        7902        7933
        7902        8014
        7903        7915
        7903        7927
        7903        7928
        7903        7930
        7903        7931
        7903        7932
        7904        7906
        7904        7907
        7904        7915
        7904        7927
        7904        7928
        7904        7930
        7904        7931
        7904        7932
        7904        8012
        7905        7910
        7905        7911
        7905        7918
        7905        7927
        7905        7928
        7905        8012
        7906        7908
        7906        7909
        7906        7916
        7906        7917
        7906        7926
        7906        8014
        7907        7912
        7907        7913
        7907        7914
        7907        7916
        7907        7917
        7907        7926
        7907        8014
        7908        7910
        7908        7911
        7908        7915
        7909        7915
        7910        7912
        7910        7913
        7910        7914
        7915        7919
        7915        7920
        7915        7922
        7915        7929
        7915        8014
        7916        7918
        7916        7927
        7916        7928
        7917        7921
        7917        7923
        7917        7924
        7917        7925
        7917        7927
        7917        7928
        7917        7934
        7918        7926
        7918        7935
        7918        7936
        7919        7921
        7919        7923
        7919        7924
        7919        7925
        7919        7934
        7920        7923
        7920        7924
        7920        7925
        7920        7937
        7920        7938
        7920        7942
        7921        7922
        7921        7935
        7921        7936
        7922        7934
        7926        7930
        7926        7931
        7926        7932
        7927        7929
        7928        7929
        7930        7933
        7931        7933
        7934        7939
        7934        7940
        7934        7941
        7934        7943
        7934        7944
        7935        7937
        7935        7938
        7935        7942
        7936        7945
        7936        7946
        7937        7939
        7937        7940
        7937        7941
        7937        7943
        7937        7944
        7938        7943
        7938        7944
        7939        7942
        7940        7942
        7941        7942
        7942        7947
        7942        7948
        7942        7953
        7943        7945
        7943        7946
        7944        7949
        7944        7950
        7944        7954
        7944        7955
        7944        7956
        7945        7947
        7945        7948
        7945        7953
        7946        7951
        7946        7952
        7946        7957
        7946        7958
        7946        7959
        7947        7949
        7947        7950
        7947        7954
        7947        7955
        7947        7956
        7948        7954
        7948        7955
        7948        7956
        7949        7951
        7949        7952
        7949        7953
        7950        7953
        7953        7960
        7953        7961
        7954        7957
        7954        7958
        7954        7959
        7955        7957
        7955        7958
        7955        7959
        7956        7962
        7956        7963
        7957        7960
        7957        7961
        7958        7960
        7958        7961
        7959        7964
        7959        7965
        7959        7981
        7960        7962
        7960        7963
        7961        7966
        7961        7967
        7961        7968
        7961        7982
        7961        7983
        7962        7964
        7962        7965
        7962        7981
        7963        7969
        7963        7970
        7963        7971
        7963        7984
        7963        7985
        7964        7966
        7964        7967
        7964        7968
        7964        7982
        7964        7983
        7965        7972
        7965        7973
        7965        7974
        7965        7982
        7965        7983
        7966        7969
        7966        7970
        7966        7971
        7966        7981
        7967        7969
        7967        7970
        7967        7971
        7967        7981
        7968        7975
        7968        7976
        7968        7977
        7968        7981
        7969        7972
        7969        7973
        7969        7974
        7970        7972
        7970        7973
        7970        7974
        7971        7978
        7971        7979
        7971        7980
        7972        7975
        7972        7976
        7972        7977
        7973        7975
        7973        7976
        7973        7977
        7975        7978
        7975        7979
        7975        7980
        7976        7978
        7976        7979
        7976        7980
        7981        7986
        7981        7987
        7981        7991
        7982        7984
        7982        7985
        7983        7988
        7983        7989
        7983        7990
        7983        7992
        7984        7986
        7984        7987
        7984        7991
        7986        7988
        7986        7989
        7986        7990
        7986        7992
        7987        7992
        7988        7991
        7989        7991
        7990        7991
        7993        7996
        7993        8001
        7993        8002
        7993        8009
        7993        8010
        7993        8012
        7993        8015
        7993        8022
        7993        8035
        7993        8047
        7994        7995
        7994        7999
        7994        8000
        7994        8008
        7994        8046
        7995        7998
        7995        8009
        7995        8010
        7995        8019
        7995        8048
        7996        8008
        7996        8013
        7996        8014
        7996        8016
        7996        8017
        7996        8018
        7997        7999
        7997        8000
        7997        8008
        7997        8013
        7997        8014
        7997        8016
        7997        8017
        7997        8018
        7997        8046
        7998        8003
        7998        8004
        7998        8011
        7998        8013
        7998        8014
        7998        8046
        7999        8001
        7999        8002
        7999        8009
        7999        8010
        7999        8012
        7999        8048
        8000        8005
        8000        8006
        8000        8007
        8000        8009
        8000        8010
        8000        8012
        8000        8048
        8001        8003
        8001        8004
        8001        8008
        8002        8008
        8003        8005
        8003        8006
        8003        8007
        8008        8015
        8008        8048
        8009        8011
        8009        8013
        8009        8014
        8010        8013
        8010        8014
        8011        8012
        8012        8016
        8012        8017
        8012        8018
        8013        8015
        8014        8015
        8016        8019
        8017        8019
        8020        8023
        8020        8028
        8020        8029
        8020        8036
        8020        8037
        8020        8046
        8020        8049
        8020        8115
        8020        8128
        8020        8133
        8021        8022
        8021        8026
        8021        8027
        8021        8035
        8021        8132
        8022        8025
        8022        8036
        8022        8037
        8022        8053
        8022        8134
        8023        8035
        8023        8047
        8023        8048
        8023        8050
        8023        8051
        8023        8052
        8024        8026
        8024        8027
        8024        8035
        8024        8047
        8024        8048
        8024        8050
        8024        8051
        8024        8052
        8024        8132
        8025        8030
        8025        8031
        8025        8038
        8025        8047
        8025        8048
        8025        8132
        8026        8028
        8026        8029
        8026        8036
        8026        8037
        8026        8046
        8026        8134
        8027        8032
        8027        8033
        8027        8034
        8027        8036
        8027        8037
        8027        8046
        8027        8134
        8028        8030
        8028        8031
        8028        8035
        8029        8035
        8030        8032
        8030        8033
        8030        8034
        8035        8039
        8035        8040
        8035        8042
        8035        8049
        8035        8134
        8036        8038
        8036        8047
        8036        8048
        8037        8041
        8037        8043
        8037        8044
        8037        8045
        8037        8047
        8037        8048
        8037        8054
        8038        8046
        8038        8055
        8038        8056
        8039        8041
        8039        8043
        8039        8044
        8039        8045
        8039        8054
        8040        8043
        8040        8044
        8040        8045
        8040        8057
        8040        8058
        8040        8062
        8041        8042
        8041        8055
        8041        8056
        8042        8054
        8046        8050
        8046        8051
        8046        8052
        8047        8049
        8048        8049
        8050        8053
        8051        8053
        8054        8059
        8054        8060
        8054        8061
        8054        8063
        8054        8064
        8055        8057
        8055        8058
        8055        8062
        8056        8065
        8056        8066
        8057        8059
        8057        8060
        8057        8061
        8057        8063
        8057        8064
        8058        8063
        8058        8064
        8059        8062
        8060        8062
        8061        8062
        8062        8067
        8062        8068
        8062        8073
        8063        8065
        8063        8066
        8064        8069
        8064        8070
        8064        8074
        8064        8075
        8064        8076
        8065        8067
        8065        8068
        8065        8073
        8066        8071
        8066        8072
        8066        8077
        8066        8078
        8066        8079
        8067        8069
        8067        8070
        8067        8074
        8067        8075
        8067        8076
        8068        8074
        8068        8075
        8068        8076
        8069        8071
        8069        8072
        8069        8073
        8070        8073
        8073        8080
        8073        8081
        8074        8077
        8074        8078
        8074        8079
        8075        8077
        8075        8078
        8075        8079
        8076        8082
        8076        8083
        8077        8080
        8077        8081
        8078        8080
        8078        8081
        8079        8084
        8079        8085
        8079        8101
        8080        8082
        8080        8083
        8081        8086
        8081        8087
        8081        8088
        8081        8102
        8081        8103
        8082        8084
        8082        8085
        8082        8101
        8083        8089
        8083        8090
        8083        8091
        8083        8104
        8083        8105
        8084        8086
        8084        8087
        8084        8088
        8084        8102
        8084        8103
        8085        8092
        8085        8093
        8085        8094
        8085        8102
        8085        8103
        8086        8089
        8086        8090
        8086        8091
        8086        8101
        8087        8089
        8087        8090
        8087        8091
        8087        8101
        8088        8095
        8088        8096
        8088        8097
        8088        8101
        8089        8092
        8089        8093
        8089        8094
        8090        8092
        8090        8093
        8090        8094
        8091        8098
        8091        8099
        8091        8100
        8092        8095
        8092        8096
        8092        8097
        8093        8095
        8093        8096
        8093        8097
        8095        8098
        8095        8099
        8095        8100
        8096        8098
        8096        8099
        8096        8100
        8101        8106
        8101        8107
        8101        8111
        8102        8104
        8102        8105
        8103        8108
        8103        8109
        8103        8110
        8103        8112
        8103        9806
        8104        8106
        8104        8107
        8104        8111
        8105        9803
        8105        9807
        8106        8108
        8106        8109
        8106        8110
        8106        8112
        8106        9806
        8107        8112
        8107        9806
        8108        8111
        8109        8111
        8110        8111
        8111        9801
        8111        9804
        8111        9805
        8112        9803
        8112        9807
        8113        8116
        8113        8121
        8113        8122
        8113        8129
        8113        8130
        8113        8132
        8113        8135
        8113        8142
        8113        8155
        8113        8167
        8114        8115
        8114        8119
        8114        8120
        8114        8128
        8114        8166
        8115        8118
        8115        8129
        8115        8130
        8115        8139
        8115        8168
        8116        8128
        8116        8133
        8116        8134
        8116        8136
        8116        8137
        8116        8138
        8117        8119
        8117        8120
        8117        8128
        8117        8133
        8117        8134
        8117        8136
        8117        8137
        8117        8138
        8117        8166
        8118        8123
        8118        8124
        8118        8131
        8118        8133
        8118        8134
        8118        8166
        8119        8121
        8119        8122
        8119        8129
        8119        8130
        8119        8132
        8119        8168
        8120        8125
        8120        8126
        8120        8127
        8120        8129
        8120        8130
        8120        8132
        8120        8168
        8121        8123
        8121        8124
        8121        8128
        8122        8128
        8123        8125
        8123        8126
        8123        8127
        8128        8135
        8128        8168
        8129        8131
        8129        8133
        8129        8134
        8130        8133
        8130        8134
        8131        8132
        8132        8136
        8132        8137
        8132        8138
        8133        8135
        8134        8135
        8136        8139
        8137        8139
        8140        8143
        8140        8148
        8140        8149
        8140        8156
        8140        8157
        8140        8166
        8140        8169
        8140        8281
        8140        8294
        8140        8299
        8141        8142
        8141        8146
        8141        8147
        8141        8155
        8141        8298
        8142        8145
        8142        8156
        8142        8157
        8142        8173
        8142        8300
        8143        8155
        8143        8167
        8143        8168
        8143        8170
        8143        8171
        8143        8172
        8144        8146
        8144        8147
        8144        8155
        8144        8167
        8144        8168
        8144        8170
        8144        8171
        8144        8172
        8144        8298
        8145        8150
        8145        8151
        8145        8158
        8145        8167
        8145        8168
        8145        8298
        8146        8148
        8146        8149
        8146        8156
        8146        8157
        8146        8166
        8146        8300
        8147        8152
        8147        8153
        8147        8154
        8147        8156
        8147        8157
        8147        8166
        8147        8300
        8148        8150
        8148        8151
        8148        8155
        8149        8155
        8150        8152
        8150        8153
        8150        8154
        8155        8159
        8155        8160
        8155        8162
        8155        8169
        8155        8300
        8156        8158
        8156        8167
        8156        8168
        8157        8161
        8157        8163
        8157        8164
        8157        8165
        8157        8167
        8157        8168
        8157        8174
        8158        8166
        8158        8175
        8158        8176
        8159        8161
        8159        8163
        8159        8164
        8159        8165
        8159        8174
        8160        8163
        8160        8164
        8160        8165
        8160        8177
        8160        8178
        8160        8182
        8161        8162
        8161        8175
        8161        8176
        8162        8174
        8166        8170
        8166        8171
        8166        8172
        8167        8169
        8168        8169
        8170        8173
        8171        8173
        8174        8179
        8174        8180
        8174        8181
        8174        8183
        8174        8184
        8175        8177
        8175        8178
        8175        8182
        8176        8185
        8176        8186
        8177        8179
        8177        8180
        8177        8181
        8177        8183
        8177        8184
        8178        8183
        8178        8184
        8179        8182
        8180        8182
        8181        8182
        8182        8187
        8182        8188
        8182        8193
        8183        8185
        8183        8186
        8184        8189
        8184        8190
        8184        8194
        8184        8195
        8184        8196
        8185        8187
        8185        8188
        8185        8193
        8186        8191
        8186        8192
        8186        8197
        8186        8198
        8186        8199
        8187        8189
        8187        8190
        8187        8194
        8187        8195
        8187        8196
        8188        8194
        8188        8195
        8188        8196
        8189        8191
        8189        8192
        8189        8193
        8190        8193
        8193        8200
        8193        8201
        8194        8197
        8194        8198
        8194        8199
        8195        8197
        8195        8198
        8195        8199
        8196        8202
        8196        8203
        8197        8200
        8197        8201
        8198        8200
        8198        8201
        8199        8204
        8199        8205
        8199        8219
        8200        8202
        8200        8203
        8201        8206
        8201        8207
        8201        8208
        8201        8220
        8201        8258
        8202        8204
        8202        8205
        8202        8219
        8203        8209
        8203        8210
        8203        8211
        8203        8259
        8203        8260
        8204        8206
        8204        8207
        8204        8208
        8204        8220
        8204        8258
        8205        8212
        8205        8213
        8205        8214
        8205        8220
        8205        8258
        8206        8209
        8206        8210
        8206        8211
        8206        8219
        8207        8209
        8207        8210
        8207        8211
        8207        8219
        8208        8215
        8208        8216
        8208        8217
        8208        8219
        8209        8212
        8209        8213
        8209        8214
        8210        8212
        8210        8213
        8210        8214
        8211        8218
        8211        8221
        8212        8215
        8212        8216
        8212        8217
        8213        8215
        8213        8216
        8213        8217
        8214        8222
        8214        8223
        8215        8218
        8215        8221
        8216        8218
        8216        8221
        8217        8224
        8217        8225
        8217        8226
        8218        8222
        8218        8223
        8219        8261
        8219        8262
        8219        8266
        8220        8259
        8220        8260
        8221        8227
        8221        8228
        8222        8224
        8222        8225
        8222        8226
        8223        8229
        8223        8230
        8224        8227
        8224        8228
        8225        8227
        8225        8228
        8226        8231
        8226        8232
        8226        8233
        8227        8229
        8227        8230
        8228        8234
        8228        8235
        8229        8231
        8229        8232
        8229        8233
        8230        8236
        8230        8237
        8231        8234
        8231        8235
        8232        8234
        8232        8235
        8233        8238
        8233        8239
        8233        8240
        8234        8236
        8234        8237
        8235        8241
        8235        8242
        8236        8238
        8236        8239
        8236        8240
        8237        8243
        8237        8244
        8238        8241
        8238        8242
        8239        8241
        8239        8242
        8240        8245
        8240        8246
        8240        8247
        8241        8243
        8241        8244
        8242        8248
        8242        8249
        8243        8245
        8243        8246
        8243        8247
        8244        8250
        8244        8251
        8245        8248
        8245        8249
        8246        8248
        8246        8249
        8247        8252
        8247        8253
        8247        8254
        8248        8250
        8248        8251
        8249        8255
        8249        8256
        8249        8257
        8250        8252
        8250        8253
        8250        8254
        8252        8255
        8252        8256
        8252        8257
        8253        8255
        8253        8256
        8253        8257
        8258        8263
        8258        8264
        8258        8265
        8258        8267
        8258        8268
        8259        8261
        8259        8262
        8259        8266
        8260        8269
        8260        8270
        8261        8263
        8261        8264
        8261        8265
        8261        8267
        8261        8268
        8262        8267
        8262        8268
        8263        8266
        8264        8266
        8265        8266
        8266        8271
        8266        8272
        8266        8276
        8267        8269
        8267        8270
        8268        8273
        8268        8274
        8268        8275
        8268        8277
        8268        8278
        8269        8271
        8269        8272
        8269        8276
        8271        8273
        8271        8274
        8271        8275
        8271        8277
        8271        8278
        8272        8277
        8272        8278
        8273        8276
        8274        8276
        8275        8276
        8279        8282
        8279        8287
        8279        8288
        8279        8295
        8279        8296
        8279        8298
        8279        8301
        8279        8308
        8279        8321
        8279        8333
        8280        8281
        8280        8285
        8280        8286
        8280        8294
        8280        8332
        8281        8284
        8281        8295
        8281        8296
        8281        8305
        8281        8334
        8282        8294
        8282        8299
        8282        8300
        8282        8302
        8282        8303
        8282        8304
        8283        8285
        8283        8286
        8283        8294
        8283        8299
        8283        8300
        8283        8302
        8283        8303
        8283        8304
        8283        8332
        8284        8289
        8284        8290
        8284        8297
        8284        8299
        8284        8300
        8284        8332
        8285        8287
        8285        8288
        8285        8295
        8285        8296
        8285        8298
        8285        8334
        8286        8291
        8286        8292
        8286        8293
        8286        8295
        8286        8296
        8286        8298
        8286        8334
        8287        8289
        8287        8290
        8287        8294
        8288        8294
        8289        8291
        8289        8292
        8289        8293
        8294        8301
        8294        8334
        8295        8297
        8295        8299
        8295        8300
        8296        8299
        8296        8300
        8297        8298
        8298        8302
        8298        8303
        8298        8304
        8299        8301
        8300        8301
        8302        8305
        8303        8305
        8306        8309
        8306        8314
        8306        8315
        8306        8322
        8306        8323
        8306        8332
        8306        8335
        8306        8401
        8306        8414
        8306        8419
        8307        8308
        8307        8312
        8307        8313
        8307        8321
        8307        8418
        8308        8311
        8308        8322
        8308        8323
        8308        8339
        8308        8420
        8309        8321
        8309        8333
        8309        8334
        8309        8336
        8309        8337
        8309        8338
        8310        8312
        8310        8313
        8310        8321
        8310        8333
        8310        8334
        8310        8336
        8310        8337
        8310        8338
        8310        8418
        8311        8316
        8311        8317
        8311        8324
        8311        8333
        8311        8334
        8311        8418
        8312        8314
        8312        8315
        8312        8322
        8312        8323
        8312        8332
        8312        8420
        8313        8318
        8313        8319
        8313        8320
        8313        8322
        8313        8323
        8313        8332
        8313        8420
        8314        8316
        8314        8317
        8314        8321
        8315        8321
        8316        8318
        8316        8319
        8316        8320
        8321        8325
        8321        8326
        8321        8328
        8321        8335
        8321        8420
        8322        8324
        8322        8333
        8322        8334
        8323        8327
        8323        8329
        8323        8330
        8323        8331
        8323        8333
        8323        8334
        8323        8340
        8324        8332
        8324        8341
        8324        8342
        8325        8327
        8325        8329
        8325        8330
        8325        8331
        8325        8340
        8326        8329
        8326        8330
        8326        8331
        8326        8343
        8326        8344
        8326        8348
        8327        8328
        8327        8341
        8327        8342
        8328        8340
        8332        8336
        8332        8337
        8332        8338
        8333        8335
        8334        8335
        8336        8339
        8337        8339
        8340        8345
        8340        8346
        8340        8347
        8340        8349
        8340        8350
        8341        8343
        8341        8344
        8341        8348
        8342        8351
        8342        8352
        8343        8345
        8343        8346
        8343        8347
        8343        8349
        8343        8350
        8344        8349
        8344        8350
        8345        8348
        8346        8348
        8347        8348
        8348        8353
        8348        8354
        8348        8359
        8349        8351
        8349        8352
        8350        8355
        8350        8356
        8350        8360
        8350        8361
        8350        8362
        8351        8353
        8351        8354
        8351        8359
        8352        8357
        8352        8358
        8352        8363
        8352        8364
        8352        8365
        8353        8355
        8353        8356
        8353        8360
        8353        8361
        8353        8362
        8354        8360
        8354        8361
        8354        8362
        8355        8357
        8355        8358
        8355        8359
        8356        8359
        8359        8366
        8359        8367
        8360        8363
        8360        8364
        8360        8365
        8361        8363
        8361        8364
        8361        8365
        8362        8368
        8362        8369
        8363        8366
        8363        8367
        8364        8366
        8364        8367
        8365        8370
        8365        8371
        8365        8387
        8366        8368
        8366        8369
        8367        8372
        8367        8373
        8367        8374
        8367        8388
        8367        8389
        8368        8370
        8368        8371
        8368        8387
        8369        8375
        8369        8376
        8369        8377
        8369        8390
        8369        8391
        8370        8372
        8370        8373
        8370        8374
        8370        8388
        8370        8389
        8371        8378
        8371        8379
        8371        8380
        8371        8388
        8371        8389
        8372        8375
        8372        8376
        8372        8377
        8372        8387
        8373        8375
        8373        8376
        8373        8377
        8373        8387
        8374        8381
        8374        8382
        8374        8383
        8374        8387
        8375        8378
        8375        8379
        8375        8380
        8376        8378
        8376        8379
        8376        8380
        8377        8384
        8377        8385
        8377        8386
        8378        8381
        8378        8382
        8378        8383
        8379        8381
        8379        8382
        8379        8383
        8381        8384
        8381        8385
        8381        8386
        8382        8384
        8382        8385
        8382        8386
        8387        8392
        8387        8393
        8387        8397
        8388        8390
        8388        8391
        8389        8394
        8389        8395
        8389        8396
        8389        8398
        8390        8392
        8390        8393
        8390        8397
        8392        8394
        8392        8395
        8392        8396
        8392        8398
        8393        8398
        8394        8397
        8395        8397
        8396        8397
        8399        8402
        8399        8407
        8399        8408
        8399        8415
        8399        8416
        8399        8418
        8399        8421
        8399        8428
        8399        8441
        8399        8453
        8400        8401
        8400        8405
        8400        8406
        8400        8414
        8400        8452
        8401        8404
        8401        8415
        8401        8416
        8401        8425
        8401        8454
        8402        8414
        8402        8419
        8402        8420
        8402        8422
        8402        8423
        8402        8424
        8403        8405
        8403        8406
        8403        8414
        8403        8419
        8403        8420
        8403        8422
        8403        8423
        8403        8424
        8403        8452
        8404        8409
        8404        8410
        8404        8417
        8404        8419
        8404        8420
        8404        8452
        8405        8407
        8405        8408
        8405        8415
        8405        8416
        8405        8418
        8405        8454
        8406        8411
        8406        8412
        8406        8413
        8406        8415
        8406        8416
        8406        8418
        8406        8454
        8407        8409
        8407        8410
        8407        8414
        8408        8414
        8409        8411
        8409        8412
        8409        8413
        8414        8421
        8414        8454
        8415        8417
        8415        8419
        8415        8420
        8416        8419
        8416        8420
        8417        8418
        8418        8422
        8418        8423
        8418        8424
        8419        8421
        8420        8421
        8422        8425
        8423        8425
        8426        8429
        8426        8434
        8426        8435
        8426        8442
        8426        8443
        8426        8452
        8426        8455
        8426        8521
        8426        8534
        8426        8539
        8427        8428
        8427        8432
        8427        8433
        8427        8441
        8427        8538
        8428        8431
        8428        8442
        8428        8443
        8428        8459
        8428        8540
        8429        8441
        8429        8453
        8429        8454
        8429        8456
        8429        8457
        8429        8458
        8430        8432
        8430        8433
        8430        8441
        8430        8453
        8430        8454
        8430        8456
        8430        8457
        8430        8458
        8430        8538
        8431        8436
        8431        8437
        8431        8444
        8431        8453
        8431        8454
        8431        8538
        8432        8434
        8432        8435
        8432        8442
        8432        8443
        8432        8452
        8432        8540
        8433        8438
        8433        8439
        8433        8440
        8433        8442
        8433        8443
        8433        8452
        8433        8540
        8434        8436
        8434        8437
        8434        8441
        8435        8441
        8436        8438
        8436        8439
        8436        8440
        8441        8445
        8441        8446
        8441        8448
        8441        8455
        8441        8540
        8442        8444
        8442        8453
        8442        8454
        8443        8447
        8443        8449
        8443        8450
        8443        8451
        8443        8453
        8443        8454
        8443        8460
        8444        8452
        8444        8461
        8444        8462
        8445        8447
        8445        8449
        8445        8450
        8445        8451
        8445        8460
        8446        8449
        8446        8450
        8446        8451
        8446        8463
        8446        8464
        8446        8468
        8447        8448
        8447        8461
        8447        8462
        8448        8460
        8452        8456
        8452        8457
        8452        8458
        8453        8455
        8454        8455
        8456        8459
        8457        8459
        8460        8465
        8460        8466
        8460        8467
        8460        8469
        8460        8470
        8461        8463
        8461        8464
        8461        8468
        8462        8471
        8462        8472
        8463        8465
        8463        8466
        8463        8467
        8463        8469
        8463        8470
        8464        8469
        8464        8470
        8465        8468
        8466        8468
        8467        8468
        8468        8473
        8468        8474
        8468        8479
        8469        8471
        8469        8472
        8470        8475
        8470        8476
        8470        8480
        8470        8481
        8470        8482
        8471        8473
        8471        8474
        8471        8479
        8472        8477
        8472        8478
        8472        8483
        8472        8484
        8472        8485
        8473        8475
        8473        8476
        8473        8480
        8473        8481
        8473        8482
        8474        8480
        8474        8481
        8474        8482
        8475        8477
        8475        8478
        8475        8479
        8476        8479
        8479        8486
        8479        8487
        8480        8483
        8480        8484
        8480        8485
        8481        8483
        8481        8484
        8481        8485
        8482        8488
        8482        8489
        8483        8486
        8483        8487
        8484        8486
        8484        8487
        8485        8490
        8485        8491
        8485        8507
        8486        8488
        8486        8489
        8487        8492
        8487        8493
        8487        8494
        8487        8508
        8487        8509
        8488        8490
        8488        8491
        8488        8507
        8489        8495
        8489        8496
        8489        8497
        8489        8510
        8489        8511
        8490        8492
        8490        8493
        8490        8494
        8490        8508
        8490        8509
        8491        8498
        8491        8499
        8491        8500
        8491        8508
        8491        8509
        8492        8495
        8492        8496
        8492        8497
        8492        8507
        8493        8495
        8493        8496
        8493        8497
        8493        8507
        8494        8501
        8494        8502
        8494        8503
        8494        8507
        8495        8498
        8495        8499
        8495        8500
        8496        8498
        8496        8499
        8496        8500
        8497        8504
        8497        8505
        8497        8506
        8498        8501
        8498        8502
        8498        8503
        8499        8501
        8499        8502
        8499        8503
        8501        8504
        8501        8505
        8501        8506
        8502        8504
        8502        8505
        8502        8506
        8507        8512
        8507        8513
        8507        8517
        8508        8510
        8508        8511
        8509        8514
        8509        8515
        8509        8516
        8509        8518
        8509       10429
        8510        8512
        8510        8513
        8510        8517
        8511       10426
        8511       10430
        8512        8514
        8512        8515
        8512        8516
        8512        8518
        8512       10429
        8513        8518
        8513       10429
        8514        8517
        8515        8517
        8516        8517
        8517       10424
        8517       10427
        8517       10428
        8518       10426
        8518       10430
        8519        8522
        8519        8527
        8519        8528
        8519        8535
        8519        8536
        8519        8538
        8519        8541
        8519        8548
        8519        8561
        8519        8573
        8520        8521
        8520        8525
        8520        8526
        8520        8534
        8520        8572
        8521        8524
        8521        8535
        8521        8536
        8521        8545
        8521        8574
        8522        8534
        8522        8539
        8522        8540
        8522        8542
        8522        8543
        8522        8544
        8523        8525
        8523        8526
        8523        8534
        8523        8539
        8523        8540
        8523        8542
        8523        8543
        8523        8544
        8523        8572
        8524        8529
        8524        8530
        8524        8537
        8524        8539
        8524        8540
        8524        8572
        8525        8527
        8525        8528
        8525        8535
        8525        8536
        8525        8538
        8525        8574
        8526        8531
        8526        8532
        8526        8533
        8526        8535
        8526        8536
        8526        8538
        8526        8574
        8527        8529
        8527        8530
        8527        8534
        8528        8534
        8529        8531
        8529        8532
        8529        8533
        8534        8541
        8534        8574
        8535        8537
        8535        8539
        8535        8540
        8536        8539
        8536        8540
        8537        8538
        8538        8542
        8538        8543
        8538        8544
        8539        8541
        8540        8541
        8542        8545
        8543        8545
        8546        8549
        8546        8554
        8546        8555
        8546        8562
        8546        8563
        8546        8572
        8546        8575
        8546        8641
        8546        8654
        8546        8659
        8547        8548
        8547        8552
        8547        8553
        8547        8561
        8547        8658
        8548        8551
        8548        8562
        8548        8563
        8548        8579
        8548        8660
        8549        8561
        8549        8573
        8549        8574
        8549        8576
        8549        8577
        8549        8578
        8550        8552
        8550        8553
        8550        8561
        8550        8573
        8550        8574
        8550        8576
        8550        8577
        8550        8578
        8550        8658
        8551        8556
        8551        8557
        8551        8564
        8551        8573
        8551        8574
        8551        8658
        8552        8554
        8552        8555
        8552        8562
        8552        8563
        8552        8572
        8552        8660
        8553        8558
        8553        8559
        8553        8560
        8553        8562
        8553        8563
        8553        8572
        8553        8660
        8554        8556
        8554        8557
        8554        8561
        8555        8561
        8556        8558
        8556        8559
        8556        8560
        8561        8565
        8561        8566
        8561        8568
        8561        8575
        8561        8660
        8562        8564
        8562        8573
        8562        8574
        8563        8567
        8563        8569
        8563        8570
        8563        8571
        8563        8573
        8563        8574
        8563        8580
        8564        8572
        8564        8581
        8564        8582
        8565        8567
        8565        8569
        8565        8570
        8565        8571
        8565        8580
        8566        8569
        8566        8570
        8566        8571
        8566        8583
        8566        8584
        8566        8588
        8567        8568
        8567        8581
        8567        8582
        8568        8580
        8572        8576
        8572        8577
        8572        8578
        8573        8575
        8574        8575
        8576        8579
        8577        8579
        8580        8585
        8580        8586
        8580        8587
        8580        8589
        8580        8590
        8581        8583
        8581        8584
        8581        8588
        8582        8591
        8582        8592
        8583        8585
        8583        8586
        8583        8587
        8583        8589
        8583        8590
        8584        8589
        8584        8590
        8585        8588
        8586        8588
        8587        8588
        8588        8593
        8588        8594
        8588        8599
        8589        8591
        8589        8592
        8590        8595
        8590        8596
        8590        8600
        8590        8601
        8590        8602
        8591        8593
        8591        8594
        8591        8599
        8592        8597
        8592        8598
        8592        8603
        8592        8604
        8592        8605
        8593        8595
        8593        8596
        8593        8600
        8593        8601
        8593        8602
        8594        8600
        8594        8601
        8594        8602
        8595        8597
        8595        8598
        8595        8599
        8596        8599
        8599        8606
        8599        8607
        8600        8603
        8600        8604
        8600        8605
        8601        8603
        8601        8604
        8601        8605
        8602        8608
        8602        8609
        8603        8606
        8603        8607
        8604        8606
        8604        8607
        8605        8610
        8605        8611
        8605        8627
        8606        8608
        8606        8609
        8607        8612
        8607        8613
        8607        8614
        8607        8628
        8607        8629
        8608        8610
        8608        8611
        8608        8627
        8609        8615
        8609        8616
        8609        8617
        8609        8630
        8609        8631
        8610        8612
        8610        8613
        8610        8614
        8610        8628
        8610        8629
        8611        8618
        8611        8619
        8611        8620
        8611        8628
        8611        8629
        8612        8615
        8612        8616
        8612        8617
        8612        8627
        8613        8615
        8613        8616
        8613        8617
        8613        8627
        8614        8621
        8614        8622
        8614        8623
        8614        8627
        8615        8618
        8615        8619
        8615        8620
        8616        8618
        8616        8619
        8616        8620
        8617        8624
        8617        8625
        8617        8626
        8618        8621
        8618        8622
        8618        8623
        8619        8621
        8619        8622
        8619        8623
        8621        8624
        8621        8625
        8621        8626
        8622        8624
        8622        8625
        8622        8626
        8627        8632
        8627        8633
        8627        8637
        8628        8630
        8628        8631
        8629        8634
        8629        8635
        8629        8636
        8629        8638
        8630        8632
        8630        8633
        8630        8637
        8632        8634
        8632        8635
        8632        8636
        8632        8638
        8633        8638
        8634        8637
        8635        8637
        8636        8637
        8639        8642
        8639        8647
        8639        8648
        8639        8655
        8639        8656
        8639        8658
        8639        8661
        8639        8668
        8639        8681
        8639        8693
        8640        8641
        8640        8645
        8640        8646
        8640        8654
        8640        8692
        8641        8644
        8641        8655
        8641        8656
        8641        8665
        8641        8694
        8642        8654
        8642        8659
        8642        8660
        8642        8662
        8642        8663
        8642        8664
        8643        8645
        8643        8646
        8643        8654
        8643        8659
        8643        8660
        8643        8662
        8643        8663
        8643        8664
        8643        8692
        8644        8649
        8644        8650
        8644        8657
        8644        8659
        8644        8660
        8644        8692
        8645        8647
        8645        8648
        8645        8655
        8645        8656
        8645        8658
        8645        8694
        8646        8651
        8646        8652
        8646        8653
        8646        8655
        8646        8656
        8646        8658
        8646        8694
        8647        8649
        8647        8650
        8647        8654
        8648        8654
        8649        8651
        8649        8652
        8649        8653
        8654        8661
        8654        8694
        8655        8657
        8655        8659
        8655        8660
        8656        8659
        8656        8660
        8657        8658
        8658        8662
        8658        8663
        8658        8664
        8659        8661
        8660        8661
        8662        8665
        8663        8665
        8666        8669
        8666        8674
        8666        8675
        8666        8682
        8666        8683
        8666        8692
        8666        8695
        8666        8772
        8666        8785
        8666        8790
        8667        8668
        8667        8672
        8667        8673
        8667        8681
        8667        8789
        8668        8671
        8668        8682
        8668        8683
        8668        8699
        8668        8791
        8669        8681
        8669        8693
        8669        8694
        8669        8696
        8669        8697
        8669        8698
        8670        8672
        8670        8673
        8670        8681
        8670        8693
        8670        8694
        8670        8696
        8670        8697
        8670        8698
        8670        8789
        8671        8676
        8671        8677
        8671        8684
        8671        8693
        8671        8694
        8671        8789
        8672        8674
        8672        8675
        8672        8682
        8672        8683
        8672        8692
        8672        8791
        8673        8678
        8673        8679
        8673        8680
        8673        8682
        8673        8683
        8673        8692
        8673        8791
        8674        8676
        8674        8677
        8674        8681
        8675        8681
        8676        8678
        8676        8679
        8676        8680
        8681        8685
        8681        8686
        8681        8688
        8681        8695
        8681        8791
        8682        8684
        8682        8693
        8682        8694
        8683        8687
        8683        8689
        8683        8690
        8683        8691
        8683        8693
        8683        8694
        8683        8700
        8684        8692
        8684        8701
        8684        8702
        8685        8687
        8685        8689
        8685        8690
        8685        8691
        8685        8700
        8686        8689
        8686        8690
        8686        8691
        8686        8703
        8686        8704
        8686        8708
        8687        8688
        8687        8701
        8687        8702
        8688        8700
        8692        8696
        8692        8697
        8692        8698
        8693        8695
        8694        8695
        8696        8699
        8697        8699
        8700        8705
        8700        8706
        8700        8707
        8700        8709
        8700        8710
        8701        8703
        8701        8704
        8701        8708
        8702        8711
        8702        8712
        8703        8705
        8703        8706
        8703        8707
        8703        8709
        8703        8710
        8704        8709
        8704        8710
        8705        8708
        8706        8708
        8707        8708
        8708        8713
        8708        8714
        8708        8719
        8709        8711
        8709        8712
        8710        8715
        8710        8716
        8710        8720
        8710        8721
        8710        8722
        8711        8713
        8711        8714
        8711        8719
        8712        8717
        8712        8718
        8712        8723
        8712        8724
        8712        8725
        8713        8715
        8713        8716
        8713        8720
        8713        8721
        8713        8722
        8714        8720
        8714        8721
        8714        8722
        8715        8717
        8715        8718
        8715        8719
        8716        8719
        8719        8726
        8719        8727
        8720        8723
        8720        8724
        8720        8725
        8721        8723
        8721        8724
        8721        8725
        8722        8728
        8722        8729
        8723        8726
        8723        8727
        8724        8726
        8724        8727
        8725        8730
        8725        8731
        8725        8747
        8726        8728
        8726        8729
        8727        8732
        8727        8733
        8727        8734
        8727        8748
        8727        8749
        8728        8730
        8728        8731
        8728        8747
        8729        8735
        8729        8736
        8729        8737
        8729        8750
        8729        8751
        8730        8732
        8730        8733
        8730        8734
        8730        8748
        8730        8749
        8731        8738
        8731        8739
        8731        8740
        8731        8748
        8731        8749
        8732        8735
        8732        8736
        8732        8737
        8732        8747
        8733        8735
        8733        8736
        8733        8737
        8733        8747
        8734        8741
        8734        8742
        8734        8743
        8734        8747
        8735        8738
        8735        8739
        8735        8740
        8736        8738
        8736        8739
        8736        8740
        8737        8744
        8737        8745
        8737        8746
        8738        8741
        8738        8742
        8738        8743
        8739        8741
        8739        8742
        8739        8743
        8741        8744
        8741        8745
        8741        8746
        8742        8744
        8742        8745
        8742        8746
        8747        8752
        8747        8753
        8747        8757
        8748        8750
        8748        8751
        8749        8754
        8749        8755
        8749        8756
        8749        8758
        8749        8759
        8750        8752
        8750        8753
        8750        8757
        8751        8760
        8751        8761
        8752        8754
        8752        8755
        8752        8756
        8752        8758
        8752        8759
        8753        8758
        8753        8759
        8754        8757
        8755        8757
        8756        8757
        8757        8762
        8757        8763
        8757        8767
        8758        8760
        8758        8761
        8759        8764
        8759        8765
        8759        8766
        8759        8768
        8759        8769
        8760        8762
        8760        8763
        8760        8767
        8762        8764
        8762        8765
        8762        8766
        8762        8768
        8762        8769
        8763        8768
        8763        8769
        8764        8767
        8765        8767
        8766        8767
        8770        8773
        8770        8778
        8770        8779
        8770        8786
        8770        8787
        8770        8789
        8770        8792
        8770        8799
        8770        8812
        8770        8824
        8771        8772
        8771        8776
        8771        8777
        8771        8785
        8771        8823
        8772        8775
        8772        8786
        8772        8787
        8772        8796
        8772        8825
        8773        8785
        8773        8790
        8773        8791
        8773        8793
        8773        8794
        8773        8795
        8774        8776
        8774        8777
        8774        8785
        8774        8790
        8774        8791
        8774        8793
        8774        8794
        8774        8795
        8774        8823
        8775        8780
        8775        8781
        8775        8788
        8775        8790
        8775        8791
        8775        8823
        8776        8778
        8776        8779
        8776        8786
        8776        8787
        8776        8789
        8776        8825
        8777        8782
        8777        8783
        8777        8784
        8777        8786
        8777        8787
        8777        8789
        8777        8825
        8778        8780
        8778        8781
        8778        8785
        8779        8785
        8780        8782
        8780        8783
        8780        8784
        8785        8792
        8785        8825
        8786        8788
        8786        8790
        8786        8791
        8787        8790
        8787        8791
        8788        8789
        8789        8793
        8789        8794
        8789        8795
        8790        8792
        8791        8792
        8793        8796
        8794        8796
        8797        8800
        8797        8805
        8797        8806
        8797        8813
        8797        8814
        8797        8823
        8797        8826
        8797        8892
        8797        8905
        8797        8910
        8798        8799
        8798        8803
        8798        8804
        8798        8812
        8798        8909
        8799        8802
        8799        8813
        8799        8814
        8799        8830
        8799        8911
        8800        8812
        8800        8824
        8800        8825
        8800        8827
        8800        8828
        8800        8829
        8801        8803
        8801        8804
        8801        8812
        8801        8824
        8801        8825
        8801        8827
        8801        8828
        8801        8829
        8801        8909
        8802        8807
        8802        8808
        8802        8815
        8802        8824
        8802        8825
        8802        8909
        8803        8805
        8803        8806
        8803        8813
        8803        8814
        8803        8823
        8803        8911
        8804        8809
        8804        8810
        8804        8811
        8804        8813
        8804        8814
        8804        8823
        8804        8911
        8805        8807
        8805        8808
        8805        8812
        8806        8812
        8807        8809
        8807        8810
        8807        8811
        8812        8816
        8812        8817
        8812        8819
        8812        8826
        8812        8911
        8813        8815
        8813        8824
        8813        8825
        8814        8818
        8814        8820
        8814        8821
        8814        8822
        8814        8824
        8814        8825
        8814        8831
        8815        8823
        8815        8832
        8815        8833
        8816        8818
        8816        8820
        8816        8821
        8816        8822
        8816        8831
        8817        8820
        8817        8821
        8817        8822
        8817        8834
        8817        8835
        8817        8839
        8818        8819
        8818        8832
        8818        8833
        8819        8831
        8823        8827
        8823        8828
        8823        8829
        8824        8826
        8825        8826
        8827        8830
        8828        8830
        8831        8836
        8831        8837
        8831        8838
        8831        8840
        8831        8841
        8832        8834
        8832        8835
        8832        8839
        8833        8842
        8833        8843
        8834        8836
        8834        8837
        8834        8838
        8834        8840
        8834        8841
        8835        8840
        8835        8841
        8836        8839
        8837        8839
        8838        8839
        8839        8844
        8839        8845
        8839        8850
        8840        8842
        8840        8843
        8841        8846
        8841        8847
        8841        8851
        8841        8852
        8841        8853
        8842        8844
        8842        8845
        8842        8850
        8843        8848
        8843        8849
        8843        8854
        8843        8855
        8843        8856
        8844        8846
        8844        8847
        8844        8851
        8844        8852
        8844        8853
        8845        8851
        8845        8852
        8845        8853
        8846        8848
        8846        8849
        8846        8850
        8847        8850
        8850        8857
        8850        8858
        8851        8854
        8851        8855
        8851        8856
        8852        8854
        8852        8855
        8852        8856
        8853        8859
        8853        8860
        8854        8857
        8854        8858
        8855        8857
        8855        8858
        8856        8861
        8856        8862
        8856        8878
        8857        8859
        8857        8860
        8858        8863
        8858        8864
        8858        8865
        8858        8879
        8858        8880
        8859        8861
        8859        8862
        8859        8878
        8860        8866
        8860        8867
        8860        8868
        8860        8881
        8860        8882
        8861        8863
        8861        8864
        8861        8865
        8861        8879
        8861        8880
        8862        8869
        8862        8870
        8862        8871
        8862        8879
        8862        8880
        8863        8866
        8863        8867
        8863        8868
        8863        8878
        8864        8866
        8864        8867
        8864        8868
        8864        8878
        8865        8872
        8865        8873
        8865        8874
        8865        8878
        8866        8869
        8866        8870
        8866        8871
        8867        8869
        8867        8870
        8867        8871
        8868        8875
        8868        8876
        8868        8877
        8869        8872
        8869        8873
        8869        8874
        8870        8872
        8870        8873
        8870        8874
        8872        8875
        8872        8876
        8872        8877
        8873        8875
        8873        8876
        8873        8877
        8878        8883
        8878        8884
        8878        8888
        8879        8881
        8879        8882
        8880        8885
        8880        8886
        8880        8887
        8880        8889
        8881        8883
        8881        8884
        8881        8888
        8883        8885
        8883        8886
        8883        8887
        8883        8889
        8884        8889
        8885        8888
        8886        8888
        8887        8888
        8890        8893
        8890        8898
        8890        8899
        8890        8906
        8890        8907
        8890        8909
        8890        8912
        8890        8919
        8890        8932
        8890        8944
        8891        8892
        8891        8896
        8891        8897
        8891        8905
        8891        8943
        8892        8895
        8892        8906
        8892        8907
        8892        8916
        8892        8945
        8893        8905
        8893        8910
        8893        8911
        8893        8913
        8893        8914
        8893        8915
        8894        8896
        8894        8897
        8894        8905
        8894        8910
        8894        8911
        8894        8913
        8894        8914
        8894        8915
        8894        8943
        8895        8900
        8895        8901
        8895        8908
        8895        8910
        8895        8911
        8895        8943
        8896        8898
        8896        8899
        8896        8906
        8896        8907
        8896        8909
        8896        8945
        8897        8902
        8897        8903
        8897        8904
        8897        8906
        8897        8907
        8897        8909
        8897        8945
        8898        8900
        8898        8901
        8898        8905
        8899        8905
        8900        8902
        8900        8903
        8900        8904
        8905        8912
        8905        8945
        8906        8908
        8906        8910
        8906        8911
        8907        8910
        8907        8911
        8908        8909
        8909        8913
        8909        8914
        8909        8915
        8910        8912
        8911        8912
        8913        8916
        8914        8916
        8917        8920
        8917        8925
        8917        8926
        8917        8933
        8917        8934
        8917        8943
        8917        8946
        8918        8919
        8918        8923
        8918        8924
        8918        8932
        8919        8922
        8919        8933
        8919        8934
        8919        8950
        8920        8932
        8920        8944
        8920        8945
        8920        8947
        8920        8948
        8920        8949
        8921        8923
        8921        8924
        8921        8932
        8921        8944
        8921        8945
        8921        8947
        8921        8948
        8921        8949
        8922        8927
        8922        8928
        8922        8935
        8922        8944
        8922        8945
        8923        8925
        8923        8926
        8923        8933
        8923        8934
        8923        8943
        8924        8929
        8924        8930
        8924        8931
        8924        8933
        8924        8934
        8924        8943
        8925        8927
        8925        8928
        8925        8932
        8926        8932
        8927        8929
        8927        8930
        8927        8931
        8932        8936
        8932        8937
        8932        8939
        8932        8946
        8933        8935
        8933        8944
        8933        8945
        8934        8938
        8934        8940
        8934        8941
        8934        8942
        8934        8944
        8934        8945
        8934        8951
        8935        8943
        8935        8952
        8935        8953
        8936        8938
        8936        8940
        8936        8941
        8936        8942
        8936        8951
        8937        8940
        8937        8941
        8937        8942
        8937        8954
        8937        8955
        8937        8959
        8938        8939
        8938        8952
        8938        8953
        8939        8951
        8943        8947
        8943        8948
        8943        8949
        8944        8946
        8945        8946
        8947        8950
        8948        8950
        8951        8956
        8951        8957
        8951        8958
        8951        8960
        8951        8961
        8952        8954
        8952        8955
        8952        8959
        8953        8962
        8953        8963
        8954        8956
        8954        8957
        8954        8958
        8954        8960
        8954        8961
        8955        8960
        8955        8961
        8956        8959
        8957        8959
        8958        8959
        8959        8964
        8959        8965
        8959        8970
        8960        8962
        8960        8963
        8961        8966
        8961        8967
        8961        8971
        8961        8972
        8961        8973
        8962        8964
        8962        8965
        8962        8970
        8963        8968
        8963        8969
        8963        8974
        8963        8975
        8963        8976
        8964        8966
        8964        8967
        8964        8971
        8964        8972
        8964        8973
        8965        8971
        8965        8972
        8965        8973
        8966        8968
        8966        8969
        8966        8970
        8967        8970
        8970        8977
        8970        8978
        8971        8974
        8971        8975
        8971        8976
        8972        8974
        8972        8975
        8972        8976
        8973        8979
        8973        8980
        8974        8977
        8974        8978
        8975        8977
        8975        8978
        8976        8981
        8976        8982
        8976        8998
        8977        8979
        8977        8980
        8978        8983
        8978        8984
        8978        8985
        8978        8999
        8978        9000
        8979        8981
        8979        8982
        8979        8998
        8980        8986
        8980        8987
        8980        8988
        8980        9001
        8980        9002
        8981        8983
        8981        8984
        8981        8985
        8981        8999
        8981        9000
        8982        8989
        8982        8990
        8982        8991
        8982        8999
        8982        9000
        8983        8986
        8983        8987
        8983        8988
        8983        8998
        8984        8986
        8984        8987
        8984        8988
        8984        8998
        8985        8992
        8985        8993
        8985        8994
        8985        8998
        8986        8989
        8986        8990
        8986        8991
        8987        8989
        8987        8990
        8987        8991
        8988        8995
        8988        8996
        8988        8997
        8989        8992
        8989        8993
        8989        8994
        8990        8992
        8990        8993
        8990        8994
        8992        8995
        8992        8996
        8992        8997
        8993        8995
        8993        8996
        8993        8997
        8998        9003
        8998        9004
        8998        9008
        8999        9001
        8999        9002
        9000        9005
        9000        9006
        9000        9007
        9000        9009
        9000        9010
        9001        9003
        9001        9004
        9001        9008
        9002        9011
        9002        9012
        9003        9005
        9003        9006
        9003        9007
        9003        9009
        9003        9010
        9004        9009
        9004        9010
        9005        9008
        9006        9008
        9007        9008
        9008        9013
        9008        9014
        9008        9018
        9009        9011
        9009        9012
        9010        9015
        9010        9016
        9010        9017
        9010        9019
        9010        9020
        9011        9013
        9011        9014
        9011        9018
        9013        9015
        9013        9016
        9013        9017
        9013        9019
        9013        9020
        9014        9019
        9014        9020
        9015        9018
        9016        9018
        9017        9018
        9021        9024
        9021        9029
        9021        9030
        9021        9037
        9021        9038
        9021        9040
        9021        9043
        9021        9050
        9021        9063
        9021        9075
        9022        9023
        9022        9027
        9022        9028
        9022        9036
        9022        9074
        9023        9026
        9023        9037
        9023        9038
        9023        9047
        9023        9076
        9023       10730
        9024        9036
        9024        9041
        9024        9042
        9024        9044
        9024        9045
        9024        9046
        9025        9027
        9025        9028
        9025        9036
        9025        9041
        9025        9042
        9025        9044
        9025        9045
        9025        9046
        9025        9074
        9026        9031
        9026        9032
        9026        9039
        9026        9041
        9026        9042
        9026        9074
        9027        9029
        9027        9030
        9027        9037
        9027        9038
        9027        9040
        9027        9076
        9028        9033
        9028        9034
        9028        9035
        9028        9037
        9028        9038
        9028        9040
        9028        9076
        9029        9031
        9029        9032
        9029        9036
        9030        9036
        9031        9033
        9031        9034
        9031        9035
        9036        9043
        9036        9076
        9036       10730
        9037        9039
        9037        9041
        9037        9042
        9038        9041
        9038        9042
        9039        9040
        9040        9044
        9040        9045
        9040        9046
        9040       10731
        9040       10734
        9040       10735
        9041        9043
        9041       10730
        9042        9043
        9042       10732
        9042       10736
        9042       10737
        9042       10745
        9044        9047
        9045        9047
        9048        9051
        9048        9056
        9048        9057
        9048        9064
        9048        9065
        9048        9074
        9048        9077
        9048        9154
        9048        9167
        9048        9172
        9049        9050
        9049        9054
        9049        9055
        9049        9063
        9049        9171
        9050        9053
        9050        9064
        9050        9065
        9050        9081
        9050        9173
        9051        9063
        9051        9075
        9051        9076
        9051        9078
        9051        9079
        9051        9080
        9052        9054
        9052        9055
        9052        9063
        9052        9075
        9052        9076
        9052        9078
        9052        9079
        9052        9080
        9052        9171
        9053        9058
        9053        9059
        9053        9066
        9053        9075
        9053        9076
        9053        9171
        9054        9056
        9054        9057
        9054        9064
        9054        9065
        9054        9074
        9054        9173
        9055        9060
        9055        9061
        9055        9062
        9055        9064
        9055        9065
        9055        9074
        9055        9173
        9056        9058
        9056        9059
        9056        9063
        9057        9063
        9058        9060
        9058        9061
        9058        9062
        9063        9067
        9063        9068
        9063        9070
        9063        9077
        9063        9173
        9064        9066
        9064        9075
        9064        9076
        9065        9069
        9065        9071
        9065        9072
        9065        9073
        9065        9075
        9065        9076
        9065        9082
        9066        9074
        9066        9083
        9066        9084
        9067        9069
        9067        9071
        9067        9072
        9067        9073
        9067        9082
        9068        9071
        9068        9072
        9068        9073
        9068        9085
        9068        9086
        9068        9090
        9069        9070
        9069        9083
        9069        9084
        9070        9082
        9074        9078
        9074        9079
        9074        9080
        9075        9077
        9076        9077
        9078        9081
        9079        9081
        9082        9087
        9082        9088
        9082        9089
        9082        9091
        9082        9092
        9083        9085
        9083        9086
        9083        9090
        9084        9093
        9084        9094
        9085        9087
        9085        9088
        9085        9089
        9085        9091
        9085        9092
        9086        9091
        9086        9092
        9087        9090
        9088        9090
        9089        9090
        9090        9095
        9090        9096
        9090        9101
        9091        9093
        9091        9094
        9092        9097
        9092        9098
        9092        9102
        9092        9103
        9092        9104
        9093        9095
        9093        9096
        9093        9101
        9094        9099
        9094        9100
        9094        9105
        9094        9106
        9094        9107
        9095        9097
        9095        9098
        9095        9102
        9095        9103
        9095        9104
        9096        9102
        9096        9103
        9096        9104
        9097        9099
        9097        9100
        9097        9101
        9098        9101
        9101        9108
        9101        9109
        9102        9105
        9102        9106
        9102        9107
        9103        9105
        9103        9106
        9103        9107
        9104        9110
        9104        9111
        9105        9108
        9105        9109
        9106        9108
        9106        9109
        9107        9112
        9107        9113
        9107        9129
        9108        9110
        9108        9111
        9109        9114
        9109        9115
        9109        9116
        9109        9130
        9109        9131
        9110        9112
        9110        9113
        9110        9129
        9111        9117
        9111        9118
        9111        9119
        9111        9132
        9111        9133
        9112        9114
        9112        9115
        9112        9116
        9112        9130
        9112        9131
        9113        9120
        9113        9121
        9113        9122
        9113        9130
        9113        9131
        9114        9117
        9114        9118
        9114        9119
        9114        9129
        9115        9117
        9115        9118
        9115        9119
        9115        9129
        9116        9123
        9116        9124
        9116        9125
        9116        9129
        9117        9120
        9117        9121
        9117        9122
        9118        9120
        9118        9121
        9118        9122
        9119        9126
        9119        9127
        9119        9128
        9120        9123
        9120        9124
        9120        9125
        9121        9123
        9121        9124
        9121        9125
        9123        9126
        9123        9127
        9123        9128
        9124        9126
        9124        9127
        9124        9128
        9129        9134
        9129        9135
        9129        9139
        9130        9132
        9130        9133
        9131        9136
        9131        9137
        9131        9138
        9131        9140
        9131        9141
        9132        9134
        9132        9135
        9132        9139
        9133        9142
        9133        9143
        9134        9136
        9134        9137
        9134        9138
        9134        9140
        9134        9141
        9135        9140
        9135        9141
        9136        9139
        9137        9139
        9138        9139
        9139        9144
        9139        9145
        9139        9149
        9140        9142
        9140        9143
        9141        9146
        9141        9147
        9141        9148
        9141        9150
        9141        9151
        9142        9144
        9142        9145
        9142        9149
        9144        9146
        9144        9147
        9144        9148
        9144        9150
        9144        9151
        9145        9150
        9145        9151
        9146        9149
        9147        9149
        9148        9149
        9152        9155
        9152        9160
        9152        9161
        9152        9168
        9152        9169
        9152        9171
        9152        9174
        9152        9181
        9152        9194
        9152        9206
        9153        9154
        9153        9158
        9153        9159
        9153        9167
        9153        9205
        9154        9157
        9154        9168
        9154        9169
        9154        9178
        9154        9207
        9155        9167
        9155        9172
        9155        9173
        9155        9175
        9155        9176
        9155        9177
        9156        9158
        9156        9159
        9156        9167
        9156        9172
        9156        9173
        9156        9175
        9156        9176
        9156        9177
        9156        9205
        9157        9162
        9157        9163
        9157        9170
        9157        9172
        9157        9173
        9157        9205
        9158        9160
        9158        9161
        9158        9168
        9158        9169
        9158        9171
        9158        9207
        9159        9164
        9159        9165
        9159        9166
        9159        9168
        9159        9169
        9159        9171
        9159        9207
        9160        9162
        9160        9163
        9160        9167
        9161        9167
        9162        9164
        9162        9165
        9162        9166
        9167        9174
        9167        9207
        9168        9170
        9168        9172
        9168        9173
        9169        9172
        9169        9173
        9170        9171
        9171        9175
        9171        9176
        9171        9177
        9172        9174
        9173        9174
        9175        9178
        9176        9178
        9179        9182
        9179        9187
        9179        9188
        9179        9195
        9179        9196
        9179        9205
        9179        9208
        9179        9285
        9179        9298
        9179        9303
        9180        9181
        9180        9185
        9180        9186
        9180        9194
        9180        9302
        9181        9184
        9181        9195
        9181        9196
        9181        9212
        9181        9304
        9182        9194
        9182        9206
        9182        9207
        9182        9209
        9182        9210
        9182        9211
        9183        9185
        9183        9186
        9183        9194
        9183        9206
        9183        9207
        9183        9209
        9183        9210
        9183        9211
        9183        9302
        9184        9189
        9184        9190
        9184        9197
        9184        9206
        9184        9207
        9184        9302
        9185        9187
        9185        9188
        9185        9195
        9185        9196
        9185        9205
        9185        9304
        9186        9191
        9186        9192
        9186        9193
        9186        9195
        9186        9196
        9186        9205
        9186        9304
        9187        9189
        9187        9190
        9187        9194
        9188        9194
        9189        9191
        9189        9192
        9189        9193
        9194        9198
        9194        9199
        9194        9201
        9194        9208
        9194        9304
        9195        9197
        9195        9206
        9195        9207
        9196        9200
        9196        9202
        9196        9203
        9196        9204
        9196        9206
        9196        9207
        9196        9213
        9197        9205
        9197        9214
        9197        9215
        9198        9200
        9198        9202
        9198        9203
        9198        9204
        9198        9213
        9199        9202
        9199        9203
        9199        9204
        9199        9216
        9199        9217
        9199        9221
        9200        9201
        9200        9214
        9200        9215
        9201        9213
        9205        9209
        9205        9210
        9205        9211
        9206        9208
        9207        9208
        9209        9212
        9210        9212
        9213        9218
        9213        9219
        9213        9220
        9213        9222
        9213        9223
        9214        9216
        9214        9217
        9214        9221
        9215        9224
        9215        9225
        9216        9218
        9216        9219
        9216        9220
        9216        9222
        9216        9223
        9217        9222
        9217        9223
        9218        9221
        9219        9221
        9220        9221
        9221        9226
        9221        9227
        9221        9232
        9222        9224
        9222        9225
        9223        9228
        9223        9229
        9223        9233
        9223        9234
        9223        9235
        9224        9226
        9224        9227
        9224        9232
        9225        9230
        9225        9231
        9225        9236
        9225        9237
        9225        9238
        9226        9228
        9226        9229
        9226        9233
        9226        9234
        9226        9235
        9227        9233
        9227        9234
        9227        9235
        9228        9230
        9228        9231
        9228        9232
        9229        9232
        9232        9239
        9232        9240
        9233        9236
        9233        9237
        9233        9238
        9234        9236
        9234        9237
        9234        9238
        9235        9241
        9235        9242
        9236        9239
        9236        9240
        9237        9239
        9237        9240
        9238        9243
        9238        9244
        9238        9260
        9239        9241
        9239        9242
        9240        9245
        9240        9246
        9240        9247
        9240        9261
        9240        9262
        9241        9243
        9241        9244
        9241        9260
        9242        9248
        9242        9249
        9242        9250
        9242        9263
        9242        9264
        9243        9245
        9243        9246
        9243        9247
        9243        9261
        9243        9262
        9244        9251
        9244        9252
        9244        9253
        9244        9261
        9244        9262
        9245        9248
        9245        9249
        9245        9250
        9245        9260
        9246        9248
        9246        9249
        9246        9250
        9246        9260
        9247        9254
        9247        9255
        9247        9256
        9247        9260
        9248        9251
        9248        9252
        9248        9253
        9249        9251
        9249        9252
        9249        9253
        9250        9257
        9250        9258
        9250        9259
        9251        9254
        9251        9255
        9251        9256
        9252        9254
        9252        9255
        9252        9256
        9254        9257
        9254        9258
        9254        9259
        9255        9257
        9255        9258
        9255        9259
        9260        9265
        9260        9266
        9260        9270
        9261        9263
        9261        9264
        9262        9267
        9262        9268
        9262        9269
        9262        9271
        9262        9272
        9263        9265
        9263        9266
        9263        9270
        9264        9273
        9264        9274
        9265        9267
        9265        9268
        9265        9269
        9265        9271
        9265        9272
        9266        9271
        9266        9272
        9267        9270
        9268        9270
        9269        9270
        9270        9275
        9270        9276
        9270        9280
        9271        9273
        9271        9274
        9272        9277
        9272        9278
        9272        9279
        9272        9281
        9272        9282
        9273        9275
        9273        9276
        9273        9280
        9275        9277
        9275        9278
        9275        9279
        9275        9281
        9275        9282
        9276        9281
        9276        9282
        9277        9280
        9278        9280
        9279        9280
        9283        9286
        9283        9291
        9283        9292
        9283        9299
        9283        9300
        9283        9302
        9283        9305
        9283        9312
        9283        9325
        9283        9337
        9284        9285
        9284        9289
        9284        9290
        9284        9298
        9284        9336
        9285        9288
        9285        9299
        9285        9300
        9285        9309
        9285        9338
        9286        9298
        9286        9303
        9286        9304
        9286        9306
        9286        9307
        9286        9308
        9287        9289
        9287        9290
        9287        9298
        9287        9303
        9287        9304
        9287        9306
        9287        9307
        9287        9308
        9287        9336
        9288        9293
        9288        9294
        9288        9301
        9288        9303
        9288        9304
        9288        9336
        9289        9291
        9289        9292
        9289        9299
        9289        9300
        9289        9302
        9289        9338
        9290        9295
        9290        9296
        9290        9297
        9290        9299
        9290        9300
        9290        9302
        9290        9338
        9291        9293
        9291        9294
        9291        9298
        9292        9298
        9293        9295
        9293        9296
        9293        9297
        9298        9305
        9298        9338
        9299        9301
        9299        9303
        9299        9304
        9300        9303
        9300        9304
        9301        9302
        9302        9306
        9302        9307
        9302        9308
        9303        9305
        9304        9305
        9306        9309
        9307        9309
        9310        9313
        9310        9318
        9310        9319
        9310        9326
        9310        9327
        9310        9336
        9310        9339
        9310        9405
        9310        9418
        9310        9423
        9311        9312
        9311        9316
        9311        9317
        9311        9325
        9311        9422
        9312        9315
        9312        9326
        9312        9327
        9312        9343
        9312        9424
        9313        9325
        9313        9337
        9313        9338
        9313        9340
        9313        9341
        9313        9342
        9314        9316
        9314        9317
        9314        9325
        9314        9337
        9314        9338
        9314        9340
        9314        9341
        9314        9342
        9314        9422
        9315        9320
        9315        9321
        9315        9328
        9315        9337
        9315        9338
        9315        9422
        9316        9318
        9316        9319
        9316        9326
        9316        9327
        9316        9336
        9316        9424
        9317        9322
        9317        9323
        9317        9324
        9317        9326
        9317        9327
        9317        9336
        9317        9424
        9318        9320
        9318        9321
        9318        9325
        9319        9325
        9320        9322
        9320        9323
        9320        9324
        9325        9329
        9325        9330
        9325        9332
        9325        9339
        9325        9424
        9326        9328
        9326        9337
        9326        9338
        9327        9331
        9327        9333
        9327        9334
        9327        9335
        9327        9337
        9327        9338
        9327        9344
        9328        9336
        9328        9345
        9328        9346
        9329        9331
        9329        9333
        9329        9334
        9329        9335
        9329        9344
        9330        9333
        9330        9334
        9330        9335
        9330        9347
        9330        9348
        9330        9352
        9331        9332
        9331        9345
        9331        9346
        9332        9344
        9336        9340
        9336        9341
        9336        9342
        9337        9339
        9338        9339
        9340        9343
        9341        9343
        9344        9349
        9344        9350
        9344        9351
        9344        9353
        9344        9354
        9345        9347
        9345        9348
        9345        9352
        9346        9355
        9346        9356
        9347        9349
        9347        9350
        9347        9351
        9347        9353
        9347        9354
        9348        9353
        9348        9354
        9349        9352
        9350        9352
        9351        9352
        9352        9357
        9352        9358
        9352        9363
        9353        9355
        9353        9356
        9354        9359
        9354        9360
        9354        9364
        9354        9365
        9354        9366
        9355        9357
        9355        9358
        9355        9363
        9356        9361
        9356        9362
        9356        9367
        9356        9368
        9356        9369
        9357        9359
        9357        9360
        9357        9364
        9357        9365
        9357        9366
        9358        9364
        9358        9365
        9358        9366
        9359        9361
        9359        9362
        9359        9363
        9360        9363
        9363        9370
        9363        9371
        9364        9367
        9364        9368
        9364        9369
        9365        9367
        9365        9368
        9365        9369
        9366        9372
        9366        9373
        9367        9370
        9367        9371
        9368        9370
        9368        9371
        9369        9374
        9369        9375
        9369        9391
        9370        9372
        9370        9373
        9371        9376
        9371        9377
        9371        9378
        9371        9392
        9371        9393
        9372        9374
        9372        9375
        9372        9391
        9373        9379
        9373        9380
        9373        9381
        9373        9394
        9373        9395
        9374        9376
        9374        9377
        9374        9378
        9374        9392
        9374        9393
        9375        9382
        9375        9383
        9375        9384
        9375        9392
        9375        9393
        9376        9379
        9376        9380
        9376        9381
        9376        9391
        9377        9379
        9377        9380
        9377        9381
        9377        9391
        9378        9385
        9378        9386
        9378        9387
        9378        9391
        9379        9382
        9379        9383
        9379        9384
        9380        9382
        9380        9383
        9380        9384
        9381        9388
        9381        9389
        9381        9390
        9382        9385
        9382        9386
        9382        9387
        9383        9385
        9383        9386
        9383        9387
        9385        9388
        9385        9389
        9385        9390
        9386        9388
        9386        9389
        9386        9390
        9391        9396
        9391        9397
        9391        9401
        9392        9394
        9392        9395
        9393        9398
        9393        9399
        9393        9400
        9393        9402
        9394        9396
        9394        9397
        9394        9401
        9396        9398
        9396        9399
        9396        9400
        9396        9402
        9397        9402
        9398        9401
        9399        9401
        9400        9401
        9403        9406
        9403        9411
        9403        9412
        9403        9419
        9403        9420
        9403        9422
        9403        9425
        9403        9432
        9403        9445
        9403        9457
        9404        9405
        9404        9409
        9404        9410
        9404        9418
        9404        9456
        9405        9408
        9405        9419
        9405        9420
        9405        9429
        9405        9458
        9406        9418
        9406        9423
        9406        9424
        9406        9426
        9406        9427
        9406        9428
        9407        9409
        9407        9410
        9407        9418
        9407        9423
        9407        9424
        9407        9426
        9407        9427
        9407        9428
        9407        9456
        9408        9413
        9408        9414
        9408        9421
        9408        9423
        9408        9424
        9408        9456
        9409        9411
        9409        9412
        9409        9419
        9409        9420
        9409        9422
        9409        9458
        9410        9415
        9410        9416
        9410        9417
        9410        9419
        9410        9420
        9410        9422
        9410        9458
        9411        9413
        9411        9414
        9411        9418
        9412        9418
        9413        9415
        9413        9416
        9413        9417
        9418        9425
        9418        9458
        9419        9421
        9419        9423
        9419        9424
        9420        9423
        9420        9424
        9421        9422
        9422        9426
        9422        9427
        9422        9428
        9423        9425
        9424        9425
        9426        9429
        9427        9429
        9430        9433
        9430        9438
        9430        9439
        9430        9446
        9430        9447
        9430        9456
        9430        9459
        9430        9536
        9430        9549
        9430        9554
        9431        9432
        9431        9436
        9431        9437
        9431        9445
        9431        9553
        9432        9435
        9432        9446
        9432        9447
        9432        9463
        9432        9555
        9433        9445
        9433        9457
        9433        9458
        9433        9460
        9433        9461
        9433        9462
        9434        9436
        9434        9437
        9434        9445
        9434        9457
        9434        9458
        9434        9460
        9434        9461
        9434        9462
        9434        9553
        9435        9440
        9435        9441
        9435        9448
        9435        9457
        9435        9458
        9435        9553
        9436        9438
        9436        9439
        9436        9446
        9436        9447
        9436        9456
        9436        9555
        9437        9442
        9437        9443
        9437        9444
        9437        9446
        9437        9447
        9437        9456
        9437        9555
        9438        9440
        9438        9441
        9438        9445
        9439        9445
        9440        9442
        9440        9443
        9440        9444
        9445        9449
        9445        9450
        9445        9452
        9445        9459
        9445        9555
        9446        9448
        9446        9457
        9446        9458
        9447        9451
        9447        9453
        9447        9454
        9447        9455
        9447        9457
        9447        9458
        9447        9464
        9448        9456
        9448        9465
        9448        9466
        9449        9451
        9449        9453
        9449        9454
        9449        9455
        9449        9464
        9450        9453
        9450        9454
        9450        9455
        9450        9467
        9450        9468
        9450        9472
        9451        9452
        9451        9465
        9451        9466
        9452        9464
        9456        9460
        9456        9461
        9456        9462
        9457        9459
        9458        9459
        9460        9463
        9461        9463
        9464        9469
        9464        9470
        9464        9471
        9464        9473
        9464        9474
        9465        9467
        9465        9468
        9465        9472
        9466        9475
        9466        9476
        9467        9469
        9467        9470
        9467        9471
        9467        9473
        9467        9474
        9468        9473
        9468        9474
        9469        9472
        9470        9472
        9471        9472
        9472        9477
        9472        9478
        9472        9483
        9473        9475
        9473        9476
        9474        9479
        9474        9480
        9474        9484
        9474        9485
        9474        9486
        9475        9477
        9475        9478
        9475        9483
        9476        9481
        9476        9482
        9476        9487
        9476        9488
        9476        9489
        9477        9479
        9477        9480
        9477        9484
        9477        9485
        9477        9486
        9478        9484
        9478        9485
        9478        9486
        9479        9481
        9479        9482
        9479        9483
        9480        9483
        9483        9490
        9483        9491
        9484        9487
        9484        9488
        9484        9489
        9485        9487
        9485        9488
        9485        9489
        9486        9492
        9486        9493
        9487        9490
        9487        9491
        9488        9490
        9488        9491
        9489        9494
        9489        9495
        9489        9511
        9490        9492
        9490        9493
        9491        9496
        9491        9497
        9491        9498
        9491        9512
        9491        9513
        9492        9494
        9492        9495
        9492        9511
        9493        9499
        9493        9500
        9493        9501
        9493        9514
        9493        9515
        9494        9496
        9494        9497
        9494        9498
        9494        9512
        9494        9513
        9495        9502
        9495        9503
        9495        9504
        9495        9512
        9495        9513
        9496        9499
        9496        9500
        9496        9501
        9496        9511
        9497        9499
        9497        9500
        9497        9501
        9497        9511
        9498        9505
        9498        9506
        9498        9507
        9498        9511
        9499        9502
        9499        9503
        9499        9504
        9500        9502
        9500        9503
        9500        9504
        9501        9508
        9501        9509
        9501        9510
        9502        9505
        9502        9506
        9502        9507
        9503        9505
        9503        9506
        9503        9507
        9505        9508
        9505        9509
        9505        9510
        9506        9508
        9506        9509
        9506        9510
        9511        9516
        9511        9517
        9511        9521
        9512        9514
        9512        9515
        9513        9518
        9513        9519
        9513        9520
        9513        9522
        9513        9523
        9514        9516
        9514        9517
        9514        9521
        9515        9524
        9515        9525
        9516        9518
        9516        9519
        9516        9520
        9516        9522
        9516        9523
        9517        9522
        9517        9523
        9518        9521
        9519        9521
        9520        9521
        9521        9526
        9521        9527
        9521        9531
        9522        9524
        9522        9525
        9523        9528
        9523        9529
        9523        9530
        9523        9532
        9523        9533
        9524        9526
        9524        9527
        9524        9531
        9526        9528
        9526        9529
        9526        9530
        9526        9532
        9526        9533
        9527        9532
        9527        9533
        9528        9531
        9529        9531
        9530        9531
        9534        9537
        9534        9542
        9534        9543
        9534        9550
        9534        9551
        9534        9553
        9534        9556
        9534        9563
        9534        9576
        9534        9588
        9535        9536
        9535        9540
        9535        9541
        9535        9549
        9535        9587
        9536        9539
        9536        9550
        9536        9551
        9536        9560
        9536        9589
        9537        9549
        9537        9554
        9537        9555
        9537        9557
        9537        9558
        9537        9559
        9538        9540
        9538        9541
        9538        9549
        9538        9554
        9538        9555
        9538        9557
        9538        9558
        9538        9559
        9538        9587
        9539        9544
        9539        9545
        9539        9552
        9539        9554
        9539        9555
        9539        9587
        9540        9542
        9540        9543
        9540        9550
        9540        9551
        9540        9553
        9540        9589
        9541        9546
        9541        9547
        9541        9548
        9541        9550
        9541        9551
        9541        9553
        9541        9589
        9542        9544
        9542        9545
        9542        9549
        9543        9549
        9544        9546
        9544        9547
        9544        9548
        9549        9556
        9549        9589
        9550        9552
        9550        9554
        9550        9555
        9551        9554
        9551        9555
        9552        9553
        9553        9557
        9553        9558
        9553        9559
        9554        9556
        9555        9556
        9557        9560
        9558        9560
        9561        9564
        9561        9569
        9561        9570
        9561        9577
        9561        9578
        9561        9587
        9561        9590
        9561        9667
        9561        9680
        9561        9685
        9562        9563
        9562        9567
        9562        9568
        9562        9576
        9562        9684
        9563        9566
        9563        9577
        9563        9578
        9563        9594
        9563        9686
        9564        9576
        9564        9588
        9564        9589
        9564        9591
        9564        9592
        9564        9593
        9565        9567
        9565        9568
        9565        9576
        9565        9588
        9565        9589
        9565        9591
        9565        9592
        9565        9593
        9565        9684
        9566        9571
        9566        9572
        9566        9579
        9566        9588
        9566        9589
        9566        9684
        9567        9569
        9567        9570
        9567        9577
        9567        9578
        9567        9587
        9567        9686
        9568        9573
        9568        9574
        9568        9575
        9568        9577
        9568        9578
        9568        9587
        9568        9686
        9569        9571
        9569        9572
        9569        9576
        9570        9576
        9571        9573
        9571        9574
        9571        9575
        9576        9580
        9576        9581
        9576        9583
        9576        9590
        9576        9686
        9577        9579
        9577        9588
        9577        9589
        9578        9582
        9578        9584
        9578        9585
        9578        9586
        9578        9588
        9578        9589
        9578        9595
        9579        9587
        9579        9596
        9579        9597
        9580        9582
        9580        9584
        9580        9585
        9580        9586
        9580        9595
        9581        9584
        9581        9585
        9581        9586
        9581        9598
        9581        9599
        9581        9603
        9582        9583
        9582        9596
        9582        9597
        9583        9595
        9587        9591
        9587        9592
        9587        9593
        9588        9590
        9589        9590
        9591        9594
        9592        9594
        9595        9600
        9595        9601
        9595        9602
        9595        9604
        9595        9605
        9596        9598
        9596        9599
        9596        9603
        9597        9606
        9597        9607
        9598        9600
        9598        9601
        9598        9602
        9598        9604
        9598        9605
        9599        9604
        9599        9605
        9600        9603
        9601        9603
        9602        9603
        9603        9608
        9603        9609
        9603        9614
        9604        9606
        9604        9607
        9605        9610
        9605        9611
        9605        9615
        9605        9616
        9605        9617
        9606        9608
        9606        9609
        9606        9614
        9607        9612
        9607        9613
        9607        9618
        9607        9619
        9607        9620
        9608        9610
        9608        9611
        9608        9615
        9608        9616
        9608        9617
        9609        9615
        9609        9616
        9609        9617
        9610        9612
        9610        9613
        9610        9614
        9611        9614
        9614        9621
        9614        9622
        9615        9618
        9615        9619
        9615        9620
        9616        9618
        9616        9619
        9616        9620
        9617        9623
        9617        9624
        9618        9621
        9618        9622
        9619        9621
        9619        9622
        9620        9625
        9620        9626
        9620        9642
        9621        9623
        9621        9624
        9622        9627
        9622        9628
        9622        9629
        9622        9643
        9622        9644
        9623        9625
        9623        9626
        9623        9642
        9624        9630
        9624        9631
        9624        9632
        9624        9645
        9624        9646
        9625        9627
        9625        9628
        9625        9629
        9625        9643
        9625        9644
        9626        9633
        9626        9634
        9626        9635
        9626        9643
        9626        9644
        9627        9630
        9627        9631
        9627        9632
        9627        9642
        9628        9630
        9628        9631
        9628        9632
        9628        9642
        9629        9636
        9629        9637
        9629        9638
        9629        9642
        9630        9633
        9630        9634
        9630        9635
        9631        9633
        9631        9634
        9631        9635
        9632        9639
        9632        9640
        9632        9641
        9633        9636
        9633        9637
        9633        9638
        9634        9636
        9634        9637
        9634        9638
        9636        9639
        9636        9640
        9636        9641
        9637        9639
        9637        9640
        9637        9641
        9642        9647
        9642        9648
        9642        9652
        9643        9645
        9643        9646
        9644        9649
        9644        9650
        9644        9651
        9644        9653
        9644        9654
        9645        9647
        9645        9648
        9645        9652
        9646        9655
        9646        9656
        9647        9649
        9647        9650
        9647        9651
        9647        9653
        9647        9654
        9648        9653
        9648        9654
        9649        9652
        9650        9652
        9651        9652
        9652        9657
        9652        9658
        9652        9662
        9653        9655
        9653        9656
        9654        9659
        9654        9660
        9654        9661
        9654        9663
        9654        9664
        9655        9657
        9655        9658
        9655        9662
        9657        9659
        9657        9660
        9657        9661
        9657        9663
        9657        9664
        9658        9663
        9658        9664
        9659        9662
        9660        9662
        9661        9662
        9665        9668
        9665        9673
        9665        9674
        9665        9681
        9665        9682
        9665        9684
        9665        9687
        9665        9694
        9665        9707
        9665        9719
        9666        9667
        9666        9671
        9666        9672
        9666        9680
        9666        9718
        9667        9670
        9667        9681
        9667        9682
        9667        9691
        9667        9720
        9668        9680
        9668        9685
        9668        9686
        9668        9688
        9668        9689
        9668        9690
        9669        9671
        9669        9672
        9669        9680
        9669        9685
        9669        9686
        9669        9688
        9669        9689
        9669        9690
        9669        9718
        9670        9675
        9670        9676
        9670        9683
        9670        9685
        9670        9686
        9670        9718
        9671        9673
        9671        9674
        9671        9681
        9671        9682
        9671        9684
        9671        9720
        9672        9677
        9672        9678
        9672        9679
        9672        9681
        9672        9682
        9672        9684
        9672        9720
        9673        9675
        9673        9676
        9673        9680
        9674        9680
        9675        9677
        9675        9678
        9675        9679
        9680        9687
        9680        9720
        9681        9683
        9681        9685
        9681        9686
        9682        9685
        9682        9686
        9683        9684
        9684        9688
        9684        9689
        9684        9690
        9685        9687
        9686        9687
        9688        9691
        9689        9691
        9692        9695
        9692        9700
        9692        9701
        9692        9708
        9692        9709
        9692        9718
        9692        9721
        9692        9831
        9692        9844
        9692        9849
        9693        9694
        9693        9698
        9693        9699
        9693        9707
        9693        9848
        9694        9697
        9694        9708
        9694        9709
        9694        9725
        9694        9850
        9695        9707
        9695        9719
        9695        9720
        9695        9722
        9695        9723
        9695        9724
        9696        9698
        9696        9699
        9696        9707
        9696        9719
        9696        9720
        9696        9722
        9696        9723
        9696        9724
        9696        9848
        9697        9702
        9697        9703
        9697        9710
        9697        9719
        9697        9720
        9697        9848
        9698        9700
        9698        9701
        9698        9708
        9698        9709
        9698        9718
        9698        9850
        9699        9704
        9699        9705
        9699        9706
        9699        9708
        9699        9709
        9699        9718
        9699        9850
        9700        9702
        9700        9703
        9700        9707
        9701        9707
        9702        9704
        9702        9705
        9702        9706
        9707        9711
        9707        9712
        9707        9714
        9707        9721
        9707        9850
        9708        9710
        9708        9719
        9708        9720
        9709        9713
        9709        9715
        9709        9716
        9709        9717
        9709        9719
        9709        9720
        9709        9726
        9710        9718
        9710        9727
        9710        9728
        9711        9713
        9711        9715
        9711        9716
        9711        9717
        9711        9726
        9712        9715
        9712        9716
        9712        9717
        9712        9729
        9712        9730
        9712        9734
        9713        9714
        9713        9727
        9713        9728
        9714        9726
        9718        9722
        9718        9723
        9718        9724
        9719        9721
        9720        9721
        9722        9725
        9723        9725
        9726        9731
        9726        9732
        9726        9733
        9726        9735
        9726        9736
        9727        9729
        9727        9730
        9727        9734
        9728        9737
        9728        9738
        9729        9731
        9729        9732
        9729        9733
        9729        9735
        9729        9736
        9730        9735
        9730        9736
        9731        9734
        9732        9734
        9733        9734
        9734        9739
        9734        9740
        9734        9745
        9735        9737
        9735        9738
        9736        9741
        9736        9742
        9736        9746
        9736        9747
        9736        9748
        9737        9739
        9737        9740
        9737        9745
        9738        9743
        9738        9744
        9738        9749
        9738        9750
        9738        9751
        9739        9741
        9739        9742
        9739        9746
        9739        9747
        9739        9748
        9740        9746
        9740        9747
        9740        9748
        9741        9743
        9741        9744
        9741        9745
        9742        9745
        9745        9752
        9745        9753
        9746        9749
        9746        9750
        9746        9751
        9747        9749
        9747        9750
        9747        9751
        9748        9754
        9748        9755
        9749        9752
        9749        9753
        9750        9752
        9750        9753
        9751        9756
        9751        9757
        9751        9771
        9752        9754
        9752        9755
        9753        9758
        9753        9759
        9753        9760
        9753        9772
        9753        9808
        9754        9756
        9754        9757
        9754        9771
        9755        9761
        9755        9762
        9755        9763
        9755        9809
        9755        9810
        9756        9758
        9756        9759
        9756        9760
        9756        9772
        9756        9808
        9757        9764
        9757        9765
        9757        9766
        9757        9772
        9757        9808
        9758        9761
        9758        9762
        9758        9763
        9758        9771
        9759        9761
        9759        9762
        9759        9763
        9759        9771
        9760        9767
        9760        9768
        9760        9769
        9760        9771
        9761        9764
        9761        9765
        9761        9766
        9762        9764
        9762        9765
        9762        9766
        9763        9770
        9763        9773
        9764        9767
        9764        9768
        9764        9769
        9765        9767
        9765        9768
        9765        9769
        9766        9774
        9766        9775
        9767        9770
        9767        9773
        9768        9770
        9768        9773
        9769        9776
        9769        9777
        9769        9778
        9770        9774
        9770        9775
        9771        9811
        9771        9812
        9771        9816
        9772        9809
        9772        9810
        9773        9779
        9773        9780
        9774        9776
        9774        9777
        9774        9778
        9775        9781
        9775        9782
        9776        9779
        9776        9780
        9777        9779
        9777        9780
        9778        9783
        9778        9784
        9778        9785
        9779        9781
        9779        9782
        9780        9786
        9780        9787
        9781        9783
        9781        9784
        9781        9785
        9782        9788
        9782        9789
        9783        9786
        9783        9787
        9784        9786
        9784        9787
        9785        9790
        9785        9791
        9785        9792
        9786        9788
        9786        9789
        9787        9793
        9787        9794
        9788        9790
        9788        9791
        9788        9792
        9789        9795
        9789        9796
        9790        9793
        9790        9794
        9791        9793
        9791        9794
        9792        9797
        9792        9798
        9792        9799
        9793        9795
        9793        9796
        9794        9800
        9794        9801
        9795        9797
        9795        9798
        9795        9799
        9796        9802
        9796        9803
        9797        9800
        9797        9801
        9798        9800
        9798        9801
        9799        9804
        9799        9805
        9799        9806
        9800        9802
        9800        9803
        9801        9807
        9802        9804
        9802        9805
        9802        9806
        9804        9807
        9805        9807
        9808        9813
        9808        9814
        9808        9815
        9808        9817
        9808        9818
        9809        9811
        9809        9812
        9809        9816
        9810        9819
        9810        9820
        9811        9813
        9811        9814
        9811        9815
        9811        9817
        9811        9818
        9812        9817
        9812        9818
        9813        9816
        9814        9816
        9815        9816
        9816        9821
        9816        9822
        9816        9826
        9817        9819
        9817        9820
        9818        9823
        9818        9824
        9818        9825
        9818        9827
        9818        9828
        9819        9821
        9819        9822
        9819        9826
        9821        9823
        9821        9824
        9821        9825
        9821        9827
        9821        9828
        9822        9827
        9822        9828
        9823        9826
        9824        9826
        9825        9826
        9829        9832
        9829        9837
        9829        9838
        9829        9845
        9829        9846
        9829        9848
        9829        9851
        9829        9858
        9829        9871
        9829        9883
        9830        9831
        9830        9835
        9830        9836
        9830        9844
        9830        9882
        9831        9834
        9831        9845
        9831        9846
        9831        9855
        9831        9884
        9832        9844
        9832        9849
        9832        9850
        9832        9852
        9832        9853
        9832        9854
        9833        9835
        9833        9836
        9833        9844
        9833        9849
        9833        9850
        9833        9852
        9833        9853
        9833        9854
        9833        9882
        9834        9839
        9834        9840
        9834        9847
        9834        9849
        9834        9850
        9834        9882
        9835        9837
        9835        9838
        9835        9845
        9835        9846
        9835        9848
        9835        9884
        9836        9841
        9836        9842
        9836        9843
        9836        9845
        9836        9846
        9836        9848
        9836        9884
        9837        9839
        9837        9840
        9837        9844
        9838        9844
        9839        9841
        9839        9842
        9839        9843
        9844        9851
        9844        9884
        9845        9847
        9845        9849
        9845        9850
        9846        9849
        9846        9850
        9847        9848
        9848        9852
        9848        9853
        9848        9854
        9849        9851
        9850        9851
        9852        9855
        9853        9855
        9856        9859
        9856        9864
        9856        9865
        9856        9872
        9856        9873
        9856        9882
        9856        9885
        9856        9995
        9856       10008
        9856       10013
        9857        9858
        9857        9862
        9857        9863
        9857        9871
        9857       10012
        9858        9861
        9858        9872
        9858        9873
        9858        9889
        9858       10014
        9859        9871
        9859        9883
        9859        9884
        9859        9886
        9859        9887
        9859        9888
        9860        9862
        9860        9863
        9860        9871
        9860        9883
        9860        9884
        9860        9886
        9860        9887
        9860        9888
        9860       10012
        9861        9866
        9861        9867
        9861        9874
        9861        9883
        9861        9884
        9861       10012
        9862        9864
        9862        9865
        9862        9872
        9862        9873
        9862        9882
        9862       10014
        9863        9868
        9863        9869
        9863        9870
        9863        9872
        9863        9873
        9863        9882
        9863       10014
        9864        9866
        9864        9867
        9864        9871
        9865        9871
        9866        9868
        9866        9869
        9866        9870
        9871        9875
        9871        9876
        9871        9878
        9871        9885
        9871       10014
        9872        9874
        9872        9883
        9872        9884
        9873        9877
        9873        9879
        9873        9880
        9873        9881
        9873        9883
        9873        9884
        9873        9890
        9874        9882
        9874        9891
        9874        9892
        9875        9877
        9875        9879
        9875        9880
        9875        9881
        9875        9890
        9876        9879
        9876        9880
        9876        9881
        9876        9893
        9876        9894
        9876        9898
        9877        9878
        9877        9891
        9877        9892
        9878        9890
        9882        9886
        9882        9887
        9882        9888
        9883        9885
        9884        9885
        9886        9889
        9887        9889
        9890        9895
        9890        9896
        9890        9897
        9890        9899
        9890        9900
        9891        9893
        9891        9894
        9891        9898
        9892        9901
        9892        9902
        9893        9895
        9893        9896
        9893        9897
        9893        9899
        9893        9900
        9894        9899
        9894        9900
        9895        9898
        9896        9898
        9897        9898
        9898        9903
        9898        9904
        9898        9909
        9899        9901
        9899        9902
        9900        9905
        9900        9906
        9900        9910
        9900        9911
        9900        9912
        9901        9903
        9901        9904
        9901        9909
        9902        9907
        9902        9908
        9902        9913
        9902        9914
        9902        9915
        9903        9905
        9903        9906
        9903        9910
        9903        9911
        9903        9912
        9904        9910
        9904        9911
        9904        9912
        9905        9907
        9905        9908
        9905        9909
        9906        9909
        9909        9916
        9909        9917
        9910        9913
        9910        9914
        9910        9915
        9911        9913
        9911        9914
        9911        9915
        9912        9918
        9912        9919
        9913        9916
        9913        9917
        9914        9916
        9914        9917
        9915        9920
        9915        9921
        9915        9935
        9916        9918
        9916        9919
        9917        9922
        9917        9923
        9917        9924
        9917        9936
        9917        9972
        9918        9920
        9918        9921
        9918        9935
        9919        9925
        9919        9926
        9919        9927
        9919        9973
        9919        9974
        9920        9922
        9920        9923
        9920        9924
        9920        9936
        9920        9972
        9921        9928
        9921        9929
        9921        9930
        9921        9936
        9921        9972
        9922        9925
        9922        9926
        9922        9927
        9922        9935
        9923        9925
        9923        9926
        9923        9927
        9923        9935
        9924        9931
        9924        9932
        9924        9933
        9924        9935
        9925        9928
        9925        9929
        9925        9930
        9926        9928
        9926        9929
        9926        9930
        9927        9934
        9927        9937
        9928        9931
        9928        9932
        9928        9933
        9929        9931
        9929        9932
        9929        9933
        9930        9938
        9930        9939
        9931        9934
        9931        9937
        9932        9934
        9932        9937
        9933        9940
        9933        9941
        9933        9942
        9934        9938
        9934        9939
        9935        9975
        9935        9976
        9935        9980
        9936        9973
        9936        9974
        9937        9943
        9937        9944
        9938        9940
        9938        9941
        9938        9942
        9939        9945
        9939        9946
        9940        9943
        9940        9944
        9941        9943
        9941        9944
        9942        9947
        9942        9948
        9942        9949
        9943        9945
        9943        9946
        9944        9950
        9944        9951
        9945        9947
        9945        9948
        9945        9949
        9946        9952
        9946        9953
        9947        9950
        9947        9951
        9948        9950
        9948        9951
        9949        9954
        9949        9955
        9949        9956
        9950        9952
        9950        9953
        9951        9957
        9951        9958
        9952        9954
        9952        9955
        9952        9956
        9953        9959
        9953        9960
        9954        9957
        9954        9958
        9955        9957
        9955        9958
        9956        9961
        9956        9962
        9956        9963
        9957        9959
        9957        9960
        9958        9964
        9958        9965
        9959        9961
        9959        9962
        9959        9963
        9960        9966
        9960        9967
        9961        9964
        9961        9965
        9962        9964
        9962        9965
        9963        9968
        9963        9969
        9963        9970
        9964        9966
        9964        9967
        9965        9971
        9965       11664
        9966        9968
        9966        9969
        9966        9970
        9967       11658
        9967       11665
        9968        9971
        9968       11664
        9969        9971
        9969       11664
        9970       11656
        9970       11659
        9970       11660
        9971       11658
        9971       11665
        9972        9977
        9972        9978
        9972        9979
        9972        9981
        9972        9982
        9973        9975
        9973        9976
        9973        9980
        9974        9983
        9974        9984
        9975        9977
        9975        9978
        9975        9979
        9975        9981
        9975        9982
        9976        9981
        9976        9982
        9977        9980
        9978        9980
        9979        9980
        9980        9985
        9980        9986
        9980        9990
        9981        9983
        9981        9984
        9982        9987
        9982        9988
        9982        9989
        9982        9991
        9982        9992
        9983        9985
        9983        9986
        9983        9990
        9985        9987
        9985        9988
        9985        9989
        9985        9991
        9985        9992
        9986        9991
        9986        9992
        9987        9990
        9988        9990
        9989        9990
        9993        9996
        9993       10001
        9993       10002
        9993       10009
        9993       10010
        9993       10012
        9993       10015
        9993       10022
        9993       10035
        9993       10047
        9994        9995
        9994        9999
        9994       10000
        9994       10008
        9994       10046
        9995        9998
        9995       10009
        9995       10010
        9995       10019
        9995       10048
        9996       10008
        9996       10013
        9996       10014
        9996       10016
        9996       10017
        9996       10018
        9997        9999
        9997       10000
        9997       10008
        9997       10013
        9997       10014
        9997       10016
        9997       10017
        9997       10018
        9997       10046
        9998       10003
        9998       10004
        9998       10011
        9998       10013
        9998       10014
        9998       10046
        9999       10001
        9999       10002
        9999       10009
        9999       10010
        9999       10012
        9999       10048
       10000       10005
       10000       10006
       10000       10007
       10000       10009
       10000       10010
       10000       10012
       10000       10048
       10001       10003
       10001       10004
       10001       10008
       10002       10008
       10003       10005
       10003       10006
       10003       10007
       10008       10015
       10008       10048
       10009       10011
       10009       10013
       10009       10014
       10010       10013
       10010       10014
       10011       10012
       10012       10016
       10012       10017
       10012       10018
       10013       10015
       10014       10015
       10016       10019
       10017       10019
       10020       10023
       10020       10028
       10020       10029
       10020       10036
       10020       10037
       10020       10046
       10020       10049
       10020       10159
       10020       10172
       10020       10177
       10021       10022
       10021       10026
       10021       10027
       10021       10035
       10021       10176
       10022       10025
       10022       10036
       10022       10037
       10022       10053
       10022       10178
       10023       10035
       10023       10047
       10023       10048
       10023       10050
       10023       10051
       10023       10052
       10024       10026
       10024       10027
       10024       10035
       10024       10047
       10024       10048
       10024       10050
       10024       10051
       10024       10052
       10024       10176
       10025       10030
       10025       10031
       10025       10038
       10025       10047
       10025       10048
       10025       10176
       10026       10028
       10026       10029
       10026       10036
       10026       10037
       10026       10046
       10026       10178
       10027       10032
       10027       10033
       10027       10034
       10027       10036
       10027       10037
       10027       10046
       10027       10178
       10028       10030
       10028       10031
       10028       10035
       10029       10035
       10030       10032
       10030       10033
       10030       10034
       10035       10039
       10035       10040
       10035       10042
       10035       10049
       10035       10178
       10036       10038
       10036       10047
       10036       10048
       10037       10041
       10037       10043
       10037       10044
       10037       10045
       10037       10047
       10037       10048
       10037       10054
       10038       10046
       10038       10055
       10038       10056
       10039       10041
       10039       10043
       10039       10044
       10039       10045
       10039       10054
       10040       10043
       10040       10044
       10040       10045
       10040       10057
       10040       10058
       10040       10062
       10041       10042
       10041       10055
       10041       10056
       10042       10054
       10046       10050
       10046       10051
       10046       10052
       10047       10049
       10048       10049
       10050       10053
       10051       10053
       10054       10059
       10054       10060
       10054       10061
       10054       10063
       10054       10064
       10055       10057
       10055       10058
       10055       10062
       10056       10065
       10056       10066
       10057       10059
       10057       10060
       10057       10061
       10057       10063
       10057       10064
       10058       10063
       10058       10064
       10059       10062
       10060       10062
       10061       10062
       10062       10067
       10062       10068
       10062       10073
       10063       10065
       10063       10066
       10064       10069
       10064       10070
       10064       10074
       10064       10075
       10064       10076
       10065       10067
       10065       10068
       10065       10073
       10066       10071
       10066       10072
       10066       10077
       10066       10078
       10066       10079
       10067       10069
       10067       10070
       10067       10074
       10067       10075
       10067       10076
       10068       10074
       10068       10075
       10068       10076
       10069       10071
       10069       10072
       10069       10073
       10070       10073
       10073       10080
       10073       10081
       10074       10077
       10074       10078
       10074       10079
       10075       10077
       10075       10078
       10075       10079
       10076       10082
       10076       10083
       10077       10080
       10077       10081
       10078       10080
       10078       10081
       10079       10084
       10079       10085
       10079       10099
       10080       10082
       10080       10083
       10081       10086
       10081       10087
       10081       10088
       10081       10100
       10081       10136
       10082       10084
       10082       10085
       10082       10099
       10083       10089
       10083       10090
       10083       10091
       10083       10137
       10083       10138
       10084       10086
       10084       10087
       10084       10088
       10084       10100
       10084       10136
       10085       10092
       10085       10093
       10085       10094
       10085       10100
       10085       10136
       10086       10089
       10086       10090
       10086       10091
       10086       10099
       10087       10089
       10087       10090
       10087       10091
       10087       10099
       10088       10095
       10088       10096
       10088       10097
       10088       10099
       10089       10092
       10089       10093
       10089       10094
       10090       10092
       10090       10093
       10090       10094
       10091       10098
       10091       10101
       10092       10095
       10092       10096
       10092       10097
       10093       10095
       10093       10096
       10093       10097
       10094       10102
       10094       10103
       10095       10098
       10095       10101
       10096       10098
       10096       10101
       10097       10104
       10097       10105
       10097       10106
       10098       10102
       10098       10103
       10099       10139
       10099       10140
       10099       10144
       10100       10137
       10100       10138
       10101       10107
       10101       10108
       10102       10104
       10102       10105
       10102       10106
       10103       10109
       10103       10110
       10104       10107
       10104       10108
       10105       10107
       10105       10108
       10106       10111
       10106       10112
       10106       10113
       10107       10109
       10107       10110
       10108       10114
       10108       10115
       10109       10111
       10109       10112
       10109       10113
       10110       10116
       10110       10117
       10111       10114
       10111       10115
       10112       10114
       10112       10115
       10113       10118
       10113       10119
       10113       10120
       10114       10116
       10114       10117
       10115       10121
       10115       10122
       10116       10118
       10116       10119
       10116       10120
       10117       10123
       10117       10124
       10118       10121
       10118       10122
       10119       10121
       10119       10122
       10120       10125
       10120       10126
       10120       10127
       10121       10123
       10121       10124
       10122       10128
       10122       10129
       10123       10125
       10123       10126
       10123       10127
       10124       10130
       10124       10131
       10125       10128
       10125       10129
       10126       10128
       10126       10129
       10127       10132
       10127       10133
       10127       10134
       10128       10130
       10128       10131
       10129       10135
       10129       11948
       10130       10132
       10130       10133
       10130       10134
       10131       11942
       10131       11949
       10132       10135
       10132       11948
       10133       10135
       10133       11948
       10134       11940
       10134       11943
       10134       11944
       10135       11942
       10135       11949
       10136       10141
       10136       10142
       10136       10143
       10136       10145
       10136       10146
       10137       10139
       10137       10140
       10137       10144
       10138       10147
       10138       10148
       10139       10141
       10139       10142
       10139       10143
       10139       10145
       10139       10146
       10140       10145
       10140       10146
       10141       10144
       10142       10144
       10143       10144
       10144       10149
       10144       10150
       10144       10154
       10145       10147
       10145       10148
       10146       10151
       10146       10152
       10146       10153
       10146       10155
       10146       10156
       10147       10149
       10147       10150
       10147       10154
       10149       10151
       10149       10152
       10149       10153
       10149       10155
       10149       10156
       10150       10155
       10150       10156
       10151       10154
       10152       10154
       10153       10154
       10157       10160
       10157       10165
       10157       10166
       10157       10173
       10157       10174
       10157       10176
       10157       10179
       10157       10186
       10157       10199
       10157       10211
       10158       10159
       10158       10163
       10158       10164
       10158       10172
       10158       10210
       10159       10162
       10159       10173
       10159       10174
       10159       10183
       10159       10212
       10160       10172
       10160       10177
       10160       10178
       10160       10180
       10160       10181
       10160       10182
       10161       10163
       10161       10164
       10161       10172
       10161       10177
       10161       10178
       10161       10180
       10161       10181
       10161       10182
       10161       10210
       10162       10167
       10162       10168
       10162       10175
       10162       10177
       10162       10178
       10162       10210
       10163       10165
       10163       10166
       10163       10173
       10163       10174
       10163       10176
       10163       10212
       10164       10169
       10164       10170
       10164       10171
       10164       10173
       10164       10174
       10164       10176
       10164       10212
       10165       10167
       10165       10168
       10165       10172
       10166       10172
       10167       10169
       10167       10170
       10167       10171
       10172       10179
       10172       10212
       10173       10175
       10173       10177
       10173       10178
       10174       10177
       10174       10178
       10175       10176
       10176       10180
       10176       10181
       10176       10182
       10177       10179
       10178       10179
       10180       10183
       10181       10183
       10184       10187
       10184       10192
       10184       10193
       10184       10200
       10184       10201
       10184       10210
       10184       10213
       10184       10290
       10184       10303
       10184       10308
       10185       10186
       10185       10190
       10185       10191
       10185       10199
       10185       10307
       10186       10189
       10186       10200
       10186       10201
       10186       10217
       10186       10309
       10187       10199
       10187       10211
       10187       10212
       10187       10214
       10187       10215
       10187       10216
       10188       10190
       10188       10191
       10188       10199
       10188       10211
       10188       10212
       10188       10214
       10188       10215
       10188       10216
       10188       10307
       10189       10194
       10189       10195
       10189       10202
       10189       10211
       10189       10212
       10189       10307
       10190       10192
       10190       10193
       10190       10200
       10190       10201
       10190       10210
       10190       10309
       10191       10196
       10191       10197
       10191       10198
       10191       10200
       10191       10201
       10191       10210
       10191       10309
       10192       10194
       10192       10195
       10192       10199
       10193       10199
       10194       10196
       10194       10197
       10194       10198
       10199       10203
       10199       10204
       10199       10206
       10199       10213
       10199       10309
       10200       10202
       10200       10211
       10200       10212
       10201       10205
       10201       10207
       10201       10208
       10201       10209
       10201       10211
       10201       10212
       10201       10218
       10202       10210
       10202       10219
       10202       10220
       10203       10205
       10203       10207
       10203       10208
       10203       10209
       10203       10218
       10204       10207
       10204       10208
       10204       10209
       10204       10221
       10204       10222
       10204       10226
       10205       10206
       10205       10219
       10205       10220
       10206       10218
       10210       10214
       10210       10215
       10210       10216
       10211       10213
       10212       10213
       10214       10217
       10215       10217
       10218       10223
       10218       10224
       10218       10225
       10218       10227
       10218       10228
       10219       10221
       10219       10222
       10219       10226
       10220       10229
       10220       10230
       10221       10223
       10221       10224
       10221       10225
       10221       10227
       10221       10228
       10222       10227
       10222       10228
       10223       10226
       10224       10226
       10225       10226
       10226       10231
       10226       10232
       10226       10237
       10227       10229
       10227       10230
       10228       10233
       10228       10234
       10228       10238
       10228       10239
       10228       10240
       10229       10231
       10229       10232
       10229       10237
       10230       10235
       10230       10236
       10230       10241
       10230       10242
       10230       10243
       10231       10233
       10231       10234
       10231       10238
       10231       10239
       10231       10240
       10232       10238
       10232       10239
       10232       10240
       10233       10235
       10233       10236
       10233       10237
       10234       10237
       10237       10244
       10237       10245
       10238       10241
       10238       10242
       10238       10243
       10239       10241
       10239       10242
       10239       10243
       10240       10246
       10240       10247
       10241       10244
       10241       10245
       10242       10244
       10242       10245
       10243       10248
       10243       10249
       10243       10265
       10244       10246
       10244       10247
       10245       10250
       10245       10251
       10245       10252
       10245       10266
       10245       10267
       10246       10248
       10246       10249
       10246       10265
       10247       10253
       10247       10254
       10247       10255
       10247       10268
       10247       10269
       10248       10250
       10248       10251
       10248       10252
       10248       10266
       10248       10267
       10249       10256
       10249       10257
       10249       10258
       10249       10266
       10249       10267
       10250       10253
       10250       10254
       10250       10255
       10250       10265
       10251       10253
       10251       10254
       10251       10255
       10251       10265
       10252       10259
       10252       10260
       10252       10261
       10252       10265
       10253       10256
       10253       10257
       10253       10258
       10254       10256
       10254       10257
       10254       10258
       10255       10262
       10255       10263
       10255       10264
       10256       10259
       10256       10260
       10256       10261
       10257       10259
       10257       10260
       10257       10261
       10259       10262
       10259       10263
       10259       10264
       10260       10262
       10260       10263
       10260       10264
       10265       10270
       10265       10271
       10265       10275
       10266       10268
       10266       10269
       10267       10272
       10267       10273
       10267       10274
       10267       10276
       10267       10277
       10268       10270
       10268       10271
       10268       10275
       10269       10278
       10269       10279
       10270       10272
       10270       10273
       10270       10274
       10270       10276
       10270       10277
       10271       10276
       10271       10277
       10272       10275
       10273       10275
       10274       10275
       10275       10280
       10275       10281
       10275       10285
       10276       10278
       10276       10279
       10277       10282
       10277       10283
       10277       10284
       10277       10286
       10277       10287
       10278       10280
       10278       10281
       10278       10285
       10280       10282
       10280       10283
       10280       10284
       10280       10286
       10280       10287
       10281       10286
       10281       10287
       10282       10285
       10283       10285
       10284       10285
       10288       10291
       10288       10296
       10288       10297
       10288       10304
       10288       10305
       10288       10307
       10288       10310
       10288       10317
       10288       10330
       10288       10342
       10289       10290
       10289       10294
       10289       10295
       10289       10303
       10289       10341
       10290       10293
       10290       10304
       10290       10305
       10290       10314
       10290       10343
       10291       10303
       10291       10308
       10291       10309
       10291       10311
       10291       10312
       10291       10313
       10292       10294
       10292       10295
       10292       10303
       10292       10308
       10292       10309
       10292       10311
       10292       10312
       10292       10313
       10292       10341
       10293       10298
       10293       10299
       10293       10306
       10293       10308
       10293       10309
       10293       10341
       10294       10296
       10294       10297
       10294       10304
       10294       10305
       10294       10307
       10294       10343
       10295       10300
       10295       10301
       10295       10302
       10295       10304
       10295       10305
       10295       10307
       10295       10343
       10296       10298
       10296       10299
       10296       10303
       10297       10303
       10298       10300
       10298       10301
       10298       10302
       10303       10310
       10303       10343
       10304       10306
       10304       10308
       10304       10309
       10305       10308
       10305       10309
       10306       10307
       10307       10311
       10307       10312
       10307       10313
       10308       10310
       10309       10310
       10311       10314
       10312       10314
       10315       10318
       10315       10323
       10315       10324
       10315       10331
       10315       10332
       10315       10341
       10315       10344
       10315       10454
       10315       10467
       10315       10472
       10316       10317
       10316       10321
       10316       10322
       10316       10330
       10316       10471
       10317       10320
       10317       10331
       10317       10332
       10317       10348
       10317       10473
       10318       10330
       10318       10342
       10318       10343
       10318       10345
       10318       10346
       10318       10347
       10319       10321
       10319       10322
       10319       10330
       10319       10342
       10319       10343
       10319       10345
       10319       10346
       10319       10347
       10319       10471
       10320       10325
       10320       10326
       10320       10333
       10320       10342
       10320       10343
       10320       10471
       10321       10323
       10321       10324
       10321       10331
       10321       10332
       10321       10341
       10321       10473
       10322       10327
       10322       10328
       10322       10329
       10322       10331
       10322       10332
       10322       10341
       10322       10473
       10323       10325
       10323       10326
       10323       10330
       10324       10330
       10325       10327
       10325       10328
       10325       10329
       10330       10334
       10330       10335
       10330       10337
       10330       10344
       10330       10473
       10331       10333
       10331       10342
       10331       10343
       10332       10336
       10332       10338
       10332       10339
       10332       10340
       10332       10342
       10332       10343
       10332       10349
       10333       10341
       10333       10350
       10333       10351
       10334       10336
       10334       10338
       10334       10339
       10334       10340
       10334       10349
       10335       10338
       10335       10339
       10335       10340
       10335       10352
       10335       10353
       10335       10357
       10336       10337
       10336       10350
       10336       10351
       10337       10349
       10341       10345
       10341       10346
       10341       10347
       10342       10344
       10343       10344
       10345       10348
       10346       10348
       10349       10354
       10349       10355
       10349       10356
       10349       10358
       10349       10359
       10350       10352
       10350       10353
       10350       10357
       10351       10360
       10351       10361
       10352       10354
       10352       10355
       10352       10356
       10352       10358
       10352       10359
       10353       10358
       10353       10359
       10354       10357
       10355       10357
       10356       10357
       10357       10362
       10357       10363
       10357       10368
       10358       10360
       10358       10361
       10359       10364
       10359       10365
       10359       10369
       10359       10370
       10359       10371
       10360       10362
       10360       10363
       10360       10368
       10361       10366
       10361       10367
       10361       10372
       10361       10373
       10361       10374
       10362       10364
       10362       10365
       10362       10369
       10362       10370
       10362       10371
       10363       10369
       10363       10370
       10363       10371
       10364       10366
       10364       10367
       10364       10368
       10365       10368
       10368       10375
       10368       10376
       10369       10372
       10369       10373
       10369       10374
       10370       10372
       10370       10373
       10370       10374
       10371       10377
       10371       10378
       10372       10375
       10372       10376
       10373       10375
       10373       10376
       10374       10379
       10374       10380
       10374       10394
       10375       10377
       10375       10378
       10376       10381
       10376       10382
       10376       10383
       10376       10395
       10376       10431
       10377       10379
       10377       10380
       10377       10394
       10378       10384
       10378       10385
       10378       10386
       10378       10432
       10378       10433
       10379       10381
       10379       10382
       10379       10383
       10379       10395
       10379       10431
       10380       10387
       10380       10388
       10380       10389
       10380       10395
       10380       10431
       10381       10384
       10381       10385
       10381       10386
       10381       10394
       10382       10384
       10382       10385
       10382       10386
       10382       10394
       10383       10390
       10383       10391
       10383       10392
       10383       10394
       10384       10387
       10384       10388
       10384       10389
       10385       10387
       10385       10388
       10385       10389
       10386       10393
       10386       10396
       10387       10390
       10387       10391
       10387       10392
       10388       10390
       10388       10391
       10388       10392
       10389       10397
       10389       10398
       10390       10393
       10390       10396
       10391       10393
       10391       10396
       10392       10399
       10392       10400
       10392       10401
       10393       10397
       10393       10398
       10394       10434
       10394       10435
       10394       10439
       10395       10432
       10395       10433
       10396       10402
       10396       10403
       10397       10399
       10397       10400
       10397       10401
       10398       10404
       10398       10405
       10399       10402
       10399       10403
       10400       10402
       10400       10403
       10401       10406
       10401       10407
       10401       10408
       10402       10404
       10402       10405
       10403       10409
       10403       10410
       10404       10406
       10404       10407
       10404       10408
       10405       10411
       10405       10412
       10406       10409
       10406       10410
       10407       10409
       10407       10410
       10408       10413
       10408       10414
       10408       10415
       10409       10411
       10409       10412
       10410       10416
       10410       10417
       10411       10413
       10411       10414
       10411       10415
       10412       10418
       10412       10419
       10413       10416
       10413       10417
       10414       10416
       10414       10417
       10415       10420
       10415       10421
       10415       10422
       10416       10418
       10416       10419
       10417       10423
       10417       10424
       10418       10420
       10418       10421
       10418       10422
       10419       10425
       10419       10426
       10420       10423
       10420       10424
       10421       10423
       10421       10424
       10422       10427
       10422       10428
       10422       10429
       10423       10425
       10423       10426
       10424       10430
       10425       10427
       10425       10428
       10425       10429
       10427       10430
       10428       10430
       10431       10436
       10431       10437
       10431       10438
       10431       10440
       10431       10441
       10432       10434
       10432       10435
       10432       10439
       10433       10442
       10433       10443
       10434       10436
       10434       10437
       10434       10438
       10434       10440
       10434       10441
       10435       10440
       10435       10441
       10436       10439
       10437       10439
       10438       10439
       10439       10444
       10439       10445
       10439       10449
       10440       10442
       10440       10443
       10441       10446
       10441       10447
       10441       10448
       10441       10450
       10441       10451
       10442       10444
       10442       10445
       10442       10449
       10444       10446
       10444       10447
       10444       10448
       10444       10450
       10444       10451
       10445       10450
       10445       10451
       10446       10449
       10447       10449
       10448       10449
       10452       10455
       10452       10460
       10452       10461
       10452       10468
       10452       10469
       10452       10471
       10452       10474
       10452       10481
       10452       10494
       10452       10506
       10453       10454
       10453       10458
       10453       10459
       10453       10467
       10453       10505
       10454       10457
       10454       10468
       10454       10469
       10454       10478
       10454       10507
       10455       10467
       10455       10472
       10455       10473
       10455       10475
       10455       10476
       10455       10477
       10456       10458
       10456       10459
       10456       10467
       10456       10472
       10456       10473
       10456       10475
       10456       10476
       10456       10477
       10456       10505
       10457       10462
       10457       10463
       10457       10470
       10457       10472
       10457       10473
       10457       10505
       10458       10460
       10458       10461
       10458       10468
       10458       10469
       10458       10471
       10458       10507
       10459       10464
       10459       10465
       10459       10466
       10459       10468
       10459       10469
       10459       10471
       10459       10507
       10460       10462
       10460       10463
       10460       10467
       10461       10467
       10462       10464
       10462       10465
       10462       10466
       10467       10474
       10467       10507
       10468       10470
       10468       10472
       10468       10473
       10469       10472
       10469       10473
       10470       10471
       10471       10475
       10471       10476
       10471       10477
       10472       10474
       10473       10474
       10475       10478
       10476       10478
       10479       10482
       10479       10487
       10479       10488
       10479       10495
       10479       10496
       10479       10505
       10479       10508
       10479       10585
       10479       10598
       10479       10603
       10480       10481
       10480       10485
       10480       10486
       10480       10494
       10480       10602
       10481       10484
       10481       10495
       10481       10496
       10481       10512
       10481       10604
       10482       10494
       10482       10506
       10482       10507
       10482       10509
       10482       10510
       10482       10511
       10483       10485
       10483       10486
       10483       10494
       10483       10506
       10483       10507
       10483       10509
       10483       10510
       10483       10511
       10483       10602
       10484       10489
       10484       10490
       10484       10497
       10484       10506
       10484       10507
       10484       10602
       10485       10487
       10485       10488
       10485       10495
       10485       10496
       10485       10505
       10485       10604
       10486       10491
       10486       10492
       10486       10493
       10486       10495
       10486       10496
       10486       10505
       10486       10604
       10487       10489
       10487       10490
       10487       10494
       10488       10494
       10489       10491
       10489       10492
       10489       10493
       10494       10498
       10494       10499
       10494       10501
       10494       10508
       10494       10604
       10495       10497
       10495       10506
       10495       10507
       10496       10500
       10496       10502
       10496       10503
       10496       10504
       10496       10506
       10496       10507
       10496       10513
       10497       10505
       10497       10514
       10497       10515
       10498       10500
       10498       10502
       10498       10503
       10498       10504
       10498       10513
       10499       10502
       10499       10503
       10499       10504
       10499       10516
       10499       10517
       10499       10521
       10500       10501
       10500       10514
       10500       10515
       10501       10513
       10505       10509
       10505       10510
       10505       10511
       10506       10508
       10507       10508
       10509       10512
       10510       10512
       10513       10518
       10513       10519
       10513       10520
       10513       10522
       10513       10523
       10514       10516
       10514       10517
       10514       10521
       10515       10524
       10515       10525
       10516       10518
       10516       10519
       10516       10520
       10516       10522
       10516       10523
       10517       10522
       10517       10523
       10518       10521
       10519       10521
       10520       10521
       10521       10526
       10521       10527
       10521       10532
       10522       10524
       10522       10525
       10523       10528
       10523       10529
       10523       10533
       10523       10534
       10523       10535
       10524       10526
       10524       10527
       10524       10532
       10525       10530
       10525       10531
       10525       10536
       10525       10537
       10525       10538
       10526       10528
       10526       10529
       10526       10533
       10526       10534
       10526       10535
       10527       10533
       10527       10534
       10527       10535
       10528       10530
       10528       10531
       10528       10532
       10529       10532
       10532       10539
       10532       10540
       10533       10536
       10533       10537
       10533       10538
       10534       10536
       10534       10537
       10534       10538
       10535       10541
       10535       10542
       10536       10539
       10536       10540
       10537       10539
       10537       10540
       10538       10543
       10538       10544
       10538       10560
       10539       10541
       10539       10542
       10540       10545
       10540       10546
       10540       10547
       10540       10561
       10540       10562
       10541       10543
       10541       10544
       10541       10560
       10542       10548
       10542       10549
       10542       10550
       10542       10563
       10542       10564
       10543       10545
       10543       10546
       10543       10547
       10543       10561
       10543       10562
       10544       10551
       10544       10552
       10544       10553
       10544       10561
       10544       10562
       10545       10548
       10545       10549
       10545       10550
       10545       10560
       10546       10548
       10546       10549
       10546       10550
       10546       10560
       10547       10554
       10547       10555
       10547       10556
       10547       10560
       10548       10551
       10548       10552
       10548       10553
       10549       10551
       10549       10552
       10549       10553
       10550       10557
       10550       10558
       10550       10559
       10551       10554
       10551       10555
       10551       10556
       10552       10554
       10552       10555
       10552       10556
       10554       10557
       10554       10558
       10554       10559
       10555       10557
       10555       10558
       10555       10559
       10560       10565
       10560       10566
       10560       10570
       10561       10563
       10561       10564
       10562       10567
       10562       10568
       10562       10569
       10562       10571
       10562       10572
       10563       10565
       10563       10566
       10563       10570
       10564       10573
       10564       10574
       10565       10567
       10565       10568
       10565       10569
       10565       10571
       10565       10572
       10566       10571
       10566       10572
       10567       10570
       10568       10570
       10569       10570
       10570       10575
       10570       10576
       10570       10580
       10571       10573
       10571       10574
       10572       10577
       10572       10578
       10572       10579
       10572       10581
       10572       10582
       10573       10575
       10573       10576
       10573       10580
       10575       10577
       10575       10578
       10575       10579
       10575       10581
       10575       10582
       10576       10581
       10576       10582
       10577       10580
       10578       10580
       10579       10580
       10583       10586
       10583       10591
       10583       10592
       10583       10599
       10583       10600
       10583       10602
       10583       10605
       10583       10612
       10583       10625
       10583       10637
       10584       10585
       10584       10589
       10584       10590
       10584       10598
       10584       10636
       10585       10588
       10585       10599
       10585       10600
       10585       10609
       10585       10638
       10586       10598
       10586       10603
       10586       10604
       10586       10606
       10586       10607
       10586       10608
       10587       10589
       10587       10590
       10587       10598
       10587       10603
       10587       10604
       10587       10606
       10587       10607
       10587       10608
       10587       10636
       10588       10593
       10588       10594
       10588       10601
       10588       10603
       10588       10604
       10588       10636
       10589       10591
       10589       10592
       10589       10599
       10589       10600
       10589       10602
       10589       10638
       10590       10595
       10590       10596
       10590       10597
       10590       10599
       10590       10600
       10590       10602
       10590       10638
       10591       10593
       10591       10594
       10591       10598
       10592       10598
       10593       10595
       10593       10596
       10593       10597
       10598       10605
       10598       10638
       10599       10601
       10599       10603
       10599       10604
       10600       10603
       10600       10604
       10601       10602
       10602       10606
       10602       10607
       10602       10608
       10603       10605
       10604       10605
       10606       10609
       10607       10609
       10610       10613
       10610       10618
       10610       10619
       10610       10626
       10610       10627
       10610       10636
       10610       10639
       10610       10705
       10610       10718
       10610       10723
       10611       10612
       10611       10616
       10611       10617
       10611       10625
       10611       10722
       10612       10615
       10612       10626
       10612       10627
       10612       10643
       10612       10724
       10613       10625
       10613       10637
       10613       10638
       10613       10640
       10613       10641
       10613       10642
       10614       10616
       10614       10617
       10614       10625
       10614       10637
       10614       10638
       10614       10640
       10614       10641
       10614       10642
       10614       10722
       10615       10620
       10615       10621
       10615       10628
       10615       10637
       10615       10638
       10615       10722
       10616       10618
       10616       10619
       10616       10626
       10616       10627
       10616       10636
       10616       10724
       10617       10622
       10617       10623
       10617       10624
       10617       10626
       10617       10627
       10617       10636
       10617       10724
       10618       10620
       10618       10621
       10618       10625
       10619       10625
       10620       10622
       10620       10623
       10620       10624
       10625       10629
       10625       10630
       10625       10632
       10625       10639
       10625       10724
       10626       10628
       10626       10637
       10626       10638
       10627       10631
       10627       10633
       10627       10634
       10627       10635
       10627       10637
       10627       10638
       10627       10644
       10628       10636
       10628       10645
       10628       10646
       10629       10631
       10629       10633
       10629       10634
       10629       10635
       10629       10644
       10630       10633
       10630       10634
       10630       10635
       10630       10647
       10630       10648
       10630       10652
       10631       10632
       10631       10645
       10631       10646
       10632       10644
       10636       10640
       10636       10641
       10636       10642
       10637       10639
       10638       10639
       10640       10643
       10641       10643
       10644       10649
       10644       10650
       10644       10651
       10644       10653
       10644       10654
       10645       10647
       10645       10648
       10645       10652
       10646       10655
       10646       10656
       10647       10649
       10647       10650
       10647       10651
       10647       10653
       10647       10654
       10648       10653
       10648       10654
       10649       10652
       10650       10652
       10651       10652
       10652       10657
       10652       10658
       10652       10663
       10653       10655
       10653       10656
       10654       10659
       10654       10660
       10654       10664
       10654       10665
       10654       10666
       10655       10657
       10655       10658
       10655       10663
       10656       10661
       10656       10662
       10656       10667
       10656       10668
       10656       10669
       10657       10659
       10657       10660
       10657       10664
       10657       10665
       10657       10666
       10658       10664
       10658       10665
       10658       10666
       10659       10661
       10659       10662
       10659       10663
       10660       10663
       10663       10670
       10663       10671
       10664       10667
       10664       10668
       10664       10669
       10665       10667
       10665       10668
       10665       10669
       10666       10672
       10666       10673
       10667       10670
       10667       10671
       10668       10670
       10668       10671
       10669       10674
       10669       10675
       10669       10691
       10670       10672
       10670       10673
       10671       10676
       10671       10677
       10671       10678
       10671       10692
       10671       10693
       10672       10674
       10672       10675
       10672       10691
       10673       10679
       10673       10680
       10673       10681
       10673       10694
       10673       10695
       10674       10676
       10674       10677
       10674       10678
       10674       10692
       10674       10693
       10675       10682
       10675       10683
       10675       10684
       10675       10692
       10675       10693
       10676       10679
       10676       10680
       10676       10681
       10676       10691
       10677       10679
       10677       10680
       10677       10681
       10677       10691
       10678       10685
       10678       10686
       10678       10687
       10678       10691
       10679       10682
       10679       10683
       10679       10684
       10680       10682
       10680       10683
       10680       10684
       10681       10688
       10681       10689
       10681       10690
       10682       10685
       10682       10686
       10682       10687
       10683       10685
       10683       10686
       10683       10687
       10685       10688
       10685       10689
       10685       10690
       10686       10688
       10686       10689
       10686       10690
       10691       10696
       10691       10697
       10691       10701
       10692       10694
       10692       10695
       10693       10698
       10693       10699
       10693       10700
       10693       10702
       10693       12353
       10694       10696
       10694       10697
       10694       10701
       10695       12350
       10695       12354
       10696       10698
       10696       10699
       10696       10700
       10696       10702
       10696       12353
       10697       10702
       10697       12353
       10698       10701
       10699       10701
       10700       10701
       10701       12348
       10701       12351
       10701       12352
       10702       12350
       10702       12354
       10703       10706
       10703       10711
       10703       10712
       10703       10719
       10703       10720
       10703       10722
       10703       10725
       10703       10732
       10703       10745
       10703       10757
       10704       10705
       10704       10709
       10704       10710
       10704       10718
       10704       10756
       10705       10708
       10705       10719
       10705       10720
       10705       10729
       10705       10758
       10706       10718
       10706       10723
       10706       10724
       10706       10726
       10706       10727
       10706       10728
       10707       10709
       10707       10710
       10707       10718
       10707       10723
       10707       10724
       10707       10726
       10707       10727
       10707       10728
       10707       10756
       10708       10713
       10708       10714
       10708       10721
       10708       10723
       10708       10724
       10708       10756
       10709       10711
       10709       10712
       10709       10719
       10709       10720
       10709       10722
       10709       10758
       10710       10715
       10710       10716
       10710       10717
       10710       10719
       10710       10720
       10710       10722
       10710       10758
       10711       10713
       10711       10714
       10711       10718
       10712       10718
       10713       10715
       10713       10716
       10713       10717
       10718       10725
       10718       10758
       10719       10721
       10719       10723
       10719       10724
       10720       10723
       10720       10724
       10721       10722
       10722       10726
       10722       10727
       10722       10728
       10723       10725
       10724       10725
       10726       10729
       10727       10729
       10730       10733
       10730       10738
       10730       10739
       10730       10746
       10730       10747
       10730       10756
       10730       10759
       10731       10732
       10731       10736
       10731       10737
       10731       10745
       10732       10735
       10732       10746
       10732       10747
       10732       10763
       10733       10745
       10733       10757
       10733       10758
       10733       10760
       10733       10761
       10733       10762
       10734       10736
       10734       10737
       10734       10745
       10734       10757
       10734       10758
       10734       10760
       10734       10761
       10734       10762
       10735       10740
       10735       10741
       10735       10748
       10735       10757
       10735       10758
       10736       10738
       10736       10739
       10736       10746
       10736       10747
       10736       10756
       10737       10742
       10737       10743
       10737       10744
       10737       10746
       10737       10747
       10737       10756
       10738       10740
       10738       10741
       10738       10745
       10739       10745
       10740       10742
       10740       10743
       10740       10744
       10745       10749
       10745       10750
       10745       10752
       10745       10759
       10746       10748
       10746       10757
       10746       10758
       10747       10751
       10747       10753
       10747       10754
       10747       10755
       10747       10757
       10747       10758
       10747       10764
       10748       10756
       10748       10765
       10748       10766
       10749       10751
       10749       10753
       10749       10754
       10749       10755
       10749       10764
       10750       10753
       10750       10754
       10750       10755
       10750       10767
       10750       10768
       10750       10772
       10751       10752
       10751       10765
       10751       10766
       10752       10764
       10756       10760
       10756       10761
       10756       10762
       10757       10759
       10758       10759
       10760       10763
       10761       10763
       10764       10769
       10764       10770
       10764       10771
       10764       10773
       10764       10774
       10765       10767
       10765       10768
       10765       10772
       10766       10775
       10766       10776
       10767       10769
       10767       10770
       10767       10771
       10767       10773
       10767       10774
       10768       10773
       10768       10774
       10769       10772
       10770       10772
       10771       10772
       10772       10777
       10772       10778
       10772       10783
       10773       10775
       10773       10776
       10774       10779
       10774       10780
       10774       10784
       10774       10785
       10774       10786
       10775       10777
       10775       10778
       10775       10783
       10776       10781
       10776       10782
       10776       10787
       10776       10788
       10776       10789
       10777       10779
       10777       10780
       10777       10784
       10777       10785
       10777       10786
       10778       10784
       10778       10785
       10778       10786
       10779       10781
       10779       10782
       10779       10783
       10780       10783
       10783       10790
       10783       10791
       10784       10787
       10784       10788
       10784       10789
       10785       10787
       10785       10788
       10785       10789
       10786       10792
       10786       10793
       10787       10790
       10787       10791
       10788       10790
       10788       10791
       10789       10794
       10789       10795
       10789       10809
       10790       10792
       10790       10793
       10791       10796
       10791       10797
       10791       10798
       10791       10810
       10791       10848
       10792       10794
       10792       10795
       10792       10809
       10793       10799
       10793       10800
       10793       10801
       10793       10849
       10793       10850
       10794       10796
       10794       10797
       10794       10798
       10794       10810
       10794       10848
       10795       10802
       10795       10803
       10795       10804
       10795       10810
       10795       10848
       10796       10799
       10796       10800
       10796       10801
       10796       10809
       10797       10799
       10797       10800
       10797       10801
       10797       10809
       10798       10805
       10798       10806
       10798       10807
       10798       10809
       10799       10802
       10799       10803
       10799       10804
       10800       10802
       10800       10803
       10800       10804
       10801       10808
       10801       10811
       10802       10805
       10802       10806
       10802       10807
       10803       10805
       10803       10806
       10803       10807
       10804       10812
       10804       10813
       10805       10808
       10805       10811
       10806       10808
       10806       10811
       10807       10814
       10807       10815
       10807       10816
       10808       10812
       10808       10813
       10809       10851
       10809       10852
       10809       10856
       10810       10849
       10810       10850
       10811       10817
       10811       10818
       10812       10814
       10812       10815
       10812       10816
       10813       10819
       10813       10820
       10814       10817
       10814       10818
       10815       10817
       10815       10818
       10816       10821
       10816       10822
       10816       10823
       10817       10819
       10817       10820
       10818       10824
       10818       10825
       10819       10821
       10819       10822
       10819       10823
       10820       10826
       10820       10827
       10821       10824
       10821       10825
       10822       10824
       10822       10825
       10823       10828
       10823       10829
       10823       10830
       10824       10826
       10824       10827
       10825       10831
       10825       10832
       10826       10828
       10826       10829
       10826       10830
       10827       10833
       10827       10834
       10828       10831
       10828       10832
       10829       10831
       10829       10832
       10830       10835
       10830       10836
       10830       10837
       10831       10833
       10831       10834
       10832       10838
       10832       10839
       10833       10835
       10833       10836
       10833       10837
       10834       10840
       10834       10841
       10835       10838
       10835       10839
       10836       10838
       10836       10839
       10837       10842
       10837       10843
       10837       10844
       10838       10840
       10838       10841
       10839       10845
       10839       10846
       10839       10847
       10840       10842
       10840       10843
       10840       10844
       10842       10845
       10842       10846
       10842       10847
       10843       10845
       10843       10846
       10843       10847
       10848       10853
       10848       10854
       10848       10855
       10848       10857
       10848       10858
       10849       10851
       10849       10852
       10849       10856
       10850       10859
       10850       10860
       10851       10853
       10851       10854
       10851       10855
       10851       10857
       10851       10858
       10852       10857
       10852       10858
       10853       10856
       10854       10856
       10855       10856
       10856       10861
       10856       10862
       10856       10866
       10857       10859
       10857       10860
       10858       10863
       10858       10864
       10858       10865
       10858       10867
       10858       10868
       10859       10861
       10859       10862
       10859       10866
       10861       10863
       10861       10864
       10861       10865
       10861       10867
       10861       10868
       10862       10867
       10862       10868
       10863       10866
       10864       10866
       10865       10866
       10869       10872
       10869       10877
       10869       10878
       10869       10885
       10869       10886
       10869       10888
       10869       10891
       10869       10898
       10869       10911
       10869       10923
       10870       10871
       10870       10875
       10870       10876
       10870       10884
       10870       10922
       10871       10874
       10871       10885
       10871       10886
       10871       10895
       10871       10924
       10871       12534
       10872       10884
       10872       10889
       10872       10890
       10872       10892
       10872       10893
       10872       10894
       10873       10875
       10873       10876
       10873       10884
       10873       10889
       10873       10890
       10873       10892
       10873       10893
       10873       10894
       10873       10922
       10874       10879
       10874       10880
       10874       10887
       10874       10889
       10874       10890
       10874       10922
       10875       10877
       10875       10878
       10875       10885
       10875       10886
       10875       10888
       10875       10924
       10876       10881
       10876       10882
       10876       10883
       10876       10885
       10876       10886
       10876       10888
       10876       10924
       10877       10879
       10877       10880
       10877       10884
       10878       10884
       10879       10881
       10879       10882
       10879       10883
       10884       10891
       10884       10924
       10884       12534
       10885       10887
       10885       10889
       10885       10890
       10886       10889
       10886       10890
       10887       10888
       10888       10892
       10888       10893
       10888       10894
       10888       12535
       10888       12538
       10888       12539
       10889       10891
       10889       12534
       10890       10891
       10890       12536
       10890       12540
       10890       12541
       10890       12549
       10892       10895
       10893       10895
       10896       10899
       10896       10904
       10896       10905
       10896       10912
       10896       10913
       10896       10922
       10896       10925
       10896       11002
       10896       11015
       10896       11020
       10897       10898
       10897       10902
       10897       10903
       10897       10911
       10897       11019
       10898       10901
       10898       10912
       10898       10913
       10898       10929
       10898       11021
       10899       10911
       10899       10923
       10899       10924
       10899       10926
       10899       10927
       10899       10928
       10900       10902
       10900       10903
       10900       10911
       10900       10923
       10900       10924
       10900       10926
       10900       10927
       10900       10928
       10900       11019
       10901       10906
       10901       10907
       10901       10914
       10901       10923
       10901       10924
       10901       11019
       10902       10904
       10902       10905
       10902       10912
       10902       10913
       10902       10922
       10902       11021
       10903       10908
       10903       10909
       10903       10910
       10903       10912
       10903       10913
       10903       10922
       10903       11021
       10904       10906
       10904       10907
       10904       10911
       10905       10911
       10906       10908
       10906       10909
       10906       10910
       10911       10915
       10911       10916
       10911       10918
       10911       10925
       10911       11021
       10912       10914
       10912       10923
       10912       10924
       10913       10917
       10913       10919
       10913       10920
       10913       10921
       10913       10923
       10913       10924
       10913       10930
       10914       10922
       10914       10931
       10914       10932
       10915       10917
       10915       10919
       10915       10920
       10915       10921
       10915       10930
       10916       10919
       10916       10920
       10916       10921
       10916       10933
       10916       10934
       10916       10938
       10917       10918
       10917       10931
       10917       10932
       10918       10930
       10922       10926
       10922       10927
       10922       10928
       10923       10925
       10924       10925
       10926       10929
       10927       10929
       10930       10935
       10930       10936
       10930       10937
       10930       10939
       10930       10940
       10931       10933
       10931       10934
       10931       10938
       10932       10941
       10932       10942
       10933       10935
       10933       10936
       10933       10937
       10933       10939
       10933       10940
       10934       10939
       10934       10940
       10935       10938
       10936       10938
       10937       10938
       10938       10943
       10938       10944
       10938       10949
       10939       10941
       10939       10942
       10940       10945
       10940       10946
       10940       10950
       10940       10951
       10940       10952
       10941       10943
       10941       10944
       10941       10949
       10942       10947
       10942       10948
       10942       10953
       10942       10954
       10942       10955
       10943       10945
       10943       10946
       10943       10950
       10943       10951
       10943       10952
       10944       10950
       10944       10951
       10944       10952
       10945       10947
       10945       10948
       10945       10949
       10946       10949
       10949       10956
       10949       10957
       10950       10953
       10950       10954
       10950       10955
       10951       10953
       10951       10954
       10951       10955
       10952       10958
       10952       10959
       10953       10956
       10953       10957
       10954       10956
       10954       10957
       10955       10960
       10955       10961
       10955       10977
       10956       10958
       10956       10959
       10957       10962
       10957       10963
       10957       10964
       10957       10978
       10957       10979
       10958       10960
       10958       10961
       10958       10977
       10959       10965
       10959       10966
       10959       10967
       10959       10980
       10959       10981
       10960       10962
       10960       10963
       10960       10964
       10960       10978
       10960       10979
       10961       10968
       10961       10969
       10961       10970
       10961       10978
       10961       10979
       10962       10965
       10962       10966
       10962       10967
       10962       10977
       10963       10965
       10963       10966
       10963       10967
       10963       10977
       10964       10971
       10964       10972
       10964       10973
       10964       10977
       10965       10968
       10965       10969
       10965       10970
       10966       10968
       10966       10969
       10966       10970
       10967       10974
       10967       10975
       10967       10976
       10968       10971
       10968       10972
       10968       10973
       10969       10971
       10969       10972
       10969       10973
       10971       10974
       10971       10975
       10971       10976
       10972       10974
       10972       10975
       10972       10976
       10977       10982
       10977       10983
       10977       10987
       10978       10980
       10978       10981
       10979       10984
       10979       10985
       10979       10986
       10979       10988
       10979       10989
       10980       10982
       10980       10983
       10980       10987
       10981       10990
       10981       10991
       10982       10984
       10982       10985
       10982       10986
       10982       10988
       10982       10989
       10983       10988
       10983       10989
       10984       10987
       10985       10987
       10986       10987
       10987       10992
       10987       10993
       10987       10997
       10988       10990
       10988       10991
       10989       10994
       10989       10995
       10989       10996
       10989       10998
       10989       10999
       10990       10992
       10990       10993
       10990       10997
       10992       10994
       10992       10995
       10992       10996
       10992       10998
       10992       10999
       10993       10998
       10993       10999
       10994       10997
       10995       10997
       10996       10997
       11000       11003
       11000       11008
       11000       11009
       11000       11016
       11000       11017
       11000       11019
       11000       11022
       11000       11029
       11000       11042
       11000       11054
       11001       11002
       11001       11006
       11001       11007
       11001       11015
       11001       11053
       11002       11005
       11002       11016
       11002       11017
       11002       11026
       11002       11055
       11003       11015
       11003       11020
       11003       11021
       11003       11023
       11003       11024
       11003       11025
       11004       11006
       11004       11007
       11004       11015
       11004       11020
       11004       11021
       11004       11023
       11004       11024
       11004       11025
       11004       11053
       11005       11010
       11005       11011
       11005       11018
       11005       11020
       11005       11021
       11005       11053
       11006       11008
       11006       11009
       11006       11016
       11006       11017
       11006       11019
       11006       11055
       11007       11012
       11007       11013
       11007       11014
       11007       11016
       11007       11017
       11007       11019
       11007       11055
       11008       11010
       11008       11011
       11008       11015
       11009       11015
       11010       11012
       11010       11013
       11010       11014
       11015       11022
       11015       11055
       11016       11018
       11016       11020
       11016       11021
       11017       11020
       11017       11021
       11018       11019
       11019       11023
       11019       11024
       11019       11025
       11020       11022
       11021       11022
       11023       11026
       11024       11026
       11027       11030
       11027       11035
       11027       11036
       11027       11043
       11027       11044
       11027       11053
       11027       11056
       11027       11122
       11027       11135
       11027       11140
       11028       11029
       11028       11033
       11028       11034
       11028       11042
       11028       11139
       11029       11032
       11029       11043
       11029       11044
       11029       11060
       11029       11141
       11030       11042
       11030       11054
       11030       11055
       11030       11057
       11030       11058
       11030       11059
       11031       11033
       11031       11034
       11031       11042
       11031       11054
       11031       11055
       11031       11057
       11031       11058
       11031       11059
       11031       11139
       11032       11037
       11032       11038
       11032       11045
       11032       11054
       11032       11055
       11032       11139
       11033       11035
       11033       11036
       11033       11043
       11033       11044
       11033       11053
       11033       11141
       11034       11039
       11034       11040
       11034       11041
       11034       11043
       11034       11044
       11034       11053
       11034       11141
       11035       11037
       11035       11038
       11035       11042
       11036       11042
       11037       11039
       11037       11040
       11037       11041
       11042       11046
       11042       11047
       11042       11049
       11042       11056
       11042       11141
       11043       11045
       11043       11054
       11043       11055
       11044       11048
       11044       11050
       11044       11051
       11044       11052
       11044       11054
       11044       11055
       11044       11061
       11045       11053
       11045       11062
       11045       11063
       11046       11048
       11046       11050
       11046       11051
       11046       11052
       11046       11061
       11047       11050
       11047       11051
       11047       11052
       11047       11064
       11047       11065
       11047       11069
       11048       11049
       11048       11062
       11048       11063
       11049       11061
       11053       11057
       11053       11058
       11053       11059
       11054       11056
       11055       11056
       11057       11060
       11058       11060
       11061       11066
       11061       11067
       11061       11068
       11061       11070
       11061       11071
       11062       11064
       11062       11065
       11062       11069
       11063       11072
       11063       11073
       11064       11066
       11064       11067
       11064       11068
       11064       11070
       11064       11071
       11065       11070
       11065       11071
       11066       11069
       11067       11069
       11068       11069
       11069       11074
       11069       11075
       11069       11080
       11070       11072
       11070       11073
       11071       11076
       11071       11077
       11071       11081
       11071       11082
       11071       11083
       11072       11074
       11072       11075
       11072       11080
       11073       11078
       11073       11079
       11073       11084
       11073       11085
       11073       11086
       11074       11076
       11074       11077
       11074       11081
       11074       11082
       11074       11083
       11075       11081
       11075       11082
       11075       11083
       11076       11078
       11076       11079
       11076       11080
       11077       11080
       11080       11087
       11080       11088
       11081       11084
       11081       11085
       11081       11086
       11082       11084
       11082       11085
       11082       11086
       11083       11089
       11083       11090
       11084       11087
       11084       11088
       11085       11087
       11085       11088
       11086       11091
       11086       11092
       11086       11108
       11087       11089
       11087       11090
       11088       11093
       11088       11094
       11088       11095
       11088       11109
       11088       11110
       11089       11091
       11089       11092
       11089       11108
       11090       11096
       11090       11097
       11090       11098
       11090       11111
       11090       11112
       11091       11093
       11091       11094
       11091       11095
       11091       11109
       11091       11110
       11092       11099
       11092       11100
       11092       11101
       11092       11109
       11092       11110
       11093       11096
       11093       11097
       11093       11098
       11093       11108
       11094       11096
       11094       11097
       11094       11098
       11094       11108
       11095       11102
       11095       11103
       11095       11104
       11095       11108
       11096       11099
       11096       11100
       11096       11101
       11097       11099
       11097       11100
       11097       11101
       11098       11105
       11098       11106
       11098       11107
       11099       11102
       11099       11103
       11099       11104
       11100       11102
       11100       11103
       11100       11104
       11102       11105
       11102       11106
       11102       11107
       11103       11105
       11103       11106
       11103       11107
       11108       11113
       11108       11114
       11108       11118
       11109       11111
       11109       11112
       11110       11115
       11110       11116
       11110       11117
       11110       11119
       11111       11113
       11111       11114
       11111       11118
       11113       11115
       11113       11116
       11113       11117
       11113       11119
       11114       11119
       11115       11118
       11116       11118
       11117       11118
       11120       11123
       11120       11128
       11120       11129
       11120       11136
       11120       11137
       11120       11139
       11120       11142
       11120       11149
       11120       11162
       11120       11174
       11121       11122
       11121       11126
       11121       11127
       11121       11135
       11121       11173
       11122       11125
       11122       11136
       11122       11137
       11122       11146
       11122       11175
       11123       11135
       11123       11140
       11123       11141
       11123       11143
       11123       11144
       11123       11145
       11124       11126
       11124       11127
       11124       11135
       11124       11140
       11124       11141
       11124       11143
       11124       11144
       11124       11145
       11124       11173
       11125       11130
       11125       11131
       11125       11138
       11125       11140
       11125       11141
       11125       11173
       11126       11128
       11126       11129
       11126       11136
       11126       11137
       11126       11139
       11126       11175
       11127       11132
       11127       11133
       11127       11134
       11127       11136
       11127       11137
       11127       11139
       11127       11175
       11128       11130
       11128       11131
       11128       11135
       11129       11135
       11130       11132
       11130       11133
       11130       11134
       11135       11142
       11135       11175
       11136       11138
       11136       11140
       11136       11141
       11137       11140
       11137       11141
       11138       11139
       11139       11143
       11139       11144
       11139       11145
       11140       11142
       11141       11142
       11143       11146
       11144       11146
       11147       11150
       11147       11155
       11147       11156
       11147       11163
       11147       11164
       11147       11173
       11147       11176
       11147       11253
       11147       11266
       11147       11271
       11148       11149
       11148       11153
       11148       11154
       11148       11162
       11148       11270
       11149       11152
       11149       11163
       11149       11164
       11149       11180
       11149       11272
       11150       11162
       11150       11174
       11150       11175
       11150       11177
       11150       11178
       11150       11179
       11151       11153
       11151       11154
       11151       11162
       11151       11174
       11151       11175
       11151       11177
       11151       11178
       11151       11179
       11151       11270
       11152       11157
       11152       11158
       11152       11165
       11152       11174
       11152       11175
       11152       11270
       11153       11155
       11153       11156
       11153       11163
       11153       11164
       11153       11173
       11153       11272
       11154       11159
       11154       11160
       11154       11161
       11154       11163
       11154       11164
       11154       11173
       11154       11272
       11155       11157
       11155       11158
       11155       11162
       11156       11162
       11157       11159
       11157       11160
       11157       11161
       11162       11166
       11162       11167
       11162       11169
       11162       11176
       11162       11272
       11163       11165
       11163       11174
       11163       11175
       11164       11168
       11164       11170
       11164       11171
       11164       11172
       11164       11174
       11164       11175
       11164       11181
       11165       11173
       11165       11182
       11165       11183
       11166       11168
       11166       11170
       11166       11171
       11166       11172
       11166       11181
       11167       11170
       11167       11171
       11167       11172
       11167       11184
       11167       11185
       11167       11189
       11168       11169
       11168       11182
       11168       11183
       11169       11181
       11173       11177
       11173       11178
       11173       11179
       11174       11176
       11175       11176
       11177       11180
       11178       11180
       11181       11186
       11181       11187
       11181       11188
       11181       11190
       11181       11191
       11182       11184
       11182       11185
       11182       11189
       11183       11192
       11183       11193
       11184       11186
       11184       11187
       11184       11188
       11184       11190
       11184       11191
       11185       11190
       11185       11191
       11186       11189
       11187       11189
       11188       11189
       11189       11194
       11189       11195
       11189       11200
       11190       11192
       11190       11193
       11191       11196
       11191       11197
       11191       11201
       11191       11202
       11191       11203
       11192       11194
       11192       11195
       11192       11200
       11193       11198
       11193       11199
       11193       11204
       11193       11205
       11193       11206
       11194       11196
       11194       11197
       11194       11201
       11194       11202
       11194       11203
       11195       11201
       11195       11202
       11195       11203
       11196       11198
       11196       11199
       11196       11200
       11197       11200
       11200       11207
       11200       11208
       11201       11204
       11201       11205
       11201       11206
       11202       11204
       11202       11205
       11202       11206
       11203       11209
       11203       11210
       11204       11207
       11204       11208
       11205       11207
       11205       11208
       11206       11211
       11206       11212
       11206       11228
       11207       11209
       11207       11210
       11208       11213
       11208       11214
       11208       11215
       11208       11229
       11208       11230
       11209       11211
       11209       11212
       11209       11228
       11210       11216
       11210       11217
       11210       11218
       11210       11231
       11210       11232
       11211       11213
       11211       11214
       11211       11215
       11211       11229
       11211       11230
       11212       11219
       11212       11220
       11212       11221
       11212       11229
       11212       11230
       11213       11216
       11213       11217
       11213       11218
       11213       11228
       11214       11216
       11214       11217
       11214       11218
       11214       11228
       11215       11222
       11215       11223
       11215       11224
       11215       11228
       11216       11219
       11216       11220
       11216       11221
       11217       11219
       11217       11220
       11217       11221
       11218       11225
       11218       11226
       11218       11227
       11219       11222
       11219       11223
       11219       11224
       11220       11222
       11220       11223
       11220       11224
       11222       11225
       11222       11226
       11222       11227
       11223       11225
       11223       11226
       11223       11227
       11228       11233
       11228       11234
       11228       11238
       11229       11231
       11229       11232
       11230       11235
       11230       11236
       11230       11237
       11230       11239
       11230       11240
       11231       11233
       11231       11234
       11231       11238
       11232       11241
       11232       11242
       11233       11235
       11233       11236
       11233       11237
       11233       11239
       11233       11240
       11234       11239
       11234       11240
       11235       11238
       11236       11238
       11237       11238
       11238       11243
       11238       11244
       11238       11248
       11239       11241
       11239       11242
       11240       11245
       11240       11246
       11240       11247
       11240       11249
       11240       11250
       11241       11243
       11241       11244
       11241       11248
       11243       11245
       11243       11246
       11243       11247
       11243       11249
       11243       11250
       11244       11249
       11244       11250
       11245       11248
       11246       11248
       11247       11248
       11251       11254
       11251       11259
       11251       11260
       11251       11267
       11251       11268
       11251       11270
       11251       11273
       11251       11280
       11251       11293
       11251       11305
       11252       11253
       11252       11257
       11252       11258
       11252       11266
       11252       11304
       11253       11256
       11253       11267
       11253       11268
       11253       11277
       11253       11306
       11254       11266
       11254       11271
       11254       11272
       11254       11274
       11254       11275
       11254       11276
       11255       11257
       11255       11258
       11255       11266
       11255       11271
       11255       11272
       11255       11274
       11255       11275
       11255       11276
       11255       11304
       11256       11261
       11256       11262
       11256       11269
       11256       11271
       11256       11272
       11256       11304
       11257       11259
       11257       11260
       11257       11267
       11257       11268
       11257       11270
       11257       11306
       11258       11263
       11258       11264
       11258       11265
       11258       11267
       11258       11268
       11258       11270
       11258       11306
       11259       11261
       11259       11262
       11259       11266
       11260       11266
       11261       11263
       11261       11264
       11261       11265
       11266       11273
       11266       11306
       11267       11269
       11267       11271
       11267       11272
       11268       11271
       11268       11272
       11269       11270
       11270       11274
       11270       11275
       11270       11276
       11271       11273
       11272       11273
       11274       11277
       11275       11277
       11278       11281
       11278       11286
       11278       11287
       11278       11294
       11278       11295
       11278       11304
       11278       11307
       11278       11417
       11278       11430
       11278       11435
       11279       11280
       11279       11284
       11279       11285
       11279       11293
       11279       11434
       11280       11283
       11280       11294
       11280       11295
       11280       11311
       11280       11436
       11281       11293
       11281       11305
       11281       11306
       11281       11308
       11281       11309
       11281       11310
       11282       11284
       11282       11285
       11282       11293
       11282       11305
       11282       11306
       11282       11308
       11282       11309
       11282       11310
       11282       11434
       11283       11288
       11283       11289
       11283       11296
       11283       11305
       11283       11306
       11283       11434
       11284       11286
       11284       11287
       11284       11294
       11284       11295
       11284       11304
       11284       11436
       11285       11290
       11285       11291
       11285       11292
       11285       11294
       11285       11295
       11285       11304
       11285       11436
       11286       11288
       11286       11289
       11286       11293
       11287       11293
       11288       11290
       11288       11291
       11288       11292
       11293       11297
       11293       11298
       11293       11300
       11293       11307
       11293       11436
       11294       11296
       11294       11305
       11294       11306
       11295       11299
       11295       11301
       11295       11302
       11295       11303
       11295       11305
       11295       11306
       11295       11312
       11296       11304
       11296       11313
       11296       11314
       11297       11299
       11297       11301
       11297       11302
       11297       11303
       11297       11312
       11298       11301
       11298       11302
       11298       11303
       11298       11315
       11298       11316
       11298       11320
       11299       11300
       11299       11313
       11299       11314
       11300       11312
       11304       11308
       11304       11309
       11304       11310
       11305       11307
       11306       11307
       11308       11311
       11309       11311
       11312       11317
       11312       11318
       11312       11319
       11312       11321
       11312       11322
       11313       11315
       11313       11316
       11313       11320
       11314       11323
       11314       11324
       11315       11317
       11315       11318
       11315       11319
       11315       11321
       11315       11322
       11316       11321
       11316       11322
       11317       11320
       11318       11320
       11319       11320
       11320       11325
       11320       11326
       11320       11331
       11321       11323
       11321       11324
       11322       11327
       11322       11328
       11322       11332
       11322       11333
       11322       11334
       11323       11325
       11323       11326
       11323       11331
       11324       11329
       11324       11330
       11324       11335
       11324       11336
       11324       11337
       11325       11327
       11325       11328
       11325       11332
       11325       11333
       11325       11334
       11326       11332
       11326       11333
       11326       11334
       11327       11329
       11327       11330
       11327       11331
       11328       11331
       11331       11338
       11331       11339
       11332       11335
       11332       11336
       11332       11337
       11333       11335
       11333       11336
       11333       11337
       11334       11340
       11334       11341
       11335       11338
       11335       11339
       11336       11338
       11336       11339
       11337       11342
       11337       11343
       11337       11357
       11338       11340
       11338       11341
       11339       11344
       11339       11345
       11339       11346
       11339       11358
       11339       11394
       11340       11342
       11340       11343
       11340       11357
       11341       11347
       11341       11348
       11341       11349
       11341       11395
       11341       11396
       11342       11344
       11342       11345
       11342       11346
       11342       11358
       11342       11394
       11343       11350
       11343       11351
       11343       11352
       11343       11358
       11343       11394
       11344       11347
       11344       11348
       11344       11349
       11344       11357
       11345       11347
       11345       11348
       11345       11349
       11345       11357
       11346       11353
       11346       11354
       11346       11355
       11346       11357
       11347       11350
       11347       11351
       11347       11352
       11348       11350
       11348       11351
       11348       11352
       11349       11356
       11349       11359
       11350       11353
       11350       11354
       11350       11355
       11351       11353
       11351       11354
       11351       11355
       11352       11360
       11352       11361
       11353       11356
       11353       11359
       11354       11356
       11354       11359
       11355       11362
       11355       11363
       11355       11364
       11356       11360
       11356       11361
       11357       11397
       11357       11398
       11357       11402
       11358       11395
       11358       11396
       11359       11365
       11359       11366
       11360       11362
       11360       11363
       11360       11364
       11361       11367
       11361       11368
       11362       11365
       11362       11366
       11363       11365
       11363       11366
       11364       11369
       11364       11370
       11364       11371
       11365       11367
       11365       11368
       11366       11372
       11366       11373
       11367       11369
       11367       11370
       11367       11371
       11368       11374
       11368       11375
       11369       11372
       11369       11373
       11370       11372
       11370       11373
       11371       11376
       11371       11377
       11371       11378
       11372       11374
       11372       11375
       11373       11379
       11373       11380
       11374       11376
       11374       11377
       11374       11378
       11375       11381
       11375       11382
       11376       11379
       11376       11380
       11377       11379
       11377       11380
       11378       11383
       11378       11384
       11378       11385
       11379       11381
       11379       11382
       11380       11386
       11380       11387
       11381       11383
       11381       11384
       11381       11385
       11382       11388
       11382       11389
       11383       11386
       11383       11387
       11384       11386
       11384       11387
       11385       11390
       11385       11391
       11385       11392
       11386       11388
       11386       11389
       11387       11393
       11388       11390
       11388       11391
       11388       11392
       11390       11393
       11391       11393
       11394       11399
       11394       11400
       11394       11401
       11394       11403
       11394       11404
       11395       11397
       11395       11398
       11395       11402
       11396       11405
       11396       11406
       11397       11399
       11397       11400
       11397       11401
       11397       11403
       11397       11404
       11398       11403
       11398       11404
       11399       11402
       11400       11402
       11401       11402
       11402       11407
       11402       11408
       11402       11412
       11403       11405
       11403       11406
       11404       11409
       11404       11410
       11404       11411
       11404       11413
       11404       11414
       11405       11407
       11405       11408
       11405       11412
       11407       11409
       11407       11410
       11407       11411
       11407       11413
       11407       11414
       11408       11413
       11408       11414
       11409       11412
       11410       11412
       11411       11412
       11415       11418
       11415       11423
       11415       11424
       11415       11431
       11415       11432
       11415       11434
       11415       11437
       11415       11444
       11415       11457
       11415       11469
       11416       11417
       11416       11421
       11416       11422
       11416       11430
       11416       11468
       11417       11420
       11417       11431
       11417       11432
       11417       11441
       11417       11470
       11418       11430
       11418       11435
       11418       11436
       11418       11438
       11418       11439
       11418       11440
       11419       11421
       11419       11422
       11419       11430
       11419       11435
       11419       11436
       11419       11438
       11419       11439
       11419       11440
       11419       11468
       11420       11425
       11420       11426
       11420       11433
       11420       11435
       11420       11436
       11420       11468
       11421       11423
       11421       11424
       11421       11431
       11421       11432
       11421       11434
       11421       11470
       11422       11427
       11422       11428
       11422       11429
       11422       11431
       11422       11432
       11422       11434
       11422       11470
       11423       11425
       11423       11426
       11423       11430
       11424       11430
       11425       11427
       11425       11428
       11425       11429
       11430       11437
       11430       11470
       11431       11433
       11431       11435
       11431       11436
       11432       11435
       11432       11436
       11433       11434
       11434       11438
       11434       11439
       11434       11440
       11435       11437
       11436       11437
       11438       11441
       11439       11441
       11442       11445
       11442       11450
       11442       11451
       11442       11458
       11442       11459
       11442       11468
       11442       11471
       11442       11548
       11442       11561
       11442       11566
       11443       11444
       11443       11448
       11443       11449
       11443       11457
       11443       11565
       11444       11447
       11444       11458
       11444       11459
       11444       11475
       11444       11567
       11445       11457
       11445       11469
       11445       11470
       11445       11472
       11445       11473
       11445       11474
       11446       11448
       11446       11449
       11446       11457
       11446       11469
       11446       11470
       11446       11472
       11446       11473
       11446       11474
       11446       11565
       11447       11452
       11447       11453
       11447       11460
       11447       11469
       11447       11470
       11447       11565
       11448       11450
       11448       11451
       11448       11458
       11448       11459
       11448       11468
       11448       11567
       11449       11454
       11449       11455
       11449       11456
       11449       11458
       11449       11459
       11449       11468
       11449       11567
       11450       11452
       11450       11453
       11450       11457
       11451       11457
       11452       11454
       11452       11455
       11452       11456
       11457       11461
       11457       11462
       11457       11464
       11457       11471
       11457       11567
       11458       11460
       11458       11469
       11458       11470
       11459       11463
       11459       11465
       11459       11466
       11459       11467
       11459       11469
       11459       11470
       11459       11476
       11460       11468
       11460       11477
       11460       11478
       11461       11463
       11461       11465
       11461       11466
       11461       11467
       11461       11476
       11462       11465
       11462       11466
       11462       11467
       11462       11479
       11462       11480
       11462       11484
       11463       11464
       11463       11477
       11463       11478
       11464       11476
       11468       11472
       11468       11473
       11468       11474
       11469       11471
       11470       11471
       11472       11475
       11473       11475
       11476       11481
       11476       11482
       11476       11483
       11476       11485
       11476       11486
       11477       11479
       11477       11480
       11477       11484
       11478       11487
       11478       11488
       11479       11481
       11479       11482
       11479       11483
       11479       11485
       11479       11486
       11480       11485
       11480       11486
       11481       11484
       11482       11484
       11483       11484
       11484       11489
       11484       11490
       11484       11495
       11485       11487
       11485       11488
       11486       11491
       11486       11492
       11486       11496
       11486       11497
       11486       11498
       11487       11489
       11487       11490
       11487       11495
       11488       11493
       11488       11494
       11488       11499
       11488       11500
       11488       11501
       11489       11491
       11489       11492
       11489       11496
       11489       11497
       11489       11498
       11490       11496
       11490       11497
       11490       11498
       11491       11493
       11491       11494
       11491       11495
       11492       11495
       11495       11502
       11495       11503
       11496       11499
       11496       11500
       11496       11501
       11497       11499
       11497       11500
       11497       11501
       11498       11504
       11498       11505
       11499       11502
       11499       11503
       11500       11502
       11500       11503
       11501       11506
       11501       11507
       11501       11523
       11502       11504
       11502       11505
       11503       11508
       11503       11509
       11503       11510
       11503       11524
       11503       11525
       11504       11506
       11504       11507
       11504       11523
       11505       11511
       11505       11512
       11505       11513
       11505       11526
       11505       11527
       11506       11508
       11506       11509
       11506       11510
       11506       11524
       11506       11525
       11507       11514
       11507       11515
       11507       11516
       11507       11524
       11507       11525
       11508       11511
       11508       11512
       11508       11513
       11508       11523
       11509       11511
       11509       11512
       11509       11513
       11509       11523
       11510       11517
       11510       11518
       11510       11519
       11510       11523
       11511       11514
       11511       11515
       11511       11516
       11512       11514
       11512       11515
       11512       11516
       11513       11520
       11513       11521
       11513       11522
       11514       11517
       11514       11518
       11514       11519
       11515       11517
       11515       11518
       11515       11519
       11517       11520
       11517       11521
       11517       11522
       11518       11520
       11518       11521
       11518       11522
       11523       11528
       11523       11529
       11523       11533
       11524       11526
       11524       11527
       11525       11530
       11525       11531
       11525       11532
       11525       11534
       11525       11535
       11526       11528
       11526       11529
       11526       11533
       11527       11536
       11527       11537
       11528       11530
       11528       11531
       11528       11532
       11528       11534
       11528       11535
       11529       11534
       11529       11535
       11530       11533
       11531       11533
       11532       11533
       11533       11538
       11533       11539
       11533       11543
       11534       11536
       11534       11537
       11535       11540
       11535       11541
       11535       11542
       11535       11544
       11535       11545
       11536       11538
       11536       11539
       11536       11543
       11538       11540
       11538       11541
       11538       11542
       11538       11544
       11538       11545
       11539       11544
       11539       11545
       11540       11543
       11541       11543
       11542       11543
       11546       11549
       11546       11554
       11546       11555
       11546       11562
       11546       11563
       11546       11565
       11546       11568
       11546       11575
       11546       11588
       11546       11600
       11547       11548
       11547       11552
       11547       11553
       11547       11561
       11547       11599
       11548       11551
       11548       11562
       11548       11563
       11548       11572
       11548       11601
       11549       11561
       11549       11566
       11549       11567
       11549       11569
       11549       11570
       11549       11571
       11550       11552
       11550       11553
       11550       11561
       11550       11566
       11550       11567
       11550       11569
       11550       11570
       11550       11571
       11550       11599
       11551       11556
       11551       11557
       11551       11564
       11551       11566
       11551       11567
       11551       11599
       11552       11554
       11552       11555
       11552       11562
       11552       11563
       11552       11565
       11552       11601
       11553       11558
       11553       11559
       11553       11560
       11553       11562
       11553       11563
       11553       11565
       11553       11601
       11554       11556
       11554       11557
       11554       11561
       11555       11561
       11556       11558
       11556       11559
       11556       11560
       11561       11568
       11561       11601
       11562       11564
       11562       11566
       11562       11567
       11563       11566
       11563       11567
       11564       11565
       11565       11569
       11565       11570
       11565       11571
       11566       11568
       11567       11568
       11569       11572
       11570       11572
       11573       11576
       11573       11581
       11573       11582
       11573       11589
       11573       11590
       11573       11599
       11573       11602
       11573       11668
       11573       11681
       11573       11686
       11574       11575
       11574       11579
       11574       11580
       11574       11588
       11574       11685
       11575       11578
       11575       11589
       11575       11590
       11575       11606
       11575       11687
       11576       11588
       11576       11600
       11576       11601
       11576       11603
       11576       11604
       11576       11605
       11577       11579
       11577       11580
       11577       11588
       11577       11600
       11577       11601
       11577       11603
       11577       11604
       11577       11605
       11577       11685
       11578       11583
       11578       11584
       11578       11591
       11578       11600
       11578       11601
       11578       11685
       11579       11581
       11579       11582
       11579       11589
       11579       11590
       11579       11599
       11579       11687
       11580       11585
       11580       11586
       11580       11587
       11580       11589
       11580       11590
       11580       11599
       11580       11687
       11581       11583
       11581       11584
       11581       11588
       11582       11588
       11583       11585
       11583       11586
       11583       11587
       11588       11592
       11588       11593
       11588       11595
       11588       11602
       11588       11687
       11589       11591
       11589       11600
       11589       11601
       11590       11594
       11590       11596
       11590       11597
       11590       11598
       11590       11600
       11590       11601
       11590       11607
       11591       11599
       11591       11608
       11591       11609
       11592       11594
       11592       11596
       11592       11597
       11592       11598
       11592       11607
       11593       11596
       11593       11597
       11593       11598
       11593       11610
       11593       11611
       11593       11615
       11594       11595
       11594       11608
       11594       11609
       11595       11607
       11599       11603
       11599       11604
       11599       11605
       11600       11602
       11601       11602
       11603       11606
       11604       11606
       11607       11612
       11607       11613
       11607       11614
       11607       11616
       11607       11617
       11608       11610
       11608       11611
       11608       11615
       11609       11618
       11609       11619
       11610       11612
       11610       11613
       11610       11614
       11610       11616
       11610       11617
       11611       11616
       11611       11617
       11612       11615
       11613       11615
       11614       11615
       11615       11620
       11615       11621
       11615       11626
       11616       11618
       11616       11619
       11617       11622
       11617       11623
       11617       11627
       11617       11628
       11617       11629
       11618       11620
       11618       11621
       11618       11626
       11619       11624
       11619       11625
       11619       11630
       11619       11631
       11619       11632
       11620       11622
       11620       11623
       11620       11627
       11620       11628
       11620       11629
       11621       11627
       11621       11628
       11621       11629
       11622       11624
       11622       11625
       11622       11626
       11623       11626
       11626       11633
       11626       11634
       11627       11630
       11627       11631
       11627       11632
       11628       11630
       11628       11631
       11628       11632
       11629       11635
       11629       11636
       11630       11633
       11630       11634
       11631       11633
       11631       11634
       11632       11637
       11632       11638
       11632       11654
       11633       11635
       11633       11636
       11634       11639
       11634       11640
       11634       11641
       11634       11655
       11634       11656
       11635       11637
       11635       11638
       11635       11654
       11636       11642
       11636       11643
       11636       11644
       11636       11657
       11636       11658
       11637       11639
       11637       11640
       11637       11641
       11637       11655
       11637       11656
       11638       11645
       11638       11646
       11638       11647
       11638       11655
       11638       11656
       11639       11642
       11639       11643
       11639       11644
       11639       11654
       11640       11642
       11640       11643
       11640       11644
       11640       11654
       11641       11648
       11641       11649
       11641       11650
       11641       11654
       11642       11645
       11642       11646
       11642       11647
       11643       11645
       11643       11646
       11643       11647
       11644       11651
       11644       11652
       11644       11653
       11645       11648
       11645       11649
       11645       11650
       11646       11648
       11646       11649
       11646       11650
       11648       11651
       11648       11652
       11648       11653
       11649       11651
       11649       11652
       11649       11653
       11654       11659
       11654       11660
       11654       11664
       11655       11657
       11655       11658
       11656       11661
       11656       11662
       11656       11663
       11656       11665
       11657       11659
       11657       11660
       11657       11664
       11659       11661
       11659       11662
       11659       11663
       11659       11665
       11660       11665
       11661       11664
       11662       11664
       11663       11664
       11666       11669
       11666       11674
       11666       11675
       11666       11682
       11666       11683
       11666       11685
       11666       11688
       11666       11695
       11666       11708
       11666       11720
       11667       11668
       11667       11672
       11667       11673
       11667       11681
       11667       11719
       11668       11671
       11668       11682
       11668       11683
       11668       11692
       11668       11721
       11669       11681
       11669       11686
       11669       11687
       11669       11689
       11669       11690
       11669       11691
       11670       11672
       11670       11673
       11670       11681
       11670       11686
       11670       11687
       11670       11689
       11670       11690
       11670       11691
       11670       11719
       11671       11676
       11671       11677
       11671       11684
       11671       11686
       11671       11687
       11671       11719
       11672       11674
       11672       11675
       11672       11682
       11672       11683
       11672       11685
       11672       11721
       11673       11678
       11673       11679
       11673       11680
       11673       11682
       11673       11683
       11673       11685
       11673       11721
       11674       11676
       11674       11677
       11674       11681
       11675       11681
       11676       11678
       11676       11679
       11676       11680
       11681       11688
       11681       11721
       11682       11684
       11682       11686
       11682       11687
       11683       11686
       11683       11687
       11684       11685
       11685       11689
       11685       11690
       11685       11691
       11686       11688
       11687       11688
       11689       11692
       11690       11692
       11693       11696
       11693       11701
       11693       11702
       11693       11709
       11693       11710
       11693       11719
       11693       11722
       11693       11832
       11693       11845
       11693       11850
       11694       11695
       11694       11699
       11694       11700
       11694       11708
       11694       11849
       11695       11698
       11695       11709
       11695       11710
       11695       11726
       11695       11851
       11696       11708
       11696       11720
       11696       11721
       11696       11723
       11696       11724
       11696       11725
       11697       11699
       11697       11700
       11697       11708
       11697       11720
       11697       11721
       11697       11723
       11697       11724
       11697       11725
       11697       11849
       11698       11703
       11698       11704
       11698       11711
       11698       11720
       11698       11721
       11698       11849
       11699       11701
       11699       11702
       11699       11709
       11699       11710
       11699       11719
       11699       11851
       11700       11705
       11700       11706
       11700       11707
       11700       11709
       11700       11710
       11700       11719
       11700       11851
       11701       11703
       11701       11704
       11701       11708
       11702       11708
       11703       11705
       11703       11706
       11703       11707
       11708       11712
       11708       11713
       11708       11715
       11708       11722
       11708       11851
       11709       11711
       11709       11720
       11709       11721
       11710       11714
       11710       11716
       11710       11717
       11710       11718
       11710       11720
       11710       11721
       11710       11727
       11711       11719
       11711       11728
       11711       11729
       11712       11714
       11712       11716
       11712       11717
       11712       11718
       11712       11727
       11713       11716
       11713       11717
       11713       11718
       11713       11730
       11713       11731
       11713       11735
       11714       11715
       11714       11728
       11714       11729
       11715       11727
       11719       11723
       11719       11724
       11719       11725
       11720       11722
       11721       11722
       11723       11726
       11724       11726
       11727       11732
       11727       11733
       11727       11734
       11727       11736
       11727       11737
       11728       11730
       11728       11731
       11728       11735
       11729       11738
       11729       11739
       11730       11732
       11730       11733
       11730       11734
       11730       11736
       11730       11737
       11731       11736
       11731       11737
       11732       11735
       11733       11735
       11734       11735
       11735       11740
       11735       11741
       11735       11746
       11736       11738
       11736       11739
       11737       11742
       11737       11743
       11737       11747
       11737       11748
       11737       11749
       11738       11740
       11738       11741
       11738       11746
       11739       11744
       11739       11745
       11739       11750
       11739       11751
       11739       11752
       11740       11742
       11740       11743
       11740       11747
       11740       11748
       11740       11749
       11741       11747
       11741       11748
       11741       11749
       11742       11744
       11742       11745
       11742       11746
       11743       11746
       11746       11753
       11746       11754
       11747       11750
       11747       11751
       11747       11752
       11748       11750
       11748       11751
       11748       11752
       11749       11755
       11749       11756
       11750       11753
       11750       11754
       11751       11753
       11751       11754
       11752       11757
       11752       11758
       11752       11772
       11753       11755
       11753       11756
       11754       11759
       11754       11760
       11754       11761
       11754       11773
       11754       11809
       11755       11757
       11755       11758
       11755       11772
       11756       11762
       11756       11763
       11756       11764
       11756       11810
       11756       11811
       11757       11759
       11757       11760
       11757       11761
       11757       11773
       11757       11809
       11758       11765
       11758       11766
       11758       11767
       11758       11773
       11758       11809
       11759       11762
       11759       11763
       11759       11764
       11759       11772
       11760       11762
       11760       11763
       11760       11764
       11760       11772
       11761       11768
       11761       11769
       11761       11770
       11761       11772
       11762       11765
       11762       11766
       11762       11767
       11763       11765
       11763       11766
       11763       11767
       11764       11771
       11764       11774
       11765       11768
       11765       11769
       11765       11770
       11766       11768
       11766       11769
       11766       11770
       11767       11775
       11767       11776
       11768       11771
       11768       11774
       11769       11771
       11769       11774
       11770       11777
       11770       11778
       11770       11779
       11771       11775
       11771       11776
       11772       11812
       11772       11813
       11772       11817
       11773       11810
       11773       11811
       11774       11780
       11774       11781
       11775       11777
       11775       11778
       11775       11779
       11776       11782
       11776       11783
       11777       11780
       11777       11781
       11778       11780
       11778       11781
       11779       11784
       11779       11785
       11779       11786
       11780       11782
       11780       11783
       11781       11787
       11781       11788
       11782       11784
       11782       11785
       11782       11786
       11783       11789
       11783       11790
       11784       11787
       11784       11788
       11785       11787
       11785       11788
       11786       11791
       11786       11792
       11786       11793
       11787       11789
       11787       11790
       11788       11794
       11788       11795
       11789       11791
       11789       11792
       11789       11793
       11790       11796
       11790       11797
       11791       11794
       11791       11795
       11792       11794
       11792       11795
       11793       11798
       11793       11799
       11793       11800
       11794       11796
       11794       11797
       11795       11801
       11795       11802
       11796       11798
       11796       11799
       11796       11800
       11797       11803
       11797       11804
       11798       11801
       11798       11802
       11799       11801
       11799       11802
       11800       11805
       11800       11806
       11800       11807
       11801       11803
       11801       11804
       11802       11808
       11803       11805
       11803       11806
       11803       11807
       11805       11808
       11806       11808
       11809       11814
       11809       11815
       11809       11816
       11809       11818
       11809       11819
       11810       11812
       11810       11813
       11810       11817
       11811       11820
       11811       11821
       11812       11814
       11812       11815
       11812       11816
       11812       11818
       11812       11819
       11813       11818
       11813       11819
       11814       11817
       11815       11817
       11816       11817
       11817       11822
       11817       11823
       11817       11827
       11818       11820
       11818       11821
       11819       11824
       11819       11825
       11819       11826
       11819       11828
       11819       11829
       11820       11822
       11820       11823
       11820       11827
       11822       11824
       11822       11825
       11822       11826
       11822       11828
       11822       11829
       11823       11828
       11823       11829
       11824       11827
       11825       11827
       11826       11827
       11830       11833
       11830       11838
       11830       11839
       11830       11846
       11830       11847
       11830       11849
       11830       11852
       11830       11859
       11830       11872
       11830       11884
       11831       11832
       11831       11836
       11831       11837
       11831       11845
       11831       11883
       11832       11835
       11832       11846
       11832       11847
       11832       11856
       11832       11885
       11833       11845
       11833       11850
       11833       11851
       11833       11853
       11833       11854
       11833       11855
       11834       11836
       11834       11837
       11834       11845
       11834       11850
       11834       11851
       11834       11853
       11834       11854
       11834       11855
       11834       11883
       11835       11840
       11835       11841
       11835       11848
       11835       11850
       11835       11851
       11835       11883
       11836       11838
       11836       11839
       11836       11846
       11836       11847
       11836       11849
       11836       11885
       11837       11842
       11837       11843
       11837       11844
       11837       11846
       11837       11847
       11837       11849
       11837       11885
       11838       11840
       11838       11841
       11838       11845
       11839       11845
       11840       11842
       11840       11843
       11840       11844
       11845       11852
       11845       11885
       11846       11848
       11846       11850
       11846       11851
       11847       11850
       11847       11851
       11848       11849
       11849       11853
       11849       11854
       11849       11855
       11850       11852
       11851       11852
       11853       11856
       11854       11856
       11857       11860
       11857       11865
       11857       11866
       11857       11873
       11857       11874
       11857       11883
       11857       11886
       11857       11952
       11857       11965
       11857       11970
       11858       11859
       11858       11863
       11858       11864
       11858       11872
       11858       11969
       11859       11862
       11859       11873
       11859       11874
       11859       11890
       11859       11971
       11860       11872
       11860       11884
       11860       11885
       11860       11887
       11860       11888
       11860       11889
       11861       11863
       11861       11864
       11861       11872
       11861       11884
       11861       11885
       11861       11887
       11861       11888
       11861       11889
       11861       11969
       11862       11867
       11862       11868
       11862       11875
       11862       11884
       11862       11885
       11862       11969
       11863       11865
       11863       11866
       11863       11873
       11863       11874
       11863       11883
       11863       11971
       11864       11869
       11864       11870
       11864       11871
       11864       11873
       11864       11874
       11864       11883
       11864       11971
       11865       11867
       11865       11868
       11865       11872
       11866       11872
       11867       11869
       11867       11870
       11867       11871
       11872       11876
       11872       11877
       11872       11879
       11872       11886
       11872       11971
       11873       11875
       11873       11884
       11873       11885
       11874       11878
       11874       11880
       11874       11881
       11874       11882
       11874       11884
       11874       11885
       11874       11891
       11875       11883
       11875       11892
       11875       11893
       11876       11878
       11876       11880
       11876       11881
       11876       11882
       11876       11891
       11877       11880
       11877       11881
       11877       11882
       11877       11894
       11877       11895
       11877       11899
       11878       11879
       11878       11892
       11878       11893
       11879       11891
       11883       11887
       11883       11888
       11883       11889
       11884       11886
       11885       11886
       11887       11890
       11888       11890
       11891       11896
       11891       11897
       11891       11898
       11891       11900
       11891       11901
       11892       11894
       11892       11895
       11892       11899
       11893       11902
       11893       11903
       11894       11896
       11894       11897
       11894       11898
       11894       11900
       11894       11901
       11895       11900
       11895       11901
       11896       11899
       11897       11899
       11898       11899
       11899       11904
       11899       11905
       11899       11910
       11900       11902
       11900       11903
       11901       11906
       11901       11907
       11901       11911
       11901       11912
       11901       11913
       11902       11904
       11902       11905
       11902       11910
       11903       11908
       11903       11909
       11903       11914
       11903       11915
       11903       11916
       11904       11906
       11904       11907
       11904       11911
       11904       11912
       11904       11913
       11905       11911
       11905       11912
       11905       11913
       11906       11908
       11906       11909
       11906       11910
       11907       11910
       11910       11917
       11910       11918
       11911       11914
       11911       11915
       11911       11916
       11912       11914
       11912       11915
       11912       11916
       11913       11919
       11913       11920
       11914       11917
       11914       11918
       11915       11917
       11915       11918
       11916       11921
       11916       11922
       11916       11938
       11917       11919
       11917       11920
       11918       11923
       11918       11924
       11918       11925
       11918       11939
       11918       11940
       11919       11921
       11919       11922
       11919       11938
       11920       11926
       11920       11927
       11920       11928
       11920       11941
       11920       11942
       11921       11923
       11921       11924
       11921       11925
       11921       11939
       11921       11940
       11922       11929
       11922       11930
       11922       11931
       11922       11939
       11922       11940
       11923       11926
       11923       11927
       11923       11928
       11923       11938
       11924       11926
       11924       11927
       11924       11928
       11924       11938
       11925       11932
       11925       11933
       11925       11934
       11925       11938
       11926       11929
       11926       11930
       11926       11931
       11927       11929
       11927       11930
       11927       11931
       11928       11935
       11928       11936
       11928       11937
       11929       11932
       11929       11933
       11929       11934
       11930       11932
       11930       11933
       11930       11934
       11932       11935
       11932       11936
       11932       11937
       11933       11935
       11933       11936
       11933       11937
       11938       11943
       11938       11944
       11938       11948
       11939       11941
       11939       11942
       11940       11945
       11940       11946
       11940       11947
       11940       11949
       11941       11943
       11941       11944
       11941       11948
       11943       11945
       11943       11946
       11943       11947
       11943       11949
       11944       11949
       11945       11948
       11946       11948
       11947       11948
       11950       11953
       11950       11958
       11950       11959
       11950       11966
       11950       11967
       11950       11969
       11950       11972
       11950       11979
       11950       11992
       11950       12004
       11951       11952
       11951       11956
       11951       11957
       11951       11965
       11951       12003
       11952       11955
       11952       11966
       11952       11967
       11952       11976
       11952       12005
       11953       11965
       11953       11970
       11953       11971
       11953       11973
       11953       11974
       11953       11975
       11954       11956
       11954       11957
       11954       11965
       11954       11970
       11954       11971
       11954       11973
       11954       11974
       11954       11975
       11954       12003
       11955       11960
       11955       11961
       11955       11968
       11955       11970
       11955       11971
       11955       12003
       11956       11958
       11956       11959
       11956       11966
       11956       11967
       11956       11969
       11956       12005
       11957       11962
       11957       11963
       11957       11964
       11957       11966
       11957       11967
       11957       11969
       11957       12005
       11958       11960
       11958       11961
       11958       11965
       11959       11965
       11960       11962
       11960       11963
       11960       11964
       11965       11972
       11965       12005
       11966       11968
       11966       11970
       11966       11971
       11967       11970
       11967       11971
       11968       11969
       11969       11973
       11969       11974
       11969       11975
       11970       11972
       11971       11972
       11973       11976
       11974       11976
       11977       11980
       11977       11985
       11977       11986
       11977       11993
       11977       11994
       11977       12003
       11977       12006
       11977       12083
       11977       12096
       11977       12101
       11978       11979
       11978       11983
       11978       11984
       11978       11992
       11978       12100
       11979       11982
       11979       11993
       11979       11994
       11979       12010
       11979       12102
       11980       11992
       11980       12004
       11980       12005
       11980       12007
       11980       12008
       11980       12009
       11981       11983
       11981       11984
       11981       11992
       11981       12004
       11981       12005
       11981       12007
       11981       12008
       11981       12009
       11981       12100
       11982       11987
       11982       11988
       11982       11995
       11982       12004
       11982       12005
       11982       12100
       11983       11985
       11983       11986
       11983       11993
       11983       11994
       11983       12003
       11983       12102
       11984       11989
       11984       11990
       11984       11991
       11984       11993
       11984       11994
       11984       12003
       11984       12102
       11985       11987
       11985       11988
       11985       11992
       11986       11992
       11987       11989
       11987       11990
       11987       11991
       11992       11996
       11992       11997
       11992       11999
       11992       12006
       11992       12102
       11993       11995
       11993       12004
       11993       12005
       11994       11998
       11994       12000
       11994       12001
       11994       12002
       11994       12004
       11994       12005
       11994       12011
       11995       12003
       11995       12012
       11995       12013
       11996       11998
       11996       12000
       11996       12001
       11996       12002
       11996       12011
       11997       12000
       11997       12001
       11997       12002
       11997       12014
       11997       12015
       11997       12019
       11998       11999
       11998       12012
       11998       12013
       11999       12011
       12003       12007
       12003       12008
       12003       12009
       12004       12006
       12005       12006
       12007       12010
       12008       12010
       12011       12016
       12011       12017
       12011       12018
       12011       12020
       12011       12021
       12012       12014
       12012       12015
       12012       12019
       12013       12022
       12013       12023
       12014       12016
       12014       12017
       12014       12018
       12014       12020
       12014       12021
       12015       12020
       12015       12021
       12016       12019
       12017       12019
       12018       12019
       12019       12024
       12019       12025
       12019       12030
       12020       12022
       12020       12023
       12021       12026
       12021       12027
       12021       12031
       12021       12032
       12021       12033
       12022       12024
       12022       12025
       12022       12030
       12023       12028
       12023       12029
       12023       12034
       12023       12035
       12023       12036
       12024       12026
       12024       12027
       12024       12031
       12024       12032
       12024       12033
       12025       12031
       12025       12032
       12025       12033
       12026       12028
       12026       12029
       12026       12030
       12027       12030
       12030       12037
       12030       12038
       12031       12034
       12031       12035
       12031       12036
       12032       12034
       12032       12035
       12032       12036
       12033       12039
       12033       12040
       12034       12037
       12034       12038
       12035       12037
       12035       12038
       12036       12041
       12036       12042
       12036       12058
       12037       12039
       12037       12040
       12038       12043
       12038       12044
       12038       12045
       12038       12059
       12038       12060
       12039       12041
       12039       12042
       12039       12058
       12040       12046
       12040       12047
       12040       12048
       12040       12061
       12040       12062
       12041       12043
       12041       12044
       12041       12045
       12041       12059
       12041       12060
       12042       12049
       12042       12050
       12042       12051
       12042       12059
       12042       12060
       12043       12046
       12043       12047
       12043       12048
       12043       12058
       12044       12046
       12044       12047
       12044       12048
       12044       12058
       12045       12052
       12045       12053
       12045       12054
       12045       12058
       12046       12049
       12046       12050
       12046       12051
       12047       12049
       12047       12050
       12047       12051
       12048       12055
       12048       12056
       12048       12057
       12049       12052
       12049       12053
       12049       12054
       12050       12052
       12050       12053
       12050       12054
       12052       12055
       12052       12056
       12052       12057
       12053       12055
       12053       12056
       12053       12057
       12058       12063
       12058       12064
       12058       12068
       12059       12061
       12059       12062
       12060       12065
       12060       12066
       12060       12067
       12060       12069
       12060       12070
       12061       12063
       12061       12064
       12061       12068
       12062       12071
       12062       12072
       12063       12065
       12063       12066
       12063       12067
       12063       12069
       12063       12070
       12064       12069
       12064       12070
       12065       12068
       12066       12068
       12067       12068
       12068       12073
       12068       12074
       12068       12078
       12069       12071
       12069       12072
       12070       12075
       12070       12076
       12070       12077
       12070       12079
       12070       12080
       12071       12073
       12071       12074
       12071       12078
       12073       12075
       12073       12076
       12073       12077
       12073       12079
       12073       12080
       12074       12079
       12074       12080
       12075       12078
       12076       12078
       12077       12078
       12081       12084
       12081       12089
       12081       12090
       12081       12097
       12081       12098
       12081       12100
       12081       12103
       12081       12110
       12081       12123
       12081       12135
       12082       12083
       12082       12087
       12082       12088
       12082       12096
       12082       12134
       12083       12086
       12083       12097
       12083       12098
       12083       12107
       12083       12136
       12084       12096
       12084       12101
       12084       12102
       12084       12104
       12084       12105
       12084       12106
       12085       12087
       12085       12088
       12085       12096
       12085       12101
       12085       12102
       12085       12104
       12085       12105
       12085       12106
       12085       12134
       12086       12091
       12086       12092
       12086       12099
       12086       12101
       12086       12102
       12086       12134
       12087       12089
       12087       12090
       12087       12097
       12087       12098
       12087       12100
       12087       12136
       12088       12093
       12088       12094
       12088       12095
       12088       12097
       12088       12098
       12088       12100
       12088       12136
       12089       12091
       12089       12092
       12089       12096
       12090       12096
       12091       12093
       12091       12094
       12091       12095
       12096       12103
       12096       12136
       12097       12099
       12097       12101
       12097       12102
       12098       12101
       12098       12102
       12099       12100
       12100       12104
       12100       12105
       12100       12106
       12101       12103
       12102       12103
       12104       12107
       12105       12107
       12108       12111
       12108       12116
       12108       12117
       12108       12124
       12108       12125
       12108       12134
       12108       12137
       12108       12214
       12108       12227
       12108       12232
       12109       12110
       12109       12114
       12109       12115
       12109       12123
       12109       12231
       12110       12113
       12110       12124
       12110       12125
       12110       12141
       12110       12233
       12111       12123
       12111       12135
       12111       12136
       12111       12138
       12111       12139
       12111       12140
       12112       12114
       12112       12115
       12112       12123
       12112       12135
       12112       12136
       12112       12138
       12112       12139
       12112       12140
       12112       12231
       12113       12118
       12113       12119
       12113       12126
       12113       12135
       12113       12136
       12113       12231
       12114       12116
       12114       12117
       12114       12124
       12114       12125
       12114       12134
       12114       12233
       12115       12120
       12115       12121
       12115       12122
       12115       12124
       12115       12125
       12115       12134
       12115       12233
       12116       12118
       12116       12119
       12116       12123
       12117       12123
       12118       12120
       12118       12121
       12118       12122
       12123       12127
       12123       12128
       12123       12130
       12123       12137
       12123       12233
       12124       12126
       12124       12135
       12124       12136
       12125       12129
       12125       12131
       12125       12132
       12125       12133
       12125       12135
       12125       12136
       12125       12142
       12126       12134
       12126       12143
       12126       12144
       12127       12129
       12127       12131
       12127       12132
       12127       12133
       12127       12142
       12128       12131
       12128       12132
       12128       12133
       12128       12145
       12128       12146
       12128       12150
       12129       12130
       12129       12143
       12129       12144
       12130       12142
       12134       12138
       12134       12139
       12134       12140
       12135       12137
       12136       12137
       12138       12141
       12139       12141
       12142       12147
       12142       12148
       12142       12149
       12142       12151
       12142       12152
       12143       12145
       12143       12146
       12143       12150
       12144       12153
       12144       12154
       12145       12147
       12145       12148
       12145       12149
       12145       12151
       12145       12152
       12146       12151
       12146       12152
       12147       12150
       12148       12150
       12149       12150
       12150       12155
       12150       12156
       12150       12161
       12151       12153
       12151       12154
       12152       12157
       12152       12158
       12152       12162
       12152       12163
       12152       12164
       12153       12155
       12153       12156
       12153       12161
       12154       12159
       12154       12160
       12154       12165
       12154       12166
       12154       12167
       12155       12157
       12155       12158
       12155       12162
       12155       12163
       12155       12164
       12156       12162
       12156       12163
       12156       12164
       12157       12159
       12157       12160
       12157       12161
       12158       12161
       12161       12168
       12161       12169
       12162       12165
       12162       12166
       12162       12167
       12163       12165
       12163       12166
       12163       12167
       12164       12170
       12164       12171
       12165       12168
       12165       12169
       12166       12168
       12166       12169
       12167       12172
       12167       12173
       12167       12189
       12168       12170
       12168       12171
       12169       12174
       12169       12175
       12169       12176
       12169       12190
       12169       12191
       12170       12172
       12170       12173
       12170       12189
       12171       12177
       12171       12178
       12171       12179
       12171       12192
       12171       12193
       12172       12174
       12172       12175
       12172       12176
       12172       12190
       12172       12191
       12173       12180
       12173       12181
       12173       12182
       12173       12190
       12173       12191
       12174       12177
       12174       12178
       12174       12179
       12174       12189
       12175       12177
       12175       12178
       12175       12179
       12175       12189
       12176       12183
       12176       12184
       12176       12185
       12176       12189
       12177       12180
       12177       12181
       12177       12182
       12178       12180
       12178       12181
       12178       12182
       12179       12186
       12179       12187
       12179       12188
       12180       12183
       12180       12184
       12180       12185
       12181       12183
       12181       12184
       12181       12185
       12183       12186
       12183       12187
       12183       12188
       12184       12186
       12184       12187
       12184       12188
       12189       12194
       12189       12195
       12189       12199
       12190       12192
       12190       12193
       12191       12196
       12191       12197
       12191       12198
       12191       12200
       12191       12201
       12192       12194
       12192       12195
       12192       12199
       12193       12202
       12193       12203
       12194       12196
       12194       12197
       12194       12198
       12194       12200
       12194       12201
       12195       12200
       12195       12201
       12196       12199
       12197       12199
       12198       12199
       12199       12204
       12199       12205
       12199       12209
       12200       12202
       12200       12203
       12201       12206
       12201       12207
       12201       12208
       12201       12210
       12201       12211
       12202       12204
       12202       12205
       12202       12209
       12204       12206
       12204       12207
       12204       12208
       12204       12210
       12204       12211
       12205       12210
       12205       12211
       12206       12209
       12207       12209
       12208       12209
       12212       12215
       12212       12220
       12212       12221
       12212       12228
       12212       12229
       12212       12231
       12212       12234
       12212       12241
       12212       12254
       12212       12266
       12213       12214
       12213       12218
       12213       12219
       12213       12227
       12213       12265
       12214       12217
       12214       12228
       12214       12229
       12214       12238
       12214       12267
       12215       12227
       12215       12232
       12215       12233
       12215       12235
       12215       12236
       12215       12237
       12216       12218
       12216       12219
       12216       12227
       12216       12232
       12216       12233
       12216       12235
       12216       12236
       12216       12237
       12216       12265
       12217       12222
       12217       12223
       12217       12230
       12217       12232
       12217       12233
       12217       12265
       12218       12220
       12218       12221
       12218       12228
       12218       12229
       12218       12231
       12218       12267
       12219       12224
       12219       12225
       12219       12226
       12219       12228
       12219       12229
       12219       12231
       12219       12267
       12220       12222
       12220       12223
       12220       12227
       12221       12227
       12222       12224
       12222       12225
       12222       12226
       12227       12234
       12227       12267
       12228       12230
       12228       12232
       12228       12233
       12229       12232
       12229       12233
       12230       12231
       12231       12235
       12231       12236
       12231       12237
       12232       12234
       12233       12234
       12235       12238
       12236       12238
       12239       12242
       12239       12247
       12239       12248
       12239       12255
       12239       12256
       12239       12265
       12239       12268
       12239       12378
       12239       12391
       12239       12396
       12240       12241
       12240       12245
       12240       12246
       12240       12254
       12240       12395
       12241       12244
       12241       12255
       12241       12256
       12241       12272
       12241       12397
       12242       12254
       12242       12266
       12242       12267
       12242       12269
       12242       12270
       12242       12271
       12243       12245
       12243       12246
       12243       12254
       12243       12266
       12243       12267
       12243       12269
       12243       12270
       12243       12271
       12243       12395
       12244       12249
       12244       12250
       12244       12257
       12244       12266
       12244       12267
       12244       12395
       12245       12247
       12245       12248
       12245       12255
       12245       12256
       12245       12265
       12245       12397
       12246       12251
       12246       12252
       12246       12253
       12246       12255
       12246       12256
       12246       12265
       12246       12397
       12247       12249
       12247       12250
       12247       12254
       12248       12254
       12249       12251
       12249       12252
       12249       12253
       12254       12258
       12254       12259
       12254       12261
       12254       12268
       12254       12397
       12255       12257
       12255       12266
       12255       12267
       12256       12260
       12256       12262
       12256       12263
       12256       12264
       12256       12266
       12256       12267
       12256       12273
       12257       12265
       12257       12274
       12257       12275
       12258       12260
       12258       12262
       12258       12263
       12258       12264
       12258       12273
       12259       12262
       12259       12263
       12259       12264
       12259       12276
       12259       12277
       12259       12281
       12260       12261
       12260       12274
       12260       12275
       12261       12273
       12265       12269
       12265       12270
       12265       12271
       12266       12268
       12267       12268
       12269       12272
       12270       12272
       12273       12278
       12273       12279
       12273       12280
       12273       12282
       12273       12283
       12274       12276
       12274       12277
       12274       12281
       12275       12284
       12275       12285
       12276       12278
       12276       12279
       12276       12280
       12276       12282
       12276       12283
       12277       12282
       12277       12283
       12278       12281
       12279       12281
       12280       12281
       12281       12286
       12281       12287
       12281       12292
       12282       12284
       12282       12285
       12283       12288
       12283       12289
       12283       12293
       12283       12294
       12283       12295
       12284       12286
       12284       12287
       12284       12292
       12285       12290
       12285       12291
       12285       12296
       12285       12297
       12285       12298
       12286       12288
       12286       12289
       12286       12293
       12286       12294
       12286       12295
       12287       12293
       12287       12294
       12287       12295
       12288       12290
       12288       12291
       12288       12292
       12289       12292
       12292       12299
       12292       12300
       12293       12296
       12293       12297
       12293       12298
       12294       12296
       12294       12297
       12294       12298
       12295       12301
       12295       12302
       12296       12299
       12296       12300
       12297       12299
       12297       12300
       12298       12303
       12298       12304
       12298       12318
       12299       12301
       12299       12302
       12300       12305
       12300       12306
       12300       12307
       12300       12319
       12300       12355
       12301       12303
       12301       12304
       12301       12318
       12302       12308
       12302       12309
       12302       12310
       12302       12356
       12302       12357
       12303       12305
       12303       12306
       12303       12307
       12303       12319
       12303       12355
       12304       12311
       12304       12312
       12304       12313
       12304       12319
       12304       12355
       12305       12308
       12305       12309
       12305       12310
       12305       12318
       12306       12308
       12306       12309
       12306       12310
       12306       12318
       12307       12314
       12307       12315
       12307       12316
       12307       12318
       12308       12311
       12308       12312
       12308       12313
       12309       12311
       12309       12312
       12309       12313
       12310       12317
       12310       12320
       12311       12314
       12311       12315
       12311       12316
       12312       12314
       12312       12315
       12312       12316
       12313       12321
       12313       12322
       12314       12317
       12314       12320
       12315       12317
       12315       12320
       12316       12323
       12316       12324
       12316       12325
       12317       12321
       12317       12322
       12318       12358
       12318       12359
       12318       12363
       12319       12356
       12319       12357
       12320       12326
       12320       12327
       12321       12323
       12321       12324
       12321       12325
       12322       12328
       12322       12329
       12323       12326
       12323       12327
       12324       12326
       12324       12327
       12325       12330
       12325       12331
       12325       12332
       12326       12328
       12326       12329
       12327       12333
       12327       12334
       12328       12330
       12328       12331
       12328       12332
       12329       12335
       12329       12336
       12330       12333
       12330       12334
       12331       12333
       12331       12334
       12332       12337
       12332       12338
       12332       12339
       12333       12335
       12333       12336
       12334       12340
       12334       12341
       12335       12337
       12335       12338
       12335       12339
       12336       12342
       12336       12343
       12337       12340
       12337       12341
       12338       12340
       12338       12341
       12339       12344
       12339       12345
       12339       12346
       12340       12342
       12340       12343
       12341       12347
       12341       12348
       12342       12344
       12342       12345
       12342       12346
       12343       12349
       12343       12350
       12344       12347
       12344       12348
       12345       12347
       12345       12348
       12346       12351
       12346       12352
       12346       12353
       12347       12349
       12347       12350
       12348       12354
       12349       12351
       12349       12352
       12349       12353
       12351       12354
       12352       12354
       12355       12360
       12355       12361
       12355       12362
       12355       12364
       12355       12365
       12356       12358
       12356       12359
       12356       12363
       12357       12366
       12357       12367
       12358       12360
       12358       12361
       12358       12362
       12358       12364
       12358       12365
       12359       12364
       12359       12365
       12360       12363
       12361       12363
       12362       12363
       12363       12368
       12363       12369
       12363       12373
       12364       12366
       12364       12367
       12365       12370
       12365       12371
       12365       12372
       12365       12374
       12365       12375
       12366       12368
       12366       12369
       12366       12373
       12368       12370
       12368       12371
       12368       12372
       12368       12374
       12368       12375
       12369       12374
       12369       12375
       12370       12373
       12371       12373
       12372       12373
       12376       12379
       12376       12384
       12376       12385
       12376       12392
       12376       12393
       12376       12395
       12376       12398
       12376       12405
       12376       12418
       12376       12430
       12377       12378
       12377       12382
       12377       12383
       12377       12391
       12377       12429
       12378       12381
       12378       12392
       12378       12393
       12378       12402
       12378       12431
       12379       12391
       12379       12396
       12379       12397
       12379       12399
       12379       12400
       12379       12401
       12380       12382
       12380       12383
       12380       12391
       12380       12396
       12380       12397
       12380       12399
       12380       12400
       12380       12401
       12380       12429
       12381       12386
       12381       12387
       12381       12394
       12381       12396
       12381       12397
       12381       12429
       12382       12384
       12382       12385
       12382       12392
       12382       12393
       12382       12395
       12382       12431
       12383       12388
       12383       12389
       12383       12390
       12383       12392
       12383       12393
       12383       12395
       12383       12431
       12384       12386
       12384       12387
       12384       12391
       12385       12391
       12386       12388
       12386       12389
       12386       12390
       12391       12398
       12391       12431
       12392       12394
       12392       12396
       12392       12397
       12393       12396
       12393       12397
       12394       12395
       12395       12399
       12395       12400
       12395       12401
       12396       12398
       12397       12398
       12399       12402
       12400       12402
       12403       12406
       12403       12411
       12403       12412
       12403       12419
       12403       12420
       12403       12429
       12403       12432
       12403       12509
       12403       12522
       12403       12527
       12404       12405
       12404       12409
       12404       12410
       12404       12418
       12404       12526
       12405       12408
       12405       12419
       12405       12420
       12405       12436
       12405       12528
       12406       12418
       12406       12430
       12406       12431
       12406       12433
       12406       12434
       12406       12435
       12407       12409
       12407       12410
       12407       12418
       12407       12430
       12407       12431
       12407       12433
       12407       12434
       12407       12435
       12407       12526
       12408       12413
       12408       12414
       12408       12421
       12408       12430
       12408       12431
       12408       12526
       12409       12411
       12409       12412
       12409       12419
       12409       12420
       12409       12429
       12409       12528
       12410       12415
       12410       12416
       12410       12417
       12410       12419
       12410       12420
       12410       12429
       12410       12528
       12411       12413
       12411       12414
       12411       12418
       12412       12418
       12413       12415
       12413       12416
       12413       12417
       12418       12422
       12418       12423
       12418       12425
       12418       12432
       12418       12528
       12419       12421
       12419       12430
       12419       12431
       12420       12424
       12420       12426
       12420       12427
       12420       12428
       12420       12430
       12420       12431
       12420       12437
       12421       12429
       12421       12438
       12421       12439
       12422       12424
       12422       12426
       12422       12427
       12422       12428
       12422       12437
       12423       12426
       12423       12427
       12423       12428
       12423       12440
       12423       12441
       12423       12445
       12424       12425
       12424       12438
       12424       12439
       12425       12437
       12429       12433
       12429       12434
       12429       12435
       12430       12432
       12431       12432
       12433       12436
       12434       12436
       12437       12442
       12437       12443
       12437       12444
       12437       12446
       12437       12447
       12438       12440
       12438       12441
       12438       12445
       12439       12448
       12439       12449
       12440       12442
       12440       12443
       12440       12444
       12440       12446
       12440       12447
       12441       12446
       12441       12447
       12442       12445
       12443       12445
       12444       12445
       12445       12450
       12445       12451
       12445       12456
       12446       12448
       12446       12449
       12447       12452
       12447       12453
       12447       12457
       12447       12458
       12447       12459
       12448       12450
       12448       12451
       12448       12456
       12449       12454
       12449       12455
       12449       12460
       12449       12461
       12449       12462
       12450       12452
       12450       12453
       12450       12457
       12450       12458
       12450       12459
       12451       12457
       12451       12458
       12451       12459
       12452       12454
       12452       12455
       12452       12456
       12453       12456
       12456       12463
       12456       12464
       12457       12460
       12457       12461
       12457       12462
       12458       12460
       12458       12461
       12458       12462
       12459       12465
       12459       12466
       12460       12463
       12460       12464
       12461       12463
       12461       12464
       12462       12467
       12462       12468
       12462       12484
       12463       12465
       12463       12466
       12464       12469
       12464       12470
       12464       12471
       12464       12485
       12464       12486
       12465       12467
       12465       12468
       12465       12484
       12466       12472
       12466       12473
       12466       12474
       12466       12487
       12466       12488
       12467       12469
       12467       12470
       12467       12471
       12467       12485
       12467       12486
       12468       12475
       12468       12476
       12468       12477
       12468       12485
       12468       12486
       12469       12472
       12469       12473
       12469       12474
       12469       12484
       12470       12472
       12470       12473
       12470       12474
       12470       12484
       12471       12478
       12471       12479
       12471       12480
       12471       12484
       12472       12475
       12472       12476
       12472       12477
       12473       12475
       12473       12476
       12473       12477
       12474       12481
       12474       12482
       12474       12483
       12475       12478
       12475       12479
       12475       12480
       12476       12478
       12476       12479
       12476       12480
       12478       12481
       12478       12482
       12478       12483
       12479       12481
       12479       12482
       12479       12483
       12484       12489
       12484       12490
       12484       12494
       12485       12487
       12485       12488
       12486       12491
       12486       12492
       12486       12493
       12486       12495
       12486       12496
       12487       12489
       12487       12490
       12487       12494
       12488       12497
       12488       12498
       12489       12491
       12489       12492
       12489       12493
       12489       12495
       12489       12496
       12490       12495
       12490       12496
       12491       12494
       12492       12494
       12493       12494
       12494       12499
       12494       12500
       12494       12504
       12495       12497
       12495       12498
       12496       12501
       12496       12502
       12496       12503
       12496       12505
       12496       12506
       12497       12499
       12497       12500
       12497       12504
       12499       12501
       12499       12502
       12499       12503
       12499       12505
       12499       12506
       12500       12505
       12500       12506
       12501       12504
       12502       12504
       12503       12504
       12507       12510
       12507       12515
       12507       12516
       12507       12523
       12507       12524
       12507       12526
       12507       12529
       12507       12536
       12507       12549
       12507       12561
       12508       12509
       12508       12513
       12508       12514
       12508       12522
       12508       12560
       12509       12512
       12509       12523
       12509       12524
       12509       12533
       12509       12562
       12510       12522
       12510       12527
       12510       12528
       12510       12530
       12510       12531
       12510       12532
       12511       12513
       12511       12514
       12511       12522
       12511       12527
       12511       12528
       12511       12530
       12511       12531
       12511       12532
       12511       12560
       12512       12517
       12512       12518
       12512       12525
       12512       12527
       12512       12528
       12512       12560
       12513       12515
       12513       12516
       12513       12523
       12513       12524
       12513       12526
       12513       12562
       12514       12519
       12514       12520
       12514       12521
       12514       12523
       12514       12524
       12514       12526
       12514       12562
       12515       12517
       12515       12518
       12515       12522
       12516       12522
       12517       12519
       12517       12520
       12517       12521
       12522       12529
       12522       12562
       12523       12525
       12523       12527
       12523       12528
       12524       12527
       12524       12528
       12525       12526
       12526       12530
       12526       12531
       12526       12532
       12527       12529
       12528       12529
       12530       12533
       12531       12533
       12534       12537
       12534       12542
       12534       12543
       12534       12550
       12534       12551
       12534       12560
       12534       12563
       12535       12536
       12535       12540
       12535       12541
       12535       12549
       12536       12539
       12536       12550
       12536       12551
       12536       12567
       12537       12549
       12537       12561
       12537       12562
       12537       12564
       12537       12565
       12537       12566
       12538       12540
       12538       12541
       12538       12549
       12538       12561
       12538       12562
       12538       12564
       12538       12565
       12538       12566
       12539       12544
       12539       12545
       12539       12552
       12539       12561
       12539       12562
       12540       12542
       12540       12543
       12540       12550
       12540       12551
       12540       12560
       12541       12546
       12541       12547
       12541       12548
       12541       12550
       12541       12551
       12541       12560
       12542       12544
       12542       12545
       12542       12549
       12543       12549
       12544       12546
       12544       12547
       12544       12548
       12549       12553
       12549       12554
       12549       12556
       12549       12563
       12550       12552
       12550       12561
       12550       12562
       12551       12555
       12551       12557
       12551       12558
       12551       12559
       12551       12561
       12551       12562
       12551       12568
       12552       12560
       12552       12569
       12552       12570
       12553       12555
       12553       12557
       12553       12558
       12553       12559
       12553       12568
       12554       12557
       12554       12558
       12554       12559
       12554       12571
       12554       12572
       12554       12576
       12555       12556
       12555       12569
       12555       12570
       12556       12568
       12560       12564
       12560       12565
       12560       12566
       12561       12563
       12562       12563
       12564       12567
       12565       12567
       12568       12573
       12568       12574
       12568       12575
       12568       12577
       12568       12578
       12569       12571
       12569       12572
       12569       12576
       12570       12579
       12570       12580
       12571       12573
       12571       12574
       12571       12575
       12571       12577
       12571       12578
       12572       12577
       12572       12578
       12573       12576
       12574       12576
       12575       12576
       12576       12581
       12576       12582
       12576       12587
       12577       12579
       12577       12580
       12578       12583
       12578       12584
       12578       12588
       12578       12589
       12578       12590
       12579       12581
       12579       12582
       12579       12587
       12580       12585
       12580       12586
       12580       12591
       12580       12592
       12580       12593
       12581       12583
       12581       12584
       12581       12588
       12581       12589
       12581       12590
       12582       12588
       12582       12589
       12582       12590
       12583       12585
       12583       12586
       12583       12587
       12584       12587
       12587       12594
       12587       12595
       12588       12591
       12588       12592
       12588       12593
       12589       12591
       12589       12592
       12589       12593
       12590       12596
       12590       12597
       12591       12594
       12591       12595
       12592       12594
       12592       12595
       12593       12598
       12593       12599
       12593       12615
       12594       12596
       12594       12597
       12595       12600
       12595       12601
       12595       12602
       12595       12616
       12595       12617
       12596       12598
       12596       12599
       12596       12615
       12597       12603
       12597       12604
       12597       12605
       12597       12618
       12597       12619
       12598       12600
       12598       12601
       12598       12602
       12598       12616
       12598       12617
       12599       12606
       12599       12607
       12599       12608
       12599       12616
       12599       12617
       12600       12603
       12600       12604
       12600       12605
       12600       12615
       12601       12603
       12601       12604
       12601       12605
       12601       12615
       12602       12609
       12602       12610
       12602       12611
       12602       12615
       12603       12606
       12603       12607
       12603       12608
       12604       12606
       12604       12607
       12604       12608
       12605       12612
       12605       12613
       12605       12614
       12606       12609
       12606       12610
       12606       12611
       12607       12609
       12607       12610
       12607       12611
       12609       12612
       12609       12613
       12609       12614
       12610       12612
       12610       12613
       12610       12614
       12615       12620
       12615       12621
       12615       12625
       12616       12618
       12616       12619
       12617       12622
       12617       12623
       12617       12624
       12617       12626
       12617       12627
       12618       12620
       12618       12621
       12618       12625
       12619       12628
       12619       12629
       12620       12622
       12620       12623
       12620       12624
       12620       12626
       12620       12627
       12621       12626
       12621       12627
       12622       12625
       12623       12625
       12624       12625
       12625       12630
       12625       12631
       12625       12635
       12626       12628
       12626       12629
       12627       12632
       12627       12633
       12627       12634
       12627       12636
       12627       12637
       12628       12630
       12628       12631
       12628       12635
       12630       12632
       12630       12633
       12630       12634
       12630       12636
       12630       12637
       12631       12636
       12631       12637
       12632       12635
       12633       12635
       12634       12635
